// bg_amber: generated by tools/gen_bg.py from bg_amber.png (vivid 1.0) — do not edit.
#pragma once
#include <stdint.h>

static const uint16_t bg_amber[320 * 240] = {
  0x2945,0x52AA,0x4228,0x0862,0x0862,0x0841,0x0000,0x0861,0x2965,0x52AA,0x2945,0x18C3,0x10A2,0x0841,0x0000,0x10A2,
  0x39C7,0x5269,0x18C3,0x2104,0x1082,0x0021,0x0020,0x18C3,0x39A6,0x2945,0x2945,0x2945,0x1082,0x0021,0x1082,0x2124,
  0x2945,0x18E3,0x31A6,0x2124,0x0841,0x0020,0x1082,0x2965,0x2104,0x2965,0x3186,0x1082,0x0041,0x0000,0x18E4,0x3186,
  0x3186,0x39A6,0x0861,0x0020,0x0000,0x10A2,0x3186,0x18E3,0x39C6,0x31A6,0x0861,0x0841,0x0000,0x0861,0x2124,0x18C3,
  0x2124,0x39E7,0x18C3,0x0861,0x0020,0x0861,0x2124,0x1082,0x2124,0x2945,0x10A2,0x0841,0x0000,0x0000,0x20E4,0x1082,
  0x2945,0x4208,0x2124,0x18C3,0x0841,0x0000,0x10A2,0x2965,0x2924,0x18E3,0x20E3,0x1082,0x0000,0x0841,0x2104,0x2945,
  0x10A2,0x2965,0x2965,0x0861,0x0041,0x0000,0x0841,0x1082,0x18C3,0x39C7,0x2104,0x1061,0x0841,0x0000,0x0000,0x1082,
  0x3186,0x3165,0x3186,0x2104,0x0861,0x0020,0x0000,0x10A2,0x18A2,0x10A2,0x3186,0x2104,0x0861,0x0000,0x0020,0x10A2,
  0x0841,0x2104,0x18E3,0x18C2,0x1082,0x0820,0x0000,0x0861,0x18E3,0x18A2,0x18A2,0x2924,0x0861,0x0020,0x0000,0x0841,
  0x1082,0x0861,0x2945,0x2124,0x1082,0x0861,0x0020,0x0000,0x0861,0x2103,0x3186,0x1082,0x0861,0x0841,0x0000,0x0000,
  0x0841,0x2103,0x18E3,0x0861,0x0861,0x0841,0x0000,0x0000,0x0841,0x18A2,0x18E3,0x2124,0x1082,0x0000,0x0000,0x0000,
  0x0841,0x0861,0x0861,0x18E3,0x1082,0x0841,0x0020,0x0000,0x0020,0x10A2,0x10A2,0x0861,0x18E3,0x1082,0x0020,0x0000,
  0x0020,0x0861,0x1081,0x10A2,0x2124,0x10A2,0x0840,0x0000,0x0000,0x0841,0x0861,0x2104,0x2124,0x1082,0x0861,0x0020,
  0x0000,0x0841,0x0841,0x2103,0x2945,0x10A2,0x1082,0x0020,0x0000,0x0020,0x0841,0x2965,0x2945,0x18A2,0x18C3,0x0841,
  0x0000,0x0861,0x18E3,0x31A6,0x39E7,0x18C3,0x10A2,0x0861,0x0020,0x1082,0x2945,0x3185,0x2104,0x39A6,0x18E3,0x0020,
  0x0000,0x0861,0x2124,0x18E3,0x31A6,0x4208,0x10A3,0x0861,0x0021,0x18E3,0x2103,0x10A2,0x4A49,0x3186,0x1082,0x0020,
  0x0021,0x2104,0x2104,0x31A6,0x52CA,0x2945,0x10A2,0x0020,0x0861,0x18E3,0x18A2,0x4A48,0x4A69,0x2104,0x10A3,0x0020,
  0x0000,0x18C3,0x18C3,0x4228,0x4208,0x18C3,0x10A3,0x0841,0x0000,0x0861,0x2945,0x52AA,0x4228,0x4228,0x2104,0x0020,
  0x0020,0x18E3,0x39C7,0x31A6,0x2965,0x4228,0x1082,0x0000,0x0020,0x2104,0x3186,0x2965,0x528A,0x52AA,0x18E3,0x0861,
  0x0000,0x10A2,0x2124,0x2945,0x5AEB,0x5ACB,0x2104,0x0841,0x0820,0x2965,0x2945,0x2945,0x18C3,0x0000,0x0020,0x10A2,
  0x2125,0x4A49,0x4A69,0x2966,0x2104,0x10A3,0x0841,0x0021,0x18E3,0x31A6,0x4208,0x39E7,0x2945,0x1082,0x0000,0x0841,
  0x18E3,0x39E7,0x4228,0x4A49,0x3186,0x1082,0x0000,0x0841,0x18E3,0x31A6,0x4A28,0x4228,0x2124,0x0841,0x0020,0x0861,
  0x10C3,0x31A6,0x52AA,0x39E8,0x18E3,0x0821,0x0020,0x10A2,0x18E3,0x4208,0x4A69,0x2124,0x1082,0x0020,0x0861,0x20E3,
  0x3186,0x39E7,0x2124,0x1081,0x0000,0x0861,0x18C3,0x2104,0x4208,0x4A28,0x2945,0x10A2,0x0000,0x0020,0x1082,0x10A2,
  0x3186,0x4A69,0x39E7,0x2104,0x0841,0x0020,0x1082,0x10A2,0x31A6,0x4228,0x3186,0x10A2,0x0840,0x0000,0x0862,0x1082,
  0x3165,0x528A,0x4A28,0x2965,0x1082,0x0000,0x0841,0x1082,0x2124,0x4207,0x39C7,0x2104,0x0841,0x0020,0x0862,0x1082,
  0x2103,0x41E7,0x4208,0x2124,0x1082,0x0020,0x0000,0x0841,0x18E3,0x39E7,0x39E7,0x2945,0x10A2,0x0841,0x0000,0x0841,
  0x2104,0x2945,0x39A6,0x3186,0x18E3,0x0841,0x0000,0x0841,0x0861,0x2104,0x39E7,0x31A6,0x18C3,0x0020,0x0000,0x0020,
  0x0841,0x2104,0x2965,0x3186,0x2124,0x1082,0x0000,0x0020,0x0861,0x1082,0x2104,0x3186,0x2124,0x1082,0x0020,0x0020,
  0x0841,0x1061,0x2944,0x31A6,0x2965,0x18C2,0x0841,0x0000,0x0840,0x18C2,0x2924,0x2104,0x18E3,0x1082,0x0020,0x0000,
  0x0020,0x10A2,0x20E3,0x2104,0x20E3,0x10A2,0x0020,0x0000,0x0020,0x0861,0x18C3,0x2124,0x18C3,0x0841,0x0020,0x0000,
  0x0020,0x0841,0x10A2,0x2924,0x2104,0x10A2,0x0841,0x0000,0x0000,0x0841,0x0861,0x18C3,0x2945,0x18E3,0x0841,0x0000,
  0x0000,0x0020,0x0861,0x18E3,0x2945,0x2104,0x1082,0x0000,0x0000,0x0020,0x0841,0x18E3,0x2965,0x2124,0x10A2,0x0841,
  0x0000,0x0000,0x0841,0x2104,0x3186,0x3185,0x18E3,0x0861,0x0000,0x0000,0x0841,0x18E3,0x2965,0x39A6,0x31A6,0x10A2,
  0x0000,0x0020,0x1082,0x2124,0x2924,0x39C6,0x31A6,0x18E3,0x0841,0x0020,0x10A2,0x2945,0x4208,0x528A,0x3186,0x1082,
  0x0020,0x0020,0x1082,0x18E3,0x4228,0x5AAA,0x3186,0x10A2,0x0000,0x0841,0x0882,0x2104,0x5289,0x5289,0x2965,0x0861,
  0x0000,0x0861,0x10A2,0x3186,0x528A,0x5289,0x2124,0x0000,0x0000,0x0841,0x18C3,0x4228,0x5AEB,0x4228,0x2124,0x1082,
  0x0000,0x0841,0x18C3,0x39E7,0x4A69,0x39E7,0x2945,0x1082,0x0000,0x0020,0x10A2,0x3186,0x4208,0x4228,0x3186,0x10A3,
  0x0020,0x0841,0x18E3,0x2945,0x39E7,0x4A69,0x2945,0x0861,0x0000,0x0841,0x18C3,0x2945,0x4A69,0x52AA,0x31A6,0x18C3,
  0x0841,0x0020,0x0841,0x18C3,0x4228,0x5ACB,0x31A6,0x1082,0x0020,0x0841,0x1082,0x0861,0x0020,0x1082,0x3165,0x2944,
  0x10A2,0x3186,0x4208,0x4208,0x4229,0x1904,0x0861,0x0020,0x0841,0x10A2,0x31A6,0x4A69,0x39C7,0x18C3,0x0862,0x0021,
  0x0021,0x2104,0x52AA,0x630C,0x39C7,0x18E3,0x0841,0x0000,0x0000,0x2965,0x5AEB,0x5ACB,0x2965,0x2124,0x0020,0x0000,
  0x0841,0x39E7,0x5AEB,0x4208,0x2104,0x18C3,0x0020,0x0000,0x10A2,0x4228,0x52AA,0x4208,0x2945,0x0021,0x0000,0x0841,
  0x2965,0x4A48,0x2965,0x2124,0x10A2,0x0020,0x0020,0x18C3,0x4208,0x4A49,0x2965,0x20E3,0x0841,0x0000,0x0000,0x0841,
  0x2965,0x4A69,0x41E7,0x31A6,0x2104,0x0020,0x0000,0x0861,0x3186,0x4207,0x2965,0x2945,0x18C3,0x0841,0x0020,0x0841,
  0x2965,0x4208,0x41E7,0x2945,0x1082,0x0841,0x0020,0x0000,0x18C3,0x4A28,0x4228,0x2104,0x2104,0x0861,0x0020,0x0000,
  0x18E3,0x39C7,0x31A6,0x2104,0x1903,0x1062,0x0020,0x0000,0x10A2,0x3186,0x3186,0x2104,0x2124,0x18C3,0x0020,0x0020,
  0x0020,0x10A2,0x31A6,0x39A6,0x2924,0x2104,0x0020,0x0000,0x0020,0x2104,0x31A6,0x2944,0x2104,0x18C3,0x0020,0x0000,
  0x0000,0x0861,0x2945,0x39E7,0x2944,0x1082,0x0841,0x0020,0x0000,0x0861,0x2124,0x31A6,0x2945,0x18E3,0x0861,0x0000,
  0x0000,0x0861,0x2104,0x3186,0x2945,0x18E3,0x0861,0x0020,0x0000,0x0841,0x10A2,0x2104,0x2124,0x18E3,0x0861,0x0020,
  0x0000,0x0000,0x1082,0x2124,0x2924,0x10A2,0x0861,0x0020,0x0000,0x0000,0x1081,0x18E3,0x18E3,0x18E3,0x0861,0x0000,
  0x0000,0x0020,0x10A2,0x2944,0x2124,0x18E3,0x1082,0x0020,0x0000,0x0000,0x0020,0x18C3,0x2945,0x2103,0x1082,0x0841,
  0x0000,0x0000,0x0820,0x18C3,0x2104,0x18C3,0x1082,0x0841,0x0000,0x0000,0x0820,0x1082,0x2104,0x2945,0x2104,0x1061,
  0x0020,0x0000,0x0020,0x1082,0x2124,0x3186,0x2965,0x10A2,0x0020,0x0000,0x0000,0x0841,0x2124,0x4228,0x4208,0x18E3,
  0x1082,0x0020,0x0000,0x0841,0x2965,0x5269,0x4208,0x2104,0x0020,0x0000,0x0020,0x18E3,0x4A49,0x52AA,0x39A6,0x2945,
  0x1082,0x0000,0x0000,0x18C3,0x4A48,0x5AAA,0x39E7,0x3186,0x0861,0x0000,0x0020,0x2104,0x4228,0x4A69,0x39E7,0x2124,
  0x0841,0x0000,0x0841,0x2965,0x4A49,0x4A49,0x39C7,0x18C3,0x0000,0x0020,0x10A2,0x39C7,0x4A69,0x4A49,0x4208,0x2104,
  0x0861,0x0020,0x1082,0x2945,0x4208,0x4A69,0x4248,0x2104,0x0862,0x0000,0x0020,0x1082,0x39C7,0x528A,0x4A69,0x3186,
  0x10A2,0x0000,0x0000,0x18C3,0x4A69,0x630C,0x39E7,0x2104,0x1061,0x0000,0x0820,0x20C3,0x3165,0x39A6,0x5AAA,0x5269,
  0x20E4,0x0820,0x0000,0x0841,0x18C3,0x5269,0x6B2D,0x5269,0x18C3,0x0841,0x0000,0x0000,0x1082,0x52AA,0x630B,0x5289,
  0x0020,0x1082,0x18C3,0x31A6,0x5ACB,0x3186,0x2104,0x10A3,0x0820,0x0862,0x1082,0x39C7,0x31A7,0x2965,0x2966,0x10A3,
  0x0840,0x0841,0x2104,0x31A6,0x2945,0x41E7,0x2966,0x1082,0x0020,0x0862,0x3186,0x39E7,0x3186,0x5269,0x2104,0x0861,
  0x0021,0x1082,0x3186,0x2124,0x2965,0x41E8,0x18E3,0x0861,0x0841,0x18E3,0x3186,0x528A,0x4208,0x18C3,0x1082,0x0000,
  0x1082,0x3186,0x2945,0x4228,0x39C7,0x10A2,0x0841,0x0021,0x18E3,0x2104,0x2124,0x4208,0x2945,0x10A2,0x0861,0x0020,
  0x10C3,0x2103,0x10A2,0x4228,0x4228,0x18E3,0x0841,0x0000,0x10A2,0x0841,0x18E3,0x4228,0x31A6,0x2124,0x10A2,0x0841,
  0x18C3,0x1082,0x2124,0x31A6,0x3186,0x2945,0x10A2,0x0000,0x0861,0x2124,0x2945,0x2945,0x4A49,0x2945,0x1082,0x0000,
  0x0841,0x10A2,0x1082,0x18E3,0x39E7,0x3165,0x2103,0x0861,0x0861,0x18C3,0x0861,0x2124,0x4208,0x31A6,0x2104,0x0861,
  0x0000,0x0020,0x18C3,0x18E3,0x2945,0x4208,0x18C3,0x0861,0x0841,0x1061,0x18C2,0x0861,0x3186,0x39C7,0x20E3,0x10A2,
  0x0020,0x0000,0x0861,0x18E3,0x18E3,0x2124,0x2965,0x1082,0x0020,0x0020,0x10A2,0x18E3,0x18C3,0x2965,0x2124,0x0861,
  0x0020,0x0020,0x1082,0x1082,0x10A2,0x2945,0x2104,0x18C3,0x0841,0x0000,0x0020,0x0861,0x2104,0x2965,0x18E3,0x10A2,
  0x0000,0x0000,0x0020,0x1082,0x18C3,0x2104,0x2945,0x10A2,0x0000,0x0000,0x0020,0x0841,0x18E3,0x2965,0x18E3,0x0861,
  0x0861,0x0020,0x0020,0x0861,0x0861,0x18E3,0x10A2,0x0861,0x0861,0x0020,0x0000,0x0020,0x1061,0x1082,0x18E3,0x18E3,
  0x1081,0x0020,0x0000,0x0820,0x0861,0x0020,0x18C3,0x2124,0x10A2,0x0841,0x0000,0x0020,0x0841,0x1082,0x2104,0x18C3,
  0x10A2,0x1082,0x0020,0x0000,0x0840,0x18C3,0x2965,0x2103,0x18C3,0x1082,0x0000,0x0020,0x1061,0x18E3,0x2124,0x3186,
  0x3186,0x10A2,0x0020,0x0000,0x10A2,0x2965,0x2965,0x2945,0x18E3,0x10A2,0x0841,0x0020,0x18A2,0x2124,0x2124,0x4228,
  0x2104,0x10A2,0x0841,0x0841,0x18E3,0x2104,0x31A6,0x52AA,0x31C7,0x10C3,0x0041,0x0841,0x1904,0x1904,0x31A7,0x4229,
  0x2945,0x0882,0x0820,0x10A2,0x2104,0x1904,0x4208,0x39C7,0x2125,0x18E4,0x0862,0x18E3,0x18C3,0x2945,0x4249,0x4208,
  0x31A7,0x18C3,0x0840,0x1082,0x0882,0x2945,0x4229,0x31C7,0x2966,0x10A2,0x0020,0x0861,0x10C3,0x2966,0x39E8,0x4A6A,
  0x31A7,0x10A2,0x0020,0x0041,0x2945,0x4208,0x3186,0x3165,0x0882,0x0000,0x0000,0x0000,0x0000,0x0820,0x2165,0x31E7,
  0x18C2,0x0820,0x0020,0x0000,0x0000,0x18A1,0x29E7,0x29C7,0x18C3,0x0862,0x0000,0x0020,0x1081,0x4A69,0x6B4D,0x632C,
  0x0000,0x0021,0x0862,0x2986,0x4228,0x52CB,0x39E8,0x18E4,0x0000,0x0000,0x0862,0x2125,0x4228,0x528A,0x2966,0x18C3,
  0x0841,0x0000,0x0862,0x1082,0x2965,0x5AEB,0x4A28,0x1082,0x0840,0x0041,0x1082,0x10A2,0x39E7,0x5ACB,0x2965,0x1082,
  0x0020,0x0000,0x0861,0x2124,0x4A69,0x5ACA,0x2966,0x10A3,0x0000,0x0841,0x10A2,0x39E7,0x4A69,0x31A6,0x10A3,0x0020,
  0x0020,0x10A2,0x39C7,0x52AA,0x528A,0x2965,0x10A2,0x0000,0x0020,0x1082,0x2965,0x4228,0x4208,0x31A6,0x18E3,0x0020,
  0x0020,0x0841,0x2104,0x4208,0x528A,0x31A6,0x0861,0x0000,0x0000,0x0020,0x2945,0x4228,0x4A49,0x31A6,0x18E3,0x0021,
  0x0021,0x0020,0x2945,0x41E8,0x5289,0x39C7,0x18E3,0x0841,0x0021,0x1082,0x18E3,0x4208,0x528A,0x41E8,0x18C3,0x0000,
  0x0000,0x0020,0x0841,0x3186,0x4A49,0x4A49,0x3186,0x0861,0x0000,0x0020,0x0861,0x39A6,0x4A28,0x4208,0x31A6,0x10A2,
  0x0000,0x0000,0x0020,0x0861,0x2965,0x39E7,0x3186,0x2124,0x0861,0x0020,0x0841,0x18C3,0x3186,0x4207,0x31A6,0x2104,
  0x0841,0x0000,0x0020,0x0841,0x18E3,0x31A6,0x39C7,0x2104,0x0861,0x0000,0x0841,0x0861,0x2124,0x31A6,0x31A6,0x18E3,
  0x0841,0x0000,0x0020,0x0841,0x18C3,0x2945,0x3186,0x18E3,0x0841,0x0000,0x0000,0x0861,0x18C3,0x2124,0x2965,0x2104,
  0x0841,0x0000,0x0000,0x0020,0x0861,0x2945,0x3186,0x18E3,0x0020,0x0000,0x0000,0x0000,0x18C3,0x2124,0x2104,0x2104,
  0x10A2,0x0000,0x0000,0x0000,0x0861,0x18C3,0x18C3,0x2124,0x18E3,0x0841,0x0000,0x0000,0x0000,0x0020,0x0861,0x0861,
  0x0841,0x0000,0x0000,0x0000,0x0000,0x0000,0x0841,0x1082,0x0861,0x0020,0x0000,0x0000,0x0000,0x0020,0x0841,0x10A2,
  0x18E3,0x18C3,0x0841,0x0000,0x0000,0x0840,0x0861,0x20E3,0x2104,0x18E3,0x0861,0x0020,0x0020,0x0020,0x0841,0x2124,
  0x2945,0x10A2,0x0841,0x0000,0x0020,0x0861,0x1082,0x3166,0x39C7,0x2965,0x18A2,0x0000,0x0000,0x0841,0x18C3,0x31A6,
  0x39A6,0x39A6,0x2965,0x0841,0x0000,0x0020,0x2124,0x4A49,0x31A6,0x1061,0x0000,0x0000,0x0000,0x0000,0x0800,0x0800,
  0x0000,0x0000,0x0000,0x0000,0x0000,0x0000,0x0000,0x0000,0x0820,0x0000,0x0000,0x0000,0x0000,0x0000,0x0000,0x0820,
  0x0840,0x0000,0x0000,0x0000,0x0000,0x0000,0x0000,0x0800,0x0800,0x0000,0x0000,0x0000,0x0000,0x0000,0x0000,0x0820,
  0x0800,0x0000,0x0000,0x0000,0x0020,0x0861,0x18C3,0x0861,0x0800,0xA800,0xA000,0xB000,0x9800,0x0000,0x5000,0xB000,
  0x9800,0xB800,0x3800,0x0000,0xA000,0xB000,0xA800,0x8800,0x0000,0x0041,0x0000,0x0000,0x0841,0x39E7,0x52AA,0x528A,
  0x2145,0x0862,0x0021,0x10C3,0x2104,0x2965,0x4A6A,0x4229,0x18E4,0x1082,0x0841,0x10A2,0x18E4,0x31A7,0x5ACB,0x3A08,
  0x2124,0x1082,0x0021,0x0000,0x18C3,0x39E8,0x4A69,0x5ACB,0x39C7,0x10A3,0x0820,0x0000,0x2945,0x4A49,0x52AA,0x4228,
  0x2104,0x0862,0x0820,0x10A3,0x39C7,0x4228,0x3186,0x3186,0x10A2,0x0000,0x0020,0x2124,0x2945,0x39E7,0x41E7,0x1082,
  0x0841,0x0020,0x2124,0x4228,0x31A6,0x2945,0x4208,0x1082,0x0020,0x0020,0x18C3,0x2945,0x2104,0x3186,0x4228,0x2104,
  0x10A2,0x0841,0x10A2,0x2124,0x2104,0x18E3,0x31A6,0x18E3,0x0861,0x0020,0x18C3,0x2965,0x2104,0x3186,0x39E7,0x18E3,
  0x0841,0x0000,0x1082,0x2104,0x2965,0x2924,0x39C7,0x2965,0x18C3,0x0841,0x0861,0x2965,0x2945,0x18E3,0x2945,0x2965,
  0x0861,0x0000,0x0020,0x2104,0x3186,0x2124,0x2124,0x2965,0x18C2,0x0020,0x0000,0x18E3,0x2945,0x2124,0x2965,0x18E3,
  0x18C3,0x0861,0x0000,0x0841,0x2124,0x2965,0x2104,0x3186,0x2945,0x0861,0x0000,0x0841,0x18E3,0x18E3,0x10A2,0x2944,
  0x2945,0x10A2,0x0841,0x0000,0x0861,0x2104,0x2124,0x18C3,0x2124,0x18C3,0x0841,0x0000,0x1082,0x2104,0x18C3,0x18C2,
  0x2945,0x18C3,0x0841,0x0020,0x0861,0x10A2,0x1082,0x2103,0x2104,0x1082,0x0020,0x0841,0x1082,0x18C3,0x1082,0x1082,
  0x18C3,0x1082,0x0841,0x0000,0x0000,0x10A2,0x20E3,0x10A2,0x10A2,0x1082,0x0020,0x0000,0x0861,0x18C3,0x1082,0x1082,
  0x18E3,0x0861,0x0020,0x0000,0x0841,0x1082,0x10A2,0x18E3,0x18E3,0x18C3,0x0020,0x0000,0x0000,0x0000,0x0821,0x0020,
  0x0020,0x0020,0x0020,0x0020,0x0020,0x0841,0x0841,0x0020,0x0020,0x0020,0x0020,0x0020,0x0020,0x0000,0x0000,0x0020,
  0x0040,0x0841,0x0841,0x0020,0x0000,0x0000,0x0000,0x0020,0x0020,0x0841,0x0841,0x0020,0x0000,0x0000,0x0000,0x0020,
  0x0020,0x0000,0x0000,0x0020,0x0000,0x0000,0x0000,0x0000,0x0020,0x0861,0x0020,0x0000,0x0000,0x0000,0x0000,0x0000,
  0x0861,0x18E3,0x31A6,0x1082,0x0000,0x0000,0x0000,0x1082,0x0000,0x1040,0x4960,0x4140,0x4140,0x4140,0x4140,0x3920,
  0x3940,0x4140,0x4140,0x4140,0x4140,0x4140,0x4140,0x4140,0x3940,0x4120,0x4140,0x4140,0x4140,0x4140,0x3940,0x3920,
  0x3920,0x3940,0x4120,0x4120,0x4140,0x3920,0x3920,0x3940,0x3920,0x3920,0x4140,0x4140,0x4140,0x4140,0x3920,0x3920,
  0x4140,0x4140,0x51A0,0x20A0,0x0000,0x0841,0x0000,0x0800,0xF800,0xF800,0xF800,0xF800,0x4000,0x3800,0xF800,0xF800,
  0xF800,0xF800,0x0820,0xD000,0xF800,0xF800,0xF800,0x7000,0x0020,0x0000,0x10A2,0x3186,0x18C3,0x31A6,0x4A49,0x4208,
  0x2145,0x0882,0x0020,0x0020,0x0020,0x0020,0x2104,0x2945,0x10C3,0x1082,0x0021,0x0840,0x0020,0x0861,0x2945,0x2125,
  0x10A3,0x0862,0x0820,0x0020,0x0840,0x1081,0x18E4,0x31C7,0x2145,0x1081,0x0840,0x0020,0x1061,0x18A1,0x2987,0x31A7,
  0x18E4,0x1081,0x0840,0x0840,0x1081,0x1081,0x2987,0x52AB,0x2945,0x0841,0x0000,0x0841,0x1082,0x39A7,0x5AAA,0x3186,
  0x18E3,0x0841,0x1082,0x18E3,0x18C3,0x39A6,0x5ACB,0x2945,0x1082,0x0021,0x0841,0x10A2,0x10A2,0x4208,0x630B,0x4208,
  0x2945,0x0861,0x0000,0x0841,0x0020,0x2104,0x5AEB,0x39C7,0x18C3,0x0021,0x0841,0x1082,0x1082,0x39C7,0x4A69,0x3186,
  0x10A2,0x0000,0x0000,0x0841,0x1082,0x2965,0x52AA,0x4208,0x2104,0x0861,0x0021,0x1082,0x0841,0x10A2,0x4208,0x528A,
  0x18C3,0x0841,0x0020,0x1082,0x1082,0x18C3,0x39E7,0x5269,0x2945,0x0861,0x0000,0x0861,0x0861,0x1082,0x2965,0x31A6,
  0x39C7,0x2124,0x0841,0x0021,0x1082,0x10A2,0x2145,0x4A69,0x4208,0x18A2,0x0020,0x0000,0x0861,0x0020,0x10A2,0x39C7,
  0x39E7,0x2124,0x1082,0x0000,0x0021,0x1082,0x10A2,0x2124,0x39E7,0x2945,0x0841,0x0000,0x0020,0x0861,0x0861,0x2124,
  0x4228,0x2945,0x10A2,0x0020,0x0000,0x0020,0x0841,0x3185,0x39E7,0x2924,0x1082,0x0020,0x0841,0x0841,0x0020,0x18C3,
  0x2965,0x2124,0x1082,0x0020,0x0000,0x0841,0x0861,0x10A2,0x2944,0x2104,0x0861,0x0020,0x0020,0x0020,0x0841,0x10A2,
  0x2945,0x18C3,0x0841,0x0000,0x0000,0x0020,0x0020,0x0841,0x10A2,0x1082,0x0020,0x0000,0x2104,0x5ACB,0x52AA,0x528A,
  0x528A,0x528A,0x528A,0x528A,0x52AA,0x5ACB,0x5AEB,0x5ACB,0x5ACB,0x5AEB,0x5AEB,0x5AEB,0x630C,0x632C,0x632C,0x632C,
  0x632C,0x6B4D,0x6B6D,0x6B4D,0x632D,0x634D,0x6B6D,0x738E,0x73AE,0x7BCF,0x7BEF,0x7BEF,0x7BCF,0x7BCF,0x7BEF,0x7BCF,
  0x7BCF,0x7BF0,0x7C10,0x8430,0x8410,0x7BEF,0x7C10,0x8431,0x8C51,0x8431,0x8451,0x8C51,0x8430,0x8C71,0x8410,0x8C71,
  0x62EB,0x0820,0x1061,0x1061,0x1061,0x0841,0x0840,0x0820,0x20A0,0xFCE0,0xFCE0,0xFCE0,0xFCE0,0xFCE0,0xFCE0,0xFCE0,
  0xFCE0,0xFCE0,0xFCE0,0xFCE0,0xFCE0,0xFCE0,0xFCE0,0xFCE0,0xFCE0,0xFCE0,0xFCE0,0xFCE0,0xFCE0,0xFCE0,0xFCE0,0xFCE0,
  0xFCE0,0xFCE0,0xFCE0,0xFCE0,0xFCE0,0xFCE0,0xFCE0,0xFCE0,0xFCE0,0xFCE0,0xFCE0,0xFCE0,0xFCE0,0xFCE0,0xFCE0,0xFCE0,
  0xFCE0,0xFCE0,0xFCE0,0x20C0,0x0841,0x0841,0x0000,0xE800,0xF800,0xF800,0xF800,0x2800,0x2800,0xF800,0xF800,0xF800,
  0xE800,0x0000,0xC000,0xF800,0xF800,0xF800,0x5800,0x0000,0x0000,0x2104,0x52AA,0x39C7,0x2104,0x2945,0x2965,0x2944,
  0x0000,0x0000,0x0000,0x0000,0x0000,0x0000,0x0000,0x0000,0x0000,0x0000,0x0000,0x0000,0x0000,0x0000,0x0000,0x0000,
  0x0000,0x0000,0x0000,0x0000,0x0000,0x0000,0x0000,0x0000,0x0000,0x0000,0x0000,0x0000,0x0000,0x0000,0x0000,0x0000,
  0x0000,0x0000,0x0000,0x0000,0x0000,0x0000,0x0000,0x31E8,0x31A7,0x10A2,0x0841,0x0000,0x0841,0x2945,0x52AA,0x4A49,
  0x2104,0x1082,0x0020,0x0000,0x0841,0x31A6,0x5269,0x2945,0x18E4,0x10A2,0x0841,0x0840,0x10A2,0x39E7,0x4A69,0x39C7,
  0x2965,0x18E3,0x0020,0x0000,0x0020,0x2945,0x4A69,0x31A6,0x2945,0x10A3,0x0021,0x0020,0x1082,0x2945,0x39C7,0x3186,
  0x2104,0x0861,0x0020,0x0021,0x0021,0x2124,0x4A69,0x4228,0x2124,0x10A2,0x0020,0x0020,0x0020,0x18C3,0x4207,0x4A69,
  0x18E3,0x18E3,0x1082,0x0841,0x0021,0x18C3,0x39C7,0x4208,0x2124,0x18C3,0x0861,0x0020,0x0000,0x0841,0x2104,0x39E7,
  0x4228,0x2965,0x18C3,0x0861,0x0841,0x0020,0x2104,0x39C7,0x3186,0x18E3,0x18C3,0x0020,0x0000,0x0000,0x18E3,0x39A6,
  0x31A6,0x3166,0x18C3,0x0020,0x0020,0x0820,0x0841,0x2945,0x41E7,0x2124,0x0861,0x0020,0x0000,0x0020,0x1082,0x2965,
  0x4208,0x2124,0x10A2,0x0841,0x0000,0x0000,0x0861,0x2944,0x3165,0x2104,0x18C3,0x0820,0x0000,0x0000,0x0020,0x18C3,
  0x2945,0x3185,0x18E3,0x0840,0x0000,0x0000,0x0000,0x10A2,0x2945,0x2124,0x10A2,0x0861,0x0000,0x0000,0x0020,0x1082,
  0x18E3,0x18A2,0x1082,0x0861,0x0020,0x0000,0x0000,0x0000,0x0841,0x0020,0x0000,0x2124,0x630C,0x2124,0x20E3,0x18E3,
  0x18E3,0x18E3,0x2104,0x2124,0x2945,0x2945,0x2944,0x2945,0x2965,0x31A6,0x31A6,0x31A6,0x39C7,0x39C7,0x3A08,0x39C7,
  0x39E7,0x4208,0x4228,0x4A49,0x4A69,0x4A49,0x52AB,0x5B0C,0x632C,0x5AEB,0x5AEB,0x5B0C,0x5B0C,0x5B0C,0x5B0C,0x6B4D,
  0x73AE,0x73AF,0x73AF,0x7BCF,0x73AE,0x7BEF,0x8430,0x8430,0x8410,0x8451,0x9492,0x9D14,0x9CD3,0x94B3,0x8C51,0x6B4E,
  0xFCC0,0xFCE0,0xFCE0,0xFCE0,0xFCE0,0xFCE0,0xFCE0,0xFCE0,0xFCE0,0xFCE0,0xFCE0,0xFCE0,0xFCE0,0xFCE0,0xFCE0,0xFCE0,
  0xFCE0,0xFCE0,0xFCE0,0xFCE0,0xFCE0,0xFCE0,0xFCE0,0xFCE0,0xFCE0,0xFCE0,0xFCE0,0xFCE0,0xFCE0,0xFCE0,0xFCE0,0xFCE0,
  0xFCE0,0xFCE0,0xFCE0,0xFCE0,0xFCE0,0xFCE0,0xFCE0,0xFCE0,0xFCE0,0xFCE0,0xFCE0,0xFCE0,0xFCE0,0xFCE0,0xFCE0,0xFCE0,
  0xFCE0,0xFCE0,0x1060,0x0820,0x10A3,0x0000,0xD800,0xF800,0xF800,0xF800,0x4800,0x2800,0xF800,0xF800,0xF800,0xF800,
  0x0000,0xB800,0xF800,0xF800,0xF800,0x6800,0x0000,0x0820,0x2124,0x738E,0x5ACB,0x2104,0x18C2,0x1082,0x10A2,0x10A2,
  0x73AE,0x634D,0x632C,0x632D,0x632D,0x5AEC,0x5AEC,0x630C,0x630C,0x5AEC,0x52AB,0x4A8B,0x424A,0x220B,0x6202,0x7A40,
  0x8280,0x8280,0x8AA0,0x9B00,0xAB40,0x9B00,0xA320,0xB360,0xB360,0xC3A0,0xCBE0,0xD3E0,0xD420,0xD400,0xD400,0xCBE0,
  0xD400,0xDC20,0xE440,0xE440,0xDC20,0xDC20,0x30E0,0x0000,0x2146,0x52AB,0x39E8,0x18C3,0x0821,0x0821,0x3186,0x39C7,
  0x2965,0x31A6,0x10A2,0x0020,0x0000,0x10A2,0x2124,0x18C3,0x4208,0x4228,0x2104,0x0862,0x0021,0x10A2,0x18C3,0x1061,
  0x39C7,0x5ACB,0x2945,0x1082,0x0000,0x0841,0x18C3,0x10A3,0x4228,0x4228,0x2104,0x0862,0x0000,0x0861,0x0861,0x2104,
  0x4A49,0x39C7,0x2945,0x18C3,0x0841,0x0020,0x18A3,0x39C7,0x39C6,0x39E7,0x2124,0x0861,0x0000,0x0841,0x18E3,0x2965,
  0x18E3,0x4228,0x39C7,0x18E3,0x0841,0x0000,0x18A2,0x1082,0x10A2,0x4228,0x2965,0x18C3,0x0020,0x0000,0x0841,0x2104,
  0x2965,0x2965,0x4208,0x3186,0x18C3,0x0020,0x0000,0x0861,0x1082,0x2945,0x4A28,0x18C3,0x0861,0x0000,0x0841,0x10A2,
  0x1082,0x2945,0x2944,0x18E3,0x18C3,0x0841,0x0020,0x10A2,0x2104,0x18E3,0x2124,0x2104,0x1082,0x0020,0x0840,0x10A2,
  0x18E3,0x1082,0x2945,0x2124,0x1082,0x0020,0x0020,0x1081,0x0861,0x1082,0x2944,0x18C3,0x0861,0x0020,0x0000,0x0000,
  0x10A2,0x2945,0x2124,0x18C3,0x0861,0x0020,0x0000,0x0841,0x10A2,0x2104,0x2124,0x18E3,0x1081,0x0020,0x0000,0x0000,
  0x0861,0x0861,0x18C3,0x2124,0x1082,0x0841,0x0020,0x0000,0x0000,0x0000,0x2124,0x62EB,0x2104,0x18E3,0x2104,0x20E3,
  0x2104,0x2104,0x2124,0x2945,0x2945,0x2945,0x2945,0x2945,0x2965,0x31A6,0x31A6,0x31A6,0x31A6,0x39C7,0x39E7,0x4208,
  0x31A6,0x1082,0x1082,0x1082,0x10A2,0x10A2,0x10A2,0x18C3,0x18C3,0x10A2,0x10A2,0x10A2,0x10A2,0x10A3,0x10C3,0x18E3,
  0x18E3,0x18C3,0x18E3,0x18E3,0x18E3,0x2104,0x2124,0x2104,0x2104,0x2104,0x2124,0x2945,0x2965,0x2124,0x2124,0xF4A0,
  0xFCE0,0xFCE0,0xFCE0,0xFCE0,0xFCE0,0xFCE0,0xFCE0,0xFCE0,0xFCE0,0xFCE0,0xFCE0,0xFCE0,0xFCE0,0xFCE0,0xFCE0,0xFCE0,
  0xFCE0,0xFCE0,0xFCE0,0xFCE0,0xFCE0,0xFCE0,0xFCE0,0xFCE0,0xFCE0,0xFCE0,0xFCE0,0xFCE0,0xFCE0,0xFCE0,0xFCE0,0xFCE0,
  0xFCE0,0xFCE0,0xFCE0,0xFCE0,0xFCE0,0xFCE0,0xFCE0,0xFCE0,0xFCE0,0xFCE0,0xFCE0,0xFCE0,0xFCE0,0xFCE0,0xFCE0,0xFCE0,
  0xFCE0,0x0840,0x18A2,0x2145,0x0000,0xD000,0xF800,0xF800,0xF800,0x4800,0x2000,0xF800,0xF800,0xF800,0xF800,0x0000,
  0xB000,0xF800,0xF800,0xF800,0x7000,0x0020,0x0841,0x0020,0x4A49,0x632C,0x52AA,0x4208,0x2104,0x0841,0x0020,0x0861,
  0x6B6E,0x73CF,0x7BCF,0x6B6E,0x738E,0x73CF,0x73AF,0x6B4D,0x6B4D,0x6B8E,0x634D,0x632D,0x632D,0x632D,0x5B0D,0x5B0D,
  0x6B8F,0x5351,0xCBE0,0xBC47,0xBBC2,0xC3A0,0xDC40,0xFCE0,0xFCE0,0xFCE0,0xFCE0,0xFCE0,0xFCE0,0xFCE0,0xFCE0,0xFCE0,
  0xFCE0,0xFCE0,0xFCE0,0xFCE0,0xFCE0,0xFCE0,0xFCE0,0x20A0,0x0000,0x31C8,0x52AA,0x2124,0x0862,0x0020,0x10A3,0x2945,
  0x4229,0x4A69,0x2104,0x0861,0x0020,0x0841,0x0861,0x2945,0x5ACB,0x528A,0x2945,0x1082,0x0000,0x0000,0x0841,0x20E3,
  0x4A49,0x630C,0x3186,0x1082,0x0000,0x0000,0x0841,0x2104,0x4A69,0x52AA,0x2965,0x1082,0x0000,0x0000,0x0841,0x3186,
  0x4A69,0x5289,0x39C7,0x2104,0x0861,0x0000,0x0862,0x2124,0x39E7,0x5269,0x3165,0x1062,0x0000,0x0000,0x1082,0x18E3,
  0x31A6,0x5AEB,0x4A28,0x18C3,0x0021,0x0000,0x0020,0x0841,0x2965,0x528A,0x3186,0x2104,0x0861,0x0000,0x0841,0x18E3,
  0x2104,0x3165,0x4A28,0x31A6,0x18C3,0x0000,0x0000,0x0020,0x1082,0x2124,0x4208,0x3186,0x18C3,0x0841,0x0020,0x0020,
  0x1082,0x3186,0x39E7,0x39C7,0x2104,0x0861,0x0000,0x0841,0x1082,0x20E3,0x31A6,0x2945,0x18C3,0x0861,0x0020,0x0840,
  0x0841,0x10A2,0x31A6,0x2965,0x18E3,0x0861,0x0000,0x0020,0x0841,0x18E3,0x3186,0x2124,0x18A2,0x0861,0x0020,0x0000,
  0x1061,0x10A2,0x20E3,0x2124,0x10A2,0x0841,0x0000,0x0020,0x1082,0x18E3,0x2124,0x2124,0x10A2,0x0841,0x0000,0x0000,
  0x0841,0x0861,0x2104,0x2924,0x10A2,0x0861,0x0020,0x0000,0x0000,0x2924,0x5ACB,0x2104,0x2104,0x2104,0x2104,0x2104,
  0x2104,0x2104,0x2124,0x2124,0x2124,0x2124,0x2124,0x2945,0x2965,0x3186,0x3186,0x31A6,0x31A6,0x39C7,0x4208,0x39C7,
  0x0020,0x0000,0x0000,0x0000,0x0000,0x0000,0x0000,0x0000,0x0000,0x0000,0x0000,0x0000,0x0000,0x0000,0x0000,0x0000,
  0x0000,0x0000,0x0000,0x0000,0x0000,0x0000,0x0000,0x0000,0x0000,0x0000,0x0000,0x0000,0x0000,0x0000,0xEC60,0xFCE0,
  0xFCE0,0xFCE0,0xFCE0,0xFCE0,0xFCE0,0xFCE0,0xFCE0,0xFCE0,0xFCE0,0xFCE0,0xFCE0,0xFCE0,0xFCE0,0xFCE0,0xFCE0,0xFCE0,
  0xFCE0,0xFCE0,0xFCE0,0xFCE0,0xFCE0,0xFCE0,0xFCE0,0xFCE0,0xFCE0,0xFCE0,0xFCE0,0xFCE0,0xFCE0,0xFCE0,0xFCE0,0xFCE0,
  0xFCE0,0xFCE0,0xFCE0,0xFCE0,0xFCE0,0xFCE0,0xFCE0,0xFCE0,0xFCE0,0xFCE0,0xFCE0,0xFCE0,0xFCE0,0xFCE0,0xFCE0,0xF4A0,
  0x0820,0x0861,0x18E4,0x0820,0xD000,0xF800,0xF800,0xF800,0x5000,0x1000,0xF800,0xF800,0xF800,0xF800,0x0000,0xA800,
  0xF800,0xF800,0xF800,0x7800,0x0000,0x0841,0x1082,0x18C3,0x18E3,0x2104,0x31A7,0x5ACA,0x2924,0x0000,0x0000,0x0841,
  0x6B4D,0x6B4D,0x6B4D,0x6B4D,0x7BCF,0x632D,0x630C,0x632D,0x632C,0x5AEC,0x630C,0x632C,0x630C,0x5ACB,0x5AEC,0x5B0C,
  0x52AB,0x0862,0x0840,0x0841,0x0020,0x0021,0x0840,0x0840,0x1060,0x1060,0x1060,0x1060,0x1060,0x1060,0x1060,0x1060,
  0x1880,0x1860,0x1060,0x1060,0x1060,0x1060,0x1880,0x1060,0x0000,0x1860,0x2987,0x4228,0x3186,0x1082,0x0020,0x0861,
  0x2965,0x39C7,0x4228,0x39C7,0x18C3,0x0020,0x0000,0x2104,0x39C7,0x39C7,0x39E8,0x3186,0x10A3,0x0862,0x0821,0x1082,
  0x2986,0x39C7,0x2965,0x39A7,0x2124,0x1082,0x0841,0x1082,0x2965,0x3165,0x39C7,0x39C7,0x18E3,0x1082,0x0861,0x18C3,
  0x2124,0x39A6,0x41E7,0x3186,0x2124,0x10A2,0x0841,0x0021,0x2104,0x39C7,0x2965,0x2104,0x2104,0x1082,0x0841,0x0841,
  0x2104,0x3186,0x31A6,0x3186,0x2104,0x18A3,0x1082,0x0841,0x18C3,0x2945,0x31A6,0x41E7,0x2966,0x2104,0x0862,0x0020,
  0x0021,0x2104,0x4208,0x2945,0x18C3,0x2104,0x0861,0x0000,0x0020,0x18E3,0x2965,0x2965,0x31A6,0x2945,0x1082,0x0020,
  0x0020,0x10A2,0x2945,0x39C7,0x3186,0x2124,0x0861,0x0000,0x0000,0x10A2,0x2965,0x2945,0x2965,0x2124,0x1061,0x0000,
  0x0000,0x0861,0x20E3,0x2104,0x2924,0x2924,0x1082,0x0020,0x0000,0x1082,0x20E3,0x18E3,0x2124,0x2104,0x18C3,0x0861,
  0x0000,0x0020,0x1082,0x2124,0x2104,0x18C3,0x1082,0x0841,0x0020,0x0020,0x10A2,0x18C3,0x20E3,0x1082,0x0861,0x0820,
  0x0000,0x0841,0x10A2,0x10A2,0x18C3,0x0840,0x0000,0x0000,0x2944,0x5ACB,0x18E3,0x2104,0x2124,0x2104,0x2104,0x2104,
  0x18E3,0x2104,0x2104,0x2124,0x2124,0x2124,0x2945,0x2965,0x2965,0x2965,0x3186,0x3186,0x31A6,0x39E7,0x3186,0x0020,
  0x0000,0x0020,0x0000,0x0000,0x0000,0x2104,0x2124,0x2124,0x2124,0x2124,0x2124,0x18E3,0x0020,0x0040,0x0000,0x0841,
  0x3186,0x2945,0x2945,0x2944,0x2124,0x2124,0x0861,0x0000,0x0841,0x10A2,0x0841,0x0000,0x0020,0xEC80,0xFCE0,0xFCE0,
  0xFCE0,0xFCE0,0xFCE0,0xFCE0,0xFCE0,0x92C0,0x4140,0x4960,0x4960,0x5180,0x5180,0x5180,0x5180,0x4980,0x4980,0x5180,
  0x51A0,0x51A0,0x51A0,0x5180,0x5180,0x5180,0x5180,0x5180,0x51A0,0x5180,0x5180,0x5180,0x5180,0x5180,0x5180,0x5180,
  0x5180,0x5180,0x5180,0x5180,0x5180,0x5180,0x5180,0x51A0,0x59A0,0x59A0,0x59A0,0x51A0,0x5180,0x5180,0x5180,0x0840,
  0x0861,0x10A3,0x0820,0xC000,0xF800,0xF800,0xF800,0x6000,0x1800,0xF800,0xF800,0xF800,0xF800,0x1000,0x9800,0xF800,
  0xF800,0xF800,0x9800,0x0020,0x0841,0x1082,0x4A69,0x31A6,0x18C3,0x0841,0x10A2,0x2965,0x2965,0x31A6,0x2945,0x10A2,
  0x7C10,0x73AF,0x7BEF,0x73CF,0x7BCF,0x6B6D,0x6B6E,0x6B8E,0x634D,0x632D,0x6B4D,0x6B6E,0x5B0C,0x5ACB,0x6B4D,0x5AEC,
  0x0861,0x0000,0x1082,0x0841,0x0000,0x0000,0x0020,0x0040,0x0000,0x0020,0x0841,0x0020,0x0000,0x0000,0x0000,0x0000,
  0x0000,0x0000,0x0841,0x0020,0x0000,0x0020,0x0020,0x0020,0x0840,0x1040,0x0840,0x31A7,0x31A7,0x10A2,0x0020,0x0000,
  0x0041,0x10A2,0x31A6,0x2966,0x10C3,0x0841,0x0820,0x0862,0x0882,0x10A3,0x2966,0x2945,0x2104,0x10C3,0x0861,0x0020,
  0x0861,0x0861,0x10C3,0x31A6,0x2966,0x10C3,0x0841,0x0020,0x0841,0x0841,0x2125,0x39E8,0x2945,0x18C3,0x0861,0x0021,
  0x0841,0x1082,0x18E4,0x2945,0x3186,0x2104,0x0861,0x0000,0x0820,0x1082,0x18C3,0x2966,0x2986,0x18E4,0x0841,0x0000,
  0x0841,0x0841,0x18E4,0x31A6,0x2966,0x3186,0x1904,0x0861,0x0020,0x0841,0x18C3,0x2965,0x3186,0x2966,0x10A3,0x0000,
  0x0020,0x0862,0x18E3,0x0882,0x10C3,0x31A6,0x18C3,0x0841,0x0020,0x1082,0x10A2,0x18C3,0x31A6,0x39C7,0x20E4,0x0841,
  0x0000,0x0820,0x1082,0x2104,0x3186,0x3186,0x18C3,0x0841,0x0000,0x0861,0x18C3,0x2104,0x3186,0x2965,0x10A2,0x0020,
  0x0000,0x0020,0x0861,0x18C3,0x2945,0x3186,0x18C3,0x0841,0x0000,0x0020,0x0841,0x1061,0x18E4,0x2124,0x2124,0x1082,
  0x0000,0x0000,0x0861,0x18E3,0x2104,0x2124,0x18C3,0x0861,0x0000,0x0000,0x0840,0x0861,0x18E3,0x18C3,0x2104,0x1082,
  0x0020,0x0000,0x0020,0x0000,0x0020,0x0000,0x0000,0x2965,0x630C,0x18E3,0x2124,0x2124,0x2124,0x2104,0x2104,0x2104,
  0x2104,0x2124,0x2124,0x2124,0x2944,0x2945,0x2945,0x2965,0x2965,0x3186,0x3165,0x3186,0x39E7,0x2985,0x0020,0x0000,
  0x0020,0x0020,0x0000,0x0000,0x2104,0x2124,0x18C3,0x18E3,0x18E3,0x2104,0x18E3,0x0020,0x0020,0x0000,0x0841,0x31A6,
  0x2124,0x2104,0x2104,0x2104,0x18E3,0x0841,0x0000,0x0000,0x0861,0x10A2,0x0000,0x0000,0xDC20,0xFCE0,0xFCE0,0xFCE0,
  0xFCE0,0xFCE0,0xFCE0,0xFCE0,0x59C0,0x0000,0x0000,0x0000,0x0000,0x0000,0x0000,0x0000,0x0000,0x0000,0x0000,0x0000,
  0x0000,0x0000,0x0000,0x0000,0x0000,0x0000,0x0000,0x0000,0x0000,0x0000,0x0000,0x0000,0x0000,0x0000,0x0000,0x0000,
  0x0000,0x0000,0x0000,0x0000,0x0000,0x0000,0x0000,0x0000,0x0000,0x0000,0x0000,0x0000,0x0000,0x0000,0x0000,0x0000,
  0x0020,0x0000,0x0000,0x3000,0x2000,0x2800,0x2000,0x0000,0x1800,0x2800,0x1800,0x2800,0x0000,0x0000,0x3000,0x2800,
  0x2000,0x2000,0x0000,0x0000,0x0000,0x0841,0x10A2,0x0020,0x0000,0x0000,0x0000,0x0000,0x0020,0x10A2,0x1082,0x0020,
  0x7BCF,0x8430,0x7BCF,0x6B6E,0x738E,0x73AF,0x6B8E,0x738E,0x6B6D,0x634D,0x6B6D,0x632D,0x634D,0x6B8E,0x632D,0x1082,
  0x0000,0x0020,0x18C3,0x0841,0x0000,0x0000,0x0000,0x0000,0x0000,0x0000,0x0000,0x0000,0x0000,0x0000,0x0000,0x0000,
  0x0000,0x0000,0x0000,0x0000,0x0000,0x0000,0x0000,0x0000,0x0000,0x0000,0x0000,0x0000,0x0000,0x0000,0x0000,0x0000,
  0x0000,0x0000,0x0000,0x0000,0x0000,0x0000,0x0000,0x0000,0x0000,0x0000,0x0000,0x0000,0x0000,0x0000,0x0000,0x0000,
  0x0000,0x0000,0x0000,0x0000,0x0000,0x0000,0x0000,0x0000,0x0000,0x0000,0x0000,0x0000,0x0000,0x0000,0x0000,0x0000,
  0x0000,0x0000,0x0000,0x0000,0x0000,0x0000,0x0000,0x0000,0x0000,0x0000,0x0000,0x0000,0x0000,0x0000,0x0000,0x0000,
  0x0000,0x0000,0x0000,0x0000,0x0000,0x0000,0x0000,0x0000,0x0000,0x0000,0x0000,0x0000,0x0000,0x0000,0x0000,0x0000,
  0x0000,0x0000,0x0000,0x0000,0x0000,0x0000,0x0000,0x0000,0x0000,0x0000,0x0000,0x0000,0x0020,0x0021,0x0020,0x0000,
  0x0000,0x0000,0x0020,0x0020,0x0020,0x0041,0x0020,0x0020,0x0020,0x0020,0x0041,0x0041,0x0841,0x0841,0x0020,0x0000,
  0x0000,0x0000,0x0020,0x0841,0x0841,0x0861,0x0020,0x0000,0x0000,0x0000,0x0000,0x0000,0x0000,0x0020,0x0841,0x0020,
  0x0000,0x0000,0x0000,0x0820,0x0841,0x0841,0x0020,0x0000,0x0000,0x0000,0x0000,0x0000,0x0020,0x0841,0x0861,0x0840,
  0x0000,0x0000,0x0000,0x0000,0x0000,0x0000,0x2965,0x6B2C,0x2144,0x2124,0x2124,0x2124,0x2104,0x2104,0x2104,0x2104,
  0x2124,0x2124,0x2124,0x2124,0x2945,0x2965,0x2965,0x2945,0x2965,0x3185,0x3186,0x31A6,0x2944,0x0000,0x0000,0x0000,
  0x0020,0x0000,0x0000,0x2104,0x2124,0x18C3,0x18E3,0x18E3,0x18E3,0x10A2,0x0000,0x0020,0x0020,0x1082,0x31A6,0x2124,
  0x18E3,0x1903,0x2104,0x2124,0x0861,0x0000,0x0841,0x1081,0x0841,0x0020,0x1060,0xFCC0,0xFCE0,0xFCE0,0xFCE0,0xFCE0,
  0xFCE0,0xFCE0,0xFCE0,0x59C0,0x0820,0x2124,0x1082,0x1082,0x0861,0x0841,0x0841,0x0841,0x0841,0x0041,0x0841,0x0861,
  0x0841,0x0861,0x0862,0x0882,0x1082,0x1082,0x10A2,0x1082,0x10A2,0x1082,0x1082,0x1082,0x1082,0x1082,0x0882,0x10A2,
  0x10A2,0x10A2,0x1082,0x10A2,0x10A3,0x10A2,0x10C3,0x18E3,0x18E3,0x18C3,0x18E3,0x18E3,0x18E3,0x18C3,0x2104,0x2945,
  0x2945,0x2965,0x2945,0x1924,0x1924,0x1944,0x2145,0x2924,0x2145,0x29A6,0x2986,0x2185,0x2986,0x2965,0x2165,0x2145,
  0x2145,0x2145,0x2124,0x2945,0x3186,0x2965,0x2124,0x2124,0x2104,0x20E3,0x18E3,0x18E3,0x18E3,0x18C3,0x10A2,0x10A2,
  0x8410,0x7BCF,0x738E,0x6B8E,0x73AE,0x6B8E,0x738E,0x73AF,0x6B4D,0x738E,0x6B8E,0x630C,0x6B8E,0x632D,0x0862,0x0000,
  0x1082,0x0020,0x0000,0x0020,0xBBC2,0xE4E5,0xE4A4,0xE4E4,0xE4C4,0xE483,0xE4A3,0xE4A4,0xE4C4,0xE4C4,0xE4E5,0xE4E5,
  0xE4C5,0xE4C4,0xE4C4,0xE4C4,0xE4A4,0xE4A4,0xE4A3,0xDC83,0xDC83,0xDC83,0xDCA3,0xDC82,0xDC82,0xDC83,0xE4A3,0xE483,
  0xE483,0xE4A3,0xE4A2,0xE482,0xE4A2,0xE4A3,0xE4A3,0xE4A2,0xE482,0xE482,0xE440,0xE440,0xDC40,0xDC20,0xDC20,0xDC20,
  0xDC40,0xDC40,0xE440,0xE440,0xDC40,0xDC40,0xDC40,0xE440,0xE440,0xE440,0xDC40,0xDC20,0xDC20,0xDC20,0xDC20,0xDC20,
  0xDC40,0xDC40,0xDC40,0xE440,0xE440,0xDC20,0xDC20,0xDC40,0xE440,0xE440,0xE440,0xDC20,0xDC20,0xDC20,0xDC20,0xDC20,
  0xDC20,0xDC20,0xDC20,0xD420,0xDC20,0xDC20,0xDC20,0xDC20,0xDC20,0xDC20,0xDC20,0xD400,0xD400,0xD400,0xD400,0xD400,
  0xD400,0xCBE0,0xCBE0,0xD420,0xD420,0xCBE0,0x92C0,0x7A60,0x6A00,0x4140,0x4120,0x4140,0x0020,0x0000,0x0000,0x0000,
  0x0000,0x0000,0x0000,0x0000,0x0000,0x0000,0x0000,0x0000,0x0000,0x0000,0x0000,0x0000,0x0000,0x0000,0x0000,0x0000,
  0x0000,0x0000,0x0000,0x0000,0x0000,0x0000,0x0000,0x0000,0x0000,0x0000,0x0000,0x0000,0x0000,0x0000,0x0000,0x0000,
  0x0000,0x0000,0x0000,0x0000,0x0000,0x0000,0x0000,0x0000,0x0000,0x0000,0x0000,0x0000,0x0000,0x0000,0x0000,0x0000,
  0x0000,0x0000,0x0000,0x0000,0x0000,0x2945,0x630C,0x2104,0x2124,0x2124,0x2124,0x2124,0x2104,0x2124,0x2104,0x2124,
  0x2124,0x2124,0x2124,0x2945,0x2945,0x2965,0x2965,0x2965,0x2965,0x3186,0x31A6,0x2124,0x0000,0x0000,0x0000,0x0000,
  0x0000,0x0000,0x2124,0x2104,0x18C3,0x18E3,0x18E3,0x2104,0x10A2,0x0000,0x0000,0x0000,0x1082,0x39C7,0x2124,0x18E3,
  0x2103,0x2103,0x2104,0x0861,0x0000,0x18C3,0x31A6,0x2945,0x0041,0x0000,0x28C0,0xA300,0x8AA0,0x92C0,0x92C0,0x8A80,
  0x8260,0x8AA0,0x3900,0x0820,0x52CB,0x4208,0x3186,0x3185,0x2945,0x2945,0x2924,0x2124,0x2965,0x3185,0x2965,0x2965,
  0x2965,0x3186,0x31A6,0x39E7,0x4208,0x4228,0x4A48,0x4228,0x4228,0x4A28,0x4A49,0x4A49,0x52AA,0x4A69,0x5289,0x5289,
  0x5289,0x528A,0x5ACA,0x5AEB,0x5ACA,0x5ACA,0x6B4C,0x6B6D,0x5AEB,0x632C,0x6B6D,0x736D,0x6B4C,0x6B4C,0x7BCF,0x7BEF,
  0x7BEF,0x8C50,0x7BEF,0x7BAE,0x7BEF,0x840F,0x8430,0x7BEF,0x8C71,0x9CB2,0xA4F3,0xA514,0x9CF3,0x9492,0x8C51,0x8C51,
  0x8430,0x8410,0x73AE,0x7C0F,0x8C51,0x8410,0x7C0F,0x73AE,0x6B6D,0x632C,0x630C,0x630C,0x630C,0x5AEB,0x52AA,0x52AA,
  0x8410,0x7BCF,0x7BCF,0x73AE,0x73AF,0x738E,0x8431,0x8410,0x738E,0x73AE,0x6B6E,0x7BCF,0x6B4D,0x1082,0x0000,0x1062,
  0x10A2,0x0000,0x0000,0xDC20,0xFCE0,0xFCE0,0xFCE0,0xFCE0,0xFCE0,0xFCE0,0xFCE0,0xFCE0,0xFCE0,0xFCE0,0xFCE0,0xFCE0,
  0xFCE0,0xFCE0,0xFCE0,0xFCE0,0xFCE0,0xFCE0,0xFCE0,0xFCE0,0xFCE0,0xFCE0,0xFCE0,0xFCE0,0xFCE0,0xFCE0,0xFCE0,0xFCE0,
  0xFCE0,0xFCE0,0xFCE0,0xFCE0,0xFCE0,0xFCE0,0xFCE0,0xFCE0,0xFCE0,0xFCE0,0xFCE0,0xFCE0,0xFCE0,0xFCE0,0xFCE0,0xFCE0,
  0xFCE0,0xFCE0,0xFCE0,0xFCE0,0xFCE0,0xFCE0,0xFCE0,0xFCE0,0xFCE0,0xFCE0,0xFCE0,0xFCE0,0xFCE0,0xFCE0,0xFCE0,0xFCE0,
  0xFCE0,0xFCE0,0xFCE0,0xFCE0,0xFCE0,0xFCE0,0xFCE0,0xFCE0,0xFCE0,0xFCE0,0xFCE0,0xFCE0,0xFCE0,0xFCE0,0xFCE0,0xFCE0,
  0xFCE0,0xFCE0,0xFCE0,0xFCE0,0xFCE0,0xFCE0,0xFCE0,0xFCE0,0xFCE0,0xFCE0,0xFCE0,0xFCE0,0xFCE0,0xFCE0,0xFCE0,0xFCE0,
  0xFCE0,0xFCE0,0xFCE0,0xFCE0,0xFCE0,0xFCE0,0xFCE0,0xFCE0,0xFCE0,0xFCE0,0xFCE0,0xF480,0xCBC0,0xB360,0xBB80,0xBB80,
  0xB360,0xAB40,0xA300,0xA320,0xA320,0x9AE0,0x9AE0,0x9AE0,0x9AE0,0x92C0,0x8AA0,0x8AA0,0x8A80,0x9AE0,0xD400,0xC3A0,
  0xCBC0,0xCBE0,0xC3C0,0xBB80,0xBB80,0xB360,0xC3A0,0xC3A0,0xD3E0,0xDC20,0xDC20,0xD400,0xD3E0,0xC3C0,0xBBA0,0xBBA0,
  0xBBA0,0xBB80,0xB360,0xBBA0,0xC3C0,0xB360,0xB360,0xB360,0xB360,0xB360,0xB360,0xB360,0xB360,0xB360,0xB360,0xA320,
  0xA320,0xA300,0x9B00,0xA300,0x8AA0,0x52AA,0x2945,0x2965,0x2965,0x2945,0x2945,0x2945,0x2124,0x2124,0x2124,0x2124,
  0x2944,0x2124,0x2124,0x2965,0x2945,0x2945,0x2965,0x2965,0x2965,0x31A6,0x2104,0x0000,0x0000,0x0000,0x0000,0x0000,
  0x0020,0x2124,0x2124,0x18E3,0x18E3,0x18C3,0x2104,0x10A2,0x0000,0x0020,0x0000,0x10A2,0x39C6,0x18E3,0x18E3,0x2104,
  0x2124,0x2104,0x0841,0x0000,0x0020,0x31A6,0x4207,0x2124,0x0820,0x0000,0x0000,0x0000,0x0000,0x0000,0x0000,0x0000,
  0x0000,0x0000,0x0820,0x4A69,0x31A6,0x2104,0x2124,0x2124,0x2944,0x2924,0x2945,0x2965,0x2965,0x3165,0x3165,0x3186,
  0x31A6,0x3186,0x39C6,0x39E7,0x39A6,0x39E7,0x4208,0x4A48,0x4208,0x4A49,0x4A49,0x4A49,0x4A49,0x4A48,0x52AA,0x5269,
  0x4A69,0x5289,0x5AAA,0x5AEB,0x5ACA,0x630C,0x5AEB,0x52AA,0x630C,0x632C,0x630B,0x5ACB,0x630C,0x6B2C,0x6B4C,0x630C,
  0x632C,0x630C,0x5AEB,0x6B4C,0x632C,0x5AEB,0x632C,0x632C,0x738D,0x736D,0x7BEF,0x7BEF,0x7BCE,0x7BEF,0x6B6D,0x632C,
  0x5AEB,0x630C,0x630C,0x52AA,0x5AEB,0x5ACB,0x5ACB,0x52AA,0x528A,0x528A,0x528A,0x4A69,0x4A49,0x4249,0x4228,0x4228,
  0x7BCF,0x73CF,0x73AF,0x73CF,0x7BF0,0x7BEF,0x8430,0x8410,0x7BF0,0x73CF,0x73AF,0x6B6E,0x10A2,0x0000,0x0841,0x0861,
  0x0020,0x0000,0xCBC0,0xFCE0,0xAB40,0x0000,0x0000,0x0000,0x0000,0x0000,0x0000,0x0000,0x0000,0x0000,0x0000,0x0000,
  0x0000,0x0000,0x0000,0x0000,0x0000,0x0000,0x0000,0x0000,0x0000,0x0000,0x0000,0x0000,0x0000,0x0000,0x0000,0x0000,
  0x0000,0x0000,0x0000,0x0000,0x0000,0x0000,0x0000,0x0000,0x0000,0x0000,0x0000,0x0000,0x0000,0x0000,0x0000,0x0000,
  0x0000,0x0000,0x0000,0x0000,0x0000,0x0000,0x0000,0x0000,0x0000,0x0000,0x0000,0x0000,0x0000,0x0000,0x0000,0x0000,
  0x0000,0x0000,0x0000,0x0000,0x0000,0x0000,0x0000,0x0000,0x0000,0x0000,0x0000,0x0000,0x0000,0x0000,0x0000,0x0000,
  0x0000,0x0000,0x0000,0x0000,0x0000,0x0000,0x0000,0x0000,0x0000,0x0000,0x0000,0x0020,0x0020,0x0020,0x0020,0x0820,
  0x0820,0x0820,0x0820,0x0020,0x0020,0x0020,0x20A0,0x20C0,0x20A0,0x28C0,0x20C0,0x20A0,0x28C0,0x28C0,0x28E0,0x28C0,
  0x28C0,0x28C0,0x20C0,0x28C0,0x28E0,0x28C0,0x28C0,0x3100,0x3100,0x30E0,0x30E0,0x3100,0x3100,0x30E0,0x3100,0x3100,
  0x3100,0x3920,0x3920,0x3920,0x3920,0x4140,0x4140,0x3941,0x4160,0x4160,0x4160,0x4161,0x4160,0x4160,0x4980,0x4961,
  0x4980,0x4981,0x4161,0x4161,0x4981,0x49A1,0x51A1,0x4981,0x4181,0x49A1,0x51A1,0x49A2,0x4981,0x4981,0x4981,0x4182,
  0x41A2,0x41A3,0x41A3,0x41A3,0x2166,0x2104,0x2104,0x2124,0x2124,0x2124,0x2145,0x2125,0x2125,0x2145,0x2145,0x2125,
  0x2145,0x2945,0x2966,0x3186,0x2986,0x2986,0x3186,0x31A6,0x39C7,0x2124,0x0000,0x0000,0x0000,0x0000,0x0000,0x0020,
  0x2124,0x2124,0x18E3,0x18E3,0x18E3,0x18E3,0x1082,0x0000,0x0020,0x0000,0x10A2,0x39C7,0x18E3,0x18E3,0x20E3,0x2104,
  0x2104,0x0841,0x0000,0x10A2,0x1082,0x1082,0x18C2,0x0861,0x0000,0x2965,0x4228,0x3186,0x3186,0x2965,0x2945,0x2966,
  0x2945,0x2125,0x4A69,0x2965,0x2103,0x2124,0x2104,0x2124,0x2124,0x2945,0x2965,0x3185,0x2965,0x3185,0x31A6,0x3186,
  0x31A6,0x39C6,0x4207,0x4208,0x39C7,0x39E7,0x4208,0x4A28,0x4A49,0x4A89,0x4A49,0x4A49,0x4228,0x4A69,0x52AA,0x52AA,
  0x5AAA,0x630B,0x5ACB,0x5ACA,0x630B,0x630C,0x630B,0x630C,0x6B6D,0x6B4D,0x630B,0x632C,0x6B6D,0x630C,0x6B4D,0x738E,
  0x630C,0x5ACB,0x6B6D,0x6B6D,0x632C,0x630C,0x6B6D,0x6B6D,0x738E,0x7BEF,0x7BEF,0x840F,0x7BEF,0x7BEF,0x738E,0x6B6D,
  0x6B2C,0x632C,0x5AEB,0x630C,0x630C,0x5AEB,0x5AEB,0x630C,0x5ACB,0x52AA,0x5ACB,0x4A69,0x4A69,0x4A69,0x4228,0x4A49,
  0x73AF,0x73AF,0x7BF0,0x7BEF,0x7BCF,0x7BEF,0x8431,0x73AF,0x7BEF,0x8410,0x73AF,0x10A2,0x0000,0x2104,0x1082,0x0020,
  0x0000,0xBB80,0xFCE0,0xAB40,0x0000,0x0000,0x0000,0x0000,0x0000,0x0000,0x0000,0x0000,0x0000,0x0000,0x0000,0x0000,
  0x0000,0x0000,0x0000,0x0000,0x0000,0x0000,0x0000,0x0000,0x0000,0x0000,0x0000,0x0000,0x0000,0x0000,0x0000,0x0000,
  0x0000,0x0000,0x0000,0x0000,0x0000,0x0000,0x0000,0x0000,0x0000,0x0000,0x0000,0x0000,0x0000,0x0000,0x0000,0x0000,
  0x0000,0x0000,0x0000,0x0000,0x0000,0x0000,0x0000,0x0000,0x0000,0x0000,0x0000,0x0000,0x0000,0x0000,0x0000,0x0000,
  0x0000,0x0000,0x0000,0x0000,0x0000,0x0000,0x0000,0x0000,0x0000,0x0000,0x0000,0x0000,0x0000,0x0000,0x0000,0x0000,
  0x0000,0x0000,0x0000,0x0000,0x0000,0x0000,0x0000,0x0000,0x0000,0x0000,0x0000,0x0000,0x0000,0x0000,0x0000,0x0000,
  0x0000,0x0000,0x0000,0x0000,0x0000,0x0000,0x0000,0x0000,0x0000,0x0000,0x0000,0x0000,0x0000,0x0000,0x0000,0x0000,
  0x0000,0x0000,0x0000,0x0000,0x0000,0x0000,0x0000,0x0000,0x0000,0x0000,0x0000,0x0000,0x0000,0x0000,0x0000,0x0000,
  0x0000,0x0000,0x0000,0x0000,0x0000,0x0000,0x0000,0x0000,0x0000,0x0000,0x0000,0x0000,0x0000,0x0000,0x0000,0x0000,
  0x0000,0x0000,0x0000,0x0000,0x0000,0x0000,0x0000,0x0000,0x0000,0x0000,0x0000,0x0000,0x0000,0x0000,0x0000,0x0000,
  0x0000,0x0000,0x0000,0x0000,0x0000,0x0000,0x0000,0x0000,0x0000,0x0000,0x0000,0x0020,0x0020,0x0020,0x0820,0x0021,
  0x0021,0x0841,0x0861,0x0862,0x0861,0x0862,0x0862,0x0862,0x1082,0x0000,0x0000,0x0000,0x0000,0x0000,0x0841,0x2924,
  0x2124,0x18E3,0x2104,0x2104,0x2104,0x1082,0x0000,0x0000,0x0000,0x18C3,0x39E7,0x2945,0x2124,0x2124,0x2104,0x18E3,
  0x0020,0x0000,0x18C2,0x31A6,0x2104,0x0841,0x0000,0x0000,0x3186,0x4A49,0x2104,0x2104,0x18E3,0x18E3,0x2104,0x2103,
  0x2124,0x4228,0x2965,0x2104,0x2124,0x2124,0x2104,0x2124,0x2924,0x2944,0x2945,0x2965,0x2965,0x3185,0x3186,0x31A6,
  0x39C6,0x39C7,0x39C7,0x4207,0x4248,0x39E7,0x4A28,0x4A49,0x4228,0x4A49,0x4A49,0x4A49,0x4A69,0x5289,0x4A69,0x52AA,
  0x630B,0x5AEB,0x52AA,0x630C,0x630C,0x630C,0x632C,0x6B4D,0x632C,0x632C,0x6B4C,0x632C,0x6B4D,0x6B4D,0x738D,0x630C,
  0x5AEB,0x5AEB,0x6B6D,0x632C,0x632C,0x6B6D,0x6B4D,0x6B4D,0x7BCF,0x7BCF,0x7BEF,0x7BEF,0x73AE,0x738E,0x6B4D,0x6B4D,
  0x632C,0x630C,0x632C,0x5AEB,0x5B0B,0x5AEB,0x5ACB,0x52AA,0x52AA,0x528A,0x528A,0x4A49,0x4A69,0x4228,0x4228,0x4228,
  0x73AF,0x7BCF,0x73AE,0x8410,0x8430,0x8430,0x7BF0,0x73AF,0x8451,0x7BCF,0x18C3,0x0000,0x0861,0x1903,0x0041,0x0000,
  0xBBA0,0xFCE0,0xBB80,0x0000,0x0020,0x0020,0x0020,0x0020,0x0020,0x0020,0x0020,0x0020,0x0020,0x0020,0x0020,0x0020,
  0x0020,0x0020,0x0020,0x0020,0x0020,0x0020,0x0020,0x0020,0x0020,0x0020,0x0020,0x0020,0x0020,0x0020,0x0020,0x0020,
  0x0020,0x0020,0x0020,0x0020,0x0020,0x0020,0x0020,0x0020,0x0020,0x0020,0x0020,0x0020,0x0020,0x0020,0x0020,0x0020,
  0x0020,0x0020,0x0020,0x0020,0x0020,0x0020,0x0020,0x0020,0x0020,0x0020,0x0020,0x0020,0x0020,0x0020,0x0020,0x0020,
  0x0820,0x0820,0x0020,0x0820,0x0020,0x0020,0x0020,0x0020,0x0020,0x0020,0x0020,0x0020,0x0020,0x0020,0x0020,0x0020,
  0x0020,0x0020,0x0020,0x0020,0x0020,0x0020,0x0020,0x0020,0x0020,0x0020,0x0020,0x0020,0x0020,0x0020,0x0020,0x0020,
  0x0020,0x0020,0x0020,0x0020,0x0020,0x0020,0x0020,0x0020,0x0020,0x0020,0x0020,0x0020,0x0020,0x0020,0x0020,0x0020,
  0x0020,0x0020,0x0020,0x0020,0x0020,0x0020,0x0020,0x0020,0x0020,0x0020,0x0020,0x0020,0x0020,0x0020,0x0020,0x0820,
  0x0820,0x0020,0x0020,0x0020,0x0020,0x0020,0x0020,0x0020,0x0020,0x0020,0x0020,0x0020,0x0020,0x0020,0x0000,0x0020,
  0x0020,0x0020,0x0020,0x0020,0x0020,0x0000,0x0000,0x0000,0x0000,0x0000,0x0000,0x0000,0x0000,0x0000,0x0000,0x0000,
  0x0000,0x0000,0x0000,0x0000,0x0000,0x0000,0x0000,0x0000,0x0000,0x0000,0x0000,0x0000,0x0000,0x0000,0x0000,0x0000,
  0x0000,0x0000,0x0000,0x0000,0x0000,0x0000,0x0000,0x0000,0x0000,0x0000,0x0000,0x0000,0x0000,0x0000,0x10A2,0x18C3,
  0x1082,0x1082,0x1082,0x1082,0x0861,0x0000,0x0000,0x0000,0x0841,0x2124,0x18C3,0x18C3,0x10A2,0x10A2,0x10A2,0x0020,
  0x0000,0x0841,0x2124,0x3186,0x2104,0x0841,0x0000,0x2965,0x4228,0x18C3,0x2104,0x2104,0x18E3,0x18E3,0x2104,0x18E3,
  0x39E7,0x31A6,0x2124,0x2124,0x2124,0x2104,0x2124,0x2124,0x2124,0x2124,0x2945,0x2965,0x2965,0x3185,0x31A6,0x39C6,
  0x3186,0x31A6,0x39E7,0x4228,0x4208,0x4A48,0x4A69,0x4208,0x4228,0x4228,0x4228,0x528A,0x528A,0x4A69,0x528A,0x5ACB,
  0x5ACB,0x5ACB,0x630C,0x630C,0x52CA,0x630C,0x630C,0x5AEB,0x632C,0x5AEB,0x630C,0x630C,0x630C,0x6B6D,0x5AEB,0x5ACB,
  0x630C,0x632C,0x632C,0x6B4D,0x632C,0x6B4C,0x5AEB,0x632C,0x7BEF,0x8430,0x7BEF,0x7BCF,0x738D,0x6B6D,0x6B4D,0x630C,
  0x630C,0x632C,0x632C,0x5ACB,0x5ACB,0x52AA,0x528A,0x4A69,0x528A,0x528A,0x4A69,0x4A49,0x4A69,0x4208,0x4228,0x4228,
  0x8410,0x7BEF,0x7BEF,0x8C51,0x8410,0x7BCF,0x73AE,0x8430,0x8C72,0x18E3,0x0000,0x0000,0x0020,0x0020,0x0000,0xAB40,
  0xFCE0,0xCBE0,0x0000,0x0020,0x0020,0x0020,0x0020,0x0020,0x0020,0x0020,0x0020,0x0020,0x0020,0x0020,0x0020,0x0020,
  0x0020,0x0020,0x0020,0x0020,0x0020,0x0020,0x0020,0x0020,0x0020,0x0020,0x0020,0x0020,0x0020,0x0020,0x0020,0x0020,
  0x0020,0x0020,0x0020,0x0820,0x0020,0x0020,0x0020,0x0020,0x0020,0x0020,0x0020,0x0020,0x0020,0x0020,0x0020,0x0020,
  0x0020,0x0020,0x0020,0x0020,0x0020,0x0020,0x0020,0x0820,0x0820,0x0820,0x0020,0x0820,0x0020,0x0020,0x0020,0x0020,
  0x0820,0x0020,0x0020,0x0020,0x0020,0x0020,0x0020,0x0020,0x0020,0x0020,0x0020,0x0020,0x0020,0x0020,0x0020,0x0020,
  0x0020,0x0020,0x0020,0x0020,0x0020,0x0020,0x0020,0x0020,0x0020,0x0020,0x0020,0x0020,0x0020,0x0020,0x0020,0x0020,
  0x0020,0x0020,0x0020,0x0020,0x0020,0x0020,0x0020,0x0020,0x0020,0x0020,0x0020,0x0020,0x0020,0x0020,0x0020,0x0020,
  0x0020,0x0020,0x0020,0x0020,0x0020,0x0020,0x0020,0x0020,0x0020,0x0020,0x0020,0x0020,0x0020,0x0020,0x0020,0x0020,
  0x0020,0x0020,0x0020,0x0020,0x0020,0x0020,0x0020,0x0020,0x0020,0x0020,0x0020,0x0020,0x0020,0x0020,0x0000,0x0020,
  0x0000,0x0000,0x0000,0x0000,0x0000,0x0000,0x0000,0x0000,0x0000,0x0000,0x0000,0x0000,0x0000,0x0000,0x0000,0x0000,
  0x0000,0x0000,0x0000,0x0000,0x0000,0x0000,0x0000,0x0000,0x0000,0x0000,0x0000,0x0000,0x0000,0x0000,0x0000,0x0000,
  0x0000,0x0000,0x0000,0x0000,0x0000,0x0000,0x0000,0x0000,0x0000,0x0000,0x0000,0x0000,0x0000,0x0000,0x0000,0x0000,
  0x0000,0x0000,0x0000,0x0000,0x0000,0x0000,0x0000,0x0000,0x0000,0x0000,0x0000,0x0000,0x0000,0x0800,0x0020,0x0020,
  0x0000,0x0000,0x1082,0x18C3,0x1082,0x0000,0x3165,0x528A,0x18E3,0x2124,0x2104,0x2104,0x2104,0x2124,0x2104,0x39C7,
  0x31A6,0x2924,0x2965,0x2124,0x2124,0x2124,0x2124,0x2124,0x2944,0x2945,0x2965,0x3185,0x31A6,0x31A6,0x39C7,0x39C6,
  0x39C7,0x4228,0x4A69,0x5289,0x52AA,0x52AA,0x528A,0x5ACB,0x5AAA,0x5ACA,0x5AAA,0x6B2C,0x738E,0x738D,0x73AE,0x6B4D,
  0x738D,0x73AE,0x7BCF,0x73AE,0x73AE,0x7BCF,0x7BEF,0x8430,0x7BCF,0x840F,0x8410,0x8410,0x7BEF,0x738E,0x6B6D,0x6B6D,
  0x73AE,0x73AE,0x738E,0x736D,0x6B6D,0x738D,0x738E,0x7BCF,0x8410,0x94B2,0x8C71,0x7BEF,0x7BCF,0x7BCF,0x738E,0x632C,
  0x6B4D,0x6B6D,0x630C,0x6B4D,0x632C,0x5AEB,0x5AEB,0x5ACB,0x5ACB,0x52AA,0x4A69,0x4A69,0x4A49,0x4228,0x4A49,0x4A49,
  0x7BF0,0x7BCF,0x8430,0x7BEF,0x7BCF,0x8410,0x8410,0x8C51,0x2124,0x0000,0x18C3,0x1082,0x0000,0x0000,0x9B00,0xFCE0,
  0xD400,0x0000,0x0000,0x0020,0x0020,0x0020,0x0020,0x0020,0x0020,0x0020,0x0020,0x0020,0x0020,0x0020,0x0020,0x0020,
  0x0020,0x0020,0x0020,0x0020,0x0020,0x0020,0x0020,0x0020,0x0020,0x0020,0x0020,0x0020,0x0020,0x0020,0x0020,0x0020,
  0x0020,0x0020,0x0020,0x0820,0x0820,0x0820,0x0020,0x0020,0x0820,0x0020,0x0020,0x0020,0x0020,0x0020,0x0020,0x0020,
  0x0020,0x0020,0x0021,0x0020,0x0020,0x0020,0x0020,0x0820,0x0020,0x0020,0x0020,0x0820,0x0820,0x0820,0x0820,0x0020,
  0x0820,0x0020,0x0020,0x0020,0x0020,0x0020,0x0020,0x0020,0x0020,0x0020,0x0020,0x0020,0x0020,0x0020,0x0020,0x0020,
  0x0021,0x0021,0x0820,0x0020,0x0020,0x0020,0x0020,0x0020,0x0020,0x0020,0x0020,0x0020,0x0020,0x0020,0x0020,0x0020,
  0x0020,0x0020,0x0020,0x0020,0x0020,0x0020,0x0020,0x0020,0x0020,0x0020,0x0020,0x0020,0x0020,0x0020,0x0020,0x0020,
  0x0020,0x0020,0x0020,0x0020,0x0020,0x0020,0x0020,0x0020,0x0020,0x0020,0x0020,0x0020,0x0020,0x0020,0x0020,0x0020,
  0x0020,0x0020,0x0020,0x0020,0x0020,0x0020,0x0020,0x0020,0x0020,0x0020,0x0020,0x0020,0x0020,0x0020,0x0020,0x0020,
  0x0020,0x0020,0x0020,0x0000,0x0020,0x0020,0x0000,0x0000,0x0000,0x0000,0x0000,0x0000,0x0000,0x0000,0x0000,0x0000,
  0x0000,0x0000,0x0000,0x0000,0x0000,0x0000,0x0000,0x0000,0x0000,0x0000,0x0000,0x0000,0x0000,0x0000,0x0000,0x0000,
  0x0000,0x0000,0x0000,0x0000,0x0000,0x0000,0x0000,0x0000,0x0000,0x0000,0x0000,0x0000,0x0000,0x0000,0x0000,0x0000,
  0x0000,0x0000,0x0000,0x0000,0x0000,0x0000,0x0000,0x0000,0x0000,0x0000,0x0000,0x0021,0x2124,0x39C6,0x3165,0x18E3,
  0x0861,0x0020,0x0841,0x0841,0x0000,0x0000,0x2124,0x1082,0x0861,0x0861,0x0841,0x0841,0x0861,0x0861,0x0861,0x1082,
  0x0841,0x1082,0x1082,0x0861,0x0861,0x0861,0x0861,0x0861,0x0861,0x0861,0x1081,0x1082,0x1082,0x1082,0x10A2,0x1082,
  0x10A2,0x18C3,0x18C3,0x2104,0x2124,0x2103,0x18E3,0x2945,0x2124,0x2944,0x2945,0x2965,0x3185,0x31A6,0x3186,0x3185,
  0x31A6,0x31A6,0x31A6,0x39C7,0x39C7,0x39C7,0x39E7,0x4228,0x4208,0x4228,0x3A07,0x4208,0x39E7,0x2945,0x2944,0x2945,
  0x3186,0x2104,0x18E3,0x18E3,0x18E3,0x2924,0x2965,0x2124,0x2124,0x3186,0x2965,0x2104,0x2104,0x2945,0x2104,0x2104,
  0x2104,0x18E3,0x18C3,0x18E3,0x18E3,0x18E3,0x18E3,0x18E3,0x18C3,0x10A2,0x10A2,0x10A2,0x10A2,0x18C3,0x18C3,0x18C3,
  0x7BF0,0x73AE,0x73AF,0x73AE,0x73AF,0x8C51,0x7BEF,0x2945,0x0000,0x0861,0x2124,0x0882,0x0000,0x9B00,0xFCE0,0xDC20,
  0x0000,0x0000,0x0020,0x0020,0x0020,0x0020,0x0020,0x0020,0x0020,0x0020,0x0820,0x0020,0x0020,0x0020,0x0020,0x0020,
  0x0820,0x0020,0x0820,0x0020,0x0020,0x0020,0x0020,0x0820,0x0820,0x0020,0x0820,0x0820,0x0020,0x0020,0x0021,0x0020,
  0x0020,0x0820,0x0820,0x0020,0x0020,0x0820,0x0820,0x0020,0x0020,0x0020,0x0020,0x0020,0x0020,0x0820,0x0020,0x0020,
  0x0020,0x0820,0x0820,0x0020,0x0820,0x0020,0x0021,0x0820,0x0820,0x0021,0x0820,0x0820,0x0021,0x0820,0x0020,0x0020,
  0x0820,0x0020,0x0020,0x0020,0x0020,0x0020,0x0020,0x0020,0x0020,0x0020,0x0020,0x0020,0x0020,0x0020,0x0020,0x0020,
  0x0021,0x0021,0x0021,0x0020,0x0020,0x0020,0x0020,0x0020,0x0020,0x0020,0x0020,0x0020,0x0020,0x0020,0x0020,0x0820,
  0x0020,0x0020,0x0020,0x0020,0x0020,0x0020,0x0020,0x0020,0x0020,0x0020,0x0020,0x0020,0x0020,0x0020,0x0020,0x0020,
  0x0020,0x0020,0x0020,0x0020,0x0020,0x0020,0x0020,0x0020,0x0020,0x0020,0x0020,0x0020,0x0020,0x0020,0x0020,0x0020,
  0x0020,0x0020,0x0020,0x0020,0x0020,0x0020,0x0020,0x0020,0x0020,0x0020,0x0020,0x0020,0x0020,0x0020,0x0020,0x0020,
  0x0020,0x0020,0x0020,0x0020,0x0000,0x0020,0x0020,0x0020,0x0000,0x0000,0x0000,0x0000,0x0000,0x0020,0x0000,0x0000,
  0x0000,0x0000,0x0000,0x0000,0x0000,0x0000,0x0000,0x0000,0x0000,0x0000,0x0000,0x0000,0x0000,0x0000,0x0000,0x0000,
  0x0000,0x0000,0x0000,0x0000,0x0000,0x0000,0x0000,0x0000,0x0000,0x0000,0x0000,0x0000,0x0000,0x0000,0x0000,0x0000,
  0x0000,0x0000,0x0000,0x0000,0x0000,0x0000,0x1040,0x1061,0x2104,0x1082,0x0841,0x0020,0x10A2,0x39E7,0x4207,0x18C3,
  0x0882,0x0840,0x0000,0x0000,0x0000,0x0000,0x0000,0x0000,0x0000,0x0000,0x0000,0x0000,0x0000,0x0000,0x0000,0x0000,
  0x0000,0x0000,0x0000,0x0000,0x0000,0x0000,0x0000,0x0000,0x0000,0x0000,0x0000,0x0000,0x0000,0x0000,0x0000,0x0000,
  0x0000,0x0000,0x0000,0x0000,0x0000,0x0000,0x0000,0x0000,0x0000,0x0000,0x0000,0x0000,0x0000,0x0000,0x0000,0x0000,
  0x0000,0x0000,0x0000,0x0000,0x0000,0x0000,0x0000,0x0000,0x0000,0x0000,0x0000,0x0000,0x0000,0x0000,0x0000,0x0000,
  0x0841,0x2104,0x2104,0x2124,0x2124,0x2104,0x1904,0x2124,0x2104,0x18E3,0x2104,0x18E3,0x2104,0x2124,0x2104,0x2104,
  0x2124,0x2104,0x18E3,0x18C3,0x18E3,0x18C3,0x10A2,0x10A2,0x1082,0x1082,0x0861,0x0841,0x0020,0x0000,0x0000,0x0000,
  0x73CF,0x7BEF,0x7BCF,0x738E,0x8410,0x7BCF,0x18E3,0x0000,0x0020,0x0841,0x0041,0x0000,0x92E0,0xFCE0,0xEC60,0x0000,
  0x0000,0x0020,0x0020,0x0020,0x0020,0x0020,0x0020,0x0020,0x0020,0x0820,0x0020,0x0820,0x0021,0x0020,0x0020,0x0020,
  0x0020,0x0020,0x0020,0x0020,0x0021,0x0021,0x0820,0x0020,0x0020,0x0020,0x0820,0x0020,0x0021,0x0021,0x0021,0x0020,
  0x0020,0x0020,0x0820,0x0021,0x0021,0x0820,0x0820,0x0021,0x0021,0x0820,0x0020,0x0020,0x0820,0x0820,0x0020,0x0020,
  0x0021,0x0820,0x0820,0x0820,0x0020,0x0020,0x0021,0x0820,0x0021,0x0021,0x0021,0x0021,0x0021,0x0021,0x0020,0x0020,
  0x0020,0x0020,0x0020,0x0020,0x0020,0x0020,0x0020,0x0020,0x0020,0x0020,0x0020,0x0020,0x0020,0x0020,0x0020,0x0820,
  0x0021,0x0820,0x0020,0x0020,0x0020,0x0020,0x0020,0x0020,0x0020,0x0020,0x0020,0x0021,0x0020,0x0020,0x0020,0x0020,
  0x0020,0x0020,0x0020,0x0020,0x0020,0x0020,0x0020,0x0020,0x0020,0x0020,0x0020,0x0020,0x0020,0x0020,0x0020,0x0020,
  0x0020,0x0020,0x0020,0x0020,0x0020,0x0020,0x0020,0x0020,0x0020,0x0020,0x0020,0x0020,0x0020,0x0020,0x0020,0x0020,
  0x0020,0x0020,0x0020,0x0020,0x0020,0x0020,0x0020,0x0020,0x0020,0x0020,0x0020,0x0020,0x0020,0x0020,0x0020,0x0020,
  0x0020,0x0020,0x0020,0x0020,0x0020,0x0020,0x0000,0x0020,0x0000,0x0000,0x0000,0x0000,0x0000,0x0000,0x0000,0x0020,
  0x0000,0x0000,0x0000,0x0000,0x0000,0x0000,0x0000,0x0000,0x0000,0x0000,0x0000,0x0000,0x0000,0x0000,0x0000,0x0000,
  0x0000,0x0020,0x0000,0x0000,0x0000,0x0000,0x0000,0x0000,0x0000,0x0000,0x0000,0x0000,0x0000,0x0000,0x0000,0x0000,
  0x0000,0x0000,0x0000,0x0000,0x0000,0x20A0,0xAB40,0x1082,0x5289,0x39C7,0x18C3,0x0841,0x0020,0x18C3,0x0000,0x0861,
  0x18E3,0x18C3,0x10A2,0x18C3,0x18C3,0x18E3,0x18E3,0x18C3,0x18C3,0x18C3,0x18C3,0x18C3,0x18C3,0x18C3,0x18C3,0x10A2,
  0x10A2,0x10A2,0x10A2,0x18A3,0x18C3,0x10A2,0x10A2,0x1082,0x1082,0x1082,0x0861,0x0861,0x0861,0x0861,0x0861,0x0861,
  0x0861,0x0861,0x0841,0x0820,0x0841,0x0841,0x0820,0x0841,0x0020,0x0841,0x0840,0x0020,0x0020,0x0020,0x0020,0x0020,
  0x0020,0x0000,0x0020,0x0020,0x0020,0x0020,0x0020,0x0020,0x0000,0x0000,0x0020,0x0821,0x0841,0x0020,0x0861,0x0841,
  0x1082,0x2104,0x2104,0x18E3,0x18C3,0x18E3,0x18C3,0x18E4,0x18E4,0x18E3,0x2125,0x18C3,0x1904,0x2124,0x2124,0x2124,
  0x2945,0x2966,0x2986,0x31C7,0x39C7,0x3186,0x2966,0x2965,0x31C7,0x31A6,0x31A6,0x3186,0x39E8,0x3186,0x0000,0x0041,
  0x73AF,0x6B8E,0x6B8E,0x7BF0,0x8410,0x2124,0x0000,0x0020,0x0040,0x0020,0x0000,0x8260,0xFCE0,0xEC80,0x0820,0x0000,
  0x0862,0x0020,0x0020,0x0020,0x0020,0x0020,0x0020,0x0020,0x0020,0x0820,0x0021,0x0021,0x0820,0x0021,0x0020,0x0020,
  0x0020,0x0820,0x0020,0x0820,0x0021,0x0021,0x0021,0x0840,0x0021,0x0820,0x0820,0x0021,0x0021,0x0021,0x0021,0x0021,
  0x0820,0x0820,0x0820,0x0021,0x0021,0x0820,0x0021,0x0021,0x0820,0x0820,0x0020,0x0020,0x0020,0x0820,0x0020,0x0021,
  0x0021,0x0820,0x0820,0x0020,0x0020,0x0820,0x0021,0x0820,0x0820,0x0820,0x0021,0x0021,0x0020,0x0021,0x0020,0x0020,
  0x0020,0x0020,0x0020,0x0020,0x0020,0x0020,0x0020,0x0820,0x0020,0x0020,0x0020,0x0020,0x0020,0x0020,0x0020,0x0021,
  0x0020,0x0820,0x0820,0x0020,0x0020,0x0820,0x0820,0x0020,0x0020,0x0020,0x0020,0x0021,0x0020,0x0020,0x0820,0x0020,
  0x0020,0x0020,0x0020,0x0820,0x0020,0x0020,0x0820,0x0020,0x0020,0x0020,0x0020,0x0020,0x0020,0x0020,0x0020,0x0020,
  0x0020,0x0020,0x0020,0x0020,0x0020,0x0020,0x0020,0x0020,0x0020,0x0020,0x0020,0x0020,0x0020,0x0020,0x0020,0x0020,
  0x0020,0x0020,0x0020,0x0020,0x0020,0x0020,0x0020,0x0020,0x0020,0x0020,0x0020,0x0020,0x0020,0x0020,0x0020,0x0020,
  0x0020,0x0020,0x0020,0x0020,0x0020,0x0020,0x0020,0x0020,0x0020,0x0000,0x0000,0x0020,0x0020,0x0020,0x0000,0x0020,
  0x0020,0x0020,0x0000,0x0000,0x0000,0x0000,0x0000,0x0000,0x0000,0x0020,0x0000,0x0000,0x0000,0x0000,0x0000,0x0000,
  0x0000,0x0020,0x0000,0x0000,0x0000,0x0000,0x0000,0x0000,0x0000,0x0000,0x0000,0x0000,0x0000,0x0000,0x0000,0x0000,
  0x0000,0x0000,0x0000,0x0020,0x0000,0x7A40,0xD420,0x0861,0x52AA,0x39E7,0x1082,0x0020,0x0020,0x0000,0x2945,0xA514,
  0x8C71,0x8C71,0x8C71,0x8C71,0x9492,0x8C71,0x8C71,0x9492,0x8C71,0x8C51,0x8C71,0x8C71,0x8430,0x8430,0x7C10,0x73CF,
  0x73AE,0x73AE,0x6B6E,0x6B6D,0x6B6D,0x6B4D,0x630C,0x52CB,0x630C,0x528A,0x4A49,0x4228,0x4228,0x4228,0x4228,0x41E7,
  0x39E7,0x39C7,0x3186,0x2965,0x2965,0x2945,0x2945,0x2945,0x2945,0x2965,0x2945,0x2944,0x2124,0x2124,0x2965,0x3186,
  0x2965,0x2965,0x3186,0x3186,0x3186,0x39C7,0x39C7,0x3186,0x31A6,0x39C7,0x39E7,0x4228,0x18C3,0x0000,0x0840,0x0000,
  0x0000,0x0000,0x0000,0x0000,0x0000,0x0000,0x0000,0x0000,0x0000,0x0000,0x0000,0x0000,0x0000,0x0000,0x0000,0x0000,
  0x0000,0x0000,0x0020,0x0840,0x0860,0x0860,0x0840,0x0840,0x0840,0x0021,0x0041,0x0020,0x10A2,0x4208,0x2965,0x0000,
  0x6B8E,0x6B6E,0x738E,0x7BCF,0x2965,0x0000,0x0861,0x10A2,0x0862,0x0000,0x7A60,0xFCE0,0xEC80,0x0020,0x0000,0x1082,
  0x18E3,0x0000,0x0020,0x0020,0x0020,0x0020,0x0020,0x0020,0x0820,0x0820,0x0820,0x0820,0x0021,0x0021,0x0020,0x0020,
  0x0820,0x0020,0x0020,0x0020,0x0020,0x0021,0x0021,0x0021,0x0021,0x0021,0x0021,0x0021,0x0021,0x0820,0x0021,0x0021,
  0x0820,0x0820,0x0021,0x0021,0x0021,0x0021,0x0021,0x0021,0x0840,0x0021,0x0021,0x0820,0x0820,0x0820,0x0021,0x0021,
  0x0820,0x0820,0x0021,0x0021,0x0021,0x0021,0x0021,0x0021,0x0021,0x0820,0x0021,0x0021,0x0020,0x0820,0x0820,0x0020,
  0x0020,0x0020,0x0020,0x0020,0x0020,0x0020,0x0020,0x0820,0x0021,0x0021,0x0020,0x0021,0x0021,0x0820,0x0820,0x0820,
  0x0820,0x0820,0x0020,0x0020,0x0021,0x0020,0x0020,0x0020,0x0020,0x0020,0x0020,0x0020,0x0020,0x0020,0x0020,0x0020,
  0x0820,0x0820,0x0820,0x0820,0x0020,0x0820,0x0820,0x0820,0x0020,0x0020,0x0020,0x0020,0x0020,0x0820,0x0020,0x0020,
  0x0020,0x0020,0x0020,0x0020,0x0020,0x0020,0x0020,0x0020,0x0020,0x0020,0x0020,0x0020,0x0020,0x0020,0x0020,0x0020,
  0x0020,0x0020,0x0020,0x0020,0x0020,0x0020,0x0020,0x0020,0x0020,0x0020,0x0020,0x0020,0x0020,0x0020,0x0020,0x0020,
  0x0020,0x0020,0x0020,0x0020,0x0020,0x0020,0x0020,0x0020,0x0000,0x0000,0x0020,0x0020,0x0020,0x0020,0x0020,0x0020,
  0x0020,0x0000,0x0000,0x0000,0x0000,0x0020,0x0020,0x0000,0x0020,0x0000,0x0020,0x0020,0x0000,0x0000,0x0000,0x0000,
  0x0020,0x0000,0x0000,0x0000,0x0000,0x0020,0x0000,0x0000,0x0000,0x0000,0x0000,0x0000,0x0000,0x0000,0x0000,0x0000,
  0x0000,0x0000,0x0000,0x0020,0x0000,0x7220,0xD400,0x0020,0x2104,0x2145,0x39A6,0x18C3,0x0000,0x2945,0x9CD3,0x630C,
  0x528A,0x528A,0x4A8A,0x5ACB,0x52AA,0x5ACB,0x528A,0x528A,0x52AB,0x5ACB,0x52AA,0x52AA,0x4A8A,0x4A49,0x4A49,0x4A49,
  0x4208,0x4208,0x3A08,0x4208,0x39E7,0x39C7,0x39C7,0x39C7,0x31A6,0x31A6,0x3186,0x2965,0x3186,0x31A6,0x2965,0x2965,
  0x2965,0x2965,0x2944,0x2945,0x2945,0x2945,0x2945,0x2945,0x2965,0x2945,0x2945,0x2945,0x2945,0x2965,0x31A6,0x39C7,
  0x39E7,0x39E7,0x39C7,0x39E7,0x4A49,0x4A69,0x528A,0x4A49,0x4A69,0x4A49,0x52AA,0x2124,0x0000,0x0840,0x0820,0x0000,
  0x2125,0x2986,0x2966,0x31A7,0x1904,0x0020,0x0000,0x0020,0x2124,0x1904,0x2105,0x2145,0x0882,0x0820,0x0840,0x0000,
  0x0000,0x0000,0x0000,0x0000,0x0000,0x0000,0x0000,0x0000,0x0000,0x0000,0x0000,0x0000,0x0000,0x18C3,0x31A7,0x0020,
  0x738E,0x6B4D,0x73AF,0x2985,0x0000,0x1082,0x18E3,0x0862,0x0000,0x61E0,0xFCE0,0xFCE0,0x0820,0x0000,0x0861,0x2965,
  0x0000,0x0020,0x0020,0x0020,0x0020,0x0020,0x0020,0x0020,0x0020,0x0020,0x0820,0x0820,0x0020,0x0820,0x0820,0x0020,
  0x0020,0x0020,0x0020,0x0021,0x0020,0x0820,0x0021,0x0820,0x0820,0x0021,0x0021,0x0820,0x0041,0x0021,0x0021,0x0820,
  0x0820,0x0021,0x0021,0x0041,0x0021,0x0021,0x0021,0x0840,0x0840,0x0021,0x0820,0x0021,0x0021,0x0820,0x0021,0x0021,
  0x0820,0x0820,0x0021,0x0820,0x0820,0x0021,0x0021,0x0820,0x0021,0x0021,0x0820,0x0021,0x0820,0x0820,0x0820,0x0020,
  0x0020,0x0021,0x0820,0x0020,0x0020,0x0020,0x0020,0x0020,0x0020,0x0820,0x0020,0x0021,0x0020,0x0820,0x0020,0x0820,
  0x0020,0x0020,0x0020,0x0020,0x0820,0x0020,0x0020,0x0020,0x0020,0x0020,0x0020,0x0020,0x0020,0x0020,0x0020,0x0020,
  0x0020,0x0020,0x0021,0x0820,0x0020,0x0020,0x0820,0x0820,0x0020,0x0021,0x0020,0x0020,0x0020,0x0020,0x0020,0x0020,
  0x0020,0x0020,0x0020,0x0020,0x0020,0x0020,0x0020,0x0020,0x0020,0x0020,0x0020,0x0020,0x0020,0x0020,0x0020,0x0020,
  0x0020,0x0020,0x0020,0x0020,0x0020,0x0020,0x0020,0x0020,0x0020,0x0020,0x0020,0x0020,0x0020,0x0020,0x0020,0x0020,
  0x0020,0x0020,0x0020,0x0020,0x0020,0x0020,0x0020,0x0020,0x0020,0x0020,0x0020,0x0020,0x0020,0x0020,0x0020,0x0020,
  0x0020,0x0000,0x0000,0x0000,0x0020,0x0000,0x0000,0x0000,0x0000,0x0000,0x0000,0x0020,0x0000,0x0000,0x0000,0x0000,
  0x0000,0x0020,0x0020,0x0000,0x0000,0x0000,0x0000,0x0000,0x0000,0x0000,0x0000,0x0000,0x0000,0x0000,0x0000,0x0000,
  0x0000,0x0000,0x0000,0x0020,0x0000,0x7220,0xDC20,0x0020,0x1082,0x2104,0x3186,0x0000,0x2104,0x8430,0x5ACB,0x528A,
  0x5ACB,0x528A,0x5ACB,0x632C,0x5ACB,0x52CB,0x52AA,0x5AEB,0x52AB,0x5AEB,0x5AEC,0x632D,0x632D,0x5ACB,0x5AEC,0x5AEC,
  0x52CB,0x52AB,0x528A,0x4A8A,0x4249,0x4249,0x4208,0x3A08,0x39E8,0x39E8,0x31C7,0x39C7,0x39E7,0x39E7,0x31A7,0x31A7,
  0x31A7,0x31A7,0x2966,0x2986,0x2986,0x2965,0x2965,0x3186,0x3186,0x2966,0x2966,0x2966,0x3186,0x31A6,0x39C7,0x4208,
  0x4229,0x4208,0x4228,0x4A69,0x528A,0x4A49,0x4A49,0x4A6A,0x4A69,0x4A49,0x18E3,0x0000,0x0041,0x0840,0x0000,0x2966,
  0x3A09,0x31A7,0x31C7,0x2145,0x0840,0x0820,0x0841,0x31A7,0x2987,0x2145,0x2145,0x1082,0x0020,0x0840,0x0000,0x20A0,
  0xC3C0,0xC3A0,0xBBA0,0xBBA0,0xC3A0,0xBBA0,0xC3C0,0xCBC0,0xC3C0,0xCBE0,0x9B00,0x0820,0x0000,0x0841,0x3186,0x0020,
  0x7BCF,0x7BF0,0x3186,0x0000,0x0000,0x10A2,0x1082,0x0000,0x61E0,0xFCE0,0xFCE0,0x1040,0x0000,0x0841,0x39C7,0x1082,
  0x0000,0x0020,0x0020,0x0020,0x0020,0x0020,0x0020,0x0020,0x0020,0x0820,0x0020,0x0820,0x0020,0x0820,0x0820,0x0020,
  0x0020,0x0020,0x0820,0x0020,0x0020,0x0020,0x0021,0x0820,0x0021,0x0041,0x0021,0x0021,0x0021,0x0021,0x0820,0x0021,
  0x0020,0x0021,0x0840,0x0820,0x0820,0x0820,0x0021,0x0840,0x0021,0x0021,0x0021,0x0820,0x0820,0x0021,0x0820,0x0020,
  0x0020,0x0820,0x0020,0x0020,0x0021,0x0820,0x0021,0x0021,0x0021,0x0021,0x0021,0x0820,0x0820,0x0820,0x0820,0x0020,
  0x0020,0x0020,0x0020,0x0020,0x0020,0x0020,0x0820,0x0020,0x0820,0x0820,0x0820,0x0820,0x0820,0x0020,0x0820,0x0820,
  0x0020,0x0820,0x0021,0x0820,0x0021,0x0820,0x0820,0x0020,0x0020,0x0020,0x0020,0x0020,0x0820,0x0020,0x0020,0x0021,
  0x0021,0x0021,0x0840,0x0021,0x0021,0x0021,0x0021,0x0820,0x0021,0x0820,0x0820,0x0020,0x0020,0x0020,0x0820,0x0021,
  0x0820,0x0020,0x0020,0x0020,0x0020,0x0020,0x0020,0x0020,0x0020,0x0020,0x0820,0x0020,0x0020,0x0020,0x0020,0x0020,
  0x0020,0x0020,0x0020,0x0020,0x0020,0x0020,0x0020,0x0020,0x0020,0x0020,0x0020,0x0020,0x0020,0x0020,0x0020,0x0020,
  0x0020,0x0020,0x0020,0x0020,0x0020,0x0020,0x0020,0x0020,0x0020,0x0020,0x0020,0x0020,0x0020,0x0020,0x0020,0x0020,
  0x0020,0x0020,0x0020,0x0020,0x0000,0x0020,0x0000,0x0020,0x0020,0x0020,0x0020,0x0020,0x0000,0x0020,0x0020,0x0000,
  0x0000,0x0020,0x0000,0x0020,0x0020,0x0020,0x0020,0x0020,0x0000,0x0000,0x0020,0x0020,0x0020,0x0000,0x0000,0x0000,
  0x0000,0x0000,0x0000,0x0020,0x0000,0x7A60,0xDC20,0x0000,0x0841,0x1082,0x0000,0x2104,0x8C50,0x52AA,0x528A,0x52CB,
  0x528A,0x5ACB,0x632C,0x632C,0x5ACB,0x5AEB,0x5AEC,0x5ACB,0x52CB,0x52AB,0x2124,0x2944,0x2124,0x18E2,0x2103,0x2123,
  0x2103,0x2103,0x2103,0x18E2,0x18E2,0x18C2,0x10A1,0x18A1,0x18A1,0x18A1,0x1081,0x10A1,0x10A1,0x1081,0x10A1,0x1081,
  0x1081,0x1081,0x1081,0x1081,0x1081,0x1060,0x1060,0x1081,0x1081,0x1081,0x1081,0x1081,0x1081,0x10A1,0x18A1,0x18C2,
  0x18C2,0x18C2,0x18E2,0x20E2,0x20E2,0x18E2,0x18E2,0x20E2,0x2124,0x18C3,0x0000,0x0820,0x0840,0x0000,0x2986,0x4229,
  0x31A7,0x31C7,0x2124,0x0000,0x0000,0x0840,0x31C7,0x31C8,0x2986,0x2986,0x0882,0x0000,0x0820,0x0000,0x20C0,0xFCE0,
  0xFCE0,0xFCE0,0xFCE0,0xFCE0,0xFCE0,0xFCE0,0xFCE0,0xFCE0,0xFCE0,0xFCE0,0x4980,0x0000,0x0000,0x0861,0x2965,0x0020,
  0x7BF0,0x31A7,0x0000,0x0861,0x0020,0x0840,0x0000,0x51A0,0xFCE0,0xFCE0,0x1060,0x0000,0x0041,0x39E7,0x2965,0x0000,
  0x0020,0x0020,0x0021,0x0021,0x0041,0x0041,0x0041,0x0840,0x0041,0x0041,0x0041,0x0041,0x0041,0x0840,0x0840,0x0021,
  0x0840,0x0840,0x0020,0x0020,0x0021,0x0840,0x0840,0x0041,0x0041,0x0840,0x0041,0x0041,0x0041,0x0840,0x0021,0x0021,
  0x0840,0x0840,0x0840,0x0020,0x0020,0x0820,0x0021,0x0021,0x0021,0x0021,0x0820,0x0820,0x0820,0x0820,0x0820,0x0020,
  0x0020,0x0020,0x0020,0x0021,0x0820,0x0020,0x0820,0x0820,0x0820,0x0020,0x0020,0x0020,0x0020,0x0820,0x0020,0x0020,
  0x0020,0x0020,0x0020,0x0020,0x0020,0x0020,0x0020,0x0020,0x0020,0x0020,0x0020,0x0020,0x0020,0x0020,0x0020,0x0020,
  0x0020,0x0020,0x0000,0x0020,0x0020,0x0020,0x0020,0x0020,0x0020,0x0000,0x0000,0x0000,0x0000,0x0000,0x0020,0x0820,
  0x0000,0x0020,0x0020,0x0000,0x0000,0x0000,0x0000,0x0000,0x0000,0x0000,0x0000,0x0000,0x0000,0x0020,0x0000,0x0000,
  0x0000,0x0000,0x0000,0x0000,0x0000,0x0000,0x0000,0x0000,0x0000,0x0000,0x0000,0x0020,0x0000,0x0000,0x0000,0x0000,
  0x0000,0x0000,0x0000,0x0000,0x0000,0x0000,0x0000,0x0000,0x0000,0x0020,0x0000,0x0000,0x0000,0x0000,0x0000,0x0000,
  0x0000,0x0000,0x0000,0x0000,0x0000,0x0000,0x0000,0x0000,0x0000,0x0000,0x0000,0x0000,0x0000,0x0000,0x0000,0x0000,
  0x0000,0x0000,0x0000,0x0000,0x0000,0x0000,0x0000,0x0000,0x0000,0x0000,0x0000,0x0000,0x0000,0x0000,0x0000,0x0000,
  0x0000,0x0000,0x0000,0x0000,0x0000,0x0000,0x0000,0x0000,0x0000,0x0000,0x0000,0x0000,0x0000,0x0000,0x0000,0x0000,
  0x0000,0x0000,0x0000,0x0020,0x0000,0x7A60,0xDC20,0x0000,0x0000,0x0000,0x2924,0x8C51,0x5AEB,0x52AA,0x52AB,0x52CB,
  0x5B0C,0x630C,0x632C,0x5ACB,0x5AEC,0x52CB,0x5AEB,0x630C,0x5B0C,0x1081,0x3100,0x8AA0,0x8AA0,0x9AE0,0x9B00,0xA320,
  0xAB40,0xAB20,0xAB40,0xAB20,0xA320,0xA320,0xA320,0xA320,0xA320,0xA320,0xA320,0xA320,0xA300,0xA300,0xA320,0xA320,
  0xA320,0xAB40,0xAB40,0xAB40,0xAB40,0xAB40,0xAB20,0xAB20,0xA320,0xA300,0xA300,0xA320,0xA320,0xA300,0xA300,0x9AE0,
  0x9AE0,0x92E0,0x92E0,0x92C0,0x8AA0,0x8280,0x8280,0xA300,0x28E0,0x0000,0x0840,0x0820,0x0000,0x2965,0x39E8,0x2986,
  0x39E8,0x2125,0x0000,0x0000,0x0041,0x31C7,0x31A7,0x2986,0x31A7,0x10A3,0x0000,0x0840,0x0000,0x20A0,0xFCE0,0xFCE0,
  0xFCE0,0xFCE0,0xFCE0,0xFCE0,0xFCE0,0xFCE0,0xFCE0,0xFCE0,0xFCE0,0x28E0,0x0000,0x0840,0x0000,0x1062,0x2966,0x0000,
  0x31C7,0x0000,0x1082,0x2104,0x0021,0x0000,0x4140,0xFCE0,0xFCE0,0x1060,0x0000,0x0020,0x31A6,0x39E7,0x0841,0x0000,
  0x0021,0x0020,0x0000,0x0000,0x0000,0x0000,0x0000,0x0000,0x0000,0x0000,0x0000,0x0000,0x0000,0x0000,0x0000,0x0000,
  0x0000,0x0000,0x0000,0x0020,0x0000,0x0000,0x0000,0x0000,0x0000,0x0000,0x0000,0x0000,0x0000,0x0000,0x0000,0x0000,
  0x0000,0x0000,0x0000,0x0000,0x0000,0x0000,0x0000,0x0000,0x0000,0x0000,0x0000,0x0000,0x0000,0x0000,0x0000,0x0000,
  0x0000,0x0000,0x0020,0x0000,0x0000,0x0000,0x0000,0x0000,0x0000,0x0000,0x0020,0x0020,0x0020,0x0020,0x0020,0x0020,
  0x0020,0x0020,0x0000,0x0020,0x0020,0x0020,0x0020,0x0020,0x0020,0x0020,0x0020,0x0020,0x0020,0x0020,0x0041,0x0841,
  0x0000,0x0020,0x0841,0x0841,0x0841,0x0841,0x0841,0x0841,0x0841,0x0861,0x0861,0x0861,0x0861,0x0861,0x0040,0x0020,
  0x1082,0x1062,0x0862,0x0862,0x0862,0x1082,0x1082,0x1082,0x1082,0x1082,0x1082,0x10A2,0x0861,0x0000,0x1082,0x10A2,
  0x10A2,0x10A2,0x10A2,0x10A3,0x10A3,0x10A3,0x10A2,0x10A2,0x10A2,0x18C3,0x1082,0x0000,0x10A3,0x18E3,0x18C3,0x18C3,
  0x18C3,0x18C3,0x18C3,0x18C3,0x18E3,0x18C3,0x18C3,0x18E4,0x10A2,0x0000,0x2125,0x2945,0x2145,0x2145,0x2945,0x2945,
  0x2945,0x2945,0x2965,0x2945,0x2945,0x2965,0x0861,0x0841,0x31A6,0x3186,0x3186,0x3186,0x3186,0x3186,0x3186,0x3186,
  0x31A6,0x3186,0x3185,0x2945,0x0000,0x3821,0x7801,0x7000,0x7000,0x7000,0x7801,0x8001,0x8000,0x8001,0x8801,0x8801,
  0x8801,0x0800,0x4021,0x9801,0x9001,0x9001,0x9801,0x9801,0x9801,0x9800,0x9000,0x9001,0x9801,0x8001,0x0000,0x0000,
  0x0000,0x0000,0x0000,0x0020,0x0000,0x7240,0xDC20,0x0000,0x0000,0x0000,0x632C,0x5B0C,0x528A,0x52AA,0x52CB,0x630C,
  0x5AEB,0x5AEC,0x5B0C,0x5AEB,0x630C,0x52AA,0x52CB,0x5AEC,0x18C2,0x8280,0xFCE0,0xFCE0,0xFCE0,0xFCE0,0xFCE0,0xFCE0,
  0xFCE0,0xFCE0,0xFCE0,0xFCE0,0xFCE0,0xFCE0,0xFCE0,0xFCE0,0xFCE0,0xFCE0,0xFCE0,0xFCE0,0xFCE0,0xFCE0,0xFCE0,0xFCE0,
  0xFCE0,0xFCE0,0xFCE0,0xFCE0,0xFCE0,0xFCE0,0xFCE0,0xFCE0,0xFCE0,0xFCE0,0xFCE0,0xFCE0,0xFCE0,0xFCE0,0xFCE0,0xFCE0,
  0xFCE0,0xFCE0,0xFCE0,0xFCE0,0xFCE0,0xFCE0,0xFCE0,0xBBA0,0x0840,0x0840,0x0840,0x0000,0x2966,0x39E8,0x2966,0x31A7,
  0x2125,0x0020,0x0820,0x0862,0x31C7,0x2987,0x2166,0x2986,0x10A3,0x0000,0x0840,0x0000,0x3900,0xFCE0,0xFCE0,0xFCE0,
  0xFCE0,0xFCE0,0xFCE0,0xFCE0,0xFCE0,0xFCE0,0xFCE0,0xFCE0,0x28E0,0x0000,0x0840,0x0820,0x0000,0x1082,0x2966,0x0000,
  0x0000,0x0000,0x1082,0x0882,0x0000,0x4140,0xFCE0,0xFCE0,0x1060,0x0000,0x0020,0x2986,0x39C7,0x18E3,0x0000,0x0020,
  0x0020,0x0021,0x4208,0x4A6A,0x4A69,0x4A69,0x4A69,0x4A69,0x4A69,0x4A8A,0x528A,0x528A,0x528A,0x4A6A,0x4A69,0x4A69,
  0x4A69,0x528A,0x2125,0x0000,0x31A6,0x4A6A,0x4A69,0x4A69,0x4A69,0x4A6A,0x4A6A,0x4A6A,0x4A6A,0x528A,0x4A8A,0x4A8A,
  0x52AA,0x528A,0x528A,0x3186,0x0000,0x2965,0x4208,0x39E8,0x3A08,0x4208,0x4209,0x4208,0x4229,0x4249,0x4249,0x4229,
  0x4208,0x4229,0x2945,0x0000,0x39C7,0x52CB,0x528B,0x52AB,0x52AB,0x52AA,0x4A8A,0x4A6A,0x528A,0x528A,0x528A,0x4A6A,
  0x52AB,0x18E3,0x0021,0x52AB,0x5ACB,0x52AA,0x52AB,0x52AB,0x52AB,0x528A,0x528B,0x528A,0x52AB,0x528A,0x52AB,0x4229,
  0x0000,0x31A7,0x5ACB,0x4A6A,0x4A6A,0x528A,0x528A,0x4A49,0x4A49,0x4A49,0x4A6A,0x4A8A,0x4A6A,0x4A6A,0x0861,0x18A3,
  0x5AEC,0x5ACB,0x52AB,0x528B,0x528B,0x528A,0x528A,0x528A,0x4A8A,0x528A,0x528A,0x52AB,0x2104,0x0841,0x5AEC,0x630C,
  0x5AEC,0x5AEC,0x5ACB,0x5AEC,0x5ACB,0x5ACB,0x5ACB,0x52AB,0x52AB,0x5AEC,0x2945,0x0841,0x5ACB,0x5ACC,0x528B,0x52AB,
  0x52AB,0x52AB,0x52AB,0x528B,0x52AB,0x528A,0x4A6A,0x52AB,0x18E4,0x1082,0x5AEC,0x5AEC,0x5B0C,0x630C,0x630C,0x5AEB,
  0x52CB,0x5ACB,0x5ACB,0x5ACB,0x52CB,0x5ACB,0x0861,0x39C7,0x6B2C,0x5AEB,0x62EB,0x5AEB,0x5AEB,0x5AEB,0x5AEB,0x5AEB,
  0x5ACB,0x528A,0x52AA,0x39C7,0x0800,0xD801,0xD801,0xD801,0xE000,0xE001,0xE001,0xE001,0xD801,0xD801,0xD801,0xE001,
  0xA001,0x0000,0xE801,0xF800,0xF000,0xE801,0xE801,0xE801,0xF001,0xF800,0xF000,0xE001,0xF801,0x8000,0x0000,0x0000,
  0x0000,0x0000,0x0000,0x0020,0x0000,0x7240,0xDC20,0x0000,0x0861,0x0000,0x4228,0x528A,0x52AA,0x52AB,0x5ACB,0x5AEB,
  0x5AEC,0x5AEC,0x632C,0x632C,0x630C,0x630C,0x52CB,0x1082,0x1880,0xE440,0xE440,0xDC40,0xE440,0xE440,0xE440,0xE440,
  0xE440,0xE440,0xE440,0xE440,0xE440,0xE440,0xE440,0xE440,0xE440,0xE440,0xE460,0xE440,0xE440,0xE440,0xE440,0xE440,
  0xE460,0xE440,0xE440,0xE440,0xE440,0xE440,0xE440,0xE440,0xE440,0xE440,0xE440,0xE440,0xE440,0xE440,0xE440,0xE440,
  0xE440,0xDC40,0xDC20,0xDC20,0xDC20,0xE440,0xAB40,0x0000,0x0020,0x0840,0x0020,0x2145,0x31C7,0x2125,0x2966,0x18E4,
  0x0000,0x0820,0x0840,0x2986,0x2966,0x2125,0x2145,0x1082,0x0000,0x0840,0x0000,0x20A0,0xFCE0,0xFCE0,0xFCE0,0xFCE0,
  0xFCE0,0xFCE0,0xFCE0,0xFCE0,0xFCE0,0xFCE0,0xFCE0,0x30E0,0x0000,0x0840,0x0820,0x0820,0x0000,0x1082,0x2966,0x0000,
  0x0020,0x0020,0x0020,0x0000,0x3940,0xFCE0,0xFCE0,0x20A0,0x0000,0x0000,0x2986,0x39C7,0x2986,0x0020,0x0000,0x0840,
  0x0000,0x2104,0x39E8,0x3186,0x31A6,0x31A7,0x31A6,0x2986,0x2986,0x3186,0x3186,0x3186,0x31A6,0x3186,0x3186,0x3186,
  0x3186,0x3186,0x0841,0x1082,0x3A08,0x3186,0x31A6,0x3186,0x2986,0x2966,0x2986,0x2986,0x2966,0x2966,0x2966,0x2965,
  0x2965,0x2965,0x2966,0x0841,0x0841,0x2966,0x2145,0x2966,0x2966,0x2966,0x2966,0x2966,0x2966,0x2945,0x2145,0x2145,
  0x2145,0x2145,0x0021,0x1082,0x31C7,0x2986,0x3186,0x3186,0x2986,0x2986,0x2966,0x2966,0x2966,0x2966,0x2986,0x3186,
  0x2966,0x0000,0x1904,0x31A7,0x2966,0x2966,0x2966,0x2986,0x2966,0x2966,0x2966,0x2966,0x2986,0x2986,0x2986,0x0862,
  0x0841,0x4208,0x2986,0x2966,0x2945,0x2966,0x2966,0x2965,0x2145,0x2125,0x2945,0x2966,0x3187,0x2104,0x0000,0x2945,
  0x2966,0x2966,0x2966,0x2966,0x2946,0x2945,0x2945,0x2945,0x2946,0x2966,0x2966,0x2104,0x0000,0x2945,0x39C7,0x2965,
  0x2945,0x2125,0x2125,0x2145,0x2945,0x2145,0x2125,0x2945,0x2966,0x2145,0x0000,0x2945,0x31A7,0x2104,0x2125,0x2125,
  0x2125,0x2145,0x2145,0x2945,0x2945,0x2945,0x2945,0x2125,0x0000,0x2966,0x2125,0x18E3,0x2124,0x2125,0x2104,0x2124,
  0x2104,0x1904,0x18E4,0x2104,0x2125,0x18C3,0x0820,0x5269,0x2104,0x2103,0x20E3,0x20E3,0x18E3,0x20E3,0x20E3,0x2103,
  0x18E3,0x18E3,0x2124,0x0000,0x4800,0xC801,0x7000,0x8800,0x8000,0x8800,0x8800,0x8000,0x8000,0x8000,0x8000,0x9800,
  0x1020,0x3800,0xE801,0xA000,0xB000,0xA000,0xA000,0xA800,0xB000,0xB000,0xB000,0xA800,0x9800,0x0000,0x0000,0x0020,
  0x0000,0x0000,0x0000,0x0020,0x0000,0x7A40,0xDC20,0x0020,0x18E3,0x0000,0x4228,0x52AA,0x52AA,0x52AA,0x5B0C,0x630C,
  0x632C,0x5AEC,0x5B0C,0x52AB,0x5B0C,0x630C,0x18C3,0x0000,0x0820,0x0000,0x0000,0x0000,0x0000,0x0000,0x0000,0x0000,
  0x0000,0x0000,0x0000,0x0000,0x0000,0x0000,0x0000,0x0000,0x0000,0x0000,0x0000,0x0000,0x0000,0x0000,0x0000,0x0000,
  0x0000,0x0000,0x0000,0x0000,0x0000,0x0000,0x0000,0x0000,0x0000,0x0000,0x0000,0x0000,0x0000,0x0000,0x0000,0x0000,
  0x0000,0x0000,0x0000,0x0000,0x0000,0x0000,0x0000,0x0041,0x0840,0x0840,0x0840,0x0861,0x0020,0x0820,0x0820,0x0020,
  0x0840,0x0840,0x0840,0x0840,0x0820,0x0820,0x0820,0x0020,0x0820,0x0820,0x0820,0x1060,0x1860,0x1040,0x1060,0x1060,
  0x1060,0x1060,0x1060,0x1040,0x1040,0x1060,0x0840,0x0000,0x0840,0x0820,0x0820,0x0820,0x0000,0x1082,0x2966,0x0000,
  0x1082,0x0020,0x0000,0x30E0,0xFCE0,0xFCE0,0x20A0,0x0000,0x0000,0x3186,0x39C7,0x31A6,0x18E3,0x0000,0x0020,0x0020,
  0x0020,0x39C7,0x18E3,0x18C3,0x18C3,0x18C3,0x18C3,0x18C3,0x18C3,0x18C3,0x18C3,0x18C3,0x18C3,0x18E3,0x18E3,0x18C3,
  0x18E3,0x1082,0x0000,0x2965,0x2945,0x18E4,0x18E4,0x18E4,0x1904,0x1904,0x1904,0x1904,0x18E4,0x1904,0x18E4,0x18E4,
  0x18E4,0x1904,0x18C3,0x0000,0x18E4,0x2145,0x2104,0x2125,0x2125,0x2125,0x2125,0x2125,0x2125,0x2125,0x2104,0x2104,
  0x2125,0x18E3,0x0000,0x2945,0x3186,0x2945,0x2945,0x2945,0x2945,0x2965,0x2945,0x2945,0x2945,0x2945,0x2945,0x2986,
  0x10C3,0x0000,0x2966,0x2945,0x2965,0x2966,0x2945,0x2966,0x2966,0x2966,0x2966,0x2966,0x2966,0x2966,0x2945,0x0000,
  0x2104,0x39E8,0x2966,0x2966,0x2966,0x2966,0x2966,0x2966,0x2966,0x2945,0x2945,0x2965,0x3186,0x1082,0x0841,0x31A7,
  0x2966,0x2966,0x2966,0x2966,0x2966,0x2966,0x2966,0x2966,0x3186,0x2966,0x2986,0x18C3,0x0000,0x31C7,0x3186,0x2966,
  0x2966,0x2945,0x2966,0x2966,0x2966,0x2966,0x2966,0x2966,0x3186,0x18E4,0x0020,0x39E8,0x3186,0x2966,0x2966,0x2966,
  0x2966,0x2966,0x2966,0x2966,0x2966,0x2966,0x3186,0x18E4,0x0841,0x39E8,0x2125,0x2965,0x2945,0x2965,0x2965,0x2965,
  0x2945,0x2945,0x2945,0x2945,0x2965,0x0841,0x2104,0x4A49,0x2924,0x2965,0x2945,0x2945,0x2945,0x2945,0x2944,0x2924,
  0x2924,0x2945,0x2945,0x0000,0xB801,0xB800,0x9800,0x9800,0x9800,0x9000,0x9000,0x9000,0x9000,0x9000,0x9800,0x9000,
  0x0000,0xB801,0xD800,0xB000,0xB800,0xB800,0xB800,0xB800,0xB800,0xB801,0xB800,0xC800,0x7800,0x0000,0x0000,0x0000,
  0x0000,0x0000,0x0000,0x0020,0x0000,0x7A40,0xDC40,0x0000,0x0841,0x0000,0x4A49,0x52AB,0x52CB,0x630C,0x632C,0x632D,
  0x5AEC,0x5AEB,0x5ACB,0x52AA,0x5AEC,0x18C3,0x0000,0x0840,0x0041,0x0840,0x0840,0x0840,0x0840,0x0860,0x0860,0x0861,
  0x1061,0x1061,0x1061,0x1061,0x1061,0x1061,0x1061,0x1061,0x1061,0x1061,0x0861,0x0861,0x0860,0x0861,0x1061,0x1061,
  0x0861,0x1061,0x0861,0x1060,0x1061,0x1061,0x0860,0x0860,0x1060,0x1061,0x1061,0x1060,0x0860,0x0860,0x0861,0x0860,
  0x0860,0x0860,0x0840,0x0860,0x0840,0x0840,0x0840,0x0840,0x0840,0x0840,0x0840,0x0840,0x0840,0x0840,0x0840,0x0840,
  0x0840,0x0840,0x0840,0x0840,0x0840,0x0840,0x0840,0x0840,0x0840,0x0840,0x0840,0x0021,0x0020,0x0820,0x0020,0x0020,
  0x0020,0x0020,0x0020,0x0020,0x0020,0x0020,0x0820,0x0840,0x0820,0x0820,0x0820,0x0820,0x0000,0x1082,0x2188,0x0020,
  0x0841,0x0000,0x28C0,0xFCE0,0xFCE0,0x20A0,0x0000,0x0000,0x2965,0x39E7,0x3186,0x3186,0x0020,0x0000,0x0021,0x0000,
  0x2104,0x31A6,0x18C3,0x1904,0x18E4,0x18E4,0x18E4,0x18E4,0x18E4,0x18E4,0x1904,0x1904,0x1904,0x2104,0x2104,0x2104,
  0x1904,0x0020,0x0841,0x31A7,0x2104,0x2104,0x2104,0x2104,0x2124,0x2104,0x2104,0x2104,0x2104,0x2104,0x2104,0x2104,
  0x1904,0x1904,0x0841,0x0020,0x2986,0x2145,0x2125,0x2125,0x2125,0x2125,0x2145,0x2125,0x2125,0x2125,0x2125,0x2125,
  0x2145,0x0862,0x0020,0x31A6,0x2945,0x2966,0x2966,0x2966,0x2966,0x2966,0x2966,0x2966,0x2945,0x2945,0x2966,0x2945,
  0x0020,0x1082,0x31A7,0x2966,0x2966,0x2966,0x2965,0x2965,0x2966,0x2966,0x2966,0x2966,0x2966,0x2986,0x18E4,0x0000,
  0x3186,0x2986,0x2966,0x2966,0x2966,0x2966,0x2966,0x2966,0x2966,0x2966,0x2965,0x2966,0x2125,0x0000,0x2104,0x39C7,
  0x2966,0x2966,0x2966,0x2966,0x2966,0x2986,0x2986,0x2966,0x2966,0x2966,0x2966,0x0021,0x10A3,0x39C7,0x2945,0x2966,
  0x2966,0x2966,0x2966,0x2965,0x2965,0x2966,0x2965,0x2966,0x2966,0x0041,0x1082,0x39C7,0x2945,0x2966,0x2966,0x2966,
  0x2966,0x2966,0x2966,0x2945,0x2945,0x2945,0x2945,0x0020,0x18E3,0x39E8,0x2945,0x2945,0x2945,0x2945,0x2945,0x2945,
  0x2945,0x2145,0x2145,0x2145,0x2124,0x0000,0x39E7,0x31A6,0x2944,0x2945,0x2945,0x2945,0x2945,0x2945,0x2924,0x2924,
  0x2124,0x2965,0x10A2,0x1820,0xD001,0x9000,0x9800,0x9800,0x9000,0x9000,0x9000,0x9000,0x9000,0x9000,0x9800,0x4000,
  0x1000,0xE802,0xB800,0xB801,0xB801,0xB800,0xC000,0xC000,0xB801,0xB801,0xB801,0xC000,0x3000,0x0000,0x0000,0x0000,
  0x0000,0x0020,0x0020,0x0020,0x0000,0x8280,0xE440,0x0000,0x0000,0x0000,0x528A,0x5AEB,0x5AEB,0x5ACB,0x5AEB,0x5AEC,
  0x5AEC,0x630C,0x5AEC,0x5B0C,0x18E3,0x0000,0x0840,0x0041,0x0041,0x0041,0x0041,0x0041,0x0041,0x0041,0x0041,0x0841,
  0x0841,0x0841,0x0861,0x0841,0x0861,0x0861,0x0861,0x0861,0x0861,0x0861,0x0861,0x0861,0x0841,0x0841,0x0841,0x0861,
  0x0861,0x0861,0x0861,0x0841,0x0841,0x0841,0x0841,0x0841,0x0841,0x0841,0x0841,0x0840,0x0840,0x0840,0x0840,0x0840,
  0x0041,0x0840,0x0041,0x0041,0x0041,0x0840,0x0041,0x0840,0x0840,0x0840,0x0840,0x0840,0x0840,0x0840,0x0840,0x0840,
  0x0840,0x0840,0x0840,0x0840,0x0840,0x0840,0x0840,0x0840,0x0840,0x0840,0x0840,0x0840,0x0840,0x0840,0x0840,0x0840,
  0x0840,0x0840,0x0840,0x0840,0x0840,0x0820,0x0820,0x0840,0x0820,0x0820,0x0820,0x0820,0x0000,0x1082,0x49C3,0x0840,
  0x0000,0x28C0,0xFCE0,0xFCE0,0x20C0,0x0000,0x0000,0x2925,0x39C7,0x3186,0x31A6,0x18C3,0x0000,0x0020,0x0020,0x0000,
  0x31C7,0x2104,0x18E4,0x18E4,0x18E4,0x18E4,0x18E4,0x18E4,0x18E4,0x18E4,0x18E4,0x18E4,0x1904,0x1904,0x1904,0x2104,
  0x18C3,0x0000,0x2104,0x2966,0x1904,0x2124,0x2124,0x2124,0x2124,0x2124,0x2124,0x2124,0x2104,0x2104,0x2104,0x2104,
  0x2104,0x18E4,0x0000,0x18C3,0x2986,0x2125,0x2145,0x2125,0x2145,0x2145,0x2145,0x2145,0x2145,0x2125,0x2125,0x2145,
  0x2125,0x0000,0x18C3,0x2986,0x2145,0x2966,0x2966,0x2966,0x2966,0x2966,0x2965,0x2945,0x2965,0x2966,0x2966,0x18E4,
  0x0000,0x2945,0x3186,0x2966,0x2966,0x2966,0x2966,0x2966,0x2966,0x2966,0x2966,0x2966,0x2966,0x2986,0x0841,0x1062,
  0x31A7,0x2945,0x2966,0x2966,0x2966,0x2966,0x2966,0x2966,0x2966,0x2966,0x2966,0x2986,0x10A3,0x0000,0x31A7,0x3186,
  0x2966,0x2966,0x2966,0x2966,0x2966,0x3186,0x2986,0x2966,0x2966,0x3186,0x2125,0x0000,0x3186,0x3186,0x2945,0x2966,
  0x2966,0x2966,0x2966,0x2966,0x2966,0x2966,0x2966,0x2966,0x2125,0x0000,0x2965,0x3186,0x2945,0x2966,0x2966,0x2966,
  0x2966,0x2966,0x2966,0x2945,0x2945,0x2966,0x1904,0x0000,0x31A7,0x3186,0x2965,0x2965,0x2965,0x2945,0x2945,0x2945,
  0x2945,0x2945,0x2945,0x2965,0x10A2,0x0841,0x4A48,0x2944,0x2945,0x2945,0x2965,0x2945,0x2945,0x2945,0x2945,0x2945,
  0x2945,0x2945,0x0020,0x7800,0xC000,0x8800,0x9000,0x9800,0x9800,0x9800,0x9800,0x9800,0x9800,0x9800,0xA001,0x1000,
  0x6800,0xE801,0xB800,0xC000,0xC000,0xC000,0xC000,0xC000,0xC000,0xC001,0xC800,0xA001,0x0800,0x0000,0x0020,0x0000,
  0x0020,0x0000,0x0020,0x0820,0x0000,0x8AA0,0xEC60,0x0000,0x0000,0x0000,0x528A,0x630C,0x52AB,0x5ACB,0x5AEB,0x5AEB,
  0x5AEB,0x630C,0x630C,0x18C3,0x0000,0x0840,0x0840,0x0041,0x0840,0x0841,0x0041,0x0041,0x0041,0x0841,0x0841,0x0841,
  0x0861,0x0861,0x0861,0x0861,0x0861,0x0861,0x0861,0x0861,0x0861,0x0861,0x0861,0x0861,0x0861,0x0861,0x0861,0x0861,
  0x0861,0x0861,0x0861,0x0861,0x0861,0x0841,0x0861,0x0861,0x0861,0x0861,0x0861,0x0861,0x0861,0x0861,0x0840,0x0840,
  0x0840,0x0840,0x0840,0x0840,0x0840,0x0840,0x0041,0x0041,0x0840,0x0840,0x0840,0x0840,0x0840,0x0840,0x0840,0x0840,
  0x0840,0x0840,0x0840,0x0840,0x0840,0x0840,0x0840,0x0840,0x0840,0x0840,0x0840,0x0840,0x0840,0x0840,0x0840,0x0840,
  0x0840,0x0840,0x0840,0x0840,0x0840,0x0840,0x0820,0x0820,0x0820,0x0820,0x0820,0x0820,0x0000,0x1082,0x51C2,0x0840,
  0x28C0,0xFCE0,0xFCE0,0x3900,0x0000,0x0000,0x2945,0x39C7,0x2965,0x31A6,0x2945,0x0020,0x0000,0x0820,0x0000,0x18C3,
  0x31A7,0x18C3,0x2104,0x18E4,0x1904,0x18E4,0x1904,0x1904,0x1904,0x18E4,0x18E4,0x18E4,0x1904,0x1904,0x1904,0x2104,
  0x0861,0x0020,0x31A7,0x2104,0x2124,0x2124,0x2124,0x2124,0x2104,0x2124,0x2124,0x2124,0x2124,0x2104,0x2124,0x2104,
  0x2125,0x10A2,0x0000,0x2966,0x2145,0x2145,0x2145,0x2145,0x2945,0x2145,0x2145,0x2145,0x2145,0x2145,0x2125,0x2145,
  0x10A3,0x0000,0x2966,0x2945,0x2945,0x2966,0x2966,0x2966,0x2966,0x2966,0x2966,0x2945,0x2966,0x2965,0x2966,0x0862,
  0x0841,0x31A7,0x2966,0x2966,0x2966,0x2966,0x2966,0x2966,0x2966,0x2966,0x2966,0x2966,0x2966,0x2125,0x0000,0x2945,
  0x3186,0x2945,0x2966,0x2966,0x2966,0x2966,0x2966,0x2966,0x2966,0x2966,0x2966,0x2986,0x0021,0x1082,0x31C7,0x2966,
  0x2986,0x2966,0x2986,0x2966,0x2966,0x2966,0x2966,0x2966,0x2966,0x31A6,0x1082,0x0841,0x39E8,0x2945,0x2966,0x2986,
  0x2986,0x2966,0x2966,0x2966,0x2966,0x2966,0x2966,0x3186,0x10A3,0x0020,0x39C7,0x2945,0x2966,0x2966,0x2966,0x2966,
  0x2966,0x2966,0x2965,0x2945,0x2945,0x2966,0x1082,0x0861,0x39E8,0x2945,0x2966,0x2966,0x2966,0x2945,0x2945,0x2945,
  0x2945,0x2945,0x2965,0x2966,0x0020,0x2945,0x39C7,0x2124,0x2965,0x2965,0x2945,0x2945,0x2965,0x2965,0x2965,0x2945,
  0x2965,0x2104,0x0000,0xB801,0x9800,0x9000,0x9000,0x9000,0x9000,0x9800,0x9800,0x9800,0x9800,0xA000,0x8800,0x0000,
  0xC801,0xD000,0xC000,0xC800,0xC800,0xC800,0xC001,0xC001,0xC000,0xC000,0xD000,0x5800,0x0000,0x0020,0x0020,0x0020,
  0x0020,0x0000,0x0020,0x0820,0x0000,0x8AA0,0xEC80,0x0020,0x0862,0x0000,0x52AA,0x5ACB,0x5ACB,0x5AEC,0x5AEB,0x5AEB,
  0x5AEB,0x632C,0x18E3,0x0000,0x0840,0x0840,0x0041,0x0841,0x0841,0x0841,0x0841,0x0841,0x0840,0x0841,0x0841,0x0861,
  0x0861,0x0861,0x0861,0x0861,0x0861,0x0861,0x0861,0x0861,0x0861,0x0861,0x0861,0x0861,0x0861,0x0861,0x0861,0x0861,
  0x0861,0x0861,0x0861,0x0861,0x0861,0x0861,0x0861,0x0861,0x0861,0x0861,0x0861,0x0861,0x0861,0x0841,0x0861,0x0840,
  0x0841,0x0841,0x0861,0x0840,0x0840,0x0840,0x0840,0x0840,0x0840,0x0840,0x0840,0x0840,0x0840,0x0840,0x0840,0x0840,
  0x0840,0x0840,0x0840,0x0840,0x0840,0x0840,0x0840,0x0840,0x0840,0x0840,0x0840,0x0840,0x0840,0x0840,0x0840,0x0840,
  0x0840,0x0840,0x0840,0x0840,0x0840,0x0840,0x0840,0x0840,0x0820,0x0820,0x0820,0x0820,0x0000,0x1082,0x51C2,0x0820,
  0xFCE0,0xFCE0,0x30E0,0x0000,0x0000,0x2965,0x39C7,0x2965,0x3186,0x31A7,0x10A2,0x0000,0x0020,0x0020,0x0000,0x31C7,
  0x2124,0x18E3,0x1904,0x18E4,0x18E4,0x1904,0x1904,0x1904,0x1904,0x18E4,0x18E4,0x18E4,0x1904,0x1904,0x1904,0x18C3,
  0x0000,0x18E4,0x3186,0x1904,0x2125,0x2124,0x2124,0x2124,0x2104,0x2124,0x2124,0x2124,0x2124,0x2124,0x2124,0x2124,
  0x2124,0x0020,0x1082,0x31A7,0x2125,0x2145,0x2145,0x2945,0x2945,0x2945,0x2145,0x2145,0x2145,0x2145,0x2125,0x2125,
  0x0020,0x1082,0x31A7,0x2945,0x2966,0x2966,0x2966,0x2966,0x2966,0x2966,0x2966,0x2945,0x2945,0x2966,0x2145,0x0000,
  0x2104,0x31C7,0x2966,0x2966,0x2966,0x2966,0x2966,0x2966,0x2966,0x2966,0x2966,0x2945,0x2966,0x10A3,0x0020,0x39C7,
  0x2966,0x2966,0x2966,0x2986,0x2966,0x2966,0x2966,0x2966,0x2966,0x2965,0x2986,0x2125,0x0000,0x2945,0x3186,0x2966,
  0x2966,0x2986,0x3186,0x3186,0x2986,0x2966,0x2966,0x2966,0x2986,0x2966,0x0000,0x2104,0x31A7,0x2945,0x2966,0x2986,
  0x2966,0x2966,0x2966,0x2966,0x2966,0x2966,0x2966,0x2966,0x0020,0x18E4,0x31C7,0x2945,0x2986,0x2966,0x2966,0x2966,
  0x2966,0x2966,0x2966,0x2945,0x2965,0x2966,0x0000,0x2945,0x31C7,0x2945,0x2966,0x2966,0x2966,0x2966,0x2965,0x2945,
  0x2945,0x2945,0x2966,0x2124,0x0000,0x39C7,0x2945,0x2945,0x2945,0x2945,0x2945,0x2965,0x2965,0x2965,0x2965,0x2945,
  0x3165,0x0882,0x2841,0xC801,0x8800,0x9800,0x9800,0x9800,0x9800,0x9800,0x9800,0x9800,0x9800,0xA800,0x3820,0x2020,
  0xF001,0xB800,0xC801,0xC001,0xC800,0xC800,0xC000,0xC000,0xC001,0xC800,0xC000,0x1800,0x0000,0x0020,0x0020,0x0020,
  0x0020,0x0020,0x0020,0x0820,0x0000,0x8AA0,0xF4A0,0x0841,0x18E4,0x0000,0x4A49,0x5ACB,0x5AEC,0x5ACB,0x5B0C,0x5AEB,
  0x634D,0x2104,0x0000,0x0840,0x0041,0x0041,0x0041,0x0841,0x0841,0x0841,0x0841,0x0841,0x0861,0x0861,0x0861,0x0861,
  0x0861,0x0861,0x0861,0x0861,0x0861,0x0861,0x0861,0x0861,0x0861,0x0861,0x0861,0x0861,0x0861,0x0861,0x0861,0x0861,
  0x0861,0x1061,0x0862,0x0861,0x0861,0x0861,0x0861,0x0861,0x0861,0x0861,0x0861,0x0861,0x0861,0x0861,0x0841,0x0861,
  0x0841,0x0841,0x0841,0x0861,0x0840,0x0861,0x0861,0x0840,0x0840,0x0840,0x0840,0x0841,0x0841,0x0861,0x0861,0x0840,
  0x0840,0x0840,0x0840,0x0840,0x0840,0x0840,0x0840,0x0840,0x0840,0x0840,0x0840,0x0840,0x0840,0x0840,0x0840,0x0840,
  0x0840,0x0840,0x0840,0x0840,0x0840,0x0840,0x0840,0x0840,0x0840,0x0820,0x0820,0x0820,0x0000,0x1082,0x59E2,0x0820,
  0xFCE0,0x3940,0x0000,0x0000,0x2945,0x4208,0x3186,0x31A6,0x31A6,0x2945,0x0000,0x0020,0x0820,0x0000,0x10A2,0x31A7,
  0x18C3,0x1904,0x18E4,0x1904,0x1904,0x18E4,0x1904,0x1904,0x18E4,0x18E4,0x1904,0x18E4,0x1904,0x1904,0x2104,0x0861,
  0x0000,0x31A7,0x2125,0x2124,0x2124,0x2124,0x2124,0x2124,0x2124,0x2124,0x2124,0x2124,0x2124,0x2124,0x2124,0x2125,
  0x10C3,0x0000,0x2945,0x2966,0x2125,0x2145,0x2145,0x2145,0x2945,0x2945,0x2945,0x2145,0x2145,0x2145,0x2145,0x18E3,
  0x0000,0x2945,0x2986,0x2945,0x2966,0x2966,0x2966,0x2966,0x2966,0x2966,0x2966,0x2945,0x2946,0x2966,0x10C3,0x0000,
  0x39C7,0x2966,0x2966,0x2966,0x2966,0x2966,0x2966,0x2966,0x2966,0x2966,0x2966,0x2966,0x2945,0x0000,0x18C3,0x39C7,
  0x2945,0x2966,0x2986,0x2966,0x2966,0x2966,0x2966,0x2986,0x2966,0x2966,0x2986,0x1082,0x0020,0x39C7,0x2966,0x2966,
  0x2966,0x2966,0x3186,0x2986,0x2966,0x2966,0x2966,0x2966,0x2986,0x18E4,0x0000,0x31A7,0x2986,0x2966,0x2966,0x2986,
  0x3186,0x3186,0x2966,0x2966,0x2966,0x2966,0x2986,0x2104,0x0000,0x31A7,0x2986,0x2966,0x2966,0x2966,0x2966,0x2966,
  0x2966,0x2966,0x2966,0x2966,0x2966,0x18E4,0x0000,0x39E8,0x2966,0x2966,0x2965,0x2966,0x2966,0x2966,0x2966,0x2965,
  0x2965,0x2945,0x2965,0x0862,0x10A2,0x4228,0x2945,0x2945,0x2945,0x2945,0x2965,0x2965,0x2965,0x2965,0x2965,0x2965,
  0x2945,0x0000,0x8000,0xB001,0x9000,0x9800,0x9800,0x9800,0x9800,0x9800,0x9800,0x9800,0x9800,0x9800,0x0800,0x8800,
  0xE001,0xB800,0xC001,0xC001,0xC800,0xC800,0xC800,0xC800,0xC000,0xD000,0x9000,0x0000,0x0020,0x0020,0x0020,0x0020,
  0x0020,0x0020,0x0020,0x0820,0x0000,0x92C0,0xFCC0,0x0841,0x1904,0x0000,0x4A49,0x528A,0x5ACB,0x5B0C,0x5B0C,0x630C,
  0x2125,0x0000,0x0041,0x0041,0x0841,0x0841,0x0841,0x0841,0x0841,0x0841,0x0841,0x0841,0x0861,0x0861,0x0861,0x0861,
  0x0861,0x0861,0x0861,0x0861,0x0861,0x0861,0x0862,0x0861,0x0861,0x0861,0x0861,0x0861,0x0861,0x0861,0x0861,0x1061,
  0x0862,0x0862,0x0862,0x0861,0x0861,0x0861,0x0861,0x0861,0x0861,0x0861,0x0861,0x0861,0x0861,0x0861,0x0861,0x0861,
  0x0861,0x0861,0x0861,0x0861,0x0841,0x0840,0x0840,0x0841,0x0840,0x0861,0x0861,0x0861,0x0841,0x0861,0x0861,0x0861,
  0x0861,0x0840,0x0840,0x0840,0x0840,0x0840,0x0840,0x0840,0x0840,0x0840,0x0840,0x0840,0x0840,0x0840,0x0840,0x0840,
  0x0840,0x0840,0x0840,0x0840,0x0840,0x0840,0x0840,0x0840,0x0840,0x0840,0x0820,0x0820,0x0000,0x1083,0x59E2,0x0820,
  0x3900,0x0000,0x0000,0x2104,0x39C7,0x3186,0x31A6,0x31A6,0x39C7,0x10A2,0x0000,0x0020,0x0020,0x0000,0x2965,0x2124,
  0x18E4,0x1904,0x1904,0x1904,0x1904,0x1904,0x1904,0x1904,0x1904,0x18E4,0x18E4,0x1904,0x1904,0x2104,0x1904,0x0000,
  0x18C3,0x31C7,0x18E4,0x2124,0x2125,0x2125,0x2125,0x2124,0x2124,0x2124,0x2124,0x2124,0x2124,0x2124,0x2125,0x2125,
  0x0041,0x0841,0x3186,0x2125,0x2945,0x2145,0x2145,0x2945,0x2945,0x2945,0x2945,0x2945,0x2945,0x2145,0x2945,0x0861,
  0x0841,0x31C7,0x2945,0x2966,0x2966,0x2966,0x2966,0x2966,0x2966,0x2966,0x2966,0x2966,0x2966,0x2966,0x0020,0x10A3,
  0x39E8,0x2945,0x2966,0x2966,0x2966,0x2966,0x2966,0x2966,0x2966,0x2966,0x2966,0x3186,0x18E4,0x0000,0x3186,0x3186,
  0x2966,0x2966,0x2966,0x2966,0x2966,0x2966,0x2986,0x3186,0x2966,0x2966,0x2945,0x0000,0x18C3,0x31A7,0x2966,0x2986,
  0x3186,0x3186,0x2986,0x2966,0x2966,0x2986,0x2966,0x2966,0x2966,0x0841,0x0861,0x39C7,0x2966,0x2966,0x2986,0x3186,
  0x3186,0x3186,0x2966,0x2986,0x2966,0x2966,0x3186,0x0862,0x0861,0x39E8,0x2945,0x2966,0x2966,0x2966,0x2966,0x2966,
  0x2966,0x2966,0x2966,0x2966,0x2986,0x0841,0x18C3,0x4208,0x2945,0x2966,0x2966,0x2966,0x2966,0x2966,0x2965,0x2965,
  0x2965,0x2965,0x2145,0x0000,0x2965,0x39C7,0x2945,0x2965,0x2945,0x2965,0x2965,0x2965,0x2965,0x2965,0x2965,0x3186,
  0x18E3,0x0800,0xB001,0x9000,0x9800,0x9800,0x9800,0x9800,0x9800,0x9800,0x9800,0x9800,0xA000,0x6800,0x0800,0xD801,
  0xC000,0xC000,0xC000,0xC000,0xC800,0xC800,0xC800,0xC800,0xC800,0xD001,0x4000,0x0000,0x0020,0x0020,0x0020,0x0020,
  0x0020,0x0020,0x0020,0x0820,0x0000,0x9B00,0xFCE0,0x0820,0x10A3,0x0000,0x4249,0x52CB,0x5B0C,0x632D,0x632D,0x1904,
  0x0000,0x0840,0x0041,0x0041,0x0841,0x0841,0x0841,0x0841,0x0841,0x0841,0x0861,0x0841,0x0841,0x0861,0x0861,0x0861,
  0x0861,0x0861,0x0861,0x0861,0x0861,0x0862,0x0862,0x0862,0x0861,0x0861,0x0861,0x0861,0x0861,0x0861,0x0861,0x0861,
  0x0862,0x0862,0x0861,0x0861,0x0861,0x0861,0x0861,0x0861,0x0861,0x0861,0x0861,0x0861,0x0861,0x0861,0x0861,0x0841,
  0x0841,0x0861,0x0861,0x0840,0x0841,0x0840,0x0840,0x0861,0x0840,0x0861,0x0841,0x0861,0x0861,0x0861,0x0861,0x0861,
  0x0840,0x0840,0x0840,0x0840,0x0840,0x0840,0x0840,0x0041,0x0840,0x0840,0x0840,0x0840,0x0840,0x0840,0x0840,0x0840,
  0x0840,0x0840,0x0840,0x0840,0x0840,0x0840,0x0840,0x0840,0x0840,0x0840,0x0820,0x0820,0x0000,0x1082,0x59E1,0x0820,
  0x0000,0x0000,0x2104,0x39E7,0x2965,0x3186,0x3186,0x39C7,0x2966,0x0000,0x0020,0x0840,0x0000,0x0861,0x3186,0x18C3,
  0x1904,0x1904,0x1904,0x1904,0x1904,0x1904,0x1904,0x1904,0x1904,0x18E4,0x18E4,0x1904,0x2104,0x2124,0x1082,0x0000,
  0x3186,0x2145,0x1904,0x2124,0x2125,0x2125,0x2125,0x2124,0x2124,0x2124,0x2124,0x2124,0x2124,0x2124,0x2125,0x18E4,
  0x0000,0x18E3,0x2986,0x2125,0x2945,0x2145,0x2945,0x2145,0x2945,0x2945,0x2945,0x2945,0x2945,0x2966,0x2125,0x0000,
  0x18E4,0x31A7,0x2945,0x2966,0x2966,0x2966,0x2966,0x2966,0x2966,0x2966,0x2966,0x2966,0x2986,0x2125,0x0000,0x2966,
  0x31A7,0x2966,0x2966,0x2966,0x2966,0x2966,0x2966,0x2966,0x2966,0x2966,0x2966,0x2986,0x0841,0x0861,0x39C7,0x2966,
  0x2966,0x2986,0x2966,0x2966,0x2966,0x2966,0x2966,0x2966,0x2966,0x3186,0x18E4,0x0000,0x3186,0x3186,0x2966,0x2986,
  0x3186,0x3186,0x2966,0x2986,0x2966,0x2966,0x2966,0x2966,0x2145,0x0000,0x2124,0x3186,0x2966,0x2986,0x2986,0x2986,
  0x2986,0x2986,0x2966,0x2966,0x2966,0x3186,0x2966,0x0000,0x2125,0x31A7,0x2945,0x2966,0x2966,0x2966,0x2966,0x2966,
  0x2966,0x2966,0x2966,0x2966,0x2145,0x0000,0x3186,0x3186,0x2965,0x2966,0x2966,0x2966,0x2966,0x2966,0x2965,0x2965,
  0x2965,0x3186,0x18E3,0x0000,0x39C7,0x2965,0x2965,0x2965,0x2965,0x2965,0x2965,0x2965,0x2965,0x2965,0x2965,0x3165,
  0x0820,0x4000,0xB801,0x8801,0x9800,0x9800,0x9800,0x9800,0x9800,0x9800,0x9800,0x9800,0xA800,0x2841,0x4000,0xE801,
  0xB801,0xC001,0xC000,0xC800,0xC800,0xC800,0xC800,0xC800,0xD000,0xB800,0x1000,0x0020,0x0020,0x0020,0x0020,0x0020,
  0x0020,0x0020,0x0020,0x0820,0x0000,0x9B00,0xFCE0,0x0000,0x0820,0x0020,0x528A,0x5AEC,0x5B0C,0x632D,0x2104,0x0000,
  0x0840,0x0041,0x0041,0x0841,0x0841,0x0841,0x0841,0x0841,0x0861,0x0841,0x0861,0x0841,0x0841,0x0861,0x0861,0x0861,
  0x0861,0x0861,0x0861,0x0861,0x0862,0x0862,0x0861,0x0861,0x0861,0x0862,0x1061,0x0861,0x0861,0x0861,0x0861,0x0861,
  0x0862,0x0862,0x0861,0x1061,0x0862,0x0861,0x1061,0x0861,0x0861,0x0861,0x0861,0x0861,0x0861,0x0861,0x0861,0x0861,
  0x0861,0x0861,0x0861,0x0861,0x0840,0x0861,0x0861,0x0840,0x0861,0x0861,0x0861,0x0861,0x0861,0x0861,0x0861,0x0861,
  0x0840,0x0840,0x0840,0x0840,0x0840,0x0841,0x0840,0x0840,0x0840,0x0840,0x0840,0x0840,0x0840,0x0840,0x0840,0x0840,
  0x0840,0x0840,0x0840,0x0840,0x0840,0x0840,0x0840,0x0840,0x0820,0x0820,0x0820,0x0820,0x0000,0x1082,0x59E2,0x0820,
  0x0000,0x18C3,0x39E8,0x3186,0x31A6,0x3186,0x3186,0x39C7,0x1082,0x0000,0x0021,0x0041,0x0000,0x2124,0x2125,0x18E3,
  0x18E4,0x18E4,0x1904,0x18E4,0x18E4,0x18E4,0x18E4,0x18E4,0x18E4,0x1904,0x1904,0x1904,0x2104,0x1904,0x0000,0x0861,
  0x31A7,0x18E4,0x2104,0x2124,0x2125,0x2125,0x2125,0x2124,0x2124,0x2124,0x2124,0x2124,0x2124,0x2104,0x2124,0x0861,
  0x0000,0x2966,0x2945,0x2145,0x2145,0x2145,0x2945,0x2145,0x2945,0x2945,0x2945,0x2145,0x2145,0x2966,0x10A3,0x0000,
  0x2966,0x2946,0x2945,0x2966,0x2966,0x2966,0x2966,0x2966,0x2966,0x2966,0x2966,0x2966,0x2986,0x0882,0x0841,0x39C7,
  0x2945,0x2966,0x2966,0x2966,0x2966,0x2966,0x2966,0x2966,0x2966,0x2966,0x3186,0x2145,0x0000,0x2104,0x31A7,0x2966,
  0x2966,0x2966,0x2966,0x2966,0x2966,0x2966,0x2966,0x2966,0x2966,0x2986,0x0841,0x0861,0x31C7,0x2966,0x2966,0x2966,
  0x2966,0x2986,0x3186,0x3186,0x2966,0x2966,0x2966,0x3186,0x10C3,0x0000,0x31A7,0x2966,0x2966,0x2966,0x2986,0x2986,
  0x2966,0x2966,0x2966,0x2966,0x2966,0x3186,0x18E4,0x0000,0x39C7,0x2966,0x2966,0x2966,0x2966,0x2966,0x2986,0x2966,
  0x2966,0x2966,0x2966,0x3186,0x10C3,0x0841,0x39E7,0x2945,0x2966,0x2966,0x2966,0x2965,0x2965,0x2965,0x2945,0x2965,
  0x2965,0x3186,0x0861,0x10A2,0x39C7,0x2945,0x2965,0x2965,0x2965,0x2965,0x2965,0x2965,0x2965,0x2945,0x2965,0x2104,
  0x0000,0x9800,0xA001,0x9000,0x9800,0x9800,0x9800,0x9800,0x9800,0x9800,0x9800,0x9800,0x9000,0x0000,0xA801,0xD001,
  0xB801,0xC001,0xC000,0xC800,0xC800,0xC800,0xC801,0xC801,0xD800,0x8000,0x0000,0x0020,0x0020,0x0020,0x0020,0x0020,
  0x0020,0x0020,0x0020,0x0820,0x0000,0x9B00,0xFCE0,0x0000,0x0020,0x0020,0x528A,0x52CB,0x5AEC,0x1904,0x0000,0x0840,
  0x0041,0x0841,0x0041,0x0841,0x0841,0x0841,0x0841,0x0841,0x0861,0x0861,0x0861,0x0861,0x0861,0x0861,0x0861,0x0861,
  0x0861,0x0861,0x0861,0x1061,0x0862,0x0862,0x0862,0x0861,0x0861,0x0861,0x0861,0x0861,0x0861,0x0861,0x0861,0x0861,
  0x0861,0x0862,0x1061,0x0862,0x1061,0x1061,0x0861,0x0861,0x0861,0x0861,0x0861,0x0861,0x0861,0x0861,0x0861,0x0861,
  0x0861,0x0861,0x0861,0x0861,0x0840,0x0861,0x0861,0x0861,0x0861,0x0861,0x0861,0x0861,0x0861,0x0861,0x0861,0x0861,
  0x0840,0x0840,0x0840,0x0840,0x0840,0x0840,0x0840,0x0840,0x0840,0x0840,0x0840,0x0840,0x0840,0x0840,0x0840,0x0840,
  0x0840,0x0840,0x0840,0x0840,0x0840,0x0840,0x0840,0x0840,0x0840,0x0820,0x0820,0x0840,0x0000,0x1082,0x59E1,0x0820,
  0x0000,0x2945,0x2986,0x31A6,0x31A6,0x31A7,0x39C7,0x2145,0x0000,0x0020,0x0021,0x0000,0x0861,0x3186,0x18E3,0x18E4,
  0x18E4,0x18E4,0x18E4,0x18E4,0x18E4,0x18E4,0x18E4,0x18E4,0x1904,0x1904,0x2104,0x1904,0x2124,0x10A2,0x0000,0x2125,
  0x2145,0x1904,0x2104,0x2104,0x2104,0x2124,0x2125,0x2125,0x2124,0x2124,0x2124,0x2124,0x2104,0x2124,0x18E4,0x0000,
  0x1082,0x2986,0x2145,0x2145,0x2145,0x2945,0x2945,0x2945,0x2945,0x2145,0x2945,0x2145,0x2945,0x2145,0x0000,0x1082,
  0x31A7,0x2945,0x2966,0x2966,0x2966,0x2966,0x2966,0x2966,0x2966,0x2966,0x2966,0x2986,0x2145,0x0000,0x2104,0x31A7,
  0x2945,0x2966,0x2966,0x2966,0x2966,0x2966,0x2966,0x2966,0x2966,0x2966,0x3187,0x10A3,0x0000,0x3186,0x2966,0x2966,
  0x2986,0x2986,0x2966,0x2966,0x2966,0x2966,0x2966,0x2966,0x3186,0x2945,0x0000,0x2125,0x31A7,0x2966,0x3186,0x2986,
  0x2966,0x3186,0x3186,0x3186,0x2966,0x2966,0x2966,0x2966,0x0021,0x10C3,0x39C7,0x2945,0x2966,0x2966,0x2986,0x3186,
  0x2986,0x2966,0x2966,0x2966,0x2966,0x3186,0x0841,0x10A2,0x39C7,0x2945,0x2966,0x2966,0x2966,0x2966,0x2966,0x2966,
  0x2966,0x2966,0x2986,0x2986,0x0021,0x18E3,0x39C7,0x2945,0x2966,0x2965,0x2965,0x2965,0x2965,0x2965,0x2965,0x2965,
  0x2966,0x2145,0x0000,0x2965,0x3186,0x2965,0x2945,0x2965,0x2945,0x2965,0x2965,0x2965,0x2945,0x2945,0x2965,0x0882,
  0x1820,0xB001,0x9000,0x9800,0x9800,0x9800,0x9800,0x9800,0x9800,0x9800,0x9800,0xA001,0x5000,0x1800,0xE001,0xB800,
  0xC000,0xC000,0xC000,0xC000,0xC000,0xC800,0xC800,0xC800,0xD000,0x2800,0x0000,0x0020,0x0020,0x0020,0x0020,0x0020,
  0x0020,0x0020,0x0020,0x0820,0x0000,0xA320,0xFCE0,0x0000,0x0020,0x0000,0x4A69,0x52AA,0x18E3,0x0000,0x0840,0x0041,
  0x0041,0x0841,0x0841,0x0841,0x0841,0x0861,0x0841,0x0841,0x0861,0x0861,0x0861,0x0861,0x0861,0x0861,0x0861,0x0861,
  0x0861,0x0861,0x0861,0x0861,0x0861,0x0861,0x0861,0x0861,0x0861,0x0861,0x0861,0x0861,0x0861,0x0862,0x0862,0x0862,
  0x0862,0x0862,0x0862,0x1061,0x0861,0x0862,0x0861,0x0861,0x0861,0x0861,0x0861,0x1061,0x0861,0x0861,0x0861,0x0861,
  0x0861,0x0861,0x0861,0x0861,0x0861,0x0861,0x0861,0x0841,0x0861,0x0861,0x0840,0x0861,0x0840,0x0861,0x0861,0x0840,
  0x0840,0x0840,0x0840,0x0840,0x0860,0x0840,0x0840,0x0840,0x0840,0x0840,0x0840,0x0840,0x0840,0x0840,0x0840,0x0840,
  0x0840,0x0840,0x0840,0x0840,0x0840,0x0840,0x0840,0x0840,0x0840,0x0840,0x0820,0x0840,0x0000,0x10A3,0x59E1,0x0820,
  0x0000,0x2124,0x2945,0x31A6,0x31A6,0x31C7,0x39C7,0x0861,0x0000,0x0021,0x0840,0x0000,0x2125,0x2145,0x18C3,0x18E4,
  0x18E4,0x18E4,0x18E4,0x18E4,0x18E4,0x18E4,0x18E4,0x18E4,0x1904,0x1904,0x2104,0x2104,0x1904,0x0020,0x0841,0x2966,
  0x18E4,0x2104,0x2104,0x2104,0x2104,0x2104,0x2124,0x2125,0x2125,0x2124,0x2104,0x2124,0x2104,0x2124,0x10A2,0x0000,
  0x2145,0x2945,0x2145,0x2145,0x2945,0x2945,0x2945,0x2945,0x2945,0x2145,0x2145,0x2145,0x2966,0x18E4,0x0000,0x2125,
  0x2966,0x2945,0x2966,0x2966,0x2966,0x2966,0x2966,0x2966,0x2966,0x2966,0x2966,0x2986,0x10C3,0x0000,0x2966,0x2965,
  0x2966,0x2966,0x2966,0x2966,0x2986,0x2986,0x2986,0x2966,0x2966,0x3186,0x2966,0x0020,0x1082,0x31A7,0x2945,0x2966,
  0x2986,0x3186,0x2966,0x2966,0x3186,0x2986,0x2986,0x3186,0x31A7,0x18C3,0x0000,0x31C7,0x2966,0x2966,0x2966,0x2986,
  0x3186,0x3186,0x2986,0x3186,0x2986,0x2966,0x3186,0x2125,0x0000,0x2966,0x3186,0x2966,0x2966,0x2966,0x2986,0x3186,
  0x2986,0x2986,0x2986,0x2986,0x3186,0x2945,0x0000,0x2966,0x3186,0x2966,0x2986,0x3186,0x2966,0x2966,0x2966,0x2966,
  0x2966,0x2966,0x3186,0x2125,0x0000,0x3186,0x2966,0x2965,0x2965,0x2965,0x2965,0x2965,0x2965,0x2965,0x2965,0x2965,
  0x3186,0x10A2,0x0020,0x39C7,0x2965,0x2965,0x2965,0x2945,0x2945,0x2945,0x2945,0x2945,0x2945,0x2945,0x2945,0x0000,
  0x5800,0xA001,0x9000,0x9800,0x9800,0x9800,0x9000,0x9800,0x9800,0x9800,0x9800,0xA000,0x1020,0x7000,0xE801,0xB800,
  0xC000,0xC000,0xC000,0xC000,0xC800,0xC800,0xC800,0xD000,0xA000,0x0000,0x0020,0x0020,0x0020,0x0020,0x0020,0x0020,
  0x0020,0x0020,0x0020,0x0820,0x0000,0xAB20,0xFCE0,0x0000,0x0020,0x0000,0x4A69,0x4249,0x0000,0x0840,0x0041,0x0041,
  0x0841,0x0841,0x0841,0x0841,0x0841,0x0841,0x0841,0x0841,0x0841,0x0861,0x0861,0x0841,0x0861,0x0861,0x0861,0x0861,
  0x0861,0x0861,0x0861,0x0861,0x0861,0x0861,0x0861,0x0861,0x0861,0x0862,0x0861,0x0861,0x1061,0x0861,0x0861,0x0861,
  0x1061,0x1061,0x1061,0x0861,0x0861,0x0861,0x1061,0x1061,0x0861,0x0861,0x0861,0x0861,0x0861,0x0861,0x0861,0x0861,
  0x0861,0x0861,0x0861,0x0861,0x0861,0x0861,0x0861,0x0861,0x0841,0x0861,0x0861,0x0861,0x0840,0x0860,0x0840,0x0861,
  0x0840,0x0840,0x0840,0x0861,0x0860,0x0840,0x0840,0x0840,0x0840,0x0840,0x0840,0x0840,0x0840,0x0840,0x0840,0x0840,
  0x0840,0x0840,0x0840,0x0840,0x0840,0x0840,0x0840,0x0840,0x0840,0x0840,0x0840,0x0840,0x0000,0x10A3,0x59E1,0x0820,
  0x0000,0x2945,0x2965,0x31A6,0x3186,0x39C7,0x2124,0x0000,0x0020,0x0021,0x0020,0x0841,0x2945,0x18C3,0x18E3,0x18E3,
  0x18E3,0x18E3,0x18E4,0x18E4,0x18E4,0x18E4,0x18E4,0x18E4,0x18E4,0x1904,0x1904,0x2104,0x10A3,0x0000,0x18E4,0x2125,
  0x18E4,0x2104,0x1904,0x2104,0x2104,0x2104,0x2124,0x2124,0x2124,0x2124,0x2124,0x2124,0x2125,0x2124,0x0020,0x0841,
  0x2966,0x2125,0x2145,0x2145,0x2945,0x2945,0x2945,0x2145,0x2145,0x2145,0x2945,0x2145,0x2945,0x0841,0x0021,0x3186,
  0x2945,0x2945,0x2966,0x2966,0x2966,0x2966,0x2966,0x2966,0x2966,0x2966,0x2966,0x2966,0x0020,0x0862,0x31A6,0x2945,
  0x2966,0x2966,0x2966,0x2966,0x2966,0x2966,0x2966,0x2966,0x2966,0x3186,0x2104,0x0000,0x2125,0x2966,0x2966,0x2966,
  0x2966,0x2966,0x2966,0x2966,0x2966,0x2966,0x2986,0x3186,0x2986,0x0020,0x10A2,0x31A7,0x2966,0x2966,0x2966,0x2966,
  0x3186,0x3186,0x2986,0x2986,0x2966,0x2966,0x3186,0x10A2,0x0841,0x31C7,0x2966,0x2966,0x2966,0x2966,0x3186,0x3186,
  0x2966,0x2966,0x2986,0x2986,0x3186,0x10A3,0x0020,0x39C7,0x2966,0x2966,0x2986,0x2986,0x2966,0x2966,0x2966,0x2966,
  0x2966,0x2966,0x3186,0x1082,0x0861,0x39E7,0x2945,0x2965,0x2965,0x2945,0x2945,0x2945,0x2965,0x2965,0x2965,0x2966,
  0x2965,0x0020,0x18C3,0x3186,0x2945,0x2965,0x2965,0x2965,0x2945,0x2945,0x2945,0x2945,0x2945,0x2965,0x18E3,0x0000,
  0xA000,0x9800,0x9000,0x9000,0x9000,0x9000,0x9000,0x9000,0x9000,0x9000,0xA000,0x7000,0x0000,0xC001,0xC801,0xB800,
  0xC000,0xC000,0xC000,0xC000,0xC000,0xC800,0xC000,0xD000,0x4800,0x0000,0x0021,0x0020,0x0020,0x0020,0x0020,0x0020,
  0x0020,0x0020,0x0020,0x0820,0x0000,0xAB40,0xFCE0,0x0021,0x18C3,0x0000,0x4A8A,0x424A,0x0020,0x0041,0x0041,0x0841,
  0x0841,0x0841,0x0861,0x0841,0x0041,0x0841,0x0841,0x0841,0x0841,0x0861,0x0861,0x0861,0x0861,0x0861,0x0861,0x0861,
  0x0861,0x0861,0x0861,0x0861,0x0861,0x0861,0x1061,0x0861,0x1061,0x1061,0x0861,0x0861,0x0861,0x0861,0x0861,0x0861,
  0x1061,0x1061,0x0861,0x0861,0x1061,0x0861,0x0861,0x0861,0x0861,0x0861,0x0861,0x0861,0x0861,0x0861,0x0861,0x0861,
  0x0861,0x0861,0x0861,0x0861,0x1061,0x0861,0x0861,0x0861,0x0861,0x0861,0x0840,0x0840,0x0861,0x0840,0x0840,0x0861,
  0x0840,0x0861,0x0861,0x0861,0x0861,0x0861,0x0860,0x0840,0x0840,0x0840,0x0840,0x0840,0x0840,0x0840,0x0840,0x0840,
  0x0840,0x0840,0x0840,0x0840,0x0840,0x0840,0x0840,0x0840,0x0840,0x0840,0x0840,0x0840,0x0000,0x10A3,0x5A02,0x0820,
  0x0000,0x2145,0x3186,0x31C7,0x31A6,0x31C7,0x0841,0x0000,0x0021,0x0840,0x0000,0x18E4,0x2125,0x10C3,0x18E3,0x18E3,
  0x18E3,0x18E3,0x18E3,0x18E4,0x18E3,0x18E4,0x18E4,0x18E4,0x18E4,0x18E4,0x18E4,0x1904,0x0021,0x0020,0x2966,0x18E4,
  0x18E4,0x1904,0x1904,0x2104,0x2104,0x2104,0x2104,0x2124,0x2124,0x2124,0x2124,0x2104,0x2125,0x18C3,0x0000,0x1904,
  0x2945,0x2125,0x2145,0x2945,0x2945,0x2945,0x2145,0x2145,0x2145,0x2145,0x2145,0x2945,0x1904,0x0000,0x18E3,0x2986,
  0x2945,0x2965,0x2966,0x2966,0x2966,0x2966,0x2966,0x2965,0x2945,0x2945,0x2966,0x2104,0x0000,0x2125,0x3186,0x2965,
  0x2966,0x2966,0x2966,0x2966,0x2966,0x2966,0x2966,0x2966,0x2966,0x3186,0x0862,0x0841,0x31A7,0x2966,0x2966,0x2966,
  0x2966,0x2966,0x2966,0x2966,0x2966,0x2966,0x2966,0x3186,0x2104,0x0000,0x2945,0x2986,0x2966,0x2966,0x2966,0x2966,
  0x2966,0x2966,0x2986,0x2966,0x2966,0x2986,0x2966,0x0000,0x1904,0x31A7,0x2945,0x2966,0x2966,0x2966,0x2966,0x2966,
  0x2966,0x2966,0x2966,0x3186,0x2966,0x0020,0x18E3,0x39A7,0x2945,0x2966,0x2966,0x2966,0x2966,0x2966,0x2966,0x2966,
  0x2966,0x2986,0x2966,0x0000,0x2104,0x3186,0x2945,0x2965,0x2965,0x2945,0x2965,0x2945,0x2965,0x2965,0x2945,0x2966,
  0x2104,0x0000,0x2965,0x2965,0x2945,0x2965,0x2965,0x2965,0x2945,0x2945,0x2965,0x2945,0x2945,0x2945,0x0061,0x2821,
  0xB800,0x9000,0x9000,0x9000,0x9000,0x9000,0x9000,0x9000,0x9800,0x9800,0xA800,0x2841,0x2021,0xE001,0xB001,0xB801,
  0xB801,0xC001,0xC000,0xC000,0xC000,0xC000,0xC001,0xB800,0x1000,0x0020,0x0020,0x0020,0x0020,0x0020,0x0020,0x0020,
  0x0020,0x0020,0x0020,0x0820,0x0000,0xAB40,0xFCE0,0x0020,0x10A3,0x0000,0x528A,0x424A,0x0000,0x0841,0x0841,0x0841,
  0x0841,0x0861,0x0841,0x0841,0x0841,0x0861,0x0841,0x0861,0x0861,0x0861,0x0861,0x0861,0x0861,0x0861,0x0861,0x0861,
  0x0861,0x0861,0x0861,0x0861,0x0861,0x0861,0x0861,0x0861,0x1061,0x0861,0x0861,0x0861,0x0861,0x0861,0x0861,0x0861,
  0x0861,0x0861,0x0861,0x0861,0x0861,0x0861,0x0861,0x1061,0x1061,0x0861,0x0861,0x0861,0x0861,0x0861,0x0861,0x0861,
  0x0861,0x0861,0x0840,0x0861,0x0861,0x0861,0x1061,0x1061,0x0861,0x0861,0x0861,0x0861,0x0840,0x0840,0x0861,0x0861,
  0x0861,0x0861,0x0861,0x0840,0x0840,0x0840,0x0840,0x0840,0x0840,0x0840,0x0840,0x0840,0x0840,0x0840,0x0840,0x0840,
  0x0840,0x0840,0x0840,0x0840,0x0840,0x0840,0x0840,0x0840,0x0840,0x0840,0x0840,0x0840,0x0000,0x10A3,0x5A02,0x0820,
  0x0000,0x2125,0x31A6,0x31C7,0x39C7,0x2104,0x0000,0x0021,0x0021,0x0020,0x0020,0x2145,0x18C3,0x18C3,0x18E3,0x18E3,
  0x18E3,0x18E3,0x18E3,0x18E3,0x18E3,0x18E3,0x18E4,0x18E4,0x18E4,0x18E3,0x1904,0x10C3,0x0000,0x18C3,0x2145,0x18E3,
  0x1904,0x1904,0x1904,0x1904,0x2104,0x2104,0x2104,0x2104,0x2104,0x2104,0x2124,0x2124,0x2125,0x0841,0x0020,0x2966,
  0x2125,0x2125,0x2145,0x2145,0x2145,0x2145,0x2145,0x2145,0x2145,0x2145,0x2145,0x2945,0x0882,0x0000,0x2966,0x2945,
  0x2945,0x2965,0x2966,0x2966,0x2966,0x2965,0x2945,0x2945,0x2945,0x2945,0x2966,0x0862,0x0020,0x31A7,0x2966,0x2966,
  0x2966,0x2966,0x2966,0x2966,0x2966,0x2966,0x2966,0x2965,0x2966,0x2125,0x0000,0x2104,0x31A7,0x2966,0x2966,0x2966,
  0x2966,0x2966,0x2966,0x2966,0x2966,0x2966,0x2966,0x3186,0x1082,0x0021,0x3186,0x2945,0x2966,0x2966,0x2986,0x2966,
  0x2966,0x2966,0x2966,0x2966,0x2966,0x3186,0x1904,0x0000,0x31A6,0x2986,0x2966,0x2966,0x2966,0x2966,0x2966,0x2966,
  0x2966,0x2966,0x2966,0x3186,0x2104,0x0000,0x31A6,0x3186,0x2966,0x2966,0x2966,0x2966,0x2966,0x2966,0x2966,0x2966,
  0x2966,0x3186,0x18E4,0x0000,0x3186,0x2945,0x2945,0x2965,0x2965,0x2945,0x2945,0x2965,0x2965,0x2965,0x2945,0x2965,
  0x0861,0x0861,0x31A6,0x2945,0x2965,0x2965,0x2965,0x2965,0x2965,0x2945,0x2965,0x2945,0x2945,0x2104,0x0000,0x8000,
  0xA800,0x9000,0x9000,0x9000,0x9000,0x9000,0x9000,0x9800,0x9800,0xA000,0x9800,0x0800,0x8801,0xD801,0xB800,0xC000,
  0xB801,0xC000,0xC000,0xC000,0xC001,0xB800,0xD000,0x8000,0x0000,0x0021,0x0820,0x0021,0x0020,0x0820,0x0020,0x0020,
  0x0020,0x0020,0x0020,0x0820,0x0000,0xB360,0xFCE0,0x0000,0x0840,0x0020,0x528A,0x424A,0x0020,0x0841,0x0841,0x0841,
  0x0841,0x0841,0x0861,0x0841,0x0841,0x0861,0x0861,0x0861,0x0861,0x0861,0x0841,0x0861,0x0861,0x0861,0x0861,0x0861,
  0x0861,0x0861,0x0861,0x0861,0x0861,0x0861,0x0861,0x0861,0x0861,0x0861,0x0861,0x0861,0x0861,0x0861,0x0861,0x0861,
  0x0861,0x0861,0x0861,0x0861,0x0861,0x0861,0x0861,0x0861,0x0861,0x0861,0x0861,0x0861,0x0861,0x0861,0x0861,0x0861,
  0x0861,0x0861,0x0861,0x0861,0x0861,0x0861,0x1061,0x0861,0x0861,0x1061,0x0861,0x0861,0x0861,0x0861,0x0861,0x0861,
  0x0861,0x0861,0x0840,0x0840,0x0840,0x0840,0x0840,0x0840,0x0840,0x0840,0x0840,0x0840,0x0840,0x0840,0x0840,0x0840,
  0x0840,0x0840,0x0840,0x0840,0x0840,0x0840,0x0840,0x0840,0x0840,0x0840,0x0840,0x0840,0x0000,0x20E2,0x5A02,0x0020,
  0x0000,0x2945,0x3186,0x31A6,0x31C7,0x0841,0x0000,0x0840,0x0041,0x0000,0x10C3,0x2124,0x10C3,0x18C3,0x18E3,0x18E3,
  0x18E3,0x18E3,0x18E3,0x18E3,0x18E3,0x18E3,0x18E4,0x18E3,0x18E3,0x18E4,0x1904,0x0841,0x0000,0x2966,0x1904,0x18E4,
  0x18E4,0x1904,0x1904,0x1904,0x2104,0x2104,0x2104,0x2104,0x2104,0x2104,0x2124,0x2125,0x18E4,0x0000,0x10A3,0x2966,
  0x2125,0x2145,0x2145,0x2145,0x2145,0x2145,0x2145,0x2145,0x2145,0x2145,0x2945,0x2125,0x0000,0x1082,0x2986,0x2145,
  0x2945,0x2945,0x2945,0x2945,0x2945,0x2965,0x2965,0x2945,0x2945,0x2966,0x2125,0x0000,0x18C3,0x3186,0x2945,0x2966,
  0x2966,0x2966,0x2966,0x2966,0x2966,0x2966,0x2966,0x2966,0x3186,0x18C3,0x0000,0x3186,0x2966,0x2965,0x2966,0x2966,
  0x2966,0x2966,0x2966,0x2966,0x2966,0x2966,0x2966,0x2966,0x0000,0x18E3,0x3186,0x2965,0x2966,0x2966,0x2966,0x2966,
  0x2966,0x2966,0x2966,0x2966,0x2966,0x31A7,0x0861,0x1082,0x31A7,0x2945,0x2966,0x2966,0x2966,0x2966,0x2966,0x2966,
  0x2966,0x2966,0x2966,0x31A6,0x0862,0x1082,0x39C7,0x2945,0x2966,0x2966,0x2966,0x2966,0x2966,0x2966,0x2966,0x2966,
  0x2966,0x2966,0x0841,0x1082,0x31A6,0x2945,0x2945,0x2945,0x2945,0x2945,0x2945,0x2965,0x2965,0x2945,0x2945,0x2125,
  0x0000,0x2104,0x3186,0x2945,0x2945,0x2945,0x2945,0x2965,0x2945,0x2945,0x2945,0x2945,0x2965,0x10A2,0x0800,0xA800,
  0x9800,0x9000,0x9000,0x9000,0x9000,0x9000,0x9000,0x9000,0x9000,0xA000,0x6800,0x0800,0xD001,0xB800,0xB800,0xB800,
  0xB800,0xB801,0xC000,0xC000,0xB801,0xB800,0xC800,0x2800,0x0000,0x0021,0x0020,0x0020,0x0021,0x0021,0x0820,0x0020,
  0x0020,0x0020,0x0020,0x0820,0x0000,0xAB40,0xFCE0,0x0000,0x0840,0x0000,0x528A,0x424A,0x0820,0x0041,0x0841,0x0841,
  0x0841,0x0841,0x0841,0x0861,0x0861,0x0861,0x0861,0x0861,0x0861,0x0861,0x0861,0x0861,0x0841,0x0861,0x0861,0x0861,
  0x0861,0x0861,0x0861,0x0861,0x0861,0x0861,0x0861,0x0861,0x0861,0x0861,0x0861,0x0861,0x0861,0x0861,0x0861,0x0861,
  0x0861,0x0861,0x0861,0x0861,0x0861,0x0861,0x0861,0x0861,0x0861,0x0861,0x0861,0x0861,0x0861,0x0861,0x0861,0x0861,
  0x0861,0x0861,0x0861,0x0841,0x0861,0x0861,0x0861,0x0861,0x1061,0x1061,0x0861,0x0861,0x0861,0x0861,0x0861,0x0861,
  0x0861,0x0840,0x0840,0x0840,0x0861,0x0840,0x0840,0x0840,0x0840,0x0840,0x0840,0x0840,0x0840,0x0840,0x0840,0x0840,
  0x0840,0x0840,0x0840,0x0840,0x0840,0x0840,0x0840,0x0840,0x0840,0x0840,0x0840,0x0840,0x0000,0x20E2,0x5A02,0x0020,
  0x0000,0x2945,0x2965,0x39C7,0x2104,0x0000,0x0820,0x0021,0x0021,0x0020,0x2125,0x18C3,0x18C3,0x18C3,0x18E3,0x18E3,
  0x18E3,0x18E3,0x18E3,0x18E3,0x18E3,0x18E3,0x18E3,0x18E4,0x18E4,0x1904,0x18C3,0x0000,0x1082,0x2966,0x18E3,0x1904,
  0x18E4,0x1904,0x1904,0x1904,0x1904,0x1904,0x2104,0x2104,0x2104,0x2104,0x2104,0x2125,0x0862,0x0000,0x2125,0x2145,
  0x2145,0x2145,0x2145,0x2145,0x2145,0x2125,0x2145,0x2145,0x2145,0x2145,0x2945,0x10C3,0x0000,0x2125,0x2945,0x2125,
  0x2945,0x2945,0x2945,0x2945,0x2945,0x2945,0x2945,0x2945,0x2945,0x2966,0x18C3,0x0000,0x2966,0x2966,0x2945,0x2965,
  0x2945,0x2966,0x2966,0x2966,0x2966,0x2966,0x2966,0x2966,0x3186,0x0841,0x1082,0x31A7,0x2945,0x2965,0x2966,0x2966,
  0x2966,0x2966,0x2966,0x2966,0x2966,0x2966,0x2986,0x18E4,0x0000,0x2966,0x2965,0x2966,0x2966,0x2966,0x2965,0x2965,
  0x2966,0x2966,0x2965,0x2966,0x3186,0x2966,0x0000,0x2104,0x2966,0x2945,0x2966,0x2966,0x2966,0x2966,0x2966,0x2966,
  0x2966,0x2966,0x2966,0x2945,0x0000,0x2104,0x3186,0x2945,0x2966,0x2966,0x2966,0x2966,0x2966,0x2966,0x2966,0x2966,
  0x2966,0x2125,0x0000,0x2945,0x2966,0x2945,0x2965,0x2945,0x2945,0x2945,0x2945,0x2945,0x2965,0x2945,0x2965,0x10C3,
  0x0000,0x31A6,0x2945,0x2945,0x2945,0x2945,0x2945,0x2945,0x2945,0x2945,0x2945,0x2945,0x2965,0x0820,0x3021,0xA001,
  0x8800,0x9000,0x9000,0x9000,0x9000,0x9000,0x9000,0x9000,0x9000,0x9800,0x1820,0x3820,0xD801,0xA800,0xB800,0xB800,
  0xB800,0xB800,0xB801,0xB800,0xB800,0xC000,0xA001,0x0000,0x0020,0x0820,0x0820,0x0021,0x0820,0x0020,0x0020,0x0020,
  0x0020,0x0020,0x0020,0x0820,0x0000,0xAB40,0xFCE0,0x0021,0x18E4,0x0020,0x52AA,0x426B,0x0820,0x0841,0x0841,0x0841,
  0x0841,0x0841,0x0841,0x0861,0x0861,0x0861,0x0861,0x0861,0x0861,0x0861,0x0861,0x0861,0x0861,0x0861,0x0861,0x0841,
  0x0861,0x0861,0x0861,0x0861,0x0861,0x0841,0x0861,0x0861,0x0840,0x0861,0x0841,0x0861,0x0861,0x0861,0x0861,0x0861,
  0x0861,0x0861,0x0861,0x0861,0x0861,0x0861,0x0861,0x0861,0x0861,0x0861,0x0861,0x0841,0x0861,0x0861,0x0861,0x0861,
  0x0861,0x0861,0x0840,0x0861,0x0861,0x0861,0x0861,0x0861,0x0861,0x0861,0x0861,0x0861,0x0861,0x0861,0x0861,0x0861,
  0x0840,0x0840,0x0840,0x0840,0x0861,0x0861,0x0840,0x0840,0x0840,0x0840,0x0840,0x0840,0x0840,0x0840,0x0840,0x0840,
  0x0840,0x0840,0x0840,0x0840,0x0840,0x0840,0x0840,0x0840,0x0840,0x0820,0x0840,0x0840,0x0000,0x20E2,0x5A02,0x0020,
  0x0020,0x2945,0x3186,0x2945,0x0000,0x0020,0x0820,0x0041,0x0000,0x10A3,0x2125,0x10C3,0x18C3,0x18E3,0x18E3,0x18E3,
  0x18E3,0x18E3,0x18E3,0x18E3,0x18E3,0x18E3,0x18E3,0x18E3,0x18E3,0x2104,0x0862,0x0000,0x2125,0x2104,0x18E4,0x1904,
  0x1904,0x1904,0x1904,0x1904,0x1904,0x1904,0x1904,0x2104,0x2104,0x2104,0x2104,0x1904,0x0000,0x0861,0x2946,0x2125,
  0x2125,0x2145,0x2145,0x2125,0x2125,0x2125,0x2125,0x2145,0x2145,0x2145,0x2145,0x0840,0x0021,0x2966,0x2125,0x2945,
  0x2945,0x2945,0x2945,0x2945,0x2945,0x2945,0x2945,0x2145,0x2145,0x2945,0x0041,0x1082,0x39C7,0x2945,0x2966,0x2945,
  0x2945,0x2965,0x2966,0x2966,0x2966,0x2966,0x2966,0x2986,0x2125,0x0000,0x2145,0x2986,0x2965,0x2966,0x2966,0x2966,
  0x2966,0x2966,0x2966,0x2966,0x2966,0x2966,0x2966,0x0021,0x1082,0x31A7,0x2965,0x2966,0x2965,0x2966,0x2966,0x2966,
  0x2966,0x2966,0x2966,0x2966,0x2986,0x10A3,0x0000,0x3186,0x2945,0x2966,0x2966,0x2966,0x2966,0x2966,0x2945,0x2966,
  0x2966,0x2966,0x3186,0x18C3,0x0000,0x31A7,0x2945,0x2966,0x2966,0x2966,0x2966,0x2966,0x2966,0x2966,0x2966,0x2945,
  0x2966,0x1082,0x0841,0x39E7,0x2945,0x2945,0x2945,0x2965,0x2965,0x2945,0x2945,0x2945,0x2945,0x2945,0x2965,0x0020,
  0x10A2,0x39C7,0x2945,0x2965,0x2945,0x2945,0x2945,0x2945,0x2945,0x2945,0x2945,0x2965,0x2104,0x0000,0x9000,0x9800,
  0x8800,0x8800,0x8800,0x9000,0x9000,0x9000,0x9000,0x9000,0x9000,0x8000,0x0000,0xA000,0xC800,0xB000,0xB800,0xB800,
  0xB800,0xB800,0xB801,0xB800,0xB800,0xC800,0x5000,0x0000,0x0021,0x0820,0x0021,0x0820,0x0820,0x0021,0x0020,0x0020,
  0x0020,0x0020,0x0020,0x0820,0x0000,0xAB40,0xFCE0,0x0840,0x2946,0x0020,0x52AB,0x4AAB,0x0820,0x0041,0x0841,0x0841,
  0x0861,0x0861,0x0861,0x0861,0x0861,0x0861,0x0861,0x0861,0x0861,0x0861,0x0861,0x0841,0x0841,0x0861,0x0861,0x0861,
  0x0861,0x0861,0x0861,0x0861,0x0861,0x0861,0x0861,0x0861,0x0841,0x0841,0x0861,0x0861,0x0861,0x0861,0x0861,0x0861,
  0x0861,0x0861,0x0861,0x0861,0x0861,0x0861,0x0861,0x0861,0x0861,0x0861,0x0861,0x0840,0x0861,0x0861,0x0861,0x0861,
  0x0861,0x0860,0x0861,0x0861,0x0861,0x0861,0x0861,0x0861,0x0841,0x1061,0x0861,0x0861,0x0861,0x0861,0x0861,0x0840,
  0x0840,0x0840,0x0840,0x0840,0x0840,0x0840,0x0840,0x0840,0x0840,0x0840,0x0840,0x0840,0x0840,0x0840,0x0840,0x0840,
  0x0840,0x0840,0x0840,0x0840,0x0840,0x0840,0x0840,0x0840,0x0820,0x0840,0x0840,0x0840,0x0000,0x20E2,0x5A02,0x0020,
  0x0000,0x2966,0x31A6,0x0021,0x0000,0x0840,0x0021,0x0020,0x0020,0x2145,0x18E4,0x18E3,0x18E3,0x18E3,0x18E3,0x18E3,
  0x18E3,0x18E3,0x18E3,0x18E3,0x18E4,0x18E4,0x18E4,0x18E4,0x18E4,0x1904,0x0000,0x0861,0x2966,0x18E4,0x1904,0x1904,
  0x1904,0x1904,0x1904,0x1904,0x1904,0x2104,0x2124,0x2105,0x2125,0x2124,0x2125,0x10A3,0x0000,0x2104,0x2145,0x2125,
  0x2125,0x2125,0x2125,0x2145,0x2145,0x2145,0x2145,0x2145,0x2125,0x2945,0x1904,0x0000,0x18E4,0x2966,0x2125,0x2945,
  0x2945,0x2965,0x2966,0x2966,0x2966,0x2966,0x2945,0x2145,0x2945,0x18E4,0x0000,0x2945,0x3186,0x2966,0x2986,0x2966,
  0x2966,0x2966,0x2966,0x2966,0x2966,0x2966,0x2966,0x2966,0x0862,0x0841,0x31A7,0x2966,0x2966,0x2966,0x2966,0x2966,
  0x2966,0x2966,0x2966,0x2966,0x2966,0x2966,0x2124,0x0000,0x2945,0x31A7,0x2966,0x2966,0x2966,0x2965,0x2966,0x2966,
  0x2966,0x2966,0x2966,0x2966,0x2966,0x0020,0x18C3,0x31C7,0x2966,0x2986,0x2966,0x2966,0x2966,0x2966,0x2966,0x2966,
  0x2966,0x2966,0x2986,0x0841,0x18C3,0x31C7,0x2945,0x3186,0x3186,0x3186,0x2986,0x2966,0x2966,0x2945,0x2945,0x2945,
  0x2966,0x0021,0x2104,0x39E7,0x2965,0x2965,0x2965,0x2965,0x2965,0x2965,0x2965,0x2965,0x2965,0x3186,0x2125,0x0000,
  0x2945,0x2965,0x2945,0x2965,0x2945,0x2945,0x2945,0x2945,0x2945,0x2965,0x2965,0x3186,0x0882,0x2020,0xC000,0x9000,
  0x9000,0x8800,0x8800,0x9000,0x9000,0x9000,0x9000,0x8800,0x9800,0x4000,0x1800,0xE801,0xC000,0xC000,0xC000,0xC000,
  0xC000,0xB800,0xB800,0xB800,0xC000,0xC800,0x1800,0x0020,0x0021,0x0820,0x0021,0x0820,0x0820,0x0820,0x0820,0x0020,
  0x0020,0x0020,0x0020,0x0820,0x0000,0xB360,0xFCE0,0x0820,0x18C4,0x0020,0x4A6A,0x4AAB,0x0840,0x0841,0x0861,0x0841,
  0x0861,0x0861,0x0861,0x0861,0x0861,0x0861,0x0841,0x0841,0x0841,0x0861,0x0841,0x0861,0x0861,0x0841,0x0861,0x0861,
  0x0861,0x0861,0x0861,0x0861,0x0840,0x0861,0x0841,0x0840,0x0841,0x0840,0x0841,0x0861,0x0861,0x0861,0x0861,0x0861,
  0x0861,0x0840,0x0861,0x0840,0x0861,0x0840,0x0861,0x0861,0x0861,0x0860,0x0861,0x0861,0x0861,0x0861,0x0861,0x0861,
  0x0840,0x0861,0x0861,0x0861,0x0861,0x0861,0x0861,0x0861,0x0861,0x0861,0x0861,0x0861,0x0840,0x0861,0x0840,0x0840,
  0x0840,0x0840,0x0840,0x0840,0x0840,0x0840,0x0840,0x0840,0x0840,0x0840,0x0840,0x0840,0x0840,0x0840,0x0840,0x0840,
  0x0840,0x0840,0x0840,0x0840,0x0840,0x0840,0x0840,0x0840,0x0840,0x0840,0x0840,0x0840,0x0000,0x18C3,0x59E2,0x0820,
  0x0000,0x3185,0x10A3,0x0000,0x0820,0x0021,0x0021,0x0000,0x0000,0x0041,0x0020,0x0020,0x0020,0x0020,0x0020,0x0020,
  0x0020,0x0020,0x0020,0x0020,0x0020,0x0020,0x0020,0x0020,0x0020,0x0020,0x0000,0x0020,0x0840,0x0020,0x0020,0x0020,
  0x0820,0x0820,0x0820,0x0820,0x0820,0x0820,0x0820,0x0820,0x0820,0x0820,0x0840,0x0000,0x0000,0x0841,0x0000,0x0020,
  0x0020,0x0020,0x0020,0x0020,0x0020,0x0020,0x0020,0x0020,0x0020,0x0020,0x0000,0x0000,0x0020,0x0020,0x0020,0x0020,
  0x0020,0x0020,0x0020,0x0020,0x0020,0x0020,0x0020,0x0020,0x0020,0x0000,0x0000,0x0841,0x0000,0x0020,0x0020,0x0020,
  0x0020,0x0020,0x0020,0x0020,0x0020,0x0020,0x0020,0x0020,0x0000,0x0020,0x0841,0x0020,0x0020,0x0020,0x0020,0x0020,
  0x0020,0x0020,0x0020,0x0020,0x0020,0x0020,0x0000,0x0000,0x0841,0x0020,0x0020,0x0020,0x0020,0x0020,0x0020,0x0020,
  0x0021,0x0821,0x0020,0x0020,0x0020,0x0000,0x0841,0x0021,0x0821,0x0020,0x0020,0x0020,0x0020,0x0020,0x0020,0x0020,
  0x0020,0x0020,0x0020,0x0000,0x0020,0x0020,0x0020,0x0020,0x0020,0x0021,0x0021,0x0020,0x0020,0x0020,0x0020,0x0020,
  0x0041,0x0000,0x0861,0x0020,0x0020,0x0020,0x0020,0x0020,0x0020,0x0020,0x0020,0x0020,0x0020,0x0841,0x0020,0x0000,
  0x0841,0x0000,0x0020,0x0020,0x0020,0x0020,0x0020,0x0020,0x0020,0x0020,0x0020,0x0841,0x0000,0x1800,0x2000,0x1000,
  0x1000,0x1000,0x1800,0x1800,0x1800,0x1800,0x1800,0x1800,0x2000,0x0800,0x1800,0x3000,0x2800,0x2800,0x2800,0x2800,
  0x2800,0x2000,0x2000,0x2000,0x2000,0x2000,0x0000,0x0820,0x0021,0x0820,0x0820,0x0021,0x0820,0x0020,0x0020,0x0020,
  0x0020,0x0020,0x0020,0x0820,0x0000,0xAB40,0xFCE0,0x0020,0x0820,0x0020,0x4A6A,0x4ACC,0x0840,0x0041,0x0841,0x0841,
  0x0861,0x0861,0x0861,0x0841,0x0841,0x0841,0x0841,0x0841,0x0841,0x0841,0x0841,0x0841,0x0861,0x0861,0x0861,0x0861,
  0x0861,0x0861,0x0861,0x0861,0x0840,0x0840,0x0840,0x0840,0x0861,0x0840,0x0840,0x0861,0x0861,0x0861,0x0841,0x0861,
  0x0840,0x0840,0x0861,0x0841,0x0861,0x0861,0x0861,0x0840,0x0861,0x0861,0x0840,0x0840,0x0840,0x0861,0x0840,0x0861,
  0x0861,0x0861,0x0861,0x0861,0x0861,0x0861,0x0840,0x0861,0x0861,0x0861,0x0861,0x0840,0x0840,0x0840,0x0840,0x0840,
  0x0840,0x0840,0x0840,0x0840,0x0840,0x0840,0x0840,0x0840,0x0840,0x0840,0x0840,0x0840,0x0840,0x0840,0x0840,0x0840,
  0x0840,0x0840,0x0840,0x0840,0x0840,0x0840,0x0840,0x0840,0x0840,0x0840,0x0840,0x0840,0x0000,0x18C3,0x59E2,0x0020,
  0x0000,0x7A40,0x59A0,0x0000,0x0840,0x0840,0x0020,0x0841,0x0882,0x0861,0x0861,0x0862,0x0861,0x0861,0x0861,0x0862,
  0x0862,0x0862,0x0862,0x0862,0x0862,0x0862,0x0862,0x0862,0x0862,0x0862,0x0862,0x0882,0x1082,0x1082,0x0882,0x0882,
  0x1082,0x1082,0x1082,0x0882,0x0882,0x1082,0x1082,0x0882,0x0882,0x0882,0x0882,0x0882,0x1082,0x1082,0x1082,0x1082,
  0x1082,0x1082,0x0882,0x1082,0x1082,0x1082,0x1082,0x1082,0x0882,0x0862,0x1082,0x1082,0x1082,0x10A2,0x10A2,0x1082,
  0x1082,0x1082,0x1082,0x1082,0x1082,0x1082,0x1082,0x1082,0x10A2,0x10A2,0x1082,0x10A2,0x10A2,0x10A2,0x1082,0x1082,
  0x1082,0x1082,0x1082,0x1082,0x1082,0x1082,0x1082,0x1082,0x1082,0x1082,0x10A2,0x10A2,0x1082,0x1082,0x1082,0x1082,
  0x1082,0x1082,0x1082,0x1082,0x1082,0x1082,0x1082,0x1082,0x10A2,0x10A2,0x1082,0x1082,0x1082,0x1082,0x1082,0x1082,
  0x0882,0x1082,0x1082,0x0882,0x0882,0x1082,0x10A3,0x10A2,0x1082,0x1082,0x1082,0x1082,0x1082,0x1082,0x1082,0x0882,
  0x0862,0x0862,0x0882,0x0882,0x1082,0x10A3,0x10A2,0x1082,0x1082,0x1082,0x0882,0x0882,0x1082,0x1082,0x0882,0x0862,
  0x0882,0x1082,0x10A2,0x1082,0x1082,0x1082,0x0882,0x0862,0x0861,0x0861,0x0862,0x0861,0x0861,0x0841,0x0861,0x0862,
  0x0882,0x0882,0x0882,0x0862,0x0862,0x0862,0x0861,0x0861,0x0861,0x0861,0x0861,0x0861,0x0862,0x0862,0x0861,0x0861,
  0x0861,0x0861,0x0840,0x0840,0x0840,0x0840,0x0041,0x0041,0x0840,0x0841,0x0841,0x0840,0x0840,0x0840,0x0840,0x0840,
  0x0820,0x0840,0x0820,0x0820,0x0820,0x0820,0x0020,0x0021,0x0820,0x0820,0x0020,0x0820,0x0820,0x0020,0x0020,0x0020,
  0x0020,0x0020,0x0020,0x0820,0x0000,0xB360,0xFCE0,0x0020,0x0820,0x0020,0x52AB,0x52CC,0x0840,0x0041,0x0841,0x0841,
  0x0841,0x0841,0x0841,0x0841,0x0841,0x0841,0x0841,0x0841,0x0841,0x0841,0x0841,0x0841,0x0841,0x0841,0x0841,0x0841,
  0x0841,0x0840,0x0861,0x0840,0x0841,0x0841,0x0840,0x0840,0x0841,0x0840,0x0840,0x0861,0x0861,0x0861,0x0840,0x0841,
  0x0841,0x0840,0x0861,0x0840,0x0840,0x0840,0x0840,0x0840,0x0840,0x0840,0x0840,0x0840,0x0840,0x0840,0x0840,0x0840,
  0x0840,0x0840,0x0840,0x0840,0x0840,0x0840,0x0840,0x0840,0x0840,0x0840,0x0840,0x0840,0x0840,0x0840,0x0840,0x0840,
  0x0840,0x0840,0x0861,0x0840,0x0840,0x0840,0x0840,0x0840,0x0840,0x0840,0x0840,0x0840,0x0840,0x0840,0x0840,0x0840,
  0x0840,0x0840,0x0840,0x0840,0x0840,0x0840,0x0840,0x0840,0x0840,0x0840,0x0840,0x0840,0x0000,0x10C3,0x51E2,0x0020,
  0x0000,0xEC80,0x8AA0,0x0000,0x0840,0x0840,0x0021,0x0861,0x0882,0x0882,0x0882,0x0882,0x0882,0x0882,0x0882,0x0882,
  0x0882,0x0882,0x0882,0x0882,0x0882,0x0882,0x0882,0x0882,0x0882,0x0882,0x0882,0x0882,0x10A2,0x10A2,0x1082,0x1082,
  0x1082,0x10A2,0x10A3,0x10A2,0x10A2,0x10A2,0x10A2,0x10A2,0x10A2,0x10A2,0x1082,0x0882,0x10A2,0x10A3,0x10A2,0x10A2,
  0x10A2,0x1082,0x10A2,0x10A2,0x10A2,0x10A2,0x10A2,0x10A2,0x10A2,0x10A2,0x10A2,0x10A2,0x10A3,0x10A3,0x10A3,0x10A3,
  0x10A3,0x10A3,0x10A2,0x10A3,0x10A3,0x10A3,0x10A3,0x10A3,0x10A3,0x10A2,0x1082,0x10A3,0x10C3,0x10A3,0x10A3,0x10A3,
  0x10A3,0x10A3,0x10A3,0x10A3,0x10A3,0x10A3,0x10A3,0x10A3,0x1082,0x10A2,0x10A3,0x10A3,0x10A3,0x10A3,0x10A3,0x10A3,
  0x10A3,0x10A3,0x10A3,0x10A3,0x10A3,0x10A3,0x10A3,0x10A3,0x10C3,0x10A3,0x10A3,0x10A3,0x10A3,0x10A3,0x10A3,0x10A3,
  0x10A2,0x10A2,0x10A3,0x10A3,0x10A3,0x10A2,0x10A3,0x10A3,0x10A3,0x10A3,0x10A3,0x10A3,0x10A3,0x10A3,0x10A3,0x10A3,
  0x10A2,0x10A2,0x10A3,0x10A3,0x10A3,0x10C3,0x10C3,0x10A3,0x10A3,0x10A3,0x10A3,0x10A3,0x10A3,0x10C3,0x10A3,0x10A3,
  0x10A3,0x1082,0x10A3,0x10A3,0x10A3,0x10A3,0x10A3,0x10A2,0x10A2,0x10A3,0x10A3,0x10A3,0x10A2,0x1082,0x0882,0x0882,
  0x10A2,0x10A2,0x10A2,0x10A2,0x10A2,0x10A2,0x1082,0x1082,0x10A2,0x10A2,0x1082,0x1082,0x0882,0x0882,0x1082,0x1082,
  0x1082,0x1082,0x0882,0x0882,0x0882,0x0882,0x0882,0x0882,0x1082,0x0882,0x0862,0x0882,0x0862,0x0862,0x0862,0x0862,
  0x0862,0x0862,0x0862,0x0861,0x0861,0x0861,0x0041,0x0021,0x0021,0x0020,0x0021,0x0020,0x0020,0x0020,0x0020,0x0020,
  0x0020,0x0020,0x0020,0x0820,0x0000,0xB360,0xFCE0,0x0000,0x0000,0x0021,0x52AB,0x530D,0x0840,0x0041,0x0841,0x0041,
  0x0841,0x0841,0x0841,0x0841,0x0841,0x0841,0x0841,0x0841,0x0041,0x0041,0x0841,0x0840,0x0841,0x0841,0x0840,0x0841,
  0x0840,0x0840,0x0840,0x0840,0x0841,0x0840,0x0840,0x0840,0x0840,0x0840,0x0840,0x0840,0x0840,0x0841,0x0840,0x0840,
  0x0840,0x0840,0x0840,0x0840,0x0840,0x0840,0x0840,0x0840,0x0840,0x0840,0x0840,0x0840,0x0840,0x0840,0x0840,0x0840,
  0x0840,0x0840,0x0840,0x0840,0x0840,0x0840,0x0840,0x0840,0x0840,0x0861,0x0840,0x0840,0x0840,0x0840,0x0840,0x0840,
  0x0840,0x0840,0x0840,0x0861,0x0840,0x0840,0x0840,0x0840,0x0840,0x0840,0x0840,0x0840,0x0840,0x0840,0x0840,0x0840,
  0x0840,0x0840,0x0840,0x0840,0x0840,0x0840,0x0820,0x0840,0x0840,0x0840,0x0840,0x0840,0x0000,0x18E4,0x5203,0x0000,
  0x0000,0xEC60,0x8280,0x0000,0x0840,0x0840,0x0041,0x0021,0x0020,0x0020,0x0020,0x0020,0x0020,0x0020,0x0020,0x0021,
  0x0020,0x0021,0x0021,0x0021,0x0820,0x0021,0x0021,0x0820,0x0820,0x0840,0x0840,0x0021,0x0020,0x0020,0x0021,0x0021,
  0x0021,0x0021,0x0840,0x0021,0x0021,0x0840,0x0840,0x0840,0x0840,0x0840,0x0041,0x0041,0x0041,0x0041,0x0041,0x0041,
  0x0041,0x0041,0x0041,0x0840,0x0840,0x0041,0x0041,0x0041,0x0041,0x0041,0x0041,0x0041,0x0041,0x0840,0x0840,0x0041,
  0x0041,0x0041,0x0041,0x0041,0x0041,0x0041,0x0041,0x0041,0x0041,0x0041,0x0041,0x0021,0x0041,0x0041,0x0041,0x0041,
  0x0041,0x0041,0x0041,0x0041,0x0041,0x0041,0x0041,0x0041,0x0041,0x0041,0x0041,0x0041,0x0041,0x0041,0x0041,0x0041,
  0x0041,0x0041,0x0041,0x0041,0x0041,0x0041,0x0041,0x0041,0x0840,0x0021,0x0041,0x0041,0x0041,0x0041,0x0041,0x0041,
  0x0041,0x0041,0x0041,0x0041,0x0041,0x0041,0x0041,0x0041,0x0041,0x0041,0x0041,0x0041,0x0041,0x0041,0x0041,0x0041,
  0x0840,0x0041,0x0041,0x0041,0x0041,0x0041,0x0041,0x0041,0x0041,0x0041,0x0041,0x0041,0x0041,0x0041,0x0841,0x0841,
  0x0041,0x0041,0x0041,0x0841,0x0041,0x0041,0x0041,0x0041,0x0041,0x0041,0x0041,0x0041,0x0041,0x0041,0x0041,0x0041,
  0x0041,0x0041,0x0041,0x0041,0x0041,0x0041,0x0041,0x0041,0x0041,0x0041,0x0041,0x0041,0x0041,0x0840,0x0840,0x0840,
  0x0041,0x0840,0x0021,0x0840,0x0021,0x0840,0x0840,0x0021,0x0820,0x0820,0x0820,0x0020,0x0820,0x0020,0x0020,0x0020,
  0x0021,0x0020,0x0020,0x0020,0x0020,0x0020,0x0021,0x0021,0x0820,0x0820,0x0820,0x0020,0x0820,0x0820,0x0020,0x0020,
  0x0020,0x0020,0x0020,0x0820,0x0000,0xB360,0xFCE0,0x0000,0x0000,0x0020,0x52CB,0x530E,0x0840,0x0041,0x0841,0x0840,
  0x0041,0x0840,0x0841,0x0841,0x0841,0x0841,0x0841,0x0841,0x0841,0x0840,0x0841,0x0841,0x0841,0x0840,0x0840,0x0841,
  0x0841,0x0840,0x0841,0x0841,0x0840,0x0840,0x0840,0x0840,0x0840,0x0840,0x0840,0x0861,0x0861,0x0840,0x0840,0x0840,
  0x0840,0x0840,0x0840,0x0840,0x0840,0x0840,0x0840,0x0840,0x0840,0x0840,0x0840,0x0840,0x0840,0x0840,0x0840,0x0840,
  0x0840,0x0840,0x0840,0x0841,0x0861,0x0840,0x0861,0x0861,0x0840,0x0840,0x0840,0x0840,0x0840,0x0840,0x0840,0x0840,
  0x0840,0x0840,0x0840,0x0840,0x0840,0x0840,0x0840,0x0840,0x0840,0x0840,0x0840,0x0840,0x0840,0x0840,0x0840,0x0840,
  0x0840,0x0840,0x0840,0x0840,0x0840,0x0840,0x0840,0x0840,0x0840,0x0840,0x0840,0x0840,0x0000,0x18E4,0x5203,0x0000,
  0x0000,0xE440,0x8280,0x0000,0x0840,0x0041,0x0041,0x0041,0x0041,0x0041,0x0041,0x0041,0x0840,0x0840,0x0041,0x0041,
  0x0041,0x0041,0x0041,0x0041,0x0840,0x0041,0x0041,0x0041,0x0041,0x0041,0x0041,0x0041,0x0041,0x0041,0x0840,0x0041,
  0x0041,0x0041,0x0041,0x0041,0x0041,0x0841,0x0841,0x0041,0x0041,0x0841,0x0841,0x0841,0x0841,0x0841,0x0841,0x0841,
  0x0841,0x0841,0x0841,0x0841,0x0841,0x0841,0x0841,0x0841,0x0841,0x0841,0x0841,0x0841,0x0841,0x0841,0x0841,0x0841,
  0x0841,0x0841,0x0841,0x0841,0x0841,0x0841,0x0841,0x0841,0x0841,0x0841,0x0841,0x0841,0x0841,0x0841,0x0841,0x0841,
  0x0841,0x0841,0x0841,0x0841,0x0841,0x0841,0x0841,0x0841,0x0841,0x0841,0x0841,0x0841,0x0841,0x0861,0x0861,0x0861,
  0x0841,0x0841,0x0861,0x0861,0x0861,0x0861,0x0841,0x0841,0x0841,0x0841,0x0841,0x0841,0x0841,0x0841,0x0841,0x0841,
  0x0841,0x0841,0x0861,0x0841,0x0861,0x0841,0x0841,0x0861,0x0861,0x0861,0x0841,0x0841,0x0841,0x0841,0x0841,0x0861,
  0x0861,0x0841,0x0841,0x0841,0x0861,0x0841,0x0841,0x0841,0x0861,0x0841,0x0861,0x0861,0x0861,0x0861,0x0861,0x0861,
  0x0861,0x0861,0x0861,0x0861,0x0861,0x0861,0x0841,0x0861,0x0861,0x0841,0x0841,0x0841,0x0841,0x0841,0x0841,0x0841,
  0x0841,0x0841,0x0841,0x0841,0x0841,0x0841,0x0841,0x0841,0x0841,0x0841,0x0841,0x0041,0x0841,0x0041,0x0041,0x0041,
  0x0041,0x0041,0x0041,0x0041,0x0041,0x0840,0x0041,0x0041,0x0041,0x0041,0x0041,0x0041,0x0041,0x0041,0x0041,0x0041,
  0x0041,0x0840,0x0840,0x0840,0x0840,0x0840,0x0840,0x0840,0x0820,0x0021,0x0020,0x0820,0x0820,0x0820,0x0020,0x0020,
  0x0020,0x0020,0x0020,0x0820,0x0000,0xAB40,0xFCE0,0x0020,0x0020,0x0020,0x52CC,0x532E,0x0840,0x0041,0x0041,0x0841,
  0x0841,0x0841,0x0840,0x0841,0x0841,0x0841,0x0840,0x0841,0x0841,0x0841,0x0840,0x0841,0x0840,0x0840,0x0841,0x0840,
  0x0840,0x0840,0x0840,0x0840,0x0041,0x0840,0x0041,0x0840,0x0840,0x0840,0x0840,0x0840,0x0840,0x0840,0x0840,0x0840,
  0x0840,0x0840,0x0840,0x0840,0x0840,0x0840,0x0840,0x0840,0x0840,0x0840,0x0840,0x0840,0x0840,0x0840,0x0840,0x0840,
  0x0840,0x0840,0x0840,0x0840,0x0840,0x0861,0x0840,0x0840,0x0840,0x0840,0x0840,0x0840,0x0840,0x0840,0x0840,0x0840,
  0x0860,0x0840,0x0840,0x0840,0x0840,0x0840,0x0840,0x0840,0x0840,0x0840,0x0840,0x0840,0x0840,0x0840,0x0840,0x0840,
  0x0840,0x0840,0x0840,0x0840,0x0840,0x0840,0x0840,0x0840,0x0840,0x0840,0x0840,0x0840,0x0000,0x10E4,0x51E3,0x0000,
  0x0000,0xE440,0x8260,0x0000,0x0840,0x0041,0x0041,0x0041,0x0041,0x0840,0x0041,0x0041,0x0840,0x0021,0x0041,0x0041,
  0x0041,0x0041,0x0840,0x0041,0x0041,0x0041,0x0041,0x0041,0x0041,0x0041,0x0841,0x0840,0x0041,0x0041,0x0041,0x0041,
  0x0041,0x0041,0x0041,0x0041,0x0041,0x0041,0x0041,0x0841,0x0841,0x0841,0x0841,0x0841,0x0841,0x0841,0x0841,0x0841,
  0x0841,0x0841,0x0841,0x0841,0x0841,0x0841,0x0841,0x0841,0x0841,0x0841,0x0841,0x0841,0x0841,0x0841,0x0841,0x0841,
  0x0841,0x0841,0x0841,0x0841,0x0841,0x0841,0x0841,0x0841,0x0841,0x0841,0x0841,0x0841,0x0841,0x0841,0x0841,0x0841,
  0x0841,0x0841,0x0841,0x0841,0x0841,0x0841,0x0841,0x0841,0x0841,0x0841,0x0841,0x0841,0x0841,0x0841,0x0841,0x0841,
  0x0841,0x0841,0x0841,0x0841,0x0841,0x0841,0x0841,0x0841,0x0841,0x0841,0x0841,0x0841,0x0841,0x0841,0x0841,0x0841,
  0x0841,0x0841,0x0841,0x0841,0x0841,0x0841,0x0841,0x0841,0x0841,0x0841,0x0841,0x0841,0x0841,0x0841,0x0841,0x0841,
  0x0841,0x0841,0x0841,0x0841,0x0861,0x0841,0x0841,0x0841,0x0841,0x0861,0x0861,0x0841,0x0841,0x0861,0x0861,0x0861,
  0x0861,0x0861,0x0861,0x0861,0x0841,0x0861,0x0841,0x0861,0x0861,0x0841,0x0841,0x0841,0x0841,0x0841,0x0841,0x0841,
  0x0841,0x0841,0x0841,0x0841,0x0841,0x0841,0x0841,0x0841,0x0841,0x0841,0x0841,0x0841,0x0841,0x0041,0x0041,0x0041,
  0x0041,0x0041,0x0841,0x0041,0x0041,0x0041,0x0041,0x0041,0x0041,0x0041,0x0041,0x0041,0x0041,0x0041,0x0041,0x0041,
  0x0041,0x0041,0x0041,0x0840,0x0840,0x0840,0x0021,0x0021,0x0840,0x0021,0x0021,0x0021,0x0021,0x0820,0x0820,0x0820,
  0x0020,0x0020,0x0020,0x0820,0x0000,0xAB40,0xFCE0,0x0020,0x0020,0x0020,0x52CC,0x5B2F,0x0840,0x0041,0x0841,0x0841,
  0x0841,0x0841,0x0841,0x0841,0x0841,0x0841,0x0041,0x0841,0x0841,0x0041,0x0840,0x0840,0x0840,0x0041,0x0840,0x0041,
  0x0840,0x0840,0x0841,0x0840,0x0041,0x0840,0x0041,0x0840,0x0840,0x0041,0x0840,0x0840,0x0041,0x0840,0x0840,0x0041,
  0x0840,0x0840,0x0840,0x0840,0x0840,0x0840,0x0861,0x0840,0x0840,0x0840,0x0840,0x0840,0x0840,0x0840,0x0840,0x0840,
  0x0840,0x0840,0x0840,0x0840,0x0840,0x0861,0x0840,0x0840,0x0840,0x0840,0x0840,0x0840,0x0840,0x0840,0x0840,0x0840,
  0x0840,0x0840,0x0840,0x0840,0x0840,0x0860,0x0840,0x0840,0x0840,0x0840,0x0840,0x0840,0x0840,0x0840,0x0840,0x0840,
  0x0840,0x0840,0x0840,0x0840,0x0840,0x0840,0x0840,0x0840,0x0840,0x0840,0x0840,0x0840,0x0000,0x18E4,0x49E3,0x0000,
  0x0000,0xE440,0x8260,0x0000,0x0840,0x0041,0x0041,0x0041,0x0041,0x0041,0x0041,0x0041,0x0041,0x0041,0x0041,0x0840,
  0x0041,0x0041,0x0041,0x0041,0x0041,0x0041,0x0041,0x0041,0x0041,0x0041,0x0041,0x0041,0x0041,0x0041,0x0041,0x0041,
  0x0840,0x0041,0x0041,0x0041,0x0041,0x0041,0x0841,0x0841,0x0841,0x0841,0x0041,0x0841,0x0841,0x0841,0x0841,0x0841,
  0x0841,0x0841,0x0841,0x0841,0x0841,0x0841,0x0841,0x0841,0x0841,0x0841,0x0841,0x0841,0x0841,0x0841,0x0841,0x0841,
  0x0841,0x0841,0x0861,0x0861,0x0841,0x0841,0x0841,0x0841,0x0841,0x0840,0x0841,0x0841,0x0841,0x0841,0x0841,0x0841,
  0x0841,0x0841,0x0841,0x0841,0x0841,0x0841,0x0841,0x0841,0x0841,0x0841,0x0841,0x0841,0x0841,0x0841,0x0841,0x0841,
  0x0841,0x0841,0x0841,0x0841,0x0841,0x0841,0x0841,0x0841,0x0841,0x0841,0x0841,0x0841,0x0841,0x0841,0x0841,0x0841,
  0x0841,0x0841,0x0841,0x0861,0x0841,0x0841,0x0841,0x0841,0x0841,0x0841,0x0841,0x0841,0x0841,0x0861,0x0861,0x0861,
  0x0841,0x0841,0x0841,0x0841,0x0861,0x0861,0x0841,0x0861,0x0841,0x0841,0x0861,0x0861,0x0861,0x0841,0x0861,0x0861,
  0x0861,0x0861,0x0861,0x0861,0x0861,0x0861,0x0841,0x0861,0x0841,0x0841,0x0841,0x0861,0x0841,0x0841,0x0841,0x0841,
  0x0841,0x0841,0x0841,0x0841,0x0841,0x0841,0x0841,0x0861,0x0841,0x0861,0x0841,0x0841,0x0841,0x0041,0x0841,0x0041,
  0x0041,0x0041,0x0841,0x0841,0x0841,0x0041,0x0041,0x0041,0x0041,0x0041,0x0041,0x0840,0x0840,0x0041,0x0041,0x0041,
  0x0041,0x0041,0x0041,0x0041,0x0840,0x0840,0x0820,0x0840,0x0840,0x0021,0x0820,0x0840,0x0021,0x0820,0x0820,0x0820,
  0x0020,0x0020,0x0020,0x0820,0x0000,0xAB40,0xFCE0,0x0840,0x18C1,0x0020,0x4AEE,0x5B70,0x0840,0x0041,0x0841,0x0841,
  0x0841,0x0841,0x0841,0x0841,0x0841,0x0841,0x0841,0x0841,0x0841,0x0041,0x0041,0x0841,0x0041,0x0041,0x0840,0x0841,
  0x0841,0x0841,0x0841,0x0041,0x0041,0x0840,0x0840,0x0840,0x0840,0x0841,0x0041,0x0840,0x0840,0x0041,0x0041,0x0840,
  0x0840,0x0840,0x0840,0x0840,0x0840,0x0840,0x0840,0x0840,0x0840,0x0840,0x0840,0x0840,0x0861,0x0840,0x0840,0x0861,
  0x0840,0x0840,0x0840,0x0840,0x0840,0x0840,0x0840,0x0840,0x0840,0x0840,0x0840,0x0840,0x0840,0x0840,0x0840,0x0860,
  0x0860,0x0840,0x0840,0x0840,0x0861,0x0840,0x0840,0x0840,0x0840,0x0840,0x0840,0x0840,0x0840,0x0840,0x0840,0x0840,
  0x0840,0x0840,0x0840,0x0840,0x0840,0x0840,0x0840,0x0840,0x0840,0x0840,0x0840,0x0840,0x0000,0x18E4,0x2188,0x0000,
  0x0000,0xE440,0x7A60,0x0000,0x0840,0x0041,0x0041,0x0041,0x0041,0x0041,0x0041,0x0041,0x0041,0x0041,0x0041,0x0041,
  0x0041,0x0041,0x0041,0x0041,0x0041,0x0041,0x0041,0x0041,0x0041,0x0041,0x0041,0x0041,0x0041,0x0041,0x0041,0x0041,
  0x0041,0x0041,0x0041,0x0041,0x0841,0x0841,0x0841,0x0841,0x0841,0x0041,0x0041,0x0841,0x0841,0x0841,0x0841,0x0841,
  0x0841,0x0841,0x0841,0x0841,0x0841,0x0841,0x0841,0x0841,0x0841,0x0841,0x0841,0x0841,0x0841,0x0841,0x0841,0x0841,
  0x0841,0x0841,0x0841,0x0841,0x0841,0x0861,0x0841,0x0841,0x0841,0x0841,0x0841,0x0841,0x0841,0x0841,0x0841,0x0841,
  0x0841,0x0841,0x0841,0x0841,0x0841,0x0841,0x0841,0x0841,0x0841,0x0841,0x0841,0x0841,0x0841,0x0841,0x0861,0x0861,
  0x0861,0x0841,0x0841,0x0841,0x0841,0x0861,0x0841,0x0841,0x0861,0x0841,0x0841,0x0841,0x0841,0x0841,0x0841,0x0841,
  0x0841,0x0841,0x0841,0x0861,0x0861,0x0841,0x0841,0x0861,0x0861,0x0841,0x0841,0x0841,0x0841,0x0861,0x0861,0x0841,
  0x0861,0x0861,0x0841,0x0861,0x0861,0x0861,0x0861,0x0841,0x0841,0x0841,0x0861,0x0861,0x0861,0x0861,0x0861,0x0861,
  0x0861,0x0861,0x0861,0x0861,0x0861,0x0861,0x0841,0x0861,0x0861,0x0861,0x0861,0x0861,0x0841,0x0861,0x0841,0x0841,
  0x0841,0x0861,0x0861,0x0861,0x0841,0x0841,0x0861,0x0841,0x0861,0x0841,0x0841,0x0841,0x0841,0x0841,0x0841,0x0841,
  0x0841,0x0041,0x0841,0x0841,0x0041,0x0041,0x0841,0x0041,0x0041,0x0041,0x0041,0x0041,0x0041,0x0041,0x0041,0x0041,
  0x0041,0x0041,0x0041,0x0041,0x0840,0x0840,0x0041,0x0840,0x0840,0x0021,0x0820,0x0021,0x0021,0x0820,0x0820,0x0820,
  0x0020,0x0020,0x0020,0x0820,0x0000,0xAB20,0xFCE0,0x1060,0x4160,0x0840,0x530D,0x63B0,0x1060,0x0021,0x0841,0x0841,
  0x0841,0x0841,0x0841,0x0841,0x0841,0x0841,0x0841,0x0841,0x0041,0x0041,0x0041,0x0041,0x0041,0x0041,0x0840,0x0841,
  0x0840,0x0841,0x0841,0x0841,0x0840,0x0840,0x0841,0x0840,0x0840,0x0841,0x0840,0x0840,0x0840,0x0840,0x0840,0x0840,
  0x0840,0x0840,0x0840,0x0840,0x0840,0x0840,0x0840,0x0840,0x0840,0x0840,0x0840,0x0840,0x0840,0x0861,0x0861,0x0861,
  0x0840,0x0840,0x0840,0x0840,0x0840,0x0840,0x0860,0x0840,0x0840,0x0840,0x0840,0x0840,0x0840,0x0840,0x0840,0x0860,
  0x0840,0x0840,0x0861,0x0860,0x0840,0x0860,0x0840,0x0840,0x0840,0x0840,0x0840,0x0840,0x0840,0x0840,0x0840,0x0840,
  0x0840,0x0840,0x0840,0x0840,0x0840,0x0840,0x0840,0x0840,0x0840,0x0840,0x0840,0x0840,0x0000,0x18E4,0x2187,0x0000,
  0x0000,0xE440,0x7A60,0x0000,0x0840,0x0041,0x0041,0x0041,0x0041,0x0041,0x0041,0x0041,0x0041,0x0041,0x0041,0x0041,
  0x0041,0x0041,0x0041,0x0041,0x0041,0x0041,0x0041,0x0041,0x0041,0x0841,0x0841,0x0041,0x0041,0x0841,0x0041,0x0041,
  0x0041,0x0841,0x0841,0x0841,0x0841,0x0841,0x0841,0x0841,0x0841,0x0841,0x0841,0x0841,0x0841,0x0841,0x0841,0x0841,
  0x0841,0x0841,0x0841,0x0841,0x0841,0x0841,0x0841,0x0841,0x0841,0x0841,0x0841,0x0841,0x0861,0x0861,0x0841,0x0841,
  0x0841,0x0841,0x0841,0x0841,0x0841,0x0841,0x0861,0x0841,0x0841,0x0841,0x0841,0x0841,0x0861,0x0841,0x0861,0x0841,
  0x0841,0x0841,0x0841,0x0841,0x0841,0x0841,0x0841,0x0841,0x0841,0x0841,0x0841,0x0841,0x0861,0x0861,0x0841,0x0861,
  0x0861,0x0841,0x0841,0x0841,0x0861,0x0861,0x0861,0x0841,0x0861,0x0841,0x0841,0x0841,0x0841,0x0841,0x0841,0x0841,
  0x0841,0x0861,0x0861,0x0841,0x0841,0x0841,0x0841,0x0861,0x0841,0x0861,0x0861,0x0861,0x0861,0x0861,0x0861,0x0861,
  0x0861,0x0861,0x0861,0x0861,0x0861,0x0861,0x0861,0x0861,0x0841,0x0861,0x0861,0x0861,0x0861,0x0861,0x0861,0x0861,
  0x0861,0x0861,0x0861,0x0861,0x0861,0x0861,0x0841,0x0841,0x0861,0x0861,0x0861,0x0861,0x0861,0x0861,0x0861,0x0861,
  0x0861,0x0841,0x0861,0x0841,0x0841,0x0861,0x0861,0x0841,0x0861,0x0861,0x0861,0x0841,0x0861,0x0841,0x0841,0x0841,
  0x0841,0x0041,0x0041,0x0841,0x0841,0x0841,0x0841,0x0841,0x0041,0x0041,0x0041,0x0841,0x0041,0x0041,0x0840,0x0041,
  0x0041,0x0041,0x0840,0x0041,0x0041,0x0041,0x0041,0x0840,0x0021,0x0021,0x0840,0x0021,0x0840,0x0021,0x0020,0x0020,
  0x0020,0x0020,0x0020,0x0820,0x0000,0xA300,0xFCE0,0x0820,0x1880,0x0841,0x632D,0x636F,0x0861,0x0021,0x0841,0x0841,
  0x0841,0x0841,0x0841,0x0841,0x0841,0x0840,0x0041,0x0840,0x0041,0x0041,0x0041,0x0041,0x0840,0x0041,0x0841,0x0841,
  0x0841,0x0841,0x0840,0x0840,0x0840,0x0840,0x0041,0x0840,0x0840,0x0840,0x0840,0x0840,0x0840,0x0840,0x0840,0x0041,
  0x0041,0x0840,0x0840,0x0840,0x0840,0x0840,0x0840,0x0840,0x0840,0x0840,0x0840,0x0840,0x0840,0x0840,0x0840,0x0840,
  0x0840,0x0840,0x0840,0x0840,0x0840,0x0840,0x0840,0x0840,0x0840,0x0840,0x0840,0x0840,0x0840,0x0840,0x0860,0x0840,
  0x0840,0x0840,0x0840,0x0840,0x0840,0x0840,0x0840,0x0840,0x0840,0x0840,0x0840,0x0840,0x0840,0x0840,0x0840,0x0840,
  0x0840,0x0840,0x0840,0x0840,0x0840,0x0840,0x0840,0x0840,0x0840,0x0840,0x0840,0x0840,0x0000,0x1904,0x2167,0x0000,
  0x0000,0xDC40,0x7A40,0x0000,0x0840,0x0041,0x0041,0x0041,0x0041,0x0041,0x0041,0x0041,0x0041,0x0041,0x0041,0x0041,
  0x0041,0x0041,0x0041,0x0041,0x0041,0x0041,0x0041,0x0041,0x0041,0x0041,0x0041,0x0041,0x0841,0x0041,0x0041,0x0041,
  0x0841,0x0841,0x0041,0x0841,0x0841,0x0841,0x0841,0x0841,0x0841,0x0841,0x0841,0x0841,0x0841,0x0841,0x0841,0x0841,
  0x0841,0x0841,0x0841,0x0841,0x0841,0x0841,0x0841,0x0841,0x0841,0x0841,0x0841,0x0841,0x0841,0x0841,0x0841,0x0841,
  0x0841,0x0841,0x0841,0x0861,0x0861,0x0861,0x0861,0x0841,0x0861,0x0861,0x0861,0x0861,0x0861,0x0861,0x0861,0x0841,
  0x0841,0x0841,0x0841,0x0861,0x0861,0x0841,0x0841,0x0841,0x0841,0x0861,0x0841,0x0841,0x0841,0x0861,0x0861,0x0841,
  0x0861,0x0841,0x0841,0x0841,0x0861,0x0861,0x0861,0x0861,0x0841,0x0841,0x0861,0x0861,0x0841,0x0861,0x0841,0x0841,
  0x0841,0x0841,0x0861,0x0841,0x0841,0x0861,0x0861,0x0861,0x0861,0x0861,0x0861,0x0861,0x0861,0x0861,0x0861,0x0861,
  0x0861,0x0861,0x0861,0x0861,0x0861,0x0861,0x0861,0x0841,0x0861,0x0861,0x0861,0x0861,0x0861,0x0861,0x0861,0x0861,
  0x0861,0x0861,0x0861,0x0861,0x0861,0x0861,0x0861,0x0861,0x0861,0x0861,0x0861,0x0861,0x0861,0x0861,0x0861,0x0861,
  0x0861,0x0861,0x0861,0x0861,0x0861,0x0861,0x0861,0x0861,0x0861,0x0861,0x0861,0x0861,0x0861,0x0841,0x0841,0x0841,
  0x0841,0x0841,0x0041,0x0041,0x0041,0x0841,0x0041,0x0841,0x0841,0x0041,0x0841,0x0041,0x0041,0x0041,0x0041,0x0041,
  0x0041,0x0041,0x0041,0x0041,0x0041,0x0041,0x0041,0x0840,0x0840,0x0840,0x0021,0x0021,0x0021,0x0020,0x0020,0x0820,
  0x0820,0x0020,0x0020,0x0840,0x0000,0x9AE0,0xFCE0,0x0841,0x1905,0x0841,0x632D,0x636E,0x0861,0x0041,0x0841,0x0841,
  0x0841,0x0841,0x0841,0x0841,0x0841,0x0841,0x0841,0x0841,0x0841,0x0041,0x0041,0x0841,0x0841,0x0041,0x0841,0x0841,
  0x0841,0x0841,0x0841,0x0840,0x0840,0x0841,0x0840,0x0841,0x0041,0x0041,0x0840,0x0041,0x0840,0x0840,0x0840,0x0840,
  0x0840,0x0840,0x0840,0x0840,0x0840,0x0840,0x0840,0x0840,0x0840,0x0840,0x0840,0x0840,0x0840,0x0840,0x0840,0x0840,
  0x0840,0x0840,0x0840,0x0840,0x0840,0x0840,0x0840,0x0840,0x0840,0x0840,0x0840,0x0840,0x0840,0x0840,0x0840,0x0840,
  0x0840,0x0840,0x0840,0x0840,0x0840,0x0840,0x0840,0x0840,0x0840,0x0840,0x0840,0x0840,0x0840,0x0840,0x0840,0x0840,
  0x0840,0x0840,0x0840,0x0840,0x0840,0x0840,0x0840,0x0840,0x0840,0x0840,0x0840,0x0840,0x0000,0x2104,0x2967,0x0000,
  0x0000,0xDC20,0x7A60,0x0000,0x0840,0x0041,0x0041,0x0041,0x0041,0x0041,0x0041,0x0041,0x0041,0x0041,0x0041,0x0041,
  0x0841,0x0041,0x0041,0x0041,0x0041,0x0041,0x0041,0x0841,0x0041,0x0041,0x0041,0x0041,0x0041,0x0041,0x0841,0x0841,
  0x0841,0x0841,0x0841,0x0841,0x0841,0x0841,0x0841,0x0841,0x0841,0x0841,0x0841,0x0841,0x0841,0x0841,0x0841,0x0841,
  0x0841,0x0841,0x0841,0x0841,0x0841,0x0861,0x0841,0x0841,0x0841,0x0841,0x0841,0x0841,0x0841,0x0841,0x0841,0x0841,
  0x0840,0x0841,0x0841,0x0861,0x0861,0x0861,0x0861,0x0841,0x0861,0x0861,0x0861,0x0861,0x0861,0x0861,0x0861,0x0841,
  0x0841,0x0861,0x0861,0x0861,0x0841,0x0861,0x0841,0x0841,0x0841,0x0841,0x0841,0x0861,0x0861,0x0861,0x0861,0x0861,
  0x0861,0x0861,0x0841,0x0841,0x0861,0x0861,0x0861,0x0861,0x0861,0x0861,0x0841,0x0841,0x0841,0x0861,0x0861,0x0841,
  0x0861,0x0841,0x0841,0x0861,0x0841,0x0841,0x0861,0x0861,0x0861,0x0861,0x0861,0x0841,0x0861,0x0861,0x0861,0x0861,
  0x0861,0x0861,0x0861,0x0861,0x0861,0x0861,0x0861,0x0861,0x0861,0x0861,0x0861,0x0861,0x0861,0x0861,0x0862,0x0861,
  0x0862,0x0862,0x0861,0x1061,0x0861,0x0861,0x0861,0x0861,0x0861,0x0861,0x0861,0x0861,0x0861,0x0861,0x0861,0x0861,
  0x0861,0x0861,0x0861,0x0861,0x0861,0x0861,0x0861,0x0861,0x0841,0x0861,0x0861,0x0861,0x0861,0x0861,0x0841,0x0841,
  0x0841,0x0041,0x0041,0x0841,0x0041,0x0041,0x0041,0x0841,0x0841,0x0841,0x0041,0x0841,0x0041,0x0041,0x0041,0x0041,
  0x0041,0x0041,0x0840,0x0041,0x0041,0x0041,0x0041,0x0840,0x0840,0x0840,0x0840,0x0840,0x0021,0x0820,0x0820,0x0820,
  0x0020,0x0020,0x0020,0x0840,0x0000,0x92C0,0xF4A0,0x0021,0x1905,0x0841,0x5B0C,0x638F,0x0862,0x0021,0x0041,0x0041,
  0x0841,0x0841,0x0841,0x0841,0x0841,0x0841,0x0841,0x0841,0x0041,0x0041,0x0841,0x0841,0x0841,0x0841,0x0840,0x0841,
  0x0841,0x0840,0x0840,0x0841,0x0840,0x0840,0x0840,0x0041,0x0041,0x0041,0x0041,0x0840,0x0840,0x0840,0x0840,0x0840,
  0x0041,0x0840,0x0041,0x0840,0x0840,0x0840,0x0840,0x0840,0x0840,0x0840,0x0840,0x0840,0x0840,0x0840,0x0840,0x0840,
  0x0840,0x0840,0x0840,0x0840,0x0840,0x0840,0x0840,0x0840,0x0840,0x0840,0x0860,0x0840,0x0840,0x0840,0x0840,0x0840,
  0x0840,0x0840,0x0840,0x0840,0x0840,0x0840,0x0840,0x0840,0x0840,0x0840,0x0840,0x0840,0x0840,0x0840,0x0840,0x0840,
  0x0840,0x0840,0x0840,0x0840,0x0840,0x0840,0x0840,0x0840,0x0840,0x0840,0x0840,0x0840,0x0000,0x2124,0x2966,0x0000,
  0x0000,0xDC40,0x8280,0x0000,0x0840,0x0041,0x0041,0x0041,0x0041,0x0041,0x0041,0x0041,0x0041,0x0041,0x0041,0x0041,
  0x0041,0x0041,0x0041,0x0841,0x0041,0x0041,0x0041,0x0041,0x0041,0x0841,0x0841,0x0841,0x0041,0x0041,0x0841,0x0841,
  0x0841,0x0841,0x0841,0x0841,0x0841,0x0841,0x0841,0x0841,0x0841,0x0841,0x0841,0x0041,0x0841,0x0841,0x0841,0x0861,
  0x0841,0x0841,0x0841,0x0841,0x0841,0x0841,0x0841,0x0841,0x0841,0x0841,0x0841,0x0841,0x0841,0x0841,0x0841,0x0841,
  0x0840,0x0841,0x0841,0x0841,0x0861,0x0861,0x0861,0x0861,0x0861,0x0861,0x0861,0x0861,0x0861,0x0861,0x0861,0x0861,
  0x0861,0x0841,0x0861,0x0841,0x0861,0x0861,0x0861,0x0841,0x0861,0x0861,0x0861,0x0861,0x0841,0x0841,0x0861,0x0861,
  0x0861,0x0861,0x0861,0x0861,0x0861,0x0841,0x0861,0x0861,0x0861,0x0861,0x0841,0x0841,0x0841,0x0841,0x0841,0x0861,
  0x0861,0x0861,0x0861,0x0861,0x0861,0x0861,0x0861,0x0861,0x0861,0x0861,0x0861,0x0861,0x0861,0x0861,0x0861,0x0861,
  0x0861,0x0861,0x0861,0x0861,0x0861,0x0861,0x0861,0x0861,0x0861,0x0861,0x0861,0x0861,0x0861,0x1061,0x0862,0x0861,
  0x0861,0x0861,0x0861,0x0861,0x0861,0x0861,0x0861,0x0861,0x0861,0x0861,0x0861,0x0861,0x0861,0x0861,0x0861,0x0861,
  0x0861,0x0861,0x0861,0x0861,0x0861,0x0861,0x0861,0x0861,0x0841,0x0861,0x0861,0x0861,0x0861,0x0861,0x0861,0x0841,
  0x0841,0x0841,0x0041,0x0841,0x0041,0x0041,0x0041,0x0041,0x0041,0x0841,0x0841,0x0041,0x0041,0x0841,0x0041,0x0840,
  0x0041,0x0041,0x0840,0x0041,0x0041,0x0041,0x0041,0x0041,0x0041,0x0840,0x0840,0x0021,0x0021,0x0021,0x0840,0x0820,
  0x0820,0x0020,0x0020,0x0840,0x0000,0x8AA0,0xFCC0,0x0021,0x20C2,0x0041,0x632D,0x6BAF,0x0861,0x0021,0x0841,0x0841,
  0x0841,0x0841,0x0841,0x0841,0x0841,0x0841,0x0841,0x0841,0x0840,0x0841,0x0841,0x0841,0x0841,0x0841,0x0841,0x0841,
  0x0041,0x0840,0x0841,0x0841,0x0041,0x0840,0x0841,0x0840,0x0840,0x0840,0x0840,0x0841,0x0041,0x0840,0x0041,0x0041,
  0x0840,0x0041,0x0840,0x0840,0x0840,0x0840,0x0840,0x0840,0x0840,0x0840,0x0840,0x0840,0x0840,0x0840,0x0840,0x0840,
  0x0840,0x0840,0x0840,0x0840,0x0840,0x0840,0x0840,0x0840,0x0840,0x0840,0x0840,0x0840,0x0840,0x0840,0x0860,0x0840,
  0x0840,0x0840,0x0840,0x0840,0x0840,0x0840,0x0840,0x0840,0x0840,0x0840,0x0840,0x0840,0x0840,0x0840,0x0840,0x0840,
  0x0840,0x0840,0x0840,0x0840,0x0840,0x0840,0x0840,0x0840,0x0840,0x0840,0x0820,0x0820,0x0000,0x2124,0x2966,0x0000,
  0x0000,0xE440,0x8280,0x0000,0x0840,0x0041,0x0041,0x0041,0x0041,0x0041,0x0041,0x0041,0x0041,0x0041,0x0041,0x0041,
  0x0041,0x0041,0x0041,0x0041,0x0041,0x0041,0x0041,0x0841,0x0041,0x0041,0x0841,0x0841,0x0041,0x0841,0x0841,0x0841,
  0x0841,0x0841,0x0841,0x0841,0x0841,0x0841,0x0841,0x0841,0x0841,0x0840,0x0841,0x0841,0x0841,0x0841,0x0841,0x0861,
  0x0841,0x0841,0x0841,0x0861,0x0841,0x0841,0x0841,0x0841,0x0841,0x0841,0x0841,0x0841,0x0861,0x0841,0x0841,0x0841,
  0x0841,0x0841,0x0841,0x0841,0x0841,0x0861,0x0861,0x0861,0x0861,0x0861,0x0861,0x0861,0x0861,0x0861,0x0861,0x0861,
  0x0861,0x0861,0x0861,0x0861,0x0861,0x0861,0x0841,0x0861,0x0861,0x0861,0x0861,0x0861,0x0861,0x0861,0x0861,0x0861,
  0x0861,0x0861,0x0861,0x0861,0x0861,0x0861,0x0861,0x0861,0x0861,0x0861,0x0841,0x0841,0x0861,0x0841,0x0841,0x0861,
  0x0861,0x0861,0x0861,0x0861,0x0841,0x0861,0x0861,0x0861,0x0861,0x0861,0x0861,0x0861,0x0861,0x0861,0x0861,0x0861,
  0x0861,0x0861,0x0861,0x0861,0x0861,0x0861,0x0861,0x0861,0x0862,0x0862,0x0862,0x0861,0x0861,0x0861,0x0861,0x0861,
  0x1061,0x0861,0x0862,0x0861,0x0861,0x0861,0x0861,0x0861,0x0861,0x0861,0x0861,0x0861,0x0861,0x0861,0x0861,0x0861,
  0x0861,0x0861,0x0861,0x0861,0x0861,0x0861,0x0861,0x0861,0x0861,0x0861,0x0861,0x0861,0x0861,0x0861,0x0861,0x0841,
  0x0841,0x0841,0x0841,0x0841,0x0041,0x0041,0x0041,0x0041,0x0041,0x0841,0x0041,0x0841,0x0041,0x0841,0x0041,0x0041,
  0x0041,0x0041,0x0840,0x0840,0x0041,0x0041,0x0041,0x0041,0x0041,0x0840,0x0840,0x0840,0x0840,0x0820,0x0021,0x0020,
  0x0020,0x0820,0x0020,0x0820,0x0000,0x92C0,0xFCC0,0x0000,0x1061,0x0841,0x634D,0x6BAF,0x0861,0x0840,0x0841,0x0841,
  0x0041,0x0841,0x0041,0x0841,0x0841,0x0841,0x0841,0x0841,0x0840,0x0841,0x0840,0x0840,0x0840,0x0841,0x0840,0x0841,
  0x0041,0x0041,0x0841,0x0841,0x0841,0x0041,0x0041,0x0840,0x0041,0x0041,0x0840,0x0840,0x0041,0x0840,0x0041,0x0041,
  0x0840,0x0840,0x0840,0x0840,0x0840,0x0840,0x0840,0x0840,0x0840,0x0840,0x0840,0x0840,0x0840,0x0840,0x0840,0x0840,
  0x0840,0x0840,0x0840,0x0840,0x0840,0x0840,0x0840,0x0840,0x0840,0x0840,0x0840,0x0840,0x0840,0x0840,0x0840,0x0840,
  0x0840,0x0840,0x0840,0x0840,0x0840,0x0840,0x0840,0x0840,0x0840,0x0840,0x0840,0x0840,0x0840,0x0840,0x0840,0x0840,
  0x0840,0x0840,0x0840,0x0840,0x0840,0x0840,0x0840,0x0840,0x0840,0x0840,0x0820,0x0840,0x0000,0x2124,0x2966,0x0000,
  0x0000,0xE460,0x8280,0x0000,0x0840,0x0041,0x0041,0x0041,0x0041,0x0041,0x0041,0x0041,0x0041,0x0041,0x0041,0x0041,
  0x0041,0x0041,0x0041,0x0041,0x0041,0x0841,0x0041,0x0041,0x0841,0x0841,0x0841,0x0841,0x0841,0x0841,0x0861,0x0841,
  0x0841,0x0841,0x0841,0x0041,0x0841,0x0841,0x0841,0x0841,0x0841,0x0841,0x0841,0x0841,0x0841,0x0841,0x0841,0x0841,
  0x0841,0x0841,0x0841,0x0841,0x0841,0x0841,0x0841,0x0861,0x0861,0x0861,0x0861,0x0861,0x0861,0x0861,0x0841,0x0841,
  0x0861,0x0861,0x0861,0x0861,0x0861,0x0861,0x0861,0x0861,0x0861,0x0861,0x0861,0x0861,0x0861,0x0861,0x0861,0x0861,
  0x0861,0x0861,0x0861,0x0861,0x0861,0x0861,0x0861,0x0861,0x0861,0x0861,0x0861,0x0861,0x0861,0x0861,0x0861,0x0861,
  0x0861,0x0861,0x0861,0x0861,0x0861,0x0861,0x0861,0x0861,0x0861,0x0861,0x0861,0x0841,0x0861,0x0861,0x0861,0x0861,
  0x0841,0x0861,0x0841,0x0861,0x0861,0x0861,0x0861,0x0861,0x0861,0x0861,0x0861,0x0861,0x0861,0x0861,0x0861,0x0862,
  0x0861,0x0861,0x0861,0x0861,0x0861,0x0861,0x0861,0x0861,0x0861,0x0862,0x0862,0x0862,0x0862,0x0862,0x0861,0x0861,
  0x0861,0x0861,0x0861,0x0861,0x0861,0x0861,0x0861,0x0861,0x0861,0x0861,0x0861,0x0861,0x0861,0x0861,0x0861,0x0861,
  0x0861,0x0861,0x0861,0x0861,0x0861,0x0861,0x0861,0x0861,0x0861,0x0861,0x0861,0x0861,0x0861,0x0861,0x0861,0x0861,
  0x0841,0x0841,0x0841,0x0841,0x0841,0x0041,0x0041,0x0841,0x0041,0x0041,0x0041,0x0840,0x0041,0x0041,0x0041,0x0041,
  0x0041,0x0041,0x0041,0x0041,0x0041,0x0041,0x0041,0x0041,0x0041,0x0041,0x0840,0x0840,0x0820,0x0021,0x0820,0x0820,
  0x0020,0x0820,0x0020,0x0840,0x0000,0x92E0,0xFCE0,0x0000,0x0000,0x0841,0x6B6E,0x73B0,0x0861,0x0840,0x0841,0x0041,
  0x0841,0x0841,0x0041,0x0041,0x0041,0x0041,0x0841,0x0840,0x0841,0x0841,0x0840,0x0841,0x0841,0x0041,0x0041,0x0041,
  0x0841,0x0041,0x0041,0x0841,0x0841,0x0041,0x0841,0x0840,0x0840,0x0840,0x0041,0x0041,0x0041,0x0840,0x0840,0x0041,
  0x0041,0x0840,0x0840,0x0840,0x0840,0x0840,0x0840,0x0840,0x0840,0x0840,0x0840,0x0840,0x0840,0x0840,0x0840,0x0840,
  0x0840,0x0840,0x0840,0x0840,0x0840,0x0840,0x0840,0x0840,0x0840,0x0840,0x0840,0x0840,0x0840,0x0840,0x0840,0x0840,
  0x0840,0x0840,0x0840,0x0840,0x0840,0x0840,0x0840,0x0840,0x0840,0x0840,0x0840,0x0840,0x0840,0x0840,0x0840,0x0840,
  0x0840,0x0840,0x0840,0x0840,0x0840,0x0840,0x0840,0x0840,0x0840,0x0840,0x0820,0x0840,0x0000,0x2945,0x2966,0x0000,
  0x0000,0xE460,0x8280,0x0000,0x0840,0x0041,0x0041,0x0041,0x0041,0x0041,0x0041,0x0041,0x0041,0x0041,0x0041,0x0041,
  0x0041,0x0041,0x0840,0x0041,0x0841,0x0041,0x0041,0x0041,0x0041,0x0841,0x0041,0x0841,0x0841,0x0841,0x0841,0x0861,
  0x0841,0x0841,0x0841,0x0841,0x0841,0x0841,0x0841,0x0841,0x0841,0x0841,0x0841,0x0861,0x0861,0x0841,0x0861,0x0841,
  0x0861,0x0841,0x0841,0x0841,0x0841,0x0841,0x0841,0x0861,0x0841,0x0861,0x0861,0x0841,0x0861,0x0861,0x0861,0x0841,
  0x0861,0x0861,0x0861,0x0861,0x0861,0x0861,0x0861,0x0861,0x0861,0x0861,0x0861,0x0861,0x0862,0x0861,0x0861,0x0861,
  0x0861,0x0861,0x0861,0x0861,0x0861,0x0861,0x0861,0x0861,0x0861,0x0861,0x0861,0x0861,0x0861,0x0861,0x0861,0x0861,
  0x0861,0x0841,0x0861,0x0861,0x0861,0x0861,0x0861,0x0861,0x0841,0x0861,0x0861,0x0861,0x0861,0x0841,0x0841,0x0841,
  0x0841,0x0861,0x0861,0x0861,0x0861,0x0861,0x0861,0x0861,0x0861,0x0861,0x0861,0x0861,0x0861,0x0861,0x0862,0x0862,
  0x0862,0x0862,0x0862,0x0861,0x0861,0x0861,0x0862,0x0862,0x0861,0x0861,0x0862,0x0862,0x0862,0x0862,0x0862,0x0862,
  0x0861,0x0861,0x0862,0x0861,0x0861,0x0862,0x0862,0x0862,0x0862,0x0861,0x0861,0x0861,0x0861,0x0861,0x0861,0x0861,
  0x0861,0x0861,0x0861,0x0861,0x0861,0x0861,0x0861,0x0861,0x0861,0x0861,0x0861,0x0861,0x0861,0x0861,0x0861,0x0841,
  0x0841,0x0841,0x0841,0x0041,0x0841,0x0841,0x0841,0x0841,0x0841,0x0841,0x0841,0x0841,0x0041,0x0041,0x0841,0x0041,
  0x0041,0x0041,0x0041,0x0041,0x0840,0x0041,0x0840,0x0041,0x0041,0x0041,0x0840,0x0840,0x0840,0x0021,0x0820,0x0021,
  0x0020,0x0020,0x0021,0x0840,0x0000,0x92C0,0xFCC0,0x0000,0x0820,0x0841,0x6B4D,0x6BAF,0x0861,0x0021,0x0841,0x0041,
  0x0041,0x0041,0x0041,0x0041,0x0041,0x0841,0x0041,0x0041,0x0841,0x0041,0x0840,0x0841,0x0841,0x0841,0x0041,0x0041,
  0x0041,0x0840,0x0841,0x0841,0x0840,0x0840,0x0841,0x0841,0x0840,0x0841,0x0041,0x0840,0x0840,0x0840,0x0840,0x0840,
  0x0041,0x0840,0x0840,0x0840,0x0041,0x0840,0x0840,0x0840,0x0840,0x0840,0x0840,0x0840,0x0840,0x0840,0x0840,0x0840,
  0x0840,0x0840,0x0840,0x0840,0x0840,0x0840,0x0840,0x0840,0x0840,0x0840,0x0860,0x0840,0x0840,0x0840,0x0840,0x0840,
  0x0840,0x0840,0x0840,0x0840,0x0840,0x0840,0x0840,0x0840,0x0840,0x0840,0x0840,0x0840,0x0840,0x0840,0x0840,0x0840,
  0x0840,0x0840,0x0840,0x0840,0x0840,0x0840,0x0840,0x0840,0x0840,0x0840,0x0820,0x0840,0x0000,0x2945,0x2966,0x0000,
  0x0000,0xE460,0x8280,0x0000,0x0840,0x0041,0x0041,0x0041,0x0041,0x0041,0x0041,0x0041,0x0041,0x0041,0x0041,0x0041,
  0x0041,0x0041,0x0041,0x0041,0x0041,0x0041,0x0841,0x0841,0x0841,0x0841,0x0841,0x0841,0x0841,0x0841,0x0841,0x0841,
  0x0841,0x0841,0x0841,0x0841,0x0841,0x0841,0x0841,0x0841,0x0841,0x0841,0x0861,0x0861,0x0861,0x0861,0x0861,0x0861,
  0x0841,0x0861,0x0861,0x0841,0x0841,0x0861,0x0861,0x0841,0x0841,0x0861,0x0841,0x0861,0x0841,0x0861,0x0861,0x0861,
  0x0861,0x0861,0x0861,0x0861,0x0861,0x0861,0x0861,0x0861,0x0861,0x0861,0x0861,0x0861,0x0861,0x0861,0x0862,0x0861,
  0x0861,0x0861,0x0861,0x0861,0x0861,0x0861,0x0861,0x0861,0x0861,0x0861,0x0861,0x0861,0x0861,0x0861,0x0861,0x0861,
  0x0841,0x0861,0x0861,0x0861,0x0861,0x0861,0x0861,0x0861,0x0861,0x0861,0x0861,0x0861,0x0861,0x0861,0x0841,0x0841,
  0x0861,0x0861,0x0861,0x0861,0x0862,0x0861,0x0861,0x0861,0x0861,0x0861,0x0861,0x0861,0x0861,0x0861,0x0861,0x0862,
  0x0862,0x0862,0x0862,0x1061,0x0861,0x0861,0x0862,0x0862,0x0862,0x0862,0x0861,0x0862,0x0862,0x0862,0x0862,0x0862,
  0x0862,0x0861,0x0861,0x0861,0x0861,0x0862,0x0861,0x0862,0x0862,0x0862,0x0862,0x0861,0x0861,0x0861,0x0861,0x0862,
  0x0861,0x0861,0x0861,0x0861,0x0861,0x0861,0x0861,0x0861,0x0861,0x0861,0x0861,0x0861,0x0861,0x0861,0x0861,0x0841,
  0x0841,0x0841,0x0841,0x0841,0x0841,0x0841,0x0841,0x0841,0x0841,0x0841,0x0841,0x0841,0x0841,0x0041,0x0841,0x0041,
  0x0041,0x0041,0x0041,0x0041,0x0840,0x0840,0x0041,0x0041,0x0041,0x0041,0x0041,0x0840,0x0840,0x0840,0x0820,0x0820,
  0x0020,0x0020,0x0020,0x0840,0x0000,0x92C0,0xF4A0,0x0000,0x0840,0x0841,0x634D,0x6BAF,0x0861,0x0021,0x0041,0x0041,
  0x0041,0x0041,0x0041,0x0041,0x0041,0x0041,0x0041,0x0841,0x0041,0x0841,0x0841,0x0041,0x0841,0x0841,0x0041,0x0840,
  0x0841,0x0841,0x0841,0x0841,0x0841,0x0841,0x0841,0x0841,0x0841,0x0841,0x0041,0x0041,0x0041,0x0041,0x0840,0x0041,
  0x0840,0x0041,0x0840,0x0840,0x0840,0x0041,0x0840,0x0840,0x0041,0x0840,0x0840,0x0840,0x0840,0x0840,0x0840,0x0840,
  0x0840,0x0840,0x0840,0x0840,0x0840,0x0840,0x0840,0x0840,0x0840,0x0840,0x0840,0x0840,0x0840,0x0840,0x0840,0x0840,
  0x0840,0x0840,0x0840,0x0840,0x0840,0x0840,0x0840,0x0840,0x0840,0x0840,0x0840,0x0840,0x0840,0x0840,0x0840,0x0840,
  0x0840,0x0840,0x0840,0x0840,0x0840,0x0840,0x0840,0x0840,0x0840,0x0840,0x0820,0x0840,0x0000,0x2124,0x2966,0x0000,
  0x0000,0xEC80,0x8280,0x0000,0x0840,0x0041,0x0041,0x0041,0x0041,0x0041,0x0041,0x0041,0x0840,0x0041,0x0041,0x0041,
  0x0041,0x0041,0x0041,0x0841,0x0841,0x0041,0x0041,0x0841,0x0841,0x0841,0x0841,0x0841,0x0841,0x0841,0x0841,0x0861,
  0x0841,0x0841,0x0841,0x0841,0x0841,0x0841,0x0861,0x0841,0x0841,0x0861,0x0861,0x0861,0x0861,0x0861,0x0841,0x0861,
  0x0861,0x0861,0x0861,0x0861,0x0861,0x0861,0x0861,0x0861,0x0861,0x0841,0x0861,0x0861,0x0841,0x0861,0x0841,0x0861,
  0x0841,0x0861,0x0841,0x0861,0x0861,0x0861,0x0861,0x0861,0x0862,0x1061,0x0861,0x0861,0x0861,0x0861,0x0862,0x0862,
  0x0861,0x0861,0x0861,0x0861,0x0861,0x0861,0x0861,0x0861,0x0861,0x0861,0x0861,0x0861,0x0861,0x0861,0x0861,0x0861,
  0x0861,0x0861,0x0861,0x0861,0x0861,0x0861,0x0861,0x0861,0x0861,0x0861,0x0861,0x0861,0x0861,0x0861,0x0861,0x0861,
  0x0861,0x0861,0x0861,0x0861,0x0861,0x0861,0x0861,0x0861,0x0861,0x0861,0x0861,0x0861,0x0861,0x0861,0x0861,0x0862,
  0x0862,0x0862,0x0862,0x0862,0x0862,0x0862,0x0862,0x0862,0x0862,0x0862,0x0861,0x0862,0x0862,0x0862,0x0862,0x0862,
  0x0862,0x0862,0x0861,0x0862,0x0862,0x0862,0x0861,0x0862,0x0862,0x0862,0x0862,0x0861,0x0862,0x0862,0x0861,0x0861,
  0x0861,0x0861,0x0861,0x0861,0x0861,0x0861,0x0861,0x0861,0x0861,0x0861,0x0861,0x0861,0x0861,0x0861,0x0861,0x0861,
  0x0841,0x0841,0x0841,0x0841,0x0841,0x0840,0x0841,0x0841,0x0841,0x0841,0x0841,0x0841,0x0841,0x0841,0x0041,0x0041,
  0x0041,0x0041,0x0041,0x0840,0x0041,0x0041,0x0041,0x0840,0x0041,0x0840,0x0840,0x0041,0x0840,0x0840,0x0820,0x0820,
  0x0820,0x0020,0x0820,0x0840,0x0000,0x92C0,0xF4A0,0x0020,0x1082,0x0021,0x634D,0x6BAF,0x0861,0x0021,0x0041,0x0041,
  0x0841,0x0041,0x0041,0x0041,0x0041,0x0041,0x0041,0x0041,0x0841,0x0841,0x0841,0x0841,0x0841,0x0841,0x0841,0x0841,
  0x0841,0x0840,0x0841,0x0841,0x0840,0x0840,0x0841,0x0841,0x0841,0x0041,0x0840,0x0041,0x0041,0x0041,0x0840,0x0840,
  0x0840,0x0041,0x0840,0x0840,0x0840,0x0840,0x0840,0x0840,0x0840,0x0041,0x0840,0x0840,0x0840,0x0840,0x0840,0x0840,
  0x0840,0x0840,0x0840,0x0840,0x0840,0x0840,0x0840,0x0840,0x0840,0x0840,0x0840,0x0840,0x0840,0x0840,0x0840,0x0840,
  0x0840,0x0840,0x0840,0x0840,0x0840,0x0840,0x0840,0x0840,0x0840,0x0840,0x0840,0x0840,0x0840,0x0840,0x0840,0x0840,
  0x0840,0x0840,0x0840,0x0840,0x0840,0x0840,0x0840,0x0840,0x0820,0x0820,0x0840,0x0000,0x0840,0x2967,0x2966,0x0000,
  0x0000,0xF4A0,0x8280,0x0000,0x0840,0x0041,0x0041,0x0041,0x0041,0x0041,0x0041,0x0041,0x0041,0x0041,0x0041,0x0041,
  0x0041,0x0041,0x0041,0x0041,0x0841,0x0041,0x0041,0x0841,0x0841,0x0841,0x0041,0x0841,0x0841,0x0841,0x0841,0x0841,
  0x0841,0x0841,0x0841,0x0841,0x0841,0x0841,0x0841,0x0841,0x0841,0x0861,0x0861,0x0861,0x0861,0x0861,0x0861,0x0861,
  0x0861,0x0861,0x0861,0x0861,0x0861,0x0861,0x0861,0x0861,0x0861,0x0841,0x0841,0x0861,0x0861,0x0841,0x0861,0x0841,
  0x0841,0x0861,0x0861,0x0861,0x0861,0x0862,0x0862,0x0862,0x0862,0x0861,0x0861,0x0861,0x0861,0x0861,0x0861,0x0861,
  0x0861,0x0861,0x0861,0x0861,0x0861,0x0861,0x0861,0x0861,0x0861,0x0861,0x0861,0x0861,0x0861,0x0861,0x0861,0x0861,
  0x0861,0x0861,0x0861,0x0861,0x0861,0x0862,0x0861,0x0861,0x0861,0x0862,0x0861,0x0862,0x0861,0x0861,0x0861,0x0861,
  0x0861,0x0861,0x0861,0x0861,0x0861,0x0862,0x0861,0x0861,0x0861,0x0862,0x0861,0x0861,0x0862,0x0861,0x0861,0x0862,
  0x0862,0x0862,0x0862,0x0862,0x0862,0x0862,0x0862,0x0862,0x0862,0x0862,0x0862,0x0862,0x0862,0x0862,0x0862,0x0862,
  0x0862,0x0862,0x0862,0x0862,0x0862,0x0862,0x0862,0x0862,0x0862,0x0862,0x0862,0x0862,0x0862,0x0862,0x0861,0x0861,
  0x0861,0x0861,0x0861,0x0861,0x0861,0x0861,0x0861,0x0861,0x0861,0x0861,0x0861,0x0861,0x0861,0x0861,0x0861,0x0861,
  0x0861,0x0841,0x0841,0x0841,0x0841,0x0841,0x0841,0x0841,0x0841,0x0841,0x0841,0x0841,0x0841,0x0841,0x0041,0x0041,
  0x0041,0x0041,0x0041,0x0840,0x0840,0x0041,0x0041,0x0840,0x0041,0x0041,0x0041,0x0041,0x0840,0x0021,0x0820,0x0820,
  0x0820,0x0820,0x0021,0x0840,0x0000,0x8AA0,0xEC80,0x0020,0x18E4,0x0841,0x632D,0x6B8F,0x0861,0x0820,0x0841,0x0041,
  0x0041,0x0041,0x0041,0x0041,0x0841,0x0841,0x0841,0x0041,0x0841,0x0841,0x0841,0x0841,0x0841,0x0841,0x0841,0x0041,
  0x0841,0x0841,0x0841,0x0041,0x0041,0x0041,0x0840,0x0041,0x0041,0x0841,0x0041,0x0041,0x0041,0x0840,0x0840,0x0840,
  0x0840,0x0041,0x0840,0x0840,0x0840,0x0840,0x0840,0x0840,0x0840,0x0840,0x0840,0x0840,0x0840,0x0840,0x0840,0x0840,
  0x0840,0x0840,0x0840,0x0840,0x0840,0x0840,0x0840,0x0840,0x0840,0x0840,0x0840,0x0840,0x0840,0x0840,0x0840,0x0840,
  0x0840,0x0840,0x0840,0x0840,0x0840,0x0840,0x0840,0x0840,0x0840,0x0840,0x0840,0x0840,0x0840,0x0840,0x0840,0x0840,
  0x0840,0x0840,0x0840,0x0840,0x0840,0x0840,0x0840,0x0820,0x0820,0x0840,0x0000,0x20A0,0xFCE0,0x51C1,0x2104,0x0000,
  0x0000,0xF480,0x8280,0x0000,0x0840,0x0041,0x0840,0x0041,0x0041,0x0041,0x0041,0x0041,0x0041,0x0041,0x0041,0x0041,
  0x0041,0x0041,0x0041,0x0041,0x0041,0x0041,0x0841,0x0841,0x0841,0x0841,0x0041,0x0841,0x0841,0x0841,0x0841,0x0841,
  0x0841,0x0841,0x0841,0x0841,0x0841,0x0841,0x0841,0x0841,0x0841,0x0861,0x0861,0x0861,0x0861,0x0861,0x0861,0x0861,
  0x0861,0x0861,0x0861,0x0861,0x0861,0x0861,0x0861,0x0861,0x0861,0x0861,0x0861,0x0861,0x0861,0x0841,0x0861,0x0861,
  0x0841,0x0861,0x0861,0x0861,0x0861,0x0861,0x0861,0x1061,0x0861,0x0861,0x0861,0x0861,0x1061,0x0861,0x0861,0x0861,
  0x0861,0x0861,0x0861,0x0861,0x0861,0x0861,0x0861,0x0861,0x0861,0x0861,0x0861,0x0861,0x0861,0x0861,0x0861,0x0861,
  0x0861,0x0861,0x0861,0x0861,0x0861,0x0861,0x0862,0x0862,0x0861,0x0861,0x0862,0x1061,0x0862,0x0861,0x0861,0x0861,
  0x0861,0x0861,0x0861,0x0862,0x0861,0x0861,0x0862,0x0862,0x0862,0x0862,0x0862,0x0861,0x0861,0x1061,0x1061,0x0862,
  0x0862,0x0862,0x0861,0x0862,0x0862,0x0862,0x0862,0x0862,0x0862,0x0862,0x0862,0x0862,0x0862,0x0862,0x0862,0x0862,
  0x0862,0x0862,0x0862,0x0862,0x0862,0x0862,0x0862,0x0862,0x0862,0x0862,0x0862,0x0861,0x0862,0x0862,0x0862,0x0862,
  0x0861,0x0861,0x0861,0x0862,0x0862,0x0862,0x0862,0x0861,0x0861,0x0861,0x0861,0x0861,0x0861,0x0861,0x0861,0x0841,
  0x0861,0x0841,0x0841,0x0841,0x0841,0x0841,0x0841,0x0841,0x0841,0x0841,0x0861,0x0861,0x0841,0x0841,0x0041,0x0041,
  0x0041,0x0041,0x0041,0x0041,0x0041,0x0041,0x0041,0x0041,0x0840,0x0840,0x0840,0x0840,0x0840,0x0820,0x0840,0x0820,
  0x0820,0x0820,0x0820,0x0840,0x0000,0x8A80,0xEC80,0x0020,0x2145,0x0841,0x5B0D,0x6B8F,0x0861,0x0820,0x0041,0x0041,
  0x0041,0x0041,0x0041,0x0041,0x0041,0x0041,0x0041,0x0841,0x0841,0x0841,0x0841,0x0841,0x0841,0x0841,0x0841,0x0841,
  0x0841,0x0841,0x0840,0x0841,0x0041,0x0840,0x0041,0x0041,0x0041,0x0840,0x0041,0x0041,0x0840,0x0840,0x0840,0x0840,
  0x0840,0x0840,0x0840,0x0840,0x0840,0x0041,0x0840,0x0840,0x0840,0x0840,0x0840,0x0840,0x0840,0x0840,0x0840,0x0840,
  0x0840,0x0840,0x0840,0x0840,0x0840,0x0840,0x0840,0x0840,0x0840,0x0840,0x0840,0x0840,0x0840,0x0840,0x0840,0x0840,
  0x0840,0x0840,0x0840,0x0840,0x0840,0x0840,0x0840,0x0840,0x0840,0x0840,0x0840,0x0840,0x0840,0x0840,0x0840,0x0840,
  0x0840,0x0840,0x0840,0x0840,0x0840,0x0840,0x0820,0x0820,0x0840,0x0000,0x20A0,0xFCE0,0xC3C0,0x39C6,0x18E4,0x0000,
  0x0000,0xF4A0,0x8280,0x0000,0x0840,0x0041,0x0041,0x0041,0x0041,0x0041,0x0041,0x0041,0x0041,0x0041,0x0041,0x0041,
  0x0041,0x0041,0x0041,0x0041,0x0041,0x0041,0x0041,0x0841,0x0841,0x0041,0x0841,0x0841,0x0841,0x0841,0x0861,0x0841,
  0x0841,0x0841,0x0841,0x0841,0x0841,0x0841,0x0841,0x0841,0x0841,0x0841,0x0841,0x0861,0x0861,0x0861,0x0861,0x0861,
  0x0861,0x0861,0x0861,0x0861,0x0861,0x0861,0x0861,0x0861,0x0861,0x0861,0x0841,0x0841,0x0841,0x0841,0x0861,0x0861,
  0x0861,0x0861,0x0861,0x0861,0x0861,0x0861,0x0861,0x0861,0x0861,0x0861,0x0861,0x0861,0x0861,0x0861,0x0861,0x0861,
  0x0861,0x0861,0x0861,0x0861,0x0861,0x0861,0x0861,0x0861,0x0861,0x0861,0x0861,0x0861,0x0861,0x0861,0x0861,0x0861,
  0x0861,0x0861,0x0861,0x0861,0x0861,0x0861,0x0862,0x0862,0x0861,0x0861,0x0861,0x0862,0x0861,0x0861,0x0861,0x0861,
  0x0861,0x0861,0x0861,0x0862,0x0861,0x0861,0x0862,0x0861,0x0861,0x0862,0x0862,0x1061,0x0862,0x1061,0x0862,0x0862,
  0x0862,0x0862,0x0862,0x0862,0x0862,0x0862,0x0862,0x0862,0x0862,0x0862,0x0862,0x0862,0x0862,0x0862,0x0862,0x0862,
  0x0862,0x0862,0x0862,0x0862,0x0862,0x0862,0x0862,0x0862,0x0862,0x0862,0x0862,0x0861,0x0862,0x0862,0x0862,0x0862,
  0x0862,0x0862,0x0862,0x0862,0x0862,0x0862,0x1061,0x0862,0x0861,0x0861,0x0861,0x0861,0x0861,0x0861,0x0861,0x0861,
  0x0861,0x0841,0x0841,0x0841,0x0841,0x0841,0x0841,0x0861,0x0861,0x0861,0x0841,0x0841,0x0841,0x0841,0x0041,0x0041,
  0x0041,0x0840,0x0840,0x0840,0x0840,0x0840,0x0041,0x0021,0x0840,0x0840,0x0041,0x0840,0x0840,0x0021,0x0840,0x0820,
  0x0820,0x0020,0x0020,0x0840,0x0000,0x8AA0,0xF4A0,0x0020,0x2104,0x0841,0x632D,0x6B8F,0x0861,0x0820,0x0041,0x0041,
  0x0041,0x0041,0x0041,0x0041,0x0841,0x0041,0x0041,0x0041,0x0041,0x0041,0x0841,0x0840,0x0841,0x0841,0x0041,0x0841,
  0x0841,0x0841,0x0041,0x0041,0x0041,0x0041,0x0041,0x0041,0x0041,0x0840,0x0041,0x0041,0x0840,0x0840,0x0840,0x0840,
  0x0840,0x0840,0x0840,0x0840,0x0840,0x0840,0x0840,0x0840,0x0840,0x0840,0x0840,0x0840,0x0840,0x0840,0x0840,0x0840,
  0x0840,0x0840,0x0840,0x0840,0x0840,0x0840,0x0840,0x0840,0x0840,0x0840,0x0840,0x0840,0x0840,0x0840,0x0840,0x0840,
  0x0840,0x0840,0x0840,0x0840,0x0840,0x0840,0x0840,0x0840,0x0840,0x0840,0x0840,0x0840,0x0840,0x0840,0x0840,0x0840,
  0x0840,0x0840,0x0840,0x0840,0x0840,0x0820,0x0820,0x0840,0x0000,0x28C0,0xFCE0,0xBB80,0x39A5,0x94B3,0x1083,0x0000,
  0x0000,0xFCC0,0x8AA0,0x0000,0x0840,0x0041,0x0041,0x0041,0x0041,0x0041,0x0041,0x0041,0x0041,0x0041,0x0041,0x0041,
  0x0041,0x0041,0x0041,0x0041,0x0041,0x0041,0x0841,0x0841,0x0841,0x0841,0x0841,0x0841,0x0841,0x0841,0x0841,0x0841,
  0x0841,0x0841,0x0841,0x0841,0x0841,0x0861,0x0841,0x0841,0x0861,0x0861,0x0861,0x0861,0x0861,0x0861,0x0861,0x0861,
  0x0861,0x0861,0x0861,0x0861,0x0861,0x0861,0x0861,0x0861,0x0861,0x0861,0x0861,0x0861,0x0861,0x0861,0x0861,0x0861,
  0x0861,0x0841,0x0861,0x0861,0x0841,0x0861,0x0861,0x0861,0x0861,0x0861,0x0861,0x0861,0x0861,0x0861,0x0861,0x0861,
  0x0861,0x0861,0x0861,0x0861,0x0861,0x0861,0x0861,0x0861,0x0861,0x0861,0x0861,0x0861,0x0861,0x0861,0x0861,0x0861,
  0x0861,0x0861,0x0861,0x0861,0x0861,0x0861,0x1061,0x0862,0x0862,0x0861,0x0861,0x0861,0x0861,0x0861,0x0861,0x0861,
  0x0861,0x0861,0x0862,0x0861,0x0861,0x0862,0x1061,0x0861,0x0861,0x0862,0x0862,0x0861,0x0862,0x0862,0x0862,0x0862,
  0x0862,0x0862,0x0861,0x0862,0x0862,0x0862,0x0862,0x0862,0x0862,0x0862,0x0862,0x0862,0x0862,0x0862,0x0862,0x0862,
  0x0862,0x0862,0x0862,0x0862,0x0862,0x0862,0x0862,0x0862,0x0861,0x0862,0x0862,0x0862,0x0862,0x0862,0x0862,0x0861,
  0x0862,0x0862,0x0862,0x0861,0x0862,0x0861,0x0861,0x0861,0x0861,0x0861,0x0861,0x0861,0x0861,0x0861,0x0861,0x0861,
  0x0861,0x0861,0x0861,0x0841,0x0861,0x0861,0x0841,0x0861,0x0861,0x0841,0x0841,0x0841,0x0841,0x0841,0x0041,0x0041,
  0x0041,0x0041,0x0041,0x0840,0x0041,0x0840,0x0041,0x0041,0x0041,0x0840,0x0041,0x0840,0x0021,0x0021,0x0840,0x0021,
  0x0820,0x0020,0x0020,0x0840,0x0000,0x8AA0,0xEC80,0x0000,0x1083,0x0861,0x634D,0x6B6E,0x0861,0x0820,0x0041,0x0041,
  0x0041,0x0041,0x0041,0x0041,0x0041,0x0041,0x0041,0x0041,0x0041,0x0041,0x0841,0x0841,0x0041,0x0841,0x0041,0x0041,
  0x0041,0x0041,0x0041,0x0041,0x0041,0x0841,0x0841,0x0841,0x0041,0x0041,0x0840,0x0041,0x0840,0x0840,0x0840,0x0041,
  0x0840,0x0840,0x0041,0x0041,0x0840,0x0840,0x0840,0x0840,0x0840,0x0840,0x0840,0x0840,0x0840,0x0840,0x0840,0x0840,
  0x0840,0x0840,0x0840,0x0840,0x0840,0x0840,0x0840,0x0840,0x0840,0x0840,0x0840,0x0840,0x0840,0x0840,0x0840,0x0840,
  0x0840,0x0840,0x0840,0x0840,0x0840,0x0840,0x0840,0x0840,0x0840,0x0840,0x0840,0x0840,0x0840,0x0840,0x0840,0x0840,
  0x0840,0x0840,0x0820,0x0820,0x0820,0x0840,0x0840,0x0000,0x4140,0xFCE0,0xB360,0x41A5,0x94B3,0x31EA,0x0862,0x0000,
  0x0000,0xFCC0,0x8AA0,0x0000,0x0840,0x0041,0x0041,0x0041,0x0041,0x0041,0x0840,0x0041,0x0041,0x0041,0x0041,0x0041,
  0x0041,0x0041,0x0041,0x0041,0x0041,0x0041,0x0041,0x0841,0x0841,0x0841,0x0041,0x0841,0x0841,0x0841,0x0841,0x0841,
  0x0841,0x0841,0x0841,0x0861,0x0841,0x0861,0x0841,0x0861,0x0861,0x0861,0x0861,0x0861,0x0861,0x0861,0x0861,0x0861,
  0x0861,0x0861,0x0861,0x0861,0x0861,0x0861,0x0861,0x0861,0x0861,0x0861,0x0861,0x0861,0x0861,0x0861,0x0861,0x0841,
  0x0861,0x0861,0x0861,0x0861,0x0861,0x0861,0x0861,0x0861,0x0861,0x0861,0x0861,0x0861,0x0861,0x0861,0x0861,0x0861,
  0x0861,0x0861,0x0861,0x0861,0x0861,0x0861,0x0861,0x0861,0x0861,0x0861,0x0861,0x0861,0x0861,0x0861,0x0861,0x0861,
  0x0861,0x0861,0x0861,0x0861,0x0861,0x0861,0x0861,0x0861,0x0861,0x0862,0x0861,0x0861,0x0861,0x0861,0x0861,0x0861,
  0x0861,0x0861,0x0861,0x0861,0x0861,0x0861,0x0862,0x0862,0x0862,0x0862,0x0862,0x0862,0x0861,0x0862,0x1061,0x0861,
  0x0862,0x0862,0x0862,0x0862,0x0862,0x0862,0x0862,0x0862,0x0862,0x0862,0x0862,0x0862,0x0862,0x0862,0x0862,0x0862,
  0x0862,0x0862,0x0862,0x0861,0x0862,0x0862,0x0862,0x0861,0x0862,0x0862,0x0861,0x0862,0x0862,0x0862,0x0862,0x0861,
  0x0862,0x0862,0x0862,0x0861,0x0861,0x0861,0x0861,0x0861,0x0861,0x0861,0x0861,0x0861,0x0861,0x0861,0x0861,0x0861,
  0x0861,0x0861,0x0861,0x0861,0x0861,0x0861,0x0861,0x0861,0x0861,0x0861,0x0841,0x0841,0x0841,0x0041,0x0041,0x0840,
  0x0840,0x0041,0x0041,0x0041,0x0840,0x0041,0x0840,0x0840,0x0041,0x0041,0x0041,0x0840,0x0840,0x0021,0x0820,0x0840,
  0x0820,0x0820,0x0020,0x0840,0x0000,0x8AA0,0xEC80,0x0000,0x0862,0x0841,0x634D,0x6B8F,0x0861,0x0820,0x0041,0x0041,
  0x0041,0x0041,0x0041,0x0840,0x0041,0x0041,0x0041,0x0041,0x0041,0x0041,0x0041,0x0041,0x0041,0x0041,0x0041,0x0041,
  0x0041,0x0041,0x0041,0x0041,0x0041,0x0041,0x0041,0x0041,0x0041,0x0041,0x0041,0x0840,0x0041,0x0840,0x0041,0x0840,
  0x0840,0x0840,0x0041,0x0840,0x0840,0x0840,0x0840,0x0840,0x0840,0x0840,0x0840,0x0840,0x0840,0x0840,0x0840,0x0840,
  0x0840,0x0840,0x0840,0x0840,0x0840,0x0840,0x0840,0x0840,0x0840,0x0840,0x0840,0x0840,0x0840,0x0840,0x0840,0x0840,
  0x0840,0x0840,0x0840,0x0840,0x0840,0x0840,0x0840,0x0840,0x0840,0x0840,0x0840,0x0840,0x0840,0x0840,0x0840,0x0840,
  0x0840,0x0820,0x0820,0x0820,0x0820,0x0840,0x0000,0x5180,0xFCE0,0xA320,0x41E6,0x94F4,0x31E9,0x31C8,0x0862,0x0000,
  0x0000,0xFCC0,0x8280,0x0000,0x0840,0x0041,0x0840,0x0041,0x0041,0x0041,0x0041,0x0041,0x0041,0x0041,0x0041,0x0041,
  0x0041,0x0041,0x0041,0x0041,0x0841,0x0041,0x0841,0x0041,0x0841,0x0841,0x0841,0x0841,0x0841,0x0841,0x0841,0x0841,
  0x0841,0x0861,0x0841,0x0861,0x0861,0x0841,0x0841,0x0861,0x0841,0x0861,0x0861,0x0861,0x0861,0x0861,0x0861,0x0861,
  0x0861,0x0861,0x0861,0x0861,0x0861,0x0861,0x0861,0x0861,0x0861,0x0861,0x0861,0x0861,0x0861,0x0861,0x0861,0x0861,
  0x0861,0x0861,0x0861,0x0861,0x0861,0x0861,0x0861,0x0861,0x0861,0x0861,0x0861,0x0862,0x0862,0x0861,0x0861,0x0861,
  0x0861,0x0861,0x0841,0x0861,0x0861,0x0861,0x0861,0x0861,0x0861,0x0861,0x0861,0x0861,0x0861,0x0861,0x0861,0x0861,
  0x0861,0x0861,0x0861,0x0861,0x0861,0x0861,0x0861,0x0861,0x0862,0x0862,0x0861,0x0861,0x0861,0x0861,0x0861,0x0861,
  0x0861,0x0861,0x0861,0x0861,0x0861,0x0861,0x0862,0x0862,0x0861,0x0862,0x0862,0x0861,0x0862,0x0862,0x0861,0x0862,
  0x0862,0x0862,0x0862,0x0862,0x0862,0x0862,0x0862,0x0862,0x0862,0x0862,0x0862,0x0862,0x0862,0x0862,0x0862,0x0861,
  0x0862,0x0862,0x0862,0x0862,0x0862,0x0862,0x0862,0x0862,0x0862,0x0861,0x0862,0x0862,0x0862,0x0862,0x0862,0x0862,
  0x0862,0x0861,0x0861,0x0861,0x0861,0x0861,0x0861,0x0861,0x0861,0x0861,0x0861,0x0861,0x0861,0x0861,0x0861,0x0861,
  0x0861,0x0861,0x0861,0x0861,0x0861,0x0841,0x0861,0x0841,0x0861,0x0861,0x0841,0x0841,0x0841,0x0841,0x0041,0x0041,
  0x0041,0x0840,0x0041,0x0041,0x0041,0x0840,0x0840,0x0840,0x0041,0x0041,0x0840,0x0840,0x0840,0x0840,0x0840,0x0840,
  0x0820,0x0021,0x0820,0x0840,0x0000,0x92C0,0xF4A0,0x0000,0x0820,0x0841,0x6B6E,0x6BAF,0x0861,0x0840,0x0041,0x0041,
  0x0041,0x0041,0x0041,0x0840,0x0041,0x0840,0x0041,0x0041,0x0041,0x0041,0x0840,0x0041,0x0041,0x0041,0x0041,0x0041,
  0x0041,0x0840,0x0840,0x0041,0x0041,0x0041,0x0041,0x0041,0x0041,0x0840,0x0840,0x0041,0x0840,0x0840,0x0840,0x0840,
  0x0041,0x0041,0x0840,0x0041,0x0840,0x0840,0x0840,0x0840,0x0840,0x0840,0x0840,0x0840,0x0840,0x0840,0x0840,0x0840,
  0x0840,0x0840,0x0840,0x0840,0x0840,0x0840,0x0840,0x0840,0x0840,0x0840,0x0840,0x0840,0x0840,0x0840,0x0840,0x0840,
  0x0840,0x0840,0x0840,0x0840,0x0840,0x0840,0x0840,0x0840,0x0840,0x0840,0x0840,0x0840,0x0840,0x0840,0x0840,0x0840,
  0x0840,0x0820,0x0820,0x0820,0x0840,0x0000,0x51A0,0xFCE0,0x9AE0,0x49E6,0x94F4,0x3A2A,0x31E9,0x31E9,0x0862,0x0000,
  0x0000,0xFCE0,0x8280,0x0000,0x0840,0x0840,0x0041,0x0041,0x0041,0x0041,0x0041,0x0041,0x0041,0x0041,0x0840,0x0041,
  0x0041,0x0041,0x0041,0x0041,0x0041,0x0041,0x0041,0x0841,0x0841,0x0841,0x0841,0x0841,0x0841,0x0841,0x0841,0x0841,
  0x0861,0x0861,0x0861,0x0861,0x0841,0x0841,0x0841,0x0861,0x0861,0x0861,0x0861,0x0841,0x0861,0x0861,0x0861,0x0861,
  0x0861,0x0861,0x0841,0x0841,0x0861,0x0861,0x0861,0x0861,0x0841,0x0861,0x0861,0x0861,0x0841,0x0861,0x0861,0x0861,
  0x0861,0x0861,0x0861,0x0861,0x0861,0x0861,0x0861,0x0861,0x0862,0x0861,0x0862,0x0862,0x0861,0x0861,0x0861,0x0861,
  0x0861,0x0861,0x0861,0x0861,0x0841,0x0861,0x0861,0x0861,0x0861,0x0861,0x0861,0x0861,0x0861,0x0861,0x0861,0x0861,
  0x0861,0x0861,0x0861,0x0861,0x0861,0x0861,0x0861,0x0861,0x1061,0x0861,0x0861,0x0861,0x0861,0x0861,0x0861,0x0861,
  0x0861,0x0861,0x0861,0x0861,0x0861,0x0861,0x0862,0x0862,0x0862,0x1061,0x0862,0x0862,0x0862,0x0862,0x0862,0x0862,
  0x0862,0x0862,0x0862,0x0862,0x0862,0x0862,0x0862,0x0862,0x0862,0x0862,0x0862,0x0862,0x0862,0x0862,0x0862,0x0862,
  0x0861,0x0862,0x0862,0x0862,0x0862,0x0862,0x0862,0x0862,0x0862,0x0862,0x0862,0x0862,0x0862,0x0862,0x0862,0x0862,
  0x0862,0x0862,0x0861,0x0862,0x0861,0x0861,0x0861,0x0861,0x0861,0x0861,0x0861,0x0861,0x0861,0x0861,0x0861,0x0861,
  0x0861,0x0861,0x0861,0x0861,0x0841,0x0841,0x0861,0x0861,0x0861,0x0861,0x0841,0x0841,0x0841,0x0841,0x0041,0x0041,
  0x0841,0x0041,0x0041,0x0041,0x0041,0x0840,0x0041,0x0840,0x0041,0x0041,0x0041,0x0041,0x0840,0x0840,0x0840,0x0840,
  0x0820,0x0820,0x0820,0x0840,0x0000,0x9AE0,0xF4A0,0x0000,0x0820,0x0841,0x634D,0x6B8F,0x0861,0x0020,0x0041,0x0840,
  0x0041,0x0041,0x0041,0x0041,0x0840,0x0840,0x0041,0x0041,0x0041,0x0041,0x0041,0x0041,0x0840,0x0041,0x0041,0x0041,
  0x0840,0x0041,0x0041,0x0041,0x0041,0x0041,0x0840,0x0840,0x0840,0x0840,0x0041,0x0840,0x0840,0x0041,0x0041,0x0041,
  0x0840,0x0840,0x0840,0x0840,0x0840,0x0840,0x0840,0x0840,0x0840,0x0840,0x0840,0x0840,0x0840,0x0840,0x0840,0x0840,
  0x0840,0x0840,0x0840,0x0840,0x0840,0x0840,0x0840,0x0840,0x0840,0x0840,0x0840,0x0840,0x0840,0x0840,0x0840,0x0840,
  0x0840,0x0840,0x0840,0x0840,0x0840,0x0840,0x0840,0x0840,0x0840,0x0840,0x0840,0x0820,0x0820,0x0840,0x0820,0x0820,
  0x0840,0x0840,0x0840,0x0840,0x0000,0x61E0,0xFCE0,0x9B00,0x4A27,0x8C93,0x320A,0x3A09,0x31E9,0x31E9,0x0862,0x0000,
  0x0000,0xFCE0,0x8AA0,0x0000,0x0840,0x0041,0x0041,0x0041,0x0041,0x0041,0x0041,0x0041,0x0041,0x0041,0x0041,0x0041,
  0x0041,0x0041,0x0041,0x0041,0x0041,0x0041,0x0041,0x0841,0x0041,0x0841,0x0841,0x0841,0x0841,0x0841,0x0041,0x0041,
  0x0861,0x0841,0x0841,0x0841,0x0841,0x0841,0x0841,0x0861,0x0861,0x0861,0x0861,0x0841,0x0861,0x0861,0x0861,0x0861,
  0x0861,0x0861,0x0861,0x0861,0x0861,0x0841,0x0861,0x0861,0x0861,0x0861,0x0861,0x0861,0x0861,0x0861,0x0841,0x0861,
  0x0861,0x0861,0x0861,0x0861,0x0861,0x0861,0x0861,0x0861,0x0861,0x0861,0x0861,0x0862,0x0861,0x0861,0x0861,0x0861,
  0x0861,0x0861,0x0861,0x0861,0x0861,0x0861,0x0861,0x0861,0x0861,0x0861,0x0861,0x0861,0x0861,0x0861,0x0861,0x0861,
  0x0861,0x0861,0x0861,0x0861,0x0861,0x0861,0x0861,0x0861,0x0861,0x0861,0x0861,0x0861,0x0862,0x1061,0x0861,0x0861,
  0x0861,0x0861,0x0861,0x0861,0x0861,0x0861,0x0862,0x0862,0x0862,0x0862,0x0862,0x0862,0x0862,0x0862,0x0862,0x0862,
  0x0862,0x0862,0x0862,0x0862,0x0862,0x0862,0x0862,0x0862,0x0862,0x0862,0x0862,0x0862,0x0862,0x0862,0x0862,0x0862,
  0x0862,0x0862,0x0862,0x0862,0x0862,0x0862,0x0862,0x0862,0x0861,0x0861,0x0862,0x0862,0x0861,0x0862,0x0861,0x0862,
  0x0862,0x0862,0x0862,0x0862,0x0862,0x0861,0x0861,0x0861,0x0861,0x0861,0x0861,0x0861,0x0861,0x0861,0x0861,0x0861,
  0x0861,0x0861,0x0861,0x0861,0x0841,0x0861,0x0861,0x0861,0x0861,0x0861,0x0861,0x0841,0x0841,0x0841,0x0841,0x0041,
  0x0041,0x0041,0x0041,0x0840,0x0840,0x0041,0x0840,0x0041,0x0041,0x0041,0x0041,0x0840,0x0840,0x0840,0x0840,0x0840,
  0x0820,0x0820,0x0820,0x0840,0x0000,0x9B00,0xEC80,0x0000,0x10A3,0x0841,0x632D,0x634E,0x0841,0x0840,0x0041,0x0041,
  0x0041,0x0041,0x0041,0x0041,0x0041,0x0041,0x0041,0x0041,0x0840,0x0840,0x0840,0x0041,0x0041,0x0840,0x0840,0x0840,
  0x0041,0x0840,0x0840,0x0840,0x0840,0x0840,0x0840,0x0840,0x0041,0x0840,0x0041,0x0041,0x0041,0x0041,0x0041,0x0041,
  0x0041,0x0840,0x0840,0x0840,0x0840,0x0840,0x0840,0x0840,0x0840,0x0840,0x0840,0x0840,0x0840,0x0840,0x0840,0x0840,
  0x0840,0x0840,0x0840,0x0840,0x0840,0x0840,0x0840,0x0840,0x0840,0x0840,0x0840,0x0840,0x0840,0x0840,0x0840,0x0840,
  0x0840,0x0840,0x0840,0x0840,0x0840,0x0840,0x0840,0x0840,0x0840,0x0840,0x0820,0x0840,0x0820,0x0840,0x0820,0x0820,
  0x0820,0x0840,0x0840,0x0000,0x8260,0xFCE0,0x9AE0,0x5227,0x9D14,0x322A,0x3A2A,0x3A2A,0x31C8,0x31E9,0x1081,0x0000,
  0x0000,0xFCE0,0x8AA0,0x0000,0x0840,0x0041,0x0041,0x0041,0x0041,0x0041,0x0041,0x0041,0x0041,0x0041,0x0840,0x0041,
  0x0041,0x0041,0x0041,0x0841,0x0841,0x0841,0x0841,0x0041,0x0841,0x0841,0x0841,0x0841,0x0841,0x0841,0x0841,0x0841,
  0x0841,0x0841,0x0841,0x0861,0x0861,0x0841,0x0841,0x0861,0x0841,0x0861,0x0861,0x0841,0x0841,0x0841,0x0841,0x0861,
  0x0861,0x0861,0x0861,0x0861,0x0861,0x0861,0x0861,0x0861,0x0861,0x0861,0x0841,0x0861,0x0861,0x0841,0x0861,0x0861,
  0x0861,0x0861,0x0861,0x0861,0x0861,0x0861,0x0861,0x0861,0x0861,0x0861,0x0861,0x0861,0x0862,0x0861,0x0861,0x0861,
  0x0861,0x0861,0x0861,0x0861,0x0861,0x0861,0x0861,0x0861,0x0861,0x0861,0x0861,0x0861,0x0861,0x0861,0x0862,0x0862,
  0x0862,0x0862,0x0862,0x0862,0x0861,0x0862,0x1061,0x0862,0x0862,0x0862,0x0861,0x0861,0x0862,0x0862,0x0861,0x0861,
  0x0861,0x0861,0x1061,0x0862,0x0862,0x0862,0x0862,0x1061,0x0862,0x0862,0x0862,0x0862,0x0862,0x0862,0x0862,0x0861,
  0x0862,0x0862,0x0862,0x0862,0x0862,0x0862,0x0862,0x0862,0x0862,0x0862,0x0862,0x0862,0x0862,0x0862,0x0862,0x0862,
  0x0862,0x0862,0x0862,0x0862,0x0862,0x0862,0x0862,0x0862,0x0861,0x1061,0x1061,0x0862,0x0862,0x0861,0x0861,0x0862,
  0x0862,0x0862,0x0862,0x0862,0x0861,0x0861,0x0861,0x0861,0x0861,0x0861,0x0861,0x0861,0x0861,0x0861,0x0861,0x0861,
  0x0861,0x0861,0x0861,0x0861,0x0861,0x0861,0x0841,0x0861,0x0841,0x0841,0x0841,0x0841,0x0841,0x0841,0x0841,0x0041,
  0x0041,0x0041,0x0041,0x0840,0x0840,0x0840,0x0041,0x0041,0x0041,0x0840,0x0840,0x0840,0x0840,0x0840,0x0840,0x0820,
  0x0820,0x0820,0x0820,0x0840,0x0000,0xA320,0xF4A0,0x0840,0x31A7,0x0841,0x634D,0x7C10,0x2125,0x0000,0x0841,0x0041,
  0x0041,0x0041,0x0041,0x0041,0x0041,0x0840,0x0041,0x0041,0x0041,0x0840,0x0840,0x0041,0x0840,0x0840,0x0840,0x0840,
  0x0041,0x0041,0x0041,0x0840,0x0840,0x0840,0x0840,0x0840,0x0840,0x0840,0x0041,0x0840,0x0041,0x0041,0x0041,0x0840,
  0x0041,0x0840,0x0840,0x0840,0x0840,0x0840,0x0840,0x0840,0x0840,0x0840,0x0840,0x0840,0x0840,0x0840,0x0840,0x0840,
  0x0840,0x0840,0x0840,0x0840,0x0840,0x0840,0x0840,0x0840,0x0840,0x0840,0x0840,0x0840,0x0840,0x0840,0x0840,0x0840,
  0x0840,0x0840,0x0840,0x0840,0x0840,0x0820,0x0840,0x0820,0x0840,0x0840,0x0820,0x0840,0x0820,0x0820,0x0820,0x0820,
  0x0840,0x0840,0x0000,0x92E0,0xFCE0,0x92C0,0x4A27,0x94F4,0x3A4B,0x3A2A,0x3A2A,0x3A09,0x31E9,0x3209,0x0862,0x0000,
  0x0000,0xFCE0,0x8AA0,0x0000,0x0840,0x0840,0x0041,0x0840,0x0041,0x0041,0x0041,0x0041,0x0041,0x0041,0x0041,0x0041,
  0x0840,0x0041,0x0041,0x0841,0x0041,0x0841,0x0841,0x0041,0x0841,0x0841,0x0841,0x0841,0x0841,0x0841,0x0841,0x0841,
  0x0841,0x0841,0x0841,0x0841,0x0861,0x0841,0x0841,0x0861,0x0861,0x0841,0x0861,0x0841,0x0841,0x0841,0x0841,0x0861,
  0x0861,0x0861,0x0861,0x0861,0x0861,0x0861,0x0861,0x0861,0x0861,0x0861,0x0861,0x0861,0x0861,0x0861,0x0861,0x0861,
  0x0861,0x0861,0x0861,0x0861,0x0861,0x0861,0x0861,0x0861,0x0861,0x0861,0x0862,0x0861,0x0861,0x0861,0x0861,0x0861,
  0x0861,0x0861,0x0861,0x0861,0x0861,0x0861,0x0861,0x0861,0x0861,0x0861,0x0861,0x0861,0x0861,0x0862,0x1061,0x0861,
  0x0862,0x0862,0x1061,0x0862,0x0862,0x0862,0x0861,0x0862,0x1061,0x1061,0x0861,0x0861,0x0862,0x0862,0x0862,0x0862,
  0x0862,0x1061,0x1061,0x0862,0x0862,0x0862,0x0862,0x0862,0x0862,0x0862,0x0862,0x0862,0x0862,0x0862,0x0862,0x0862,
  0x0862,0x0862,0x0862,0x0862,0x0862,0x0862,0x0862,0x0862,0x0862,0x0862,0x0862,0x0862,0x0862,0x0862,0x0862,0x0862,
  0x0862,0x0862,0x0862,0x0862,0x0862,0x0862,0x0862,0x0861,0x0862,0x0862,0x0862,0x0862,0x0862,0x0862,0x0861,0x0862,
  0x0862,0x0862,0x0862,0x0862,0x0862,0x0862,0x0861,0x0861,0x0861,0x0861,0x0861,0x0861,0x0861,0x0861,0x0861,0x0861,
  0x0861,0x0861,0x0861,0x0861,0x0861,0x0841,0x0841,0x0841,0x0841,0x0841,0x0841,0x0841,0x0841,0x0841,0x0841,0x0841,
  0x0041,0x0041,0x0041,0x0041,0x0041,0x0041,0x0041,0x0840,0x0840,0x0840,0x0840,0x0840,0x0840,0x0840,0x0840,0x0840,
  0x0840,0x0820,0x0820,0x0840,0x0000,0xA320,0xFCE0,0x0820,0x39C8,0x0020,0x2965,0x6B6E,0x8C71,0x18C3,0x0000,0x0041,
  0x0041,0x0041,0x0041,0x0041,0x0041,0x0840,0x0041,0x0840,0x0840,0x0041,0x0041,0x0840,0x0041,0x0840,0x0840,0x0840,
  0x0041,0x0041,0x0840,0x0041,0x0840,0x0840,0x0840,0x0840,0x0840,0x0840,0x0041,0x0840,0x0041,0x0840,0x0840,0x0840,
  0x0840,0x0840,0x0840,0x0840,0x0840,0x0840,0x0840,0x0840,0x0840,0x0840,0x0840,0x0840,0x0840,0x0840,0x0840,0x0840,
  0x0840,0x0840,0x0840,0x0840,0x0840,0x0840,0x0840,0x0840,0x0840,0x0840,0x0840,0x0840,0x0840,0x0840,0x0840,0x0840,
  0x0840,0x0840,0x0840,0x0840,0x0840,0x0840,0x0840,0x0840,0x0840,0x0840,0x0840,0x0840,0x0840,0x0840,0x0840,0x0840,
  0x0820,0x0000,0xA320,0xFCE0,0x9B00,0x41E6,0x8472,0x3A6B,0x426B,0x3A2A,0x320A,0x31E9,0x31C8,0x31E9,0x0862,0x0000,
  0x0000,0xFCE0,0x92C0,0x0000,0x0840,0x0041,0x0840,0x0041,0x0041,0x0041,0x0041,0x0840,0x0041,0x0041,0x0840,0x0041,
  0x0041,0x0041,0x0041,0x0841,0x0041,0x0841,0x0841,0x0841,0x0841,0x0841,0x0041,0x0841,0x0841,0x0841,0x0841,0x0841,
  0x0841,0x0841,0x0841,0x0841,0x0861,0x0841,0x0861,0x0841,0x0861,0x0861,0x0861,0x0861,0x0841,0x0861,0x0861,0x0861,
  0x0861,0x0861,0x0861,0x0861,0x0861,0x0861,0x0861,0x0861,0x0861,0x0861,0x0861,0x0861,0x0861,0x0841,0x0861,0x0861,
  0x0861,0x0861,0x0861,0x0861,0x0861,0x0861,0x0861,0x0861,0x0862,0x0862,0x1061,0x1061,0x0861,0x0861,0x0861,0x1061,
  0x0861,0x0861,0x0861,0x0861,0x0861,0x0861,0x0861,0x0861,0x0861,0x0862,0x1061,0x0861,0x0861,0x0862,0x0861,0x1061,
  0x0862,0x0861,0x0861,0x0861,0x0862,0x0861,0x0862,0x0862,0x0862,0x0862,0x0861,0x0862,0x0862,0x0862,0x0862,0x0862,
  0x0862,0x0862,0x0862,0x0862,0x0862,0x0862,0x0862,0x0862,0x0862,0x0862,0x0862,0x0862,0x0862,0x0862,0x0862,0x0862,
  0x0862,0x0862,0x0862,0x0862,0x0862,0x0862,0x0862,0x0862,0x0862,0x0862,0x0862,0x0862,0x0862,0x0862,0x0862,0x0862,
  0x0862,0x0862,0x0862,0x0862,0x0862,0x0862,0x0862,0x0862,0x0862,0x0862,0x0862,0x0862,0x0862,0x0862,0x0862,0x0862,
  0x0862,0x0862,0x0862,0x0862,0x0862,0x0862,0x0862,0x0862,0x0861,0x0861,0x0861,0x1061,0x0861,0x0861,0x0861,0x0861,
  0x0861,0x0861,0x0861,0x0861,0x0861,0x0861,0x0841,0x0841,0x0841,0x0840,0x0841,0x0841,0x0841,0x0841,0x0841,0x0041,
  0x0041,0x0041,0x0041,0x0840,0x0840,0x0840,0x0041,0x0840,0x0041,0x0041,0x0840,0x0840,0x0840,0x0840,0x0840,0x0840,
  0x0820,0x0820,0x0820,0x0840,0x0000,0xBB80,0xFCE0,0x0000,0x0882,0x0862,0x0000,0x2124,0x6B8F,0x8431,0x18C3,0x0000,
  0x0841,0x0041,0x0041,0x0840,0x0041,0x0041,0x0041,0x0840,0x0041,0x0840,0x0041,0x0041,0x0041,0x0041,0x0041,0x0041,
  0x0041,0x0041,0x0041,0x0041,0x0041,0x0041,0x0041,0x0840,0x0840,0x0840,0x0041,0x0840,0x0041,0x0840,0x0840,0x0020,
  0x0000,0x0020,0x0020,0x0020,0x0020,0x0000,0x0020,0x0020,0x0020,0x0020,0x0020,0x0000,0x0020,0x0020,0x0020,0x0020,
  0x0020,0x0020,0x0020,0x0020,0x0020,0x0020,0x0020,0x0020,0x0020,0x0020,0x0020,0x0020,0x0020,0x0020,0x0020,0x0020,
  0x0020,0x0020,0x0020,0x0020,0x0020,0x0020,0x0020,0x0020,0x0020,0x0020,0x0020,0x0020,0x0020,0x0020,0x0020,0x0000,
  0x0820,0xC3C0,0xFCE0,0x92C0,0x5247,0x94D3,0x320A,0x426B,0x424B,0x3A2A,0x3209,0x31E8,0x31C8,0x31C8,0x1061,0x0000,
  0x0000,0xFCE0,0x92E0,0x0000,0x0860,0x0840,0x0041,0x0041,0x0041,0x0041,0x0041,0x0041,0x0041,0x0041,0x0840,0x0041,
  0x0041,0x0840,0x0041,0x0041,0x0041,0x0841,0x0841,0x0841,0x0841,0x0041,0x0041,0x0841,0x0841,0x0841,0x0841,0x0841,
  0x0841,0x0841,0x0841,0x0841,0x0841,0x0841,0x0841,0x0841,0x0861,0x0861,0x0861,0x0861,0x0861,0x0841,0x0841,0x0861,
  0x0841,0x0861,0x0861,0x0861,0x0861,0x0861,0x0861,0x0861,0x0861,0x0861,0x0841,0x0861,0x0861,0x0861,0x0861,0x0861,
  0x0861,0x0861,0x0861,0x0861,0x0841,0x0861,0x0861,0x0861,0x0861,0x0861,0x1061,0x0862,0x0861,0x0861,0x0861,0x0861,
  0x0861,0x0861,0x0861,0x0861,0x0861,0x0861,0x0861,0x0861,0x0861,0x1061,0x0861,0x0861,0x0861,0x0862,0x0862,0x0861,
  0x0862,0x0862,0x0861,0x0861,0x0862,0x0862,0x0862,0x0862,0x0862,0x0862,0x0862,0x0862,0x0862,0x0862,0x0862,0x0862,
  0x0862,0x0862,0x0862,0x0862,0x0862,0x0862,0x0862,0x0862,0x0862,0x0862,0x0862,0x0862,0x0862,0x0862,0x0862,0x0862,
  0x0862,0x0862,0x0862,0x0862,0x0862,0x0862,0x0862,0x0862,0x0862,0x0862,0x0862,0x0862,0x0862,0x0862,0x0862,0x0862,
  0x0862,0x0862,0x0862,0x0862,0x0862,0x0862,0x0862,0x0862,0x0862,0x0862,0x0862,0x0862,0x0861,0x0861,0x0862,0x0862,
  0x0862,0x0862,0x0862,0x0862,0x0862,0x0862,0x0862,0x0862,0x0862,0x0861,0x0861,0x0861,0x0861,0x0861,0x0861,0x0861,
  0x0861,0x0861,0x0861,0x0861,0x0841,0x0861,0x0861,0x0841,0x0841,0x0841,0x0041,0x0841,0x0841,0x0841,0x0841,0x0041,
  0x0041,0x0041,0x0841,0x0041,0x0840,0x0041,0x0041,0x0840,0x0840,0x0041,0x0840,0x0840,0x0840,0x0840,0x0840,0x0820,
  0x0820,0x0820,0x0820,0x0840,0x0000,0xB360,0xFCE0,0x0000,0x0020,0x0862,0x18E4,0x0000,0x2965,0x7BF0,0x8431,0x18C3,
  0x0000,0x0841,0x0840,0x0041,0x0840,0x0041,0x0840,0x0041,0x0041,0x0041,0x0041,0x0041,0x0041,0x0041,0x0041,0x0041,
  0x0041,0x0041,0x0840,0x0041,0x0041,0x0840,0x0840,0x0840,0x0041,0x0041,0x0840,0x0840,0x0840,0x0840,0x0020,0x0840,
  0x28C0,0x28C0,0x28E0,0x28E0,0x28E0,0x28E0,0x28E0,0x28E0,0x28E0,0x28E0,0x28E0,0x28C0,0x28E0,0x28E0,0x28E0,0x28E0,
  0x28E0,0x28C0,0x28E0,0x28E0,0x28E0,0x28E0,0x28E0,0x28E0,0x28C0,0x28C0,0x28C0,0x28C0,0x28C0,0x20A0,0x20C0,0x20C0,
  0x20C0,0x28C0,0x20C0,0x20C0,0x20C0,0x20A0,0x20A0,0x20A0,0x20A0,0x20A0,0x20A0,0x18A0,0x1880,0x20A0,0x20A0,0x1880,
  0x61E0,0xEC60,0x6A00,0x4A48,0x94D4,0x3A4B,0x3A2A,0x424A,0x3A2A,0x3A09,0x3A09,0x31E9,0x31C8,0x31C8,0x1081,0x0000,
  0x0000,0xFCE0,0x92C0,0x0000,0x0860,0x0840,0x0041,0x0041,0x0840,0x0041,0x0041,0x0041,0x0041,0x0041,0x0840,0x0041,
  0x0041,0x0041,0x0041,0x0041,0x0041,0x0041,0x0841,0x0841,0x0041,0x0041,0x0841,0x0841,0x0841,0x0841,0x0841,0x0841,
  0x0861,0x0841,0x0841,0x0841,0x0841,0x0841,0x0841,0x0841,0x0861,0x0861,0x0861,0x0861,0x0861,0x0861,0x0861,0x0861,
  0x0861,0x0861,0x0861,0x0861,0x0861,0x1061,0x0861,0x0861,0x0861,0x0861,0x0861,0x0861,0x0861,0x0861,0x0861,0x0841,
  0x0841,0x0861,0x0861,0x0861,0x0861,0x0861,0x0861,0x0861,0x0861,0x0861,0x0861,0x1061,0x0861,0x1061,0x0861,0x0861,
  0x0861,0x0861,0x0862,0x0861,0x0861,0x0861,0x0861,0x0861,0x0861,0x0862,0x0862,0x0862,0x0861,0x0862,0x0862,0x0862,
  0x0862,0x0862,0x0861,0x0862,0x0862,0x0862,0x0862,0x0862,0x0862,0x0862,0x0862,0x0862,0x0861,0x0861,0x0862,0x0862,
  0x0862,0x0862,0x0862,0x0862,0x0862,0x0862,0x0862,0x0862,0x0862,0x0862,0x0862,0x0862,0x0862,0x0862,0x0862,0x0862,
  0x0862,0x0862,0x0862,0x0862,0x0862,0x0862,0x0862,0x0862,0x0862,0x0862,0x0862,0x0862,0x0862,0x0862,0x0862,0x0862,
  0x0862,0x0862,0x0862,0x0862,0x0862,0x0862,0x0862,0x0862,0x0862,0x0862,0x0862,0x0862,0x0862,0x0862,0x0862,0x0862,
  0x0862,0x0862,0x0862,0x0862,0x0862,0x0862,0x0862,0x0862,0x0862,0x0862,0x0862,0x0861,0x0861,0x0861,0x0861,0x0861,
  0x0861,0x0861,0x0861,0x0861,0x0861,0x0861,0x0861,0x0861,0x0841,0x0841,0x0840,0x0841,0x0841,0x0841,0x0841,0x0841,
  0x0041,0x0041,0x0041,0x0041,0x0840,0x0041,0x0041,0x0840,0x0041,0x0041,0x0840,0x0840,0x0840,0x0840,0x0820,0x0820,
  0x0820,0x0020,0x0820,0x0840,0x0000,0xB360,0xFCE0,0x0000,0x0840,0x0861,0x2965,0x2104,0x0000,0x2965,0x73AF,0x73CF,
  0x10A3,0x0000,0x0041,0x0840,0x0041,0x0840,0x0840,0x0840,0x0840,0x0840,0x0840,0x0840,0x0840,0x0840,0x0840,0x0840,
  0x0840,0x0840,0x0840,0x0840,0x0840,0x0840,0x0840,0x0840,0x0840,0x0840,0x0840,0x0840,0x0840,0x0000,0x20A0,0xFCE0,
  0xF4A0,0xED88,0xFDEA,0x5CFE,0x54BC,0xF568,0xFDA8,0xFDA9,0x54DE,0x54BE,0xFDA8,0xFD87,0xF588,0x54BE,0xFDA9,0xFD87,
  0xFD88,0xF589,0xFD88,0xFD65,0xFD44,0xFD44,0xFD44,0xFD44,0xFD65,0xFD44,0xFD44,0xFD44,0xFD43,0xFD44,0xFD44,0xFD44,
  0xFD23,0xFD23,0xFD44,0xFD44,0xFD44,0xFD44,0xFD65,0xFD65,0xFD65,0xFD65,0xFD65,0xFD87,0xFDA7,0xFDC9,0xFDEA,0x545F,
  0x7414,0x6B4C,0x738D,0x8C72,0x428B,0x426B,0x426B,0x424A,0x422A,0x3A09,0x31E9,0x31E8,0x31C8,0x31C8,0x1081,0x0000,
  0x0000,0xFCE0,0x92E0,0x0000,0x0860,0x0840,0x0041,0x0840,0x0041,0x0041,0x0041,0x0041,0x0840,0x0041,0x0041,0x0041,
  0x0041,0x0041,0x0041,0x0041,0x0041,0x0041,0x0841,0x0841,0x0841,0x0841,0x0841,0x0841,0x0841,0x0841,0x0841,0x0841,
  0x0841,0x0841,0x0861,0x0861,0x0841,0x0841,0x0861,0x0841,0x0841,0x0861,0x0861,0x0861,0x0861,0x0861,0x0861,0x0861,
  0x0861,0x0861,0x0861,0x0861,0x0861,0x0861,0x0861,0x0861,0x0861,0x0861,0x0861,0x0861,0x0841,0x0841,0x0861,0x0861,
  0x0861,0x0861,0x0861,0x0861,0x0861,0x0861,0x0861,0x0861,0x0861,0x0861,0x0861,0x0861,0x0861,0x0861,0x0861,0x0861,
  0x0861,0x0861,0x0862,0x1061,0x0861,0x0861,0x0861,0x0861,0x0861,0x0862,0x1061,0x0862,0x0862,0x0862,0x0862,0x0862,
  0x0862,0x0862,0x0861,0x0862,0x0862,0x0862,0x0862,0x0862,0x0862,0x0862,0x0862,0x0862,0x1061,0x0861,0x0862,0x0861,
  0x0862,0x0862,0x0862,0x0862,0x0862,0x0862,0x0862,0x0862,0x0862,0x0862,0x0862,0x0862,0x0862,0x0862,0x0862,0x0862,
  0x0862,0x0862,0x0862,0x0862,0x0862,0x0862,0x0862,0x0862,0x0862,0x0862,0x0862,0x0862,0x0862,0x0862,0x0862,0x0862,
  0x0862,0x0862,0x0862,0x0862,0x0862,0x0862,0x0862,0x0862,0x0862,0x0862,0x0862,0x0862,0x0862,0x0862,0x0862,0x0862,
  0x0862,0x0862,0x0862,0x0862,0x0862,0x0862,0x0862,0x0862,0x0862,0x0862,0x0861,0x0862,0x0861,0x0861,0x0861,0x0861,
  0x0861,0x0861,0x0861,0x0861,0x0861,0x0861,0x0841,0x0861,0x0841,0x0841,0x0841,0x0841,0x0841,0x0041,0x0841,0x0841,
  0x0841,0x0041,0x0041,0x0041,0x0041,0x0041,0x0041,0x0041,0x0041,0x0041,0x0041,0x0840,0x0840,0x0840,0x0820,0x0820,
  0x0820,0x0820,0x0020,0x0840,0x0000,0xB360,0xFCE0,0x10A2,0x31A7,0x0862,0x0021,0x0841,0x0020,0x0000,0x2125,0x6B6E,
  0x8411,0x18C3,0x0000,0x0840,0x0020,0x0020,0x0020,0x0020,0x0020,0x0020,0x0020,0x0000,0x0000,0x0000,0x0000,0x0000,
  0x0020,0x0000,0x0000,0x0000,0x0000,0x0000,0x0000,0x0000,0x0000,0x0000,0x0000,0x0840,0x0020,0x20A0,0xFCE0,0xDC20,
  0x4A06,0x6AE9,0x49E5,0x5226,0x51E5,0x49E4,0x49E5,0x4A05,0x4A05,0x49E5,0x41E5,0x41E5,0x41C5,0x49E5,0x41E5,0x41C5,
  0x41E5,0x41E6,0x4206,0x41E6,0x4206,0x4206,0x41E6,0x41E6,0x4207,0x4207,0x4207,0x41E6,0x4207,0x4227,0x4228,0x4228,
  0x4228,0x4228,0x4A49,0x4A69,0x4A69,0x4A8A,0x4A69,0x4A69,0x4A6A,0x4A8A,0x4A8A,0x4A8A,0x52CB,0x5AEC,0x5AEC,0x632D,
  0x5B2D,0x530D,0x52ED,0x3A2A,0x426A,0x3A2A,0x3A09,0x3A2A,0x3A09,0x31E8,0x31C8,0x31E9,0x31C8,0x31C8,0x1081,0x0000,
  0x0000,0xFCE0,0x92E0,0x0000,0x0860,0x0840,0x0041,0x0041,0x0041,0x0840,0x0041,0x0041,0x0840,0x0041,0x0041,0x0041,
  0x0041,0x0041,0x0041,0x0041,0x0041,0x0041,0x0841,0x0841,0x0841,0x0841,0x0841,0x0841,0x0841,0x0841,0x0841,0x0841,
  0x0861,0x0841,0x0861,0x0861,0x0841,0x0841,0x0861,0x0861,0x0861,0x0861,0x0861,0x0861,0x0861,0x0861,0x0861,0x0861,
  0x0861,0x0861,0x0861,0x0861,0x0861,0x0862,0x0861,0x0862,0x0861,0x0861,0x0861,0x0861,0x0861,0x0861,0x0861,0x0861,
  0x0861,0x0861,0x0861,0x0861,0x0861,0x0841,0x0861,0x0861,0x0861,0x0861,0x0861,0x0861,0x0861,0x0861,0x0861,0x0861,
  0x0861,0x0861,0x0862,0x0862,0x0861,0x0861,0x0861,0x0861,0x0861,0x0862,0x0861,0x0862,0x0862,0x0862,0x0862,0x0862,
  0x0862,0x0862,0x0862,0x0862,0x0862,0x0862,0x0862,0x0862,0x0862,0x0862,0x0862,0x0862,0x0862,0x0861,0x1061,0x0862,
  0x0862,0x0862,0x0862,0x0862,0x0862,0x0862,0x0862,0x0862,0x0862,0x0862,0x0862,0x0862,0x0862,0x0862,0x0862,0x0862,
  0x0862,0x0862,0x0862,0x0862,0x0862,0x0862,0x0862,0x0862,0x0862,0x0862,0x0862,0x0862,0x0862,0x0862,0x0862,0x0862,
  0x0862,0x0862,0x0862,0x0862,0x0862,0x0862,0x0862,0x0862,0x0862,0x0862,0x0862,0x0862,0x0862,0x0862,0x0862,0x0862,
  0x0862,0x0862,0x0862,0x0862,0x0862,0x0862,0x0862,0x0862,0x0862,0x0862,0x0862,0x0862,0x0861,0x0861,0x0861,0x0861,
  0x0861,0x0861,0x0861,0x0861,0x0861,0x0861,0x0861,0x0861,0x0841,0x0841,0x0841,0x0841,0x0841,0x0841,0x0841,0x0841,
  0x0841,0x0841,0x0041,0x0041,0x0041,0x0840,0x0840,0x0840,0x0041,0x0041,0x0041,0x0041,0x0840,0x0840,0x0021,0x0820,
  0x0820,0x0820,0x0820,0x0840,0x0000,0xBB80,0xFCE0,0x18C3,0x4229,0x10A3,0x0820,0x0000,0x0841,0x10A3,0x0000,0x2986,
  0x7C11,0x8C72,0x18C3,0x0000,0x20A0,0x3100,0x30E0,0x3900,0x3920,0x4140,0x4140,0x4960,0x4960,0x4960,0x5180,0x51A0,
  0x4960,0x4960,0x4980,0x4980,0x5180,0x5180,0x5180,0x4960,0x4960,0x4140,0x5180,0x0820,0x20A0,0xFCE0,0xCBE0,0x5206,
  0x52AA,0x18C3,0x10C3,0x18C3,0x10C3,0x10C3,0x18C3,0x18C3,0x18E3,0x18E3,0x1904,0x1904,0x1904,0x18E4,0x2104,0x2124,
  0x2104,0x2125,0x2125,0x2145,0x2125,0x2125,0x2125,0x2145,0x2966,0x2145,0x2145,0x2125,0x2145,0x2146,0x2966,0x2146,
  0x2146,0x2146,0x2966,0x29A7,0x29A7,0x2987,0x29A7,0x31A8,0x2987,0x29A8,0x31C8,0x31E9,0x31E9,0x31E9,0x3209,0x3A09,
  0x3A09,0x3A29,0x3A09,0x3A2A,0x3A29,0x3A09,0x3A09,0x3A2A,0x31E9,0x31C8,0x31C8,0x31C8,0x31C8,0x31E9,0x1081,0x0000,
  0x0000,0xFCE0,0x9AE0,0x0000,0x0860,0x0840,0x0041,0x0041,0x0041,0x0041,0x0840,0x0041,0x0041,0x0041,0x0041,0x0041,
  0x0041,0x0041,0x0041,0x0041,0x0041,0x0841,0x0841,0x0841,0x0841,0x0841,0x0841,0x0841,0x0841,0x0841,0x0841,0x0841,
  0x0861,0x0841,0x0861,0x0861,0x0861,0x0841,0x0841,0x0861,0x0861,0x0861,0x0861,0x0861,0x0861,0x0861,0x0861,0x0861,
  0x0861,0x0861,0x0861,0x0861,0x0861,0x0861,0x0861,0x0861,0x0861,0x0861,0x0862,0x0861,0x0861,0x0861,0x0861,0x0861,
  0x0861,0x0841,0x0861,0x0861,0x0861,0x0861,0x0861,0x0862,0x0862,0x0862,0x0861,0x0861,0x0861,0x0861,0x0861,0x0861,
  0x0861,0x0862,0x0862,0x0861,0x0862,0x0861,0x0861,0x1061,0x0862,0x0862,0x0862,0x0862,0x0862,0x0862,0x0862,0x0862,
  0x0862,0x0862,0x0862,0x0862,0x0862,0x0862,0x0862,0x0862,0x0862,0x0862,0x0862,0x0862,0x0861,0x0861,0x1061,0x1061,
  0x0862,0x0862,0x0862,0x0862,0x0862,0x0862,0x0861,0x0861,0x0861,0x0861,0x0862,0x0862,0x0862,0x0862,0x0862,0x0862,
  0x0862,0x0862,0x0862,0x0862,0x0862,0x0862,0x0862,0x0862,0x0862,0x0862,0x0862,0x0862,0x1061,0x0862,0x0862,0x0862,
  0x0862,0x0862,0x0862,0x0862,0x0862,0x0862,0x0862,0x0862,0x0862,0x0862,0x0862,0x0862,0x0862,0x0862,0x0862,0x0862,
  0x0862,0x0862,0x0862,0x0862,0x0862,0x0862,0x0862,0x0862,0x0862,0x0862,0x0862,0x0861,0x0861,0x0861,0x0861,0x0861,
  0x0861,0x0861,0x0861,0x0861,0x0861,0x0861,0x0841,0x0861,0x0841,0x0841,0x0841,0x0841,0x0841,0x0841,0x0041,0x0840,
  0x0041,0x0840,0x0041,0x0041,0x0041,0x0041,0x0840,0x0840,0x0041,0x0840,0x0840,0x0041,0x0840,0x0840,0x0820,0x0820,
  0x0840,0x0820,0x0820,0x0840,0x0000,0xBB80,0xFCE0,0x18C3,0x5AEB,0x39C7,0x10A2,0x0021,0x0841,0x18E4,0x1082,0x0000,
  0x31C7,0x7C11,0x8C72,0x18C3,0x1880,0xCBE0,0xEC80,0xF4A0,0xFCE0,0xFCE0,0xFCE0,0xFCE0,0xFCE0,0xFCE0,0xFCE0,0xFCE0,
  0xFCE0,0xFCE0,0xFCE0,0xFCE0,0xFCE0,0xFCE0,0xFCE0,0xFCE0,0xFCE0,0xFCE0,0xC3A0,0x28E0,0xFCE0,0xC3C0,0x5A26,0x630C,
  0x18E3,0x18E3,0x2104,0x2103,0x2104,0x2104,0x2124,0x2124,0x2104,0x2124,0x2124,0x2124,0x2124,0x2124,0x2945,0x2124,
  0x2945,0x2945,0x2945,0x2945,0x2945,0x2965,0x2966,0x2986,0x2986,0x2966,0x2966,0x2986,0x2986,0x31A7,0x2986,0x2986,
  0x2986,0x2986,0x2986,0x31A7,0x31A7,0x31A7,0x31A7,0x31A7,0x31A7,0x31C8,0x31C8,0x39E8,0x3A09,0x39E8,0x39E8,0x3A09,
  0x3A09,0x3A09,0x3A29,0x3A29,0x3A29,0x39E9,0x3A09,0x3A09,0x31E8,0x31E9,0x31A8,0x29A7,0x31C8,0x31C8,0x0862,0x0000,
  0x0000,0xFCE0,0x92E0,0x0000,0x0860,0x0041,0x0041,0x0840,0x0840,0x0041,0x0840,0x0041,0x0041,0x0041,0x0041,0x0041,
  0x0041,0x0041,0x0041,0x0041,0x0841,0x0841,0x0841,0x0841,0x0841,0x0841,0x0841,0x0841,0x0841,0x0841,0x0841,0x0841,
  0x0861,0x0841,0x0841,0x0861,0x0861,0x0841,0x0841,0x0861,0x0861,0x0861,0x0861,0x0861,0x0861,0x0861,0x0861,0x0861,
  0x0861,0x0861,0x0861,0x0861,0x0861,0x0861,0x0862,0x0861,0x0861,0x0861,0x0861,0x0861,0x0861,0x0861,0x0861,0x0861,
  0x0861,0x0861,0x0861,0x0861,0x0861,0x0861,0x0861,0x0862,0x0861,0x0862,0x0861,0x0861,0x0862,0x0861,0x0861,0x0861,
  0x0861,0x0861,0x0861,0x0861,0x0861,0x0861,0x0861,0x0861,0x0861,0x0862,0x0862,0x0862,0x0862,0x0862,0x0862,0x0862,
  0x0862,0x0862,0x0861,0x0861,0x0861,0x0861,0x1061,0x0862,0x0861,0x0862,0x0862,0x0862,0x0861,0x0861,0x0861,0x0861,
  0x0862,0x0862,0x0862,0x0862,0x0862,0x0862,0x0861,0x0861,0x0861,0x0862,0x0862,0x0862,0x0862,0x0862,0x0862,0x0862,
  0x0862,0x0862,0x0862,0x0862,0x0862,0x0862,0x0862,0x0862,0x0862,0x0862,0x0862,0x0862,0x0862,0x0862,0x0862,0x0862,
  0x0862,0x0862,0x0862,0x0862,0x0862,0x0862,0x0862,0x0862,0x0862,0x0862,0x0862,0x0862,0x0862,0x0862,0x0862,0x0862,
  0x0862,0x0862,0x0861,0x0862,0x0862,0x0862,0x0862,0x0862,0x0862,0x0862,0x0862,0x0862,0x0861,0x0861,0x0861,0x0861,
  0x0861,0x0861,0x0861,0x0861,0x0861,0x0861,0x0861,0x0841,0x0841,0x0841,0x0841,0x0861,0x0841,0x0841,0x0841,0x0041,
  0x0841,0x0841,0x0041,0x0041,0x0041,0x0041,0x0041,0x0041,0x0041,0x0840,0x0041,0x0041,0x0840,0x0840,0x0840,0x0840,
  0x0840,0x0820,0x0820,0x0840,0x0000,0xB360,0xFCE0,0x0861,0x52AA,0x630C,0x4228,0x2124,0x0841,0x0820,0x0840,0x0862,
  0x0000,0x31A7,0x7BF0,0x8430,0x18A2,0x0000,0x0000,0x0000,0x0000,0x0000,0x0000,0x0000,0x0000,0x0000,0x0000,0x0000,
  0x0000,0x0000,0x0020,0x0020,0x0020,0x0020,0x0000,0x0000,0x0020,0x0000,0x3100,0xFCE0,0xBBA0,0x5A26,0x6B6D,0x2104,
  0x18E3,0x2104,0x2103,0x2104,0x20E3,0x2104,0x2104,0x2104,0x2104,0x2104,0x2104,0x2124,0x2124,0x2124,0x2124,0x2124,
  0x2945,0x2945,0x2945,0x2945,0x2945,0x2966,0x2986,0x2966,0x2986,0x2965,0x2965,0x2986,0x2986,0x2986,0x2986,0x2966,
  0x2986,0x2986,0x2986,0x31A7,0x31A7,0x31A7,0x31A7,0x2987,0x31A7,0x31C8,0x31A7,0x31C8,0x39E8,0x31E8,0x31E8,0x31E9,
  0x31E9,0x3A09,0x3A09,0x3A09,0x3A09,0x39E8,0x31C8,0x31E8,0x31E8,0x31E8,0x31A7,0x29A7,0x2987,0x29A8,0x1081,0x0000,
  0x0000,0xFCE0,0x9AE0,0x0000,0x0860,0x0840,0x0840,0x0041,0x0041,0x0041,0x0041,0x0041,0x0041,0x0840,0x0041,0x0840,
  0x0840,0x0041,0x0041,0x0041,0x0041,0x0841,0x0841,0x0841,0x0841,0x0841,0x0841,0x0841,0x0841,0x0841,0x0841,0x0841,
  0x0861,0x0861,0x0861,0x0861,0x0841,0x0841,0x0841,0x0841,0x0861,0x0861,0x0861,0x0861,0x0861,0x0861,0x0861,0x0861,
  0x0861,0x0861,0x0861,0x0861,0x0861,0x0861,0x0861,0x0861,0x0861,0x0861,0x0861,0x0861,0x0861,0x0861,0x0861,0x0861,
  0x0861,0x0861,0x0861,0x0861,0x1061,0x0861,0x0861,0x0862,0x0862,0x0861,0x0861,0x0862,0x0861,0x0861,0x0861,0x0861,
  0x0861,0x0861,0x0861,0x0861,0x0861,0x1061,0x0861,0x1061,0x0861,0x0862,0x0862,0x0862,0x0862,0x0862,0x0862,0x0862,
  0x0862,0x0861,0x0861,0x0861,0x0861,0x0861,0x0861,0x0861,0x0862,0x0861,0x0861,0x0862,0x0861,0x1061,0x1061,0x0861,
  0x0861,0x1061,0x0862,0x0862,0x0862,0x1061,0x0862,0x0862,0x0862,0x0862,0x0862,0x0862,0x0862,0x0862,0x0862,0x0862,
  0x0862,0x0862,0x0862,0x0862,0x0862,0x0862,0x0862,0x0862,0x0862,0x0862,0x0862,0x0862,0x0862,0x0862,0x0862,0x0862,
  0x0862,0x0862,0x0862,0x0862,0x0862,0x0862,0x0862,0x0862,0x0862,0x0862,0x0862,0x0862,0x0862,0x0862,0x0862,0x0862,
  0x0862,0x0862,0x0862,0x0861,0x1061,0x0861,0x0862,0x0862,0x0862,0x0862,0x0861,0x0862,0x0861,0x0861,0x0861,0x0861,
  0x0861,0x0861,0x0861,0x0861,0x0861,0x0841,0x0861,0x0861,0x0841,0x0841,0x0841,0x0841,0x0841,0x0841,0x0841,0x0841,
  0x0841,0x0841,0x0041,0x0041,0x0041,0x0041,0x0840,0x0840,0x0840,0x0041,0x0840,0x0840,0x0041,0x0840,0x0840,0x0840,
  0x0840,0x0840,0x0820,0x0840,0x0000,0xB360,0xFCE0,0x0841,0x2965,0x4208,0x4A69,0x2104,0x0841,0x0041,0x0000,0x1082,
  0x0861,0x0000,0x31A6,0x6B6E,0x8C92,0x94D3,0x9D14,0x9CF4,0x94D3,0x94B3,0x9492,0x8C72,0x8C72,0x8C92,0x8C72,0x8C51,
  0x8C92,0x9492,0x8C92,0x8C92,0x8451,0x8431,0x7C31,0x7C31,0x6C34,0xC3A0,0xFCE0,0xA300,0x5206,0x634D,0x2104,0x2104,
  0x2104,0x2103,0x2124,0x2104,0x2104,0x2104,0x2104,0x2124,0x2124,0x2124,0x2124,0x2124,0x2124,0x2945,0x2945,0x2945,
  0x2945,0x2945,0x2945,0x2965,0x2965,0x2986,0x2986,0x2986,0x2986,0x2986,0x2966,0x3186,0x3186,0x2986,0x2986,0x2986,
  0x3187,0x2986,0x2986,0x31A7,0x31A7,0x31A7,0x31A7,0x31A7,0x31C8,0x31A7,0x31C8,0x31C8,0x31C8,0x31E9,0x39E9,0x3A09,
  0x3A09,0x39E9,0x3A2A,0x3A2A,0x3A09,0x31E8,0x31E8,0x31E8,0x31E8,0x31C8,0x31A8,0x31C8,0x31C8,0x1925,0x0000,0x0840,
  0x0000,0xFCE0,0x9AE0,0x0000,0x1060,0x0840,0x0840,0x0840,0x0840,0x0840,0x0041,0x0041,0x0041,0x0041,0x0041,0x0840,
  0x0041,0x0840,0x0041,0x0041,0x0041,0x0841,0x0841,0x0841,0x0841,0x0841,0x0841,0x0841,0x0041,0x0841,0x0841,0x0841,
  0x0841,0x0841,0x0841,0x0841,0x0841,0x0841,0x0861,0x0841,0x0861,0x0841,0x0861,0x0861,0x0861,0x0841,0x0861,0x0861,
  0x0861,0x0861,0x0861,0x0861,0x0861,0x0861,0x0861,0x0861,0x0861,0x0861,0x0861,0x0861,0x0841,0x0861,0x0861,0x0861,
  0x0861,0x0841,0x0861,0x0861,0x0861,0x0861,0x0861,0x0861,0x0861,0x0861,0x0861,0x0861,0x0862,0x1061,0x0861,0x0861,
  0x0861,0x0861,0x0861,0x0861,0x0862,0x1061,0x0861,0x0861,0x1061,0x0861,0x0862,0x0862,0x0862,0x0862,0x0862,0x0862,
  0x0862,0x0862,0x0861,0x0861,0x0861,0x0861,0x0861,0x0861,0x0862,0x0862,0x0862,0x0861,0x0861,0x0861,0x1061,0x0862,
  0x0862,0x0862,0x0862,0x0862,0x0862,0x0862,0x0862,0x0862,0x0862,0x0862,0x0862,0x0861,0x0862,0x0862,0x0862,0x0862,
  0x0862,0x0862,0x0862,0x0862,0x0862,0x0862,0x0862,0x0862,0x0862,0x0862,0x0862,0x0862,0x0862,0x0862,0x0862,0x0862,
  0x0862,0x0862,0x0862,0x0862,0x0862,0x0862,0x0862,0x0862,0x0861,0x0862,0x0862,0x0862,0x0862,0x0862,0x0861,0x0862,
  0x0862,0x0862,0x0862,0x0862,0x1061,0x0862,0x0862,0x0862,0x0862,0x0862,0x0862,0x0862,0x0862,0x0861,0x0861,0x1061,
  0x0861,0x0861,0x0861,0x0861,0x0841,0x0861,0x0861,0x0861,0x0841,0x0841,0x0841,0x0841,0x0841,0x0841,0x0841,0x0841,
  0x0041,0x0041,0x0041,0x0041,0x0041,0x0041,0x0041,0x0041,0x0840,0x0041,0x0041,0x0840,0x0041,0x0840,0x0840,0x0840,
  0x0840,0x0840,0x0840,0x0840,0x0000,0xB360,0xFCE0,0x0840,0x10A3,0x2945,0x39E7,0x4A6A,0x4208,0x2104,0x0841,0x0020,
  0x0882,0x0841,0x0000,0x3186,0x5B0C,0x634D,0x632D,0x5B0C,0x52AB,0x4A6A,0x4A6A,0x4249,0x4229,0x4229,0x4229,0x4229,
  0x4229,0x31C7,0x31A7,0x3186,0x2946,0x2145,0x2145,0x2945,0x2145,0x2126,0x18C3,0x41E6,0x738E,0x18E3,0x18C3,0x18E3,
  0x18E3,0x18E3,0x18E3,0x2104,0x2104,0x18E3,0x18E3,0x2104,0x2124,0x2124,0x2104,0x2104,0x2104,0x2124,0x2945,0x2945,
  0x2945,0x2945,0x2945,0x2945,0x2945,0x2145,0x2145,0x2945,0x2965,0x2966,0x2986,0x3186,0x2986,0x2966,0x2966,0x2986,
  0x2986,0x2146,0x2966,0x2966,0x2987,0x2987,0x3187,0x31A8,0x29A7,0x2987,0x2987,0x2987,0x2987,0x29A8,0x31A8,0x31C8,
  0x31E9,0x39E9,0x31E9,0x31E9,0x39E8,0x31C8,0x31C8,0x29A8,0x2987,0x2987,0x29A7,0x31C8,0x2146,0x0020,0x0862,0x10A3,
  0x0000,0xFCE0,0x9AE0,0x0000,0x0860,0x0840,0x0840,0x0840,0x0840,0x0041,0x0041,0x0041,0x0041,0x0041,0x0840,0x0041,
  0x0041,0x0041,0x0041,0x0840,0x0041,0x0841,0x0841,0x0841,0x0841,0x0841,0x0841,0x0841,0x0840,0x0841,0x0841,0x0841,
  0x0841,0x0861,0x0861,0x0841,0x0861,0x0841,0x0841,0x0841,0x0861,0x0861,0x0861,0x0861,0x0861,0x0861,0x0861,0x0861,
  0x0861,0x0861,0x0861,0x0861,0x0861,0x0861,0x0861,0x0861,0x0861,0x0861,0x0861,0x0861,0x0861,0x0861,0x0861,0x0861,
  0x0841,0x0861,0x0861,0x0861,0x0861,0x0861,0x0861,0x0861,0x0861,0x0861,0x0861,0x0861,0x0861,0x0861,0x0861,0x0861,
  0x0861,0x0861,0x0861,0x0861,0x0862,0x1061,0x0861,0x0861,0x0861,0x0861,0x0862,0x0862,0x0862,0x0862,0x0862,0x0862,
  0x0862,0x0862,0x0861,0x0861,0x0861,0x0862,0x0861,0x0861,0x0861,0x0862,0x0862,0x0862,0x0861,0x0861,0x0862,0x0862,
  0x0862,0x0862,0x0862,0x0862,0x0862,0x0862,0x0862,0x0862,0x0862,0x0862,0x0862,0x0862,0x0862,0x0862,0x1061,0x1061,
  0x0862,0x0861,0x0861,0x0862,0x0862,0x0862,0x0862,0x0862,0x0862,0x0862,0x0862,0x0862,0x0862,0x0862,0x0862,0x1061,
  0x0861,0x0862,0x0862,0x0862,0x0862,0x0862,0x0862,0x0862,0x0862,0x0862,0x0862,0x0862,0x0862,0x0862,0x0861,0x0861,
  0x0861,0x0862,0x0862,0x0862,0x0862,0x0862,0x0862,0x1061,0x0862,0x0862,0x0862,0x0862,0x0861,0x0861,0x0861,0x0861,
  0x0861,0x0861,0x0841,0x0861,0x0841,0x0841,0x0841,0x0861,0x0861,0x0841,0x0841,0x0841,0x0861,0x0841,0x0841,0x0041,
  0x0841,0x0840,0x0840,0x0841,0x0041,0x0041,0x0041,0x0041,0x0840,0x0041,0x0840,0x0840,0x0041,0x0041,0x0041,0x0840,
  0x0840,0x0820,0x0820,0x0840,0x0000,0xB360,0xFCE0,0x0820,0x0841,0x1082,0x2945,0x6B8D,0x5AEB,0x18E4,0x0841,0x1082,
  0x0861,0x0841,0x1082,0x0000,0x0020,0x0000,0x0000,0x0000,0x0000,0x0000,0x0000,0x0000,0x0000,0x0000,0x0000,0x0020,
  0x0020,0x0000,0x0000,0x0000,0x0000,0x0000,0x0000,0x0000,0x0000,0x0020,0x0000,0x0882,0x0000,0x0000,0x0000,0x0000,
  0x0000,0x0000,0x0000,0x0020,0x0000,0x0000,0x0000,0x0000,0x0020,0x0000,0x0000,0x0000,0x0000,0x0000,0x0000,0x0020,
  0x0020,0x0020,0x0020,0x0000,0x0000,0x0000,0x0000,0x0000,0x0000,0x0000,0x0021,0x0020,0x0000,0x0000,0x0020,0x0020,
  0x0000,0x0000,0x0000,0x0000,0x0020,0x0020,0x0020,0x0020,0x0020,0x0020,0x0000,0x0000,0x0000,0x0000,0x0000,0x0000,
  0x0020,0x0021,0x0020,0x0000,0x0020,0x0020,0x0020,0x0020,0x0000,0x0000,0x0020,0x0020,0x0000,0x10A3,0x39E8,0x39C7,
  0x0000,0xFCE0,0x9AE0,0x0000,0x0860,0x0840,0x0840,0x0041,0x0840,0x0041,0x0041,0x0840,0x0041,0x0041,0x0041,0x0041,
  0x0041,0x0041,0x0041,0x0041,0x0041,0x0841,0x0841,0x0841,0x0841,0x0841,0x0841,0x0841,0x0841,0x0841,0x0841,0x0841,
  0x0841,0x0841,0x0861,0x0861,0x0841,0x0841,0x0841,0x0841,0x0841,0x0861,0x0861,0x0861,0x0861,0x0861,0x0861,0x0861,
  0x0861,0x0861,0x0861,0x0861,0x0861,0x0861,0x1061,0x0861,0x0861,0x0861,0x0861,0x0861,0x0861,0x0841,0x0841,0x0861,
  0x0841,0x0861,0x0861,0x0861,0x0861,0x0861,0x0861,0x0861,0x1061,0x0861,0x0861,0x1061,0x0861,0x0861,0x0861,0x0861,
  0x0861,0x0861,0x0861,0x0861,0x0861,0x0861,0x0861,0x0862,0x0861,0x0862,0x0862,0x0862,0x0862,0x0862,0x0862,0x0862,
  0x0862,0x0862,0x0862,0x0861,0x0862,0x0862,0x0862,0x1061,0x0861,0x0861,0x0862,0x0862,0x0862,0x0862,0x0862,0x0862,
  0x0862,0x0862,0x0862,0x0862,0x0862,0x0862,0x0862,0x0862,0x0862,0x0862,0x0862,0x0862,0x0862,0x0862,0x1061,0x0862,
  0x0862,0x0862,0x1061,0x0862,0x0862,0x0862,0x0862,0x0862,0x0862,0x0862,0x0862,0x0862,0x0862,0x0862,0x0862,0x0862,
  0x0862,0x0862,0x0862,0x0862,0x0862,0x0862,0x0862,0x0862,0x0862,0x0862,0x0862,0x0862,0x0862,0x0862,0x0862,0x0862,
  0x0862,0x0862,0x0862,0x0862,0x0862,0x0862,0x0862,0x0862,0x0861,0x0861,0x0861,0x0861,0x0861,0x0861,0x0861,0x0861,
  0x0861,0x0861,0x0841,0x0841,0x0861,0x0861,0x0861,0x0861,0x0841,0x0861,0x0841,0x0841,0x0841,0x0841,0x0840,0x0841,
  0x0041,0x0841,0x0841,0x0841,0x0041,0x0041,0x0041,0x0840,0x0840,0x0041,0x0840,0x0041,0x0041,0x0041,0x0041,0x0840,
  0x0840,0x0021,0x0820,0x0840,0x0000,0xB360,0xFCE0,0x0020,0x0000,0x0840,0x2104,0x528A,0x4208,0x18E3,0x10A2,0x18C3,
  0x1082,0x0020,0x18C3,0x18E3,0x0841,0x0861,0x0861,0x0020,0x0020,0x0000,0x0000,0x1082,0x2104,0x2124,0x0861,0x0000,
  0x0000,0x0861,0x1082,0x18C3,0x1904,0x10A2,0x0021,0x0021,0x0021,0x1082,0x18E3,0x18C3,0x18C3,0x0841,0x0000,0x0000,
  0x0820,0x10C3,0x18C3,0x18C3,0x18C3,0x0841,0x0841,0x0020,0x0020,0x0862,0x18C3,0x2125,0x1082,0x0000,0x0020,0x0840,
  0x1081,0x10C3,0x2104,0x10C3,0x0020,0x0000,0x0000,0x0820,0x10A3,0x18E4,0x0862,0x0020,0x0020,0x0841,0x0820,0x0000,
  0x1083,0x1905,0x1060,0x1060,0x0020,0x0000,0x0820,0x0840,0x0840,0x0000,0x0020,0x1081,0x2125,0x2125,0x0841,0x0840,
  0x0020,0x0000,0x0000,0x1081,0x10C3,0x0862,0x0020,0x0840,0x0820,0x0000,0x0020,0x0862,0x0862,0x2125,0x4229,0x4229,
  0x0000,0xFCE0,0x9AE0,0x0000,0x1060,0x0840,0x0041,0x0840,0x0840,0x0041,0x0041,0x0840,0x0041,0x0840,0x0041,0x0041,
  0x0041,0x0041,0x0041,0x0841,0x0841,0x0841,0x0041,0x0841,0x0841,0x0841,0x0841,0x0841,0x0841,0x0841,0x0841,0x0841,
  0x0861,0x0841,0x0861,0x0861,0x0861,0x0861,0x0841,0x0841,0x0841,0x0841,0x0861,0x0861,0x0861,0x0861,0x0861,0x0861,
  0x0861,0x0861,0x0861,0x0861,0x0861,0x1061,0x0862,0x0861,0x0861,0x0861,0x0861,0x0841,0x0861,0x0841,0x0861,0x0841,
  0x0861,0x0861,0x0861,0x0861,0x0861,0x0861,0x0861,0x0861,0x0841,0x0861,0x0861,0x0861,0x0861,0x0861,0x0861,0x0861,
  0x0862,0x0861,0x1061,0x0861,0x0861,0x0861,0x1061,0x0861,0x0861,0x0861,0x0861,0x0862,0x0862,0x0862,0x0862,0x0862,
  0x0862,0x0862,0x0862,0x0862,0x0862,0x0861,0x0862,0x0862,0x0861,0x0861,0x0862,0x0862,0x0862,0x0862,0x0862,0x0862,
  0x0862,0x0862,0x0862,0x0862,0x0862,0x0862,0x0862,0x0862,0x0862,0x1061,0x1061,0x0861,0x0861,0x0862,0x0862,0x0862,
  0x0862,0x0862,0x0862,0x0862,0x1061,0x0862,0x0862,0x0862,0x0862,0x0862,0x0862,0x0862,0x0862,0x0862,0x0862,0x0862,
  0x0862,0x0862,0x0862,0x0862,0x0862,0x0862,0x0862,0x0862,0x0862,0x0862,0x0862,0x0862,0x0862,0x0862,0x0862,0x0862,
  0x0862,0x0862,0x0862,0x0861,0x0862,0x0862,0x0862,0x0862,0x0862,0x0862,0x0861,0x0861,0x0861,0x0861,0x0861,0x0862,
  0x0861,0x0861,0x0861,0x0861,0x0861,0x0841,0x0861,0x0841,0x0841,0x0841,0x0841,0x0841,0x0841,0x0841,0x0841,0x0041,
  0x0841,0x0841,0x0841,0x0841,0x0841,0x0041,0x0041,0x0041,0x0041,0x0041,0x0840,0x0041,0x0041,0x0041,0x0840,0x0840,
  0x0840,0x0840,0x0820,0x0840,0x0000,0xB360,0xFCE0,0x0882,0x18E4,0x0840,0x0862,0x18C3,0x3186,0x5ACB,0x630C,0x39C7,
  0x2104,0x0882,0x0020,0x0841,0x18E3,0x4208,0x4208,0x18E4,0x10A3,0x10A2,0x1082,0x1082,0x18E3,0x2965,0x39C7,0x2945,
  0x1082,0x0041,0x0021,0x10A2,0x2125,0x41E8,0x4A69,0x3186,0x0862,0x0841,0x0862,0x1082,0x39E8,0x4229,0x2945,0x1082,
  0x0820,0x1083,0x0882,0x0882,0x2986,0x528A,0x4208,0x18C4,0x0020,0x0041,0x1082,0x2125,0x4208,0x39E8,0x1905,0x1061,
  0x0840,0x0841,0x18C4,0x2987,0x4A49,0x31C7,0x1904,0x0860,0x1081,0x0882,0x0861,0x2125,0x528A,0x528A,0x18E4,0x0840,
  0x0861,0x18C2,0x2902,0x39E8,0x4A6A,0x2946,0x0862,0x0840,0x0021,0x0840,0x0840,0x0840,0x18E4,0x31A7,0x2987,0x18E5,
  0x1060,0x0020,0x0820,0x0020,0x0020,0x0862,0x10A3,0x10A3,0x0840,0x0000,0x0000,0x0000,0x0000,0x0020,0x18E4,0x39C7,
  0x0000,0xFCE0,0x9AE0,0x0000,0x1060,0x0840,0x0840,0x0840,0x0041,0x0041,0x0041,0x0840,0x0041,0x0041,0x0840,0x0041,
  0x0041,0x0841,0x0841,0x0041,0x0841,0x0041,0x0841,0x0041,0x0841,0x0841,0x0841,0x0841,0x0841,0x0841,0x0841,0x0841,
  0x0841,0x0861,0x0861,0x0861,0x0861,0x0841,0x0861,0x0841,0x0861,0x0841,0x0861,0x0861,0x0861,0x0861,0x0861,0x0861,
  0x0861,0x0861,0x0861,0x0861,0x0861,0x0861,0x0861,0x0861,0x0861,0x0861,0x0861,0x0861,0x0841,0x0841,0x0861,0x0861,
  0x0861,0x0861,0x0861,0x0861,0x0861,0x0861,0x0861,0x0861,0x0861,0x0861,0x0861,0x0861,0x1061,0x0861,0x0861,0x0861,
  0x0861,0x0861,0x0861,0x0861,0x0862,0x0861,0x0861,0x0861,0x0862,0x0862,0x0861,0x0862,0x0861,0x0862,0x0861,0x0862,
  0x0862,0x0862,0x0862,0x0862,0x0862,0x0862,0x1061,0x0862,0x0861,0x0861,0x0861,0x0862,0x0862,0x0862,0x0862,0x0862,
  0x1061,0x1061,0x0862,0x0862,0x0862,0x0862,0x0862,0x0862,0x0862,0x0862,0x1061,0x0862,0x0861,0x0862,0x0862,0x0862,
  0x0862,0x0862,0x0862,0x0862,0x0862,0x0862,0x0862,0x0862,0x0862,0x0862,0x0862,0x0862,0x0862,0x0862,0x0862,0x0862,
  0x0862,0x0862,0x0862,0x0862,0x0862,0x0862,0x0862,0x0862,0x0862,0x0862,0x0862,0x0862,0x0862,0x0862,0x0862,0x0862,
  0x0862,0x0862,0x0862,0x0862,0x0862,0x0862,0x0862,0x0862,0x0862,0x0862,0x0861,0x0861,0x0861,0x0861,0x0861,0x0861,
  0x0861,0x0861,0x0861,0x0841,0x0841,0x0861,0x0841,0x0861,0x0861,0x0840,0x0841,0x0841,0x0841,0x0841,0x0840,0x0841,
  0x0841,0x0841,0x0841,0x0841,0x0841,0x0841,0x0041,0x0041,0x0041,0x0041,0x0840,0x0041,0x0840,0x0041,0x0840,0x0840,
  0x0840,0x0820,0x0820,0x0840,0x0000,0xB360,0xFCE0,0x18E4,0x2966,0x0840,0x0020,0x0841,0x10A3,0x31A7,0x39E8,0x1082,
  0x0020,0x0000,0x0000,0x0000,0x0000,0x1082,0x10A2,0x0841,0x0000,0x0000,0x0000,0x0000,0x0000,0x0000,0x10A3,0x1082,
  0x0020,0x0000,0x0000,0x0000,0x0000,0x1082,0x2104,0x10A3,0x0020,0x0000,0x0000,0x0000,0x0861,0x18E4,0x18C3,0x0841,
  0x0000,0x0000,0x0000,0x0000,0x0841,0x1904,0x18C3,0x0841,0x0000,0x0000,0x0000,0x0021,0x18C3,0x2125,0x0862,0x0000,
  0x0000,0x0000,0x0020,0x0861,0x18E4,0x18E4,0x0882,0x0820,0x0020,0x0000,0x0000,0x0861,0x18C3,0x1904,0x10C3,0x0841,
  0x18E4,0x4208,0x3A08,0x4A49,0x52CB,0x4A49,0x4208,0x4A49,0x4A49,0x4228,0x3A08,0x4229,0x4228,0x52AA,0x52AB,0x52AB,
  0x528A,0x4A69,0x4208,0x31A6,0x2965,0x2966,0x31A7,0x31A7,0x3186,0x31A6,0x31A6,0x3186,0x2966,0x0862,0x0000,0x1082,
  0x0000,0xFCE0,0x9B00,0x0000,0x0860,0x0041,0x0041,0x0041,0x0041,0x0840,0x0041,0x0041,0x0041,0x0041,0x0840,0x0041,
  0x0041,0x0041,0x0841,0x0841,0x0841,0x0041,0x0841,0x0841,0x0841,0x0841,0x0841,0x0841,0x0841,0x0841,0x0861,0x0841,
  0x0861,0x0841,0x0841,0x0841,0x0861,0x0841,0x0841,0x0841,0x0841,0x0861,0x0841,0x0861,0x0861,0x0861,0x0861,0x0861,
  0x0861,0x0861,0x0861,0x0861,0x0861,0x0861,0x0861,0x0861,0x0861,0x0861,0x0861,0x0841,0x0861,0x0861,0x0861,0x0861,
  0x0861,0x0861,0x0861,0x0861,0x0861,0x0861,0x0861,0x0861,0x0861,0x0861,0x0861,0x0861,0x0862,0x0861,0x0861,0x0861,
  0x0841,0x0861,0x0861,0x0861,0x0861,0x0862,0x0861,0x0862,0x0862,0x0862,0x0862,0x0861,0x1061,0x0861,0x0862,0x0862,
  0x0862,0x0862,0x0862,0x0862,0x0862,0x0862,0x0862,0x0862,0x0861,0x0861,0x0861,0x1061,0x0862,0x0862,0x0862,0x0862,
  0x0862,0x0862,0x0862,0x0861,0x0862,0x0862,0x0862,0x0862,0x0862,0x0862,0x0861,0x0861,0x0862,0x0862,0x0862,0x0862,
  0x0862,0x0862,0x0862,0x0862,0x0862,0x0862,0x0862,0x0862,0x0862,0x0862,0x0862,0x0862,0x0862,0x0862,0x0862,0x0862,
  0x0862,0x0862,0x0862,0x0862,0x0862,0x0862,0x0862,0x0862,0x0862,0x0862,0x0862,0x0862,0x0862,0x0862,0x0862,0x0862,
  0x0862,0x0862,0x0862,0x0862,0x0862,0x0861,0x0862,0x1061,0x0862,0x0862,0x0862,0x0861,0x0861,0x0861,0x0861,0x0861,
  0x0861,0x0861,0x0861,0x0841,0x0861,0x0861,0x0861,0x0861,0x0861,0x0841,0x0841,0x0841,0x0841,0x0841,0x0841,0x0840,
  0x0841,0x0841,0x0840,0x0841,0x0841,0x0041,0x0041,0x0041,0x0041,0x0041,0x0041,0x0041,0x0041,0x0041,0x0840,0x0840,
  0x0820,0x0820,0x0820,0x0840,0x0000,0xAB40,0xFCE0,0x18E4,0x4A49,0x2965,0x10A3,0x0821,0x0021,0x1082,0x0000,0x18C3,
  0x2965,0x2945,0x2965,0x3165,0x2965,0x2945,0x2945,0x2945,0x2965,0x2945,0x2965,0x2965,0x2965,0x2945,0x2124,0x2124,
  0x2945,0x2944,0x2945,0x2945,0x2124,0x2104,0x18E3,0x18E3,0x20E3,0x18E3,0x18E3,0x18C3,0x10A2,0x1082,0x1082,0x10A2,
  0x10A2,0x10A2,0x1082,0x1082,0x1081,0x0861,0x0861,0x0861,0x1082,0x1082,0x1082,0x0861,0x0861,0x0861,0x1082,0x10A2,
  0x10A2,0x10A2,0x1082,0x1082,0x0861,0x0861,0x1082,0x1082,0x1082,0x1082,0x1082,0x1082,0x0861,0x0000,0x0820,0x0020,
  0x0020,0x0020,0x0000,0x0000,0x0000,0x0000,0x0000,0x0020,0x0020,0x0000,0x0820,0x0020,0x0000,0x0041,0x0020,0x0021,
  0x0841,0x0841,0x0041,0x0861,0x0862,0x10A3,0x18E4,0x18E4,0x18C3,0x18C3,0x18E4,0x18E4,0x31C7,0x31A7,0x0020,0x0000,
  0x0000,0xFCE0,0x9AE0,0x0000,0x0860,0x0840,0x0840,0x0840,0x0840,0x0041,0x0840,0x0840,0x0041,0x0041,0x0041,0x0041,
  0x0041,0x0041,0x0841,0x0841,0x0841,0x0041,0x0841,0x0841,0x0841,0x0841,0x0841,0x0841,0x0841,0x0861,0x0841,0x0841,
  0x0841,0x0841,0x0841,0x0841,0x0841,0x0841,0x0841,0x0861,0x0861,0x0861,0x0861,0x0861,0x0861,0x0861,0x0861,0x0861,
  0x0861,0x0861,0x0861,0x0861,0x0861,0x0861,0x0861,0x0861,0x0861,0x0861,0x0861,0x0861,0x0861,0x0861,0x0861,0x0861,
  0x0861,0x0861,0x0861,0x0861,0x0861,0x0841,0x0861,0x0861,0x0861,0x0861,0x0861,0x0861,0x0861,0x0861,0x0861,0x0861,
  0x0861,0x0861,0x0861,0x0861,0x0862,0x0862,0x0862,0x0861,0x0861,0x0862,0x0862,0x0861,0x0862,0x0862,0x0861,0x0861,
  0x0862,0x0862,0x0862,0x0862,0x0862,0x0862,0x0861,0x0861,0x0861,0x0861,0x0861,0x1061,0x0861,0x0861,0x0862,0x0862,
  0x0862,0x0862,0x1061,0x0862,0x0862,0x0862,0x0862,0x0862,0x0862,0x0862,0x0862,0x0862,0x0862,0x0862,0x0862,0x0862,
  0x0862,0x0862,0x0862,0x0862,0x0862,0x0862,0x0862,0x0861,0x0861,0x0862,0x0862,0x0862,0x0862,0x0862,0x0862,0x0862,
  0x0862,0x0862,0x0862,0x0862,0x0862,0x0862,0x0862,0x0862,0x0862,0x0862,0x0862,0x0862,0x0862,0x0862,0x0862,0x0862,
  0x0862,0x0862,0x0862,0x0862,0x0862,0x0861,0x0861,0x0862,0x0862,0x1061,0x0861,0x0861,0x0861,0x0861,0x0861,0x0861,
  0x0861,0x0861,0x0861,0x0861,0x0841,0x0861,0x0861,0x0861,0x0861,0x0861,0x0861,0x0841,0x0841,0x0841,0x0841,0x0840,
  0x0841,0x0841,0x0841,0x0841,0x0841,0x0840,0x0041,0x0041,0x0041,0x0840,0x0840,0x0840,0x0840,0x0041,0x0840,0x0840,
  0x0820,0x0820,0x0820,0x0840,0x0000,0xAB40,0xFCE0,0x10A3,0x6B6D,0x5ACB,0x2966,0x0882,0x0020,0x0000,0x31A6,0x94B2,
  0x7BEF,0x8410,0x8C51,0x8C92,0x8C72,0x8410,0x8431,0x7BF0,0x8410,0x8410,0x8430,0x7BF0,0x73AE,0x73AF,0x6B8E,0x6B8E,
  0x6B6E,0x6B6D,0x6B4D,0x6B4D,0x632C,0x5AEB,0x52AA,0x52AA,0x528A,0x528A,0x4A69,0x4228,0x4208,0x4208,0x4208,0x4208,
  0x39E7,0x39C7,0x39C7,0x39C7,0x31A6,0x31A6,0x3186,0x31A6,0x31A6,0x39C7,0x31A6,0x3186,0x31A6,0x39C7,0x39E7,0x4208,
  0x4228,0x4228,0x4228,0x4208,0x4229,0x4A49,0x4A69,0x4228,0x4228,0x4228,0x4A69,0x52CB,0x2124,0x0820,0x0041,0x0000,
  0x0000,0x0020,0x0020,0x0020,0x0020,0x0000,0x0020,0x0000,0x0820,0x0840,0x0840,0x0860,0x0840,0x0020,0x0820,0x0020,
  0x0000,0x0840,0x0860,0x1083,0x10A3,0x0840,0x0000,0x0000,0x0000,0x0000,0x0000,0x0000,0x0841,0x2986,0x2124,0x0000,
  0x0000,0xFCE0,0x92E0,0x0000,0x0840,0x0840,0x0840,0x0840,0x0840,0x0041,0x0840,0x0041,0x0041,0x0041,0x0041,0x0041,
  0x0041,0x0841,0x0841,0x0841,0x0841,0x0841,0x0841,0x0841,0x0841,0x0841,0x0841,0x0841,0x0861,0x0861,0x0841,0x0841,
  0x0841,0x0841,0x0841,0x0841,0x0841,0x0861,0x0861,0x0861,0x0861,0x0861,0x0861,0x0861,0x0861,0x0861,0x0861,0x0861,
  0x0861,0x0861,0x0861,0x0861,0x0861,0x0861,0x0861,0x0861,0x0861,0x0861,0x0861,0x0861,0x0861,0x0861,0x0841,0x0861,
  0x0861,0x0861,0x0861,0x0861,0x0861,0x0861,0x0861,0x0861,0x0861,0x0861,0x0861,0x0861,0x0861,0x0861,0x0861,0x0861,
  0x0861,0x0841,0x0861,0x0861,0x0861,0x0861,0x0862,0x0861,0x0862,0x0862,0x0862,0x0862,0x0862,0x1061,0x0861,0x0861,
  0x0862,0x0862,0x0862,0x0862,0x0862,0x1061,0x0861,0x0861,0x0861,0x0861,0x0861,0x0861,0x0861,0x1061,0x0862,0x0862,
  0x0862,0x1061,0x0862,0x0862,0x0862,0x0862,0x0862,0x0862,0x0862,0x0862,0x0862,0x0862,0x0862,0x0862,0x0862,0x0862,
  0x0862,0x0862,0x0862,0x0862,0x0862,0x0862,0x0862,0x0862,0x0862,0x0862,0x0862,0x0861,0x0862,0x0862,0x0862,0x0861,
  0x0861,0x0862,0x0862,0x0862,0x0862,0x0862,0x0862,0x0862,0x0862,0x0862,0x0862,0x0862,0x0862,0x0862,0x0862,0x0862,
  0x0862,0x0862,0x0861,0x0861,0x0861,0x0862,0x0861,0x0861,0x0861,0x0862,0x0862,0x0862,0x0861,0x0861,0x0861,0x0861,
  0x0861,0x0861,0x0861,0x0861,0x0861,0x0861,0x0861,0x0861,0x0841,0x0841,0x0841,0x0861,0x0861,0x0861,0x0841,0x0841,
  0x0841,0x0861,0x0841,0x0840,0x0841,0x0041,0x0041,0x0041,0x0041,0x0840,0x0840,0x0041,0x0840,0x0840,0x0840,0x0840,
  0x0021,0x0820,0x0820,0x0840,0x0000,0xB360,0xFCE0,0x0862,0x4208,0x39E8,0x31A7,0x1082,0x0000,0x39C7,0x9CD3,0x52CB,
  0x52AB,0x528A,0x4A8A,0x5AEC,0x52AB,0x52CB,0x52AB,0x52CB,0x52AB,0x52AA,0x528A,0x4A6A,0x4A6A,0x4229,0x4228,0x4249,
  0x4229,0x4229,0x39C7,0x39C7,0x31A7,0x31A7,0x31A6,0x3186,0x2986,0x3186,0x2965,0x2945,0x2945,0x2965,0x2965,0x2965,
  0x2945,0x2945,0x2124,0x2124,0x2124,0x2124,0x2104,0x2124,0x2124,0x2945,0x2124,0x2945,0x2945,0x2965,0x2986,0x3186,
  0x3186,0x3186,0x31A7,0x39C7,0x39E7,0x39E7,0x39C7,0x39E7,0x39E7,0x39E7,0x4228,0x18C3,0x0000,0x1061,0x0840,0x0000,
  0x2986,0x31C7,0x31C7,0x3A08,0x2124,0x0020,0x0000,0x0861,0x2987,0x2146,0x2966,0x2986,0x0882,0x0820,0x0840,0x0000,
  0x0020,0x0840,0x1060,0x1040,0x0820,0x0840,0x1060,0x0840,0x0020,0x0020,0x1060,0x0820,0x0000,0x18C3,0x3186,0x0000,
  0x0000,0xFCE0,0x9AE0,0x0000,0x0860,0x0840,0x0840,0x0041,0x0041,0x0041,0x0840,0x0840,0x0840,0x0041,0x0041,0x0041,
  0x0041,0x0841,0x0841,0x0041,0x0841,0x0841,0x0841,0x0841,0x0841,0x0841,0x0841,0x0841,0x0841,0x0841,0x0841,0x0841,
  0x0841,0x0841,0x0841,0x0841,0x0841,0x0841,0x0841,0x0841,0x0861,0x0861,0x0861,0x0861,0x0841,0x0861,0x0861,0x0861,
  0x0861,0x0861,0x0861,0x0861,0x0841,0x0861,0x0861,0x0861,0x0861,0x0861,0x0861,0x0861,0x0861,0x0861,0x0861,0x0861,
  0x0861,0x0861,0x0861,0x0861,0x0861,0x0861,0x0861,0x0861,0x0861,0x0861,0x0861,0x0861,0x0861,0x0861,0x0861,0x0861,
  0x0861,0x0861,0x0841,0x0861,0x0861,0x0861,0x1061,0x0862,0x0862,0x0862,0x0862,0x0862,0x0862,0x0861,0x0861,0x0861,
  0x0861,0x0862,0x0862,0x0862,0x0862,0x0861,0x0861,0x0861,0x0861,0x0862,0x1061,0x0861,0x0861,0x0862,0x0862,0x0861,
  0x0861,0x0862,0x0862,0x0862,0x0862,0x0862,0x0862,0x0862,0x0862,0x0862,0x0862,0x0862,0x0862,0x0862,0x0862,0x0862,
  0x0862,0x0862,0x0862,0x0862,0x0862,0x0862,0x0862,0x0861,0x0862,0x0862,0x0861,0x0862,0x0862,0x0862,0x0862,0x0861,
  0x0861,0x0861,0x0862,0x0862,0x0862,0x0862,0x0862,0x0862,0x0862,0x0862,0x0862,0x0862,0x0862,0x0862,0x0862,0x0862,
  0x0861,0x0862,0x0862,0x0862,0x0862,0x1061,0x0861,0x0861,0x0862,0x0861,0x0861,0x0862,0x0861,0x0861,0x0861,0x0861,
  0x0861,0x0861,0x0861,0x0861,0x0861,0x0861,0x0861,0x0861,0x0861,0x0861,0x0861,0x0841,0x0861,0x0841,0x0841,0x0841,
  0x0840,0x0861,0x0841,0x0841,0x0041,0x0041,0x0041,0x0041,0x0041,0x0840,0x0041,0x0041,0x0041,0x0041,0x0840,0x0840,
  0x0820,0x0820,0x0820,0x0840,0x0000,0xB360,0xFCE0,0x0020,0x0841,0x2125,0x3186,0x0000,0x3186,0x94B3,0x5AEC,0x5AEC,
  0x5AEC,0x5AEC,0x632D,0x630C,0x630C,0x632D,0x632D,0x5B0C,0x52CB,0x5AEC,0x5AEC,0x5AEC,0x5AEC,0x52AB,0x5ACC,0x52AB,
  0x52AB,0x4A8A,0x4A6A,0x4229,0x4208,0x4229,0x3A08,0x39E7,0x39C7,0x31C7,0x39C7,0x31C7,0x31A7,0x31A7,0x31A6,0x31A6,
  0x2966,0x2966,0x2966,0x2965,0x2965,0x2945,0x2945,0x2945,0x2945,0x2965,0x2966,0x2966,0x2986,0x31A7,0x31C7,0x31C7,
  0x31A7,0x39C7,0x39E8,0x4208,0x4229,0x4208,0x4229,0x4208,0x4208,0x4208,0x10A2,0x0000,0x0041,0x0840,0x0840,0x39E7,
  0x31C7,0x2966,0x31C7,0x1904,0x0020,0x0820,0x1082,0x3A08,0x2987,0x2146,0x2145,0x0841,0x0020,0x1060,0x0000,0x61E0,
  0xFCE0,0xFCE0,0xFCE0,0xFCE0,0xFCE0,0xFCE0,0xFCE0,0xFCE0,0xFCE0,0xFCE0,0xDC40,0x0840,0x0000,0x1082,0x3186,0x0020,
  0x0000,0xFCE0,0x9AE0,0x0000,0x0860,0x0840,0x0041,0x0840,0x0840,0x0840,0x0840,0x0041,0x0840,0x0041,0x0041,0x0041,
  0x0841,0x0041,0x0041,0x0841,0x0841,0x0841,0x0841,0x0841,0x0841,0x0841,0x0841,0x0841,0x0841,0x0841,0x0841,0x0841,
  0x0841,0x0861,0x0861,0x0841,0x0841,0x0841,0x0841,0x0841,0x0861,0x0861,0x0861,0x0861,0x0861,0x0861,0x0861,0x0861,
  0x0861,0x0861,0x0841,0x0841,0x0861,0x0861,0x0861,0x0861,0x0861,0x0861,0x0861,0x0861,0x0861,0x0861,0x0861,0x0861,
  0x0861,0x0861,0x0861,0x0861,0x0861,0x0861,0x0861,0x0861,0x0861,0x0861,0x0861,0x0861,0x0861,0x0861,0x0861,0x0861,
  0x0861,0x0861,0x0861,0x0861,0x0861,0x0861,0x0861,0x0862,0x0862,0x0862,0x0862,0x0862,0x0862,0x0862,0x0862,0x1061,
  0x0862,0x0862,0x0862,0x0862,0x0862,0x0862,0x0862,0x0861,0x0861,0x0861,0x0861,0x0862,0x0862,0x0862,0x0862,0x0861,
  0x0861,0x0862,0x0862,0x0862,0x0862,0x0862,0x0862,0x0862,0x0862,0x0862,0x0862,0x0862,0x0862,0x0862,0x0862,0x0862,
  0x0862,0x0862,0x0862,0x0862,0x0862,0x0861,0x0861,0x0861,0x0862,0x0862,0x1061,0x0862,0x0862,0x0862,0x0861,0x0861,
  0x0861,0x0861,0x0861,0x0861,0x0862,0x0862,0x0862,0x0862,0x0862,0x0862,0x0862,0x0862,0x0862,0x0862,0x0862,0x0862,
  0x0862,0x0862,0x0861,0x0862,0x0862,0x0862,0x0862,0x0862,0x0861,0x0861,0x0861,0x1061,0x0861,0x0861,0x0862,0x0861,
  0x0861,0x0861,0x0861,0x0861,0x0861,0x0861,0x0861,0x0861,0x0861,0x0861,0x0861,0x0861,0x0861,0x0861,0x0841,0x0841,
  0x0841,0x0861,0x0841,0x0841,0x0041,0x0041,0x0041,0x0041,0x0041,0x0840,0x0840,0x0041,0x0840,0x0041,0x0840,0x0840,
  0x0820,0x0820,0x0820,0x0840,0x0000,0xB360,0xFCE0,0x0820,0x0021,0x0882,0x0000,0x2945,0x8431,0x528A,0x52AB,0x52AB,
  0x5B0C,0x6B4D,0x634D,0x634D,0x632D,0x52CB,0x5B0C,0x52AB,0x52CB,0x4229,0x10A1,0x18C2,0x18A2,0x10A1,0x18A2,0x10A1,
  0x10A1,0x1081,0x1081,0x1060,0x1060,0x1060,0x1060,0x1060,0x0840,0x1060,0x1060,0x1060,0x0840,0x0840,0x0840,0x0840,
  0x0840,0x0820,0x0840,0x0840,0x0840,0x0820,0x0820,0x0820,0x0820,0x0820,0x0840,0x0840,0x0840,0x0840,0x0840,0x0860,
  0x0860,0x1061,0x1061,0x1081,0x1081,0x1061,0x1061,0x1081,0x10A3,0x0882,0x0000,0x0840,0x0020,0x0000,0x39E8,0x4229,
  0x2986,0x31A7,0x18C3,0x0000,0x0000,0x0882,0x3A08,0x31A7,0x2987,0x2987,0x0861,0x0000,0x0840,0x0000,0x6A00,0xFCE0,
  0xFCE0,0xFCE0,0xFCE0,0xFCE0,0xFCE0,0xFCE0,0xFCE0,0xFCE0,0xFCE0,0xFCE0,0x1880,0x0020,0x0000,0x1082,0x2966,0x0000,
  0x0000,0xFCE0,0x9AE0,0x0000,0x0860,0x0840,0x0041,0x0840,0x0840,0x0840,0x0840,0x0041,0x0041,0x0041,0x0041,0x0041,
  0x0041,0x0841,0x0841,0x0841,0x0841,0x0841,0x0841,0x0841,0x0841,0x0841,0x0841,0x0861,0x0841,0x0841,0x0841,0x0841,
  0x0841,0x0841,0x0861,0x0861,0x0861,0x0841,0x0861,0x0841,0x0841,0x0861,0x0861,0x0861,0x0861,0x0861,0x0861,0x0861,
  0x0861,0x0861,0x0861,0x0861,0x0861,0x0861,0x0861,0x0841,0x0861,0x0861,0x0861,0x0841,0x0861,0x0861,0x0861,0x0861,
  0x0861,0x0861,0x0861,0x0861,0x0861,0x0861,0x0861,0x0861,0x0861,0x0861,0x0861,0x0861,0x0861,0x0861,0x0861,0x0861,
  0x0861,0x0861,0x0861,0x0861,0x0861,0x0861,0x0862,0x0861,0x0862,0x0862,0x0862,0x0862,0x0862,0x0862,0x0862,0x0862,
  0x0862,0x0862,0x0862,0x0862,0x0862,0x0862,0x0862,0x0862,0x0861,0x1061,0x0861,0x0862,0x0862,0x0862,0x0862,0x0862,
  0x1061,0x0861,0x0862,0x0862,0x0862,0x1061,0x0862,0x0862,0x1061,0x0862,0x0862,0x0862,0x0862,0x0862,0x0862,0x0862,
  0x0862,0x0862,0x0862,0x0862,0x0862,0x0862,0x0861,0x0861,0x0861,0x0862,0x0862,0x0862,0x0862,0x0862,0x0862,0x0862,
  0x0862,0x0861,0x0861,0x0862,0x0862,0x0862,0x0862,0x0862,0x0862,0x0862,0x1061,0x0862,0x0862,0x0862,0x0862,0x0862,
  0x0862,0x0862,0x0861,0x0861,0x0862,0x0862,0x0861,0x0861,0x0862,0x0861,0x0861,0x0861,0x0861,0x0861,0x0861,0x0861,
  0x0861,0x0861,0x0861,0x0861,0x0861,0x0861,0x0861,0x0861,0x0861,0x0861,0x0861,0x0861,0x0861,0x0861,0x0841,0x0861,
  0x0861,0x0841,0x0841,0x0841,0x0840,0x0041,0x0041,0x0840,0x0840,0x0840,0x0041,0x0041,0x0041,0x0041,0x0840,0x0840,
  0x0820,0x0820,0x0820,0x0840,0x0000,0xB360,0xFCE0,0x0820,0x0840,0x0000,0x3186,0x8451,0x528A,0x52CB,0x52CB,0x5AEC,
  0x6B6E,0x634D,0x6B6E,0x630C,0x5ACB,0x5AEC,0x5AEC,0x5AEC,0x4A69,0x0000,0x7A40,0xD400,0xCBE0,0xCBE0,0xD400,0xDC20,
  0xDC20,0xDC20,0xDC20,0xDC20,0xDC20,0xDC20,0xDC20,0xDC20,0xDC20,0xDC40,0xE440,0xDC40,0xDC20,0xDC20,0xE440,0xE440,
  0xDC40,0xDC40,0xE440,0xE440,0xE440,0xE460,0xE440,0xDC40,0xDC20,0xDC20,0xE440,0xE460,0xE460,0xE440,0xE440,0xE440,
  0xE440,0xDC40,0xD400,0xCBE0,0xC3C0,0xCBC0,0xCBE0,0xD400,0x3100,0x0020,0x1061,0x0020,0x0000,0x31A7,0x39E8,0x31A7,
  0x39E8,0x18C3,0x0000,0x0000,0x0862,0x39E8,0x2987,0x2987,0x31A7,0x0882,0x0820,0x1060,0x0000,0x61E0,0xFCE0,0xFCE0,
  0xFCE0,0xFCE0,0xFCE0,0xFCE0,0xFCE0,0xFCE0,0xFCE0,0xFCE0,0xFCE0,0x1060,0x0000,0x0840,0x0000,0x10A3,0x2146,0x0000,
  0x0000,0xFCE0,0x9AE0,0x0000,0x0840,0x0840,0x0840,0x0041,0x0840,0x0041,0x0041,0x0041,0x0041,0x0840,0x0041,0x0041,
  0x0041,0x0041,0x0841,0x0841,0x0841,0x0841,0x0841,0x0841,0x0841,0x0841,0x0841,0x0841,0x0841,0x0861,0x0861,0x0841,
  0x0841,0x0841,0x0841,0x0861,0x0861,0x0841,0x0841,0x0841,0x0861,0x0861,0x0861,0x0861,0x0861,0x0861,0x0861,0x0861,
  0x0861,0x0861,0x0861,0x0861,0x0861,0x0861,0x0861,0x0841,0x0861,0x0861,0x0861,0x0861,0x0861,0x0861,0x0861,0x0861,
  0x0861,0x0861,0x0861,0x0861,0x0861,0x0861,0x0861,0x0861,0x0861,0x0861,0x0861,0x0861,0x0861,0x0861,0x0861,0x0861,
  0x0841,0x0861,0x0861,0x0861,0x0861,0x0861,0x0861,0x0862,0x0861,0x0862,0x1061,0x0862,0x0862,0x0862,0x0862,0x0862,
  0x0862,0x0862,0x0862,0x0862,0x0862,0x0861,0x0861,0x0862,0x0861,0x0862,0x0862,0x0862,0x0862,0x0862,0x0861,0x0862,
  0x0861,0x0861,0x1061,0x0862,0x0861,0x1061,0x0862,0x0862,0x0862,0x0862,0x0862,0x0862,0x0862,0x0862,0x0862,0x0862,
  0x0862,0x0862,0x0862,0x0862,0x0862,0x0861,0x0861,0x0861,0x0862,0x0862,0x0862,0x0862,0x0862,0x0862,0x0862,0x0862,
  0x0862,0x0862,0x0862,0x0862,0x0862,0x0862,0x0862,0x0862,0x0862,0x0862,0x1061,0x0862,0x0862,0x0862,0x0862,0x0862,
  0x0862,0x0862,0x0862,0x0862,0x0862,0x0862,0x0862,0x0862,0x0862,0x0862,0x0861,0x0861,0x0861,0x0861,0x0861,0x0861,
  0x0861,0x0861,0x0861,0x0861,0x0861,0x0862,0x0861,0x0861,0x0861,0x0861,0x0861,0x0861,0x0861,0x0861,0x0861,0x0861,
  0x0841,0x0861,0x0841,0x0841,0x0840,0x0041,0x0041,0x0041,0x0041,0x0840,0x0041,0x0041,0x0041,0x0840,0x0840,0x0840,
  0x0840,0x0820,0x0820,0x0840,0x0000,0xB360,0xFCE0,0x0820,0x0840,0x0000,0x6B4D,0x5B0C,0x52CB,0x5AEC,0x5AEB,0x634D,
  0x634D,0x6B8E,0x634D,0x5AEC,0x632D,0x5B0C,0x5B0C,0x4A8B,0x0841,0xAB40,0xFCE0,0xFCE0,0xFCE0,0xFCE0,0xFCE0,0xFCE0,
  0xFCE0,0xFCE0,0xFCE0,0xFCE0,0xFCE0,0xFCE0,0xFCE0,0xFCE0,0xFCE0,0xFCE0,0xFCE0,0xFCE0,0xFCE0,0xFCE0,0xFCE0,0xFCE0,
  0xFCE0,0xFCE0,0xFCE0,0xFCE0,0xFCE0,0xFCE0,0xFCE0,0xFCE0,0xFCE0,0xFCE0,0xFCE0,0xFCE0,0xFCE0,0xFCE0,0xFCE0,0xFCE0,
  0xFCE0,0xFCE0,0xFCE0,0xFCE0,0xFCE0,0xFCE0,0xFCE0,0xA320,0x0020,0x0840,0x0840,0x0861,0x39E8,0x31C8,0x2987,0x39E8,
  0x1904,0x0000,0x0020,0x10A3,0x4229,0x2987,0x2987,0x2986,0x0862,0x0000,0x0840,0x0000,0x8AA0,0xFCE0,0xFCE0,0xFCE0,
  0xFCE0,0xFCE0,0xFCE0,0xFCE0,0xFCE0,0xFCE0,0xFCE0,0xFCE0,0x0840,0x0000,0x0840,0x0820,0x0000,0x10A4,0x41A3,0x0000,
  0x0000,0xFCE0,0x9AE0,0x0000,0x0860,0x0840,0x0041,0x0041,0x0041,0x0041,0x0840,0x0041,0x0041,0x0041,0x0041,0x0041,
  0x0041,0x0041,0x0041,0x0841,0x0841,0x0841,0x0841,0x0841,0x0841,0x0841,0x0841,0x0841,0x0861,0x0841,0x0841,0x0841,
  0x0861,0x0861,0x0861,0x0861,0x0841,0x0841,0x0861,0x0841,0x0841,0x0841,0x0861,0x0861,0x0861,0x0861,0x0861,0x0861,
  0x0841,0x0861,0x0841,0x0861,0x0861,0x0861,0x0861,0x0861,0x0861,0x0861,0x0861,0x0861,0x0861,0x0861,0x0861,0x0861,
  0x0861,0x0861,0x0861,0x0861,0x0861,0x0861,0x0861,0x0861,0x0861,0x0861,0x0861,0x0861,0x0861,0x0861,0x0861,0x0861,
  0x0861,0x0861,0x0861,0x0861,0x0861,0x0861,0x0861,0x1061,0x0861,0x0862,0x0862,0x0862,0x0862,0x0862,0x0862,0x0862,
  0x0862,0x0862,0x0862,0x0862,0x0862,0x0862,0x0861,0x0862,0x0862,0x0862,0x0862,0x0862,0x0862,0x0861,0x0861,0x0861,
  0x0861,0x0861,0x0861,0x0862,0x0861,0x1061,0x0861,0x0861,0x1061,0x0862,0x0862,0x0862,0x0862,0x0862,0x0862,0x0862,
  0x0862,0x0862,0x0862,0x0862,0x0862,0x0861,0x0861,0x0862,0x0862,0x0862,0x0862,0x0862,0x0862,0x0862,0x0862,0x0862,
  0x0862,0x0862,0x0862,0x0862,0x0862,0x0862,0x0862,0x0862,0x0862,0x0862,0x0862,0x0862,0x0862,0x0862,0x0862,0x0862,
  0x0861,0x0862,0x0862,0x0862,0x0862,0x0861,0x1061,0x0862,0x0862,0x0861,0x1061,0x0861,0x0861,0x0861,0x0861,0x0861,
  0x0861,0x0861,0x0861,0x0861,0x0861,0x0861,0x1061,0x0861,0x0861,0x0861,0x0861,0x0861,0x0861,0x0861,0x0861,0x0861,
  0x0861,0x0841,0x0841,0x0841,0x0041,0x0041,0x0041,0x0840,0x0041,0x0840,0x0840,0x0840,0x0840,0x0041,0x0840,0x0840,
  0x0820,0x0820,0x0820,0x0840,0x0000,0xB360,0xFCE0,0x0020,0x0020,0x0000,0x4249,0x52AB,0x5ACB,0x5AEB,0x5B0C,0x632D,
  0x6B4E,0x6B6E,0x632D,0x632D,0x5B0C,0x5B0C,0x528B,0x0840,0x20A0,0xCBE0,0xBB80,0xBB80,0xC3A0,0xC3C0,0xC3A0,0xC3A0,
  0xBBA0,0xBBA0,0xBB80,0xBBA0,0xC3A0,0xC3A0,0xC3A0,0xC3A0,0xC3A0,0xC3A0,0xC3A0,0xBBA0,0xBBA0,0xC3A0,0xC3A0,0xC3A0,
  0xC3A0,0xC3A0,0xC3A0,0xC3A0,0xC3A0,0xC3A0,0xC3A0,0xC3A0,0xC3A0,0xC3A0,0xC3A0,0xC3A0,0xC3C0,0xC3A0,0xC3A0,0xC3A0,
  0xBBA0,0xBBA0,0xBBA0,0xBB80,0xB360,0xBB80,0x8280,0x0000,0x0840,0x0840,0x0820,0x2966,0x2986,0x2104,0x2145,0x18C3,
  0x0000,0x0840,0x0841,0x31A6,0x2146,0x2125,0x2125,0x0862,0x0000,0x0840,0x0000,0x28E0,0xFCE0,0xFCE0,0xFCE0,0xFCE0,
  0xFCE0,0xFCE0,0xFCE0,0xFCE0,0xFCE0,0xFCE0,0xE440,0x1040,0x0000,0x0840,0x0820,0x0820,0x0000,0x20E1,0x49A2,0x0000,
  0x0000,0xFCE0,0x9AE0,0x0000,0x0860,0x0041,0x0840,0x0840,0x0840,0x0041,0x0041,0x0041,0x0041,0x0041,0x0041,0x0041,
  0x0041,0x0841,0x0041,0x0841,0x0841,0x0841,0x0841,0x0861,0x0841,0x0841,0x0841,0x0841,0x0841,0x0841,0x0861,0x0861,
  0x0841,0x0841,0x0841,0x0841,0x0841,0x0841,0x0841,0x0841,0x0841,0x0841,0x0861,0x0841,0x0861,0x0841,0x0861,0x0861,
  0x0861,0x0861,0x0841,0x0861,0x0861,0x0861,0x0861,0x0861,0x0861,0x0841,0x0861,0x0861,0x0861,0x0861,0x0861,0x0861,
  0x0861,0x0861,0x0861,0x0861,0x0861,0x0861,0x0861,0x0861,0x0861,0x0861,0x0861,0x0861,0x0861,0x0861,0x0861,0x0861,
  0x0861,0x0861,0x0861,0x0861,0x0861,0x0861,0x0862,0x0861,0x0861,0x0861,0x0862,0x0862,0x0862,0x0862,0x0862,0x0862,
  0x0862,0x0862,0x0861,0x0861,0x0862,0x0862,0x0862,0x0862,0x0861,0x0862,0x0862,0x0861,0x0862,0x0862,0x0861,0x0861,
  0x1061,0x0861,0x0861,0x0862,0x0861,0x0861,0x0861,0x0861,0x0862,0x0862,0x1061,0x0862,0x0862,0x0862,0x0862,0x0862,
  0x0862,0x0862,0x0862,0x0862,0x0862,0x0861,0x0862,0x0862,0x0862,0x0862,0x0862,0x0862,0x0862,0x0862,0x0862,0x0862,
  0x0862,0x0862,0x0862,0x0862,0x0862,0x0862,0x0862,0x0862,0x0862,0x0862,0x0862,0x0862,0x0862,0x0862,0x0862,0x0862,
  0x0862,0x0862,0x0862,0x0862,0x0862,0x1061,0x0862,0x0862,0x1061,0x0861,0x0861,0x1061,0x0861,0x0861,0x0861,0x1061,
  0x1061,0x0861,0x0861,0x0861,0x0861,0x0861,0x0861,0x0861,0x0861,0x0861,0x0861,0x0861,0x0861,0x0861,0x0861,0x0841,
  0x0841,0x0841,0x0841,0x0841,0x0041,0x0041,0x0041,0x0041,0x0041,0x0840,0x0840,0x0041,0x0840,0x0840,0x0840,0x0840,
  0x0820,0x0820,0x0820,0x0840,0x0000,0xB360,0xFCE0,0x0841,0x2125,0x0000,0x4A8A,0x5AEC,0x5B0C,0x630C,0x5B0C,0x634D,
  0x73AF,0x634D,0x630D,0x5B0C,0x5B0C,0x4A8A,0x0841,0x0000,0x0020,0x0000,0x0000,0x0000,0x0000,0x0000,0x0000,0x0000,
  0x0000,0x0000,0x0000,0x0000,0x0000,0x0000,0x0000,0x0000,0x0000,0x0000,0x0000,0x0000,0x0000,0x0000,0x0000,0x0000,
  0x0000,0x0000,0x0000,0x0000,0x0000,0x0000,0x0000,0x0000,0x0000,0x0000,0x0000,0x0000,0x0000,0x0000,0x0000,0x0000,
  0x0000,0x0000,0x0000,0x0000,0x0000,0x0000,0x0000,0x0840,0x0840,0x0840,0x0840,0x0820,0x0020,0x0020,0x0020,0x0020,
  0x0840,0x0840,0x0840,0x0020,0x0000,0x0020,0x0020,0x0020,0x0840,0x0840,0x0840,0x0840,0x0000,0x0000,0x0000,0x0000,
  0x0000,0x0000,0x0000,0x0000,0x0000,0x0000,0x0000,0x0020,0x0840,0x0840,0x0820,0x0820,0x0000,0x28E1,0x51C1,0x0000,
  0x0000,0xFCE0,0x9B00,0x0000,0x0860,0x0041,0x0041,0x0041,0x0041,0x0041,0x0041,0x0841,0x0041,0x0041,0x0041,0x0841,
  0x0841,0x0041,0x0841,0x0841,0x0841,0x0841,0x0841,0x0841,0x0841,0x0841,0x0841,0x0841,0x0841,0x0841,0x0861,0x0841,
  0x0841,0x0861,0x0841,0x0841,0x0861,0x0841,0x0841,0x0841,0x0841,0x0861,0x0841,0x0861,0x0861,0x0861,0x0861,0x0861,
  0x0861,0x0861,0x0861,0x0841,0x0841,0x0861,0x0861,0x0861,0x0861,0x0861,0x0861,0x0861,0x0861,0x0861,0x0861,0x0861,
  0x0861,0x0861,0x0861,0x0861,0x0861,0x0861,0x0861,0x0861,0x0861,0x0861,0x0861,0x0861,0x1061,0x0861,0x0861,0x0861,
  0x0861,0x0861,0x0861,0x0861,0x0861,0x0861,0x0861,0x0861,0x0861,0x0861,0x0862,0x0861,0x0862,0x0862,0x0862,0x0862,
  0x0862,0x0862,0x0861,0x0862,0x0862,0x0862,0x0862,0x0862,0x0862,0x0862,0x0862,0x0862,0x0861,0x0862,0x0862,0x0862,
  0x0861,0x0861,0x1061,0x0861,0x0861,0x1061,0x0861,0x0861,0x0861,0x0862,0x0862,0x0862,0x0862,0x0862,0x0862,0x0862,
  0x0862,0x0862,0x0861,0x0862,0x0862,0x0862,0x0862,0x0862,0x0862,0x0862,0x0862,0x0862,0x0862,0x0862,0x0862,0x0862,
  0x0862,0x0862,0x0862,0x0862,0x0862,0x0862,0x0862,0x0862,0x0862,0x0862,0x0862,0x0862,0x0862,0x0862,0x0862,0x0862,
  0x0862,0x0862,0x0862,0x0862,0x0862,0x0862,0x0862,0x1061,0x1061,0x0861,0x0861,0x0861,0x0861,0x0861,0x0862,0x0862,
  0x0861,0x0861,0x0861,0x0861,0x0861,0x0861,0x0861,0x0861,0x0861,0x0861,0x0861,0x0861,0x0861,0x0861,0x0861,0x0861,
  0x0841,0x0841,0x0841,0x0041,0x0041,0x0041,0x0840,0x0041,0x0840,0x0041,0x0041,0x0840,0x0840,0x0840,0x0840,0x0840,
  0x0820,0x0820,0x0820,0x0840,0x0000,0xB360,0xFCE0,0x0841,0x2966,0x0000,0x52CB,0x634D,0x5B0C,0x632D,0x6B6E,0x738E,
  0x6B6E,0x6B4D,0x6B6E,0x6B4D,0x5B0C,0x0861,0x0000,0x0041,0x0840,0x0840,0x0840,0x0840,0x0840,0x0840,0x0840,0x0840,
  0x0840,0x0840,0x0840,0x0840,0x0860,0x0860,0x0840,0x0840,0x0860,0x0860,0x0860,0x0860,0x0860,0x0860,0x0860,0x1060,
  0x1060,0x1060,0x1061,0x1060,0x1060,0x1061,0x1061,0x1060,0x1060,0x1061,0x0860,0x1060,0x1060,0x1060,0x1060,0x1060,
  0x1060,0x1060,0x0860,0x0840,0x0860,0x0840,0x0860,0x0840,0x0840,0x0840,0x0840,0x0840,0x0041,0x0840,0x0840,0x0840,
  0x0840,0x0840,0x0840,0x0840,0x0840,0x0840,0x0840,0x0840,0x0840,0x0840,0x0840,0x0840,0x0840,0x0840,0x0840,0x0840,
  0x0820,0x0840,0x0840,0x0840,0x0840,0x0840,0x0840,0x0840,0x0820,0x0820,0x0820,0x0840,0x0000,0x2901,0x61E0,0x0020,
  0x0000,0xFCE0,0x9B00,0x0000,0x1060,0x0041,0x0041,0x0840,0x0041,0x0840,0x0840,0x0041,0x0041,0x0041,0x0841,0x0841,
  0x0041,0x0041,0x0841,0x0841,0x0841,0x0841,0x0841,0x0841,0x0841,0x0841,0x0841,0x0841,0x0841,0x0861,0x0841,0x0861,
  0x0841,0x0841,0x0841,0x0841,0x0841,0x0841,0x0841,0x0841,0x0841,0x0841,0x0861,0x0861,0x0841,0x0861,0x0861,0x0861,
  0x0861,0x0861,0x0861,0x0861,0x0861,0x0861,0x0861,0x0861,0x0861,0x0861,0x0861,0x0861,0x0861,0x0861,0x0861,0x0861,
  0x0861,0x0861,0x0861,0x0861,0x0861,0x0861,0x0861,0x0861,0x0861,0x0861,0x0861,0x0861,0x0861,0x0861,0x0861,0x0861,
  0x0861,0x0861,0x0861,0x0861,0x0861,0x0861,0x0861,0x0861,0x0861,0x0861,0x1061,0x0861,0x0861,0x0861,0x0861,0x0862,
  0x0862,0x0862,0x0861,0x0862,0x0862,0x0862,0x0862,0x0862,0x0862,0x0862,0x0861,0x0862,0x0861,0x0861,0x0862,0x0861,
  0x0861,0x0861,0x0862,0x0862,0x1061,0x1061,0x1061,0x0861,0x0861,0x1061,0x0862,0x1061,0x0862,0x0862,0x0861,0x0862,
  0x0862,0x0861,0x0862,0x0861,0x0862,0x0861,0x0862,0x0862,0x0862,0x0862,0x0862,0x0862,0x0862,0x0862,0x0862,0x0862,
  0x0862,0x0862,0x0862,0x0862,0x0862,0x0862,0x0862,0x0862,0x0862,0x0862,0x0862,0x0862,0x0862,0x0862,0x0862,0x0862,
  0x0862,0x0862,0x0862,0x0862,0x0862,0x0862,0x0862,0x1061,0x0861,0x0861,0x0861,0x0861,0x0861,0x0861,0x0862,0x0862,
  0x0862,0x0862,0x0862,0x0862,0x0861,0x0861,0x0861,0x0861,0x0861,0x0861,0x0861,0x0861,0x0861,0x0861,0x0841,0x0861,
  0x0841,0x0841,0x0841,0x0041,0x0840,0x0041,0x0840,0x0041,0x0041,0x0840,0x0041,0x0041,0x0041,0x0840,0x0840,0x0840,
  0x0820,0x0820,0x0820,0x0840,0x0000,0xB360,0xFCE0,0x0020,0x1081,0x0020,0x52AB,0x5AEC,0x632D,0x6B6E,0x6B6E,0x6B6E,
  0x6B4D,0x6B8E,0x6B8E,0x5ACB,0x0881,0x0000,0x0041,0x0041,0x0840,0x0840,0x0840,0x0840,0x0840,0x0041,0x0041,0x0840,
  0x0840,0x0041,0x0041,0x0041,0x0041,0x0041,0x0041,0x0840,0x0041,0x0041,0x0041,0x0841,0x0041,0x0041,0x0041,0x0041,
  0x0841,0x0841,0x0841,0x0841,0x0841,0x0841,0x0840,0x0840,0x0041,0x0041,0x0840,0x0041,0x0041,0x0840,0x0840,0x0041,
  0x0840,0x0840,0x0840,0x0840,0x0840,0x0041,0x0840,0x0840,0x0041,0x0840,0x0840,0x0041,0x0840,0x0041,0x0840,0x0840,
  0x0840,0x0840,0x0840,0x0041,0x0840,0x0840,0x0840,0x0840,0x0840,0x0840,0x0840,0x0840,0x0840,0x0840,0x0840,0x0840,
  0x0840,0x0840,0x0840,0x0840,0x0840,0x0840,0x0840,0x0840,0x0840,0x0840,0x0820,0x0820,0x0000,0x2901,0x6200,0x0020,
  0x0000,0xFCE0,0x9B00,0x0000,0x0860,0x0041,0x0041,0x0041,0x0840,0x0840,0x0840,0x0041,0x0041,0x0041,0x0041,0x0041,
  0x0041,0x0041,0x0841,0x0841,0x0841,0x0841,0x0861,0x0861,0x0861,0x0841,0x0841,0x0841,0x0841,0x0841,0x0841,0x0841,
  0x0841,0x0841,0x0841,0x0841,0x0841,0x0841,0x0841,0x0841,0x0841,0x0861,0x0861,0x0841,0x0861,0x0861,0x0861,0x0841,
  0x0861,0x0861,0x0861,0x0861,0x0861,0x0861,0x0861,0x0861,0x0861,0x0861,0x0861,0x0861,0x0861,0x0861,0x0861,0x0861,
  0x0861,0x0861,0x0861,0x0861,0x0861,0x0861,0x0861,0x0861,0x0861,0x0861,0x0861,0x0861,0x0861,0x0861,0x0861,0x0861,
  0x0861,0x0861,0x0861,0x0861,0x0861,0x0861,0x0861,0x0861,0x0861,0x0861,0x0862,0x0861,0x0861,0x0861,0x1061,0x0861,
  0x0862,0x0862,0x0862,0x0862,0x0862,0x0861,0x0862,0x0862,0x0862,0x0862,0x0861,0x0861,0x0862,0x0861,0x0861,0x0862,
  0x0861,0x0861,0x0861,0x0862,0x0862,0x0861,0x0861,0x0861,0x0861,0x0861,0x1061,0x0862,0x0861,0x0861,0x0862,0x0862,
  0x0861,0x0861,0x0862,0x0861,0x0861,0x0861,0x0861,0x0861,0x0862,0x0862,0x0862,0x0862,0x0862,0x0862,0x0862,0x0862,
  0x0862,0x0862,0x0862,0x0862,0x0862,0x0862,0x0862,0x0862,0x0862,0x0862,0x0862,0x0862,0x0862,0x0862,0x0862,0x0862,
  0x0862,0x0862,0x0862,0x0862,0x0862,0x0862,0x0861,0x0861,0x0861,0x0861,0x0861,0x0861,0x0861,0x0861,0x0861,0x0861,
  0x0861,0x0861,0x0861,0x0861,0x0861,0x1061,0x0861,0x0861,0x0861,0x0861,0x0861,0x0841,0x0841,0x0841,0x0841,0x0841,
  0x0841,0x0841,0x0841,0x0841,0x0841,0x0041,0x0041,0x0041,0x0840,0x0041,0x0041,0x0041,0x0840,0x0840,0x0840,0x0840,
  0x0840,0x0820,0x0820,0x0840,0x0000,0xB360,0xFCE0,0x0020,0x0820,0x0020,0x5ACB,0x5B0C,0x634D,0x632D,0x632D,0x6B4E,
  0x632D,0x6B6E,0x5AEC,0x0841,0x0000,0x0041,0x0840,0x0041,0x0041,0x0840,0x0840,0x0840,0x0041,0x0041,0x0840,0x0041,
  0x0041,0x0041,0x0041,0x0041,0x0041,0x0041,0x0041,0x0041,0x0041,0x0841,0x0041,0x0841,0x0840,0x0840,0x0041,0x0041,
  0x0841,0x0861,0x0861,0x0861,0x0861,0x0861,0x0861,0x0840,0x0840,0x0840,0x0840,0x0041,0x0840,0x0041,0x0840,0x0840,
  0x0840,0x0041,0x0840,0x0041,0x0041,0x0041,0x0041,0x0840,0x0840,0x0041,0x0041,0x0840,0x0041,0x0041,0x0041,0x0840,
  0x0840,0x0041,0x0840,0x0041,0x0840,0x0840,0x0041,0x0041,0x0041,0x0041,0x0840,0x0840,0x0840,0x0840,0x0840,0x0840,
  0x0840,0x0840,0x0840,0x0840,0x0820,0x0840,0x0840,0x0840,0x0840,0x0840,0x0820,0x0820,0x0000,0x2901,0x59E0,0x0000,
  0x0020,0xFCE0,0x9AE0,0x0000,0x0860,0x0041,0x0041,0x0041,0x0041,0x0041,0x0041,0x0041,0x0041,0x0041,0x0041,0x0041,
  0x0041,0x0041,0x0841,0x0841,0x0841,0x0841,0x0841,0x0841,0x0841,0x0841,0x0841,0x0841,0x0841,0x0841,0x0841,0x0841,
  0x0841,0x0841,0x0841,0x0841,0x0841,0x0841,0x0841,0x0841,0x0861,0x0861,0x0861,0x0861,0x0861,0x0861,0x0861,0x0861,
  0x0861,0x0861,0x0861,0x0861,0x0861,0x0861,0x0861,0x0861,0x0861,0x0861,0x0861,0x0861,0x0841,0x0861,0x0861,0x0861,
  0x0861,0x0861,0x0861,0x0861,0x0861,0x0861,0x0861,0x0861,0x0861,0x0861,0x0861,0x0861,0x1061,0x0861,0x1061,0x0861,
  0x0861,0x0861,0x0861,0x0861,0x0861,0x0861,0x0861,0x0861,0x0861,0x0861,0x0861,0x0861,0x0861,0x0861,0x0861,0x1061,
  0x0861,0x0862,0x0862,0x0862,0x0861,0x0861,0x0861,0x0862,0x0862,0x0862,0x0862,0x0862,0x0862,0x0862,0x0862,0x0861,
  0x0861,0x0861,0x0862,0x0862,0x0862,0x0861,0x0861,0x0861,0x0861,0x0861,0x0861,0x0861,0x0861,0x0861,0x0861,0x0861,
  0x0861,0x0861,0x0861,0x0861,0x0861,0x0861,0x0861,0x0862,0x0862,0x0862,0x0862,0x0862,0x0862,0x0862,0x0862,0x0862,
  0x0862,0x0862,0x0862,0x0862,0x0862,0x0862,0x0862,0x0862,0x0862,0x0862,0x0862,0x0862,0x0862,0x0862,0x0862,0x0862,
  0x0862,0x0862,0x0862,0x0862,0x0861,0x0861,0x1061,0x0861,0x0861,0x0861,0x0861,0x0861,0x0861,0x0861,0x0861,0x0861,
  0x0861,0x0861,0x0861,0x0862,0x0861,0x0861,0x0861,0x0861,0x0861,0x0861,0x0861,0x0841,0x0841,0x0841,0x0841,0x0841,
  0x0841,0x0841,0x0841,0x0041,0x0841,0x0041,0x0041,0x0840,0x0840,0x0840,0x0041,0x0041,0x0840,0x0840,0x0840,0x0840,
  0x0820,0x0820,0x0820,0x0840,0x0000,0xB360,0xFCE0,0x0820,0x1060,0x0020,0x632C,0x634D,0x632D,0x738E,0x6B6E,0x5B0C,
  0x6B6E,0x5B0C,0x0861,0x0000,0x0041,0x0041,0x0841,0x0041,0x0041,0x0041,0x0041,0x0041,0x0041,0x0041,0x0041,0x0841,
  0x0841,0x0841,0x0841,0x0841,0x0841,0x0841,0x0840,0x0841,0x0841,0x0841,0x0841,0x0841,0x0841,0x0841,0x0841,0x0861,
  0x0841,0x0861,0x0841,0x0861,0x0861,0x0861,0x0841,0x0861,0x0840,0x0861,0x0840,0x0840,0x0840,0x0041,0x0041,0x0041,
  0x0840,0x0840,0x0840,0x0041,0x0041,0x0840,0x0840,0x0041,0x0041,0x0840,0x0041,0x0041,0x0840,0x0840,0x0041,0x0041,
  0x0840,0x0840,0x0840,0x0840,0x0840,0x0840,0x0841,0x0840,0x0840,0x0840,0x0041,0x0840,0x0840,0x0840,0x0840,0x0840,
  0x0840,0x0840,0x0840,0x0840,0x0840,0x0840,0x0840,0x0840,0x0840,0x0820,0x0820,0x0840,0x0000,0x3121,0x61E0,0x0000,
  0x0020,0xFCE0,0x9AE0,0x0000,0x1060,0x0041,0x0041,0x0041,0x0041,0x0041,0x0041,0x0041,0x0041,0x0041,0x0041,0x0041,
  0x0041,0x0841,0x0841,0x0841,0x0841,0x0841,0x0841,0x0841,0x0841,0x0841,0x0861,0x0841,0x0841,0x0841,0x0841,0x0841,
  0x0841,0x0841,0x0841,0x0841,0x0841,0x0841,0x0861,0x0861,0x0861,0x0841,0x0861,0x0861,0x0861,0x0861,0x0861,0x0861,
  0x0861,0x0861,0x0861,0x0861,0x0861,0x0861,0x0861,0x0861,0x0861,0x0861,0x0861,0x0861,0x0861,0x0861,0x0861,0x0861,
  0x0861,0x0861,0x0861,0x0861,0x0861,0x0861,0x0861,0x0861,0x0861,0x0861,0x0861,0x1061,0x0861,0x0861,0x0861,0x0861,
  0x0861,0x0861,0x0861,0x0861,0x0861,0x0861,0x0861,0x0861,0x0861,0x0861,0x0861,0x0861,0x0861,0x0861,0x0861,0x0861,
  0x0861,0x0862,0x0862,0x0861,0x0861,0x0861,0x0861,0x0861,0x0861,0x0861,0x0861,0x0862,0x0861,0x1061,0x0862,0x0861,
  0x0861,0x0861,0x0861,0x0861,0x0862,0x0862,0x0861,0x0861,0x1061,0x0861,0x0861,0x0861,0x0861,0x0861,0x0861,0x0861,
  0x1061,0x0861,0x0861,0x1061,0x0861,0x0861,0x0861,0x0862,0x0862,0x0862,0x0861,0x0862,0x0862,0x1061,0x0862,0x0862,
  0x0862,0x0862,0x0862,0x0862,0x0862,0x0862,0x0862,0x0862,0x0862,0x0862,0x0862,0x0862,0x0862,0x0862,0x0861,0x0862,
  0x0862,0x0862,0x0862,0x0862,0x0862,0x0861,0x0861,0x0861,0x0861,0x0861,0x0861,0x0861,0x0861,0x0862,0x0862,0x0862,
  0x0862,0x0861,0x0862,0x0862,0x0861,0x0861,0x0861,0x0861,0x0861,0x0861,0x0861,0x0861,0x0841,0x0861,0x0841,0x0861,
  0x0841,0x0841,0x0841,0x0841,0x0841,0x0041,0x0041,0x0041,0x0041,0x0041,0x0041,0x0840,0x0041,0x0840,0x0840,0x0840,
  0x0820,0x0820,0x0820,0x0840,0x0000,0xB360,0xFCE0,0x0820,0x1081,0x0020,0x632D,0x634D,0x6B6E,0x6B6E,0x630C,0x632D,
  0x5AEC,0x0862,0x0000,0x0041,0x0041,0x0841,0x0041,0x0841,0x0041,0x0841,0x0841,0x0841,0x0841,0x0841,0x0841,0x0841,
  0x0841,0x0841,0x0841,0x0841,0x0841,0x0841,0x0841,0x0841,0x0841,0x0841,0x0841,0x0841,0x0861,0x0861,0x0861,0x0861,
  0x0861,0x0841,0x0861,0x0861,0x0861,0x0861,0x0861,0x0861,0x0861,0x0861,0x0861,0x0861,0x0840,0x0840,0x0840,0x0841,
  0x0861,0x0840,0x0840,0x0840,0x0041,0x0840,0x0840,0x0041,0x0041,0x0041,0x0840,0x0041,0x0840,0x0840,0x0840,0x0841,
  0x0840,0x0840,0x0861,0x0840,0x0840,0x0840,0x0840,0x0840,0x0840,0x0840,0x0840,0x0840,0x0840,0x0840,0x0840,0x0840,
  0x0840,0x0840,0x0840,0x0840,0x0840,0x0840,0x0840,0x0840,0x0840,0x0840,0x0820,0x0840,0x0000,0x3921,0x61E0,0x0000,
  0x0000,0xFCE0,0x9AE0,0x0000,0x0860,0x0041,0x0041,0x0041,0x0041,0x0041,0x0041,0x0041,0x0041,0x0041,0x0841,0x0041,
  0x0041,0x0841,0x0841,0x0841,0x0841,0x0841,0x0841,0x0841,0x0841,0x0841,0x0841,0x0841,0x0841,0x0841,0x0841,0x0841,
  0x0841,0x0861,0x0841,0x0841,0x0861,0x0861,0x0841,0x0841,0x0861,0x0841,0x0861,0x0861,0x0861,0x0861,0x0861,0x0861,
  0x0861,0x0861,0x0861,0x0861,0x0861,0x0861,0x0861,0x0861,0x0861,0x0861,0x0861,0x0861,0x0861,0x0841,0x0861,0x0861,
  0x0861,0x0861,0x0861,0x0861,0x0861,0x0861,0x0861,0x0861,0x0861,0x0861,0x0841,0x0861,0x1061,0x0861,0x0861,0x0861,
  0x0861,0x0861,0x0861,0x0861,0x0861,0x0861,0x0861,0x0861,0x0861,0x0861,0x0861,0x0861,0x0861,0x0861,0x0861,0x0861,
  0x1061,0x1061,0x0861,0x0861,0x0861,0x0861,0x0861,0x0861,0x0861,0x0861,0x0861,0x0861,0x0861,0x0861,0x0861,0x0861,
  0x0861,0x0861,0x0861,0x0862,0x0862,0x0862,0x0861,0x0861,0x0861,0x0862,0x0861,0x0861,0x0861,0x0861,0x0861,0x0861,
  0x0861,0x1061,0x0861,0x0861,0x0861,0x0861,0x0861,0x0862,0x0862,0x0861,0x0861,0x0862,0x0862,0x0862,0x0862,0x0862,
  0x0862,0x0862,0x0862,0x0862,0x0862,0x0862,0x0862,0x0862,0x0862,0x0862,0x0862,0x0862,0x0862,0x0862,0x0862,0x1061,
  0x0862,0x0862,0x0862,0x0862,0x0862,0x0861,0x0861,0x0862,0x0861,0x0861,0x0861,0x0861,0x0861,0x0861,0x0861,0x0861,
  0x0862,0x0861,0x0861,0x0862,0x0861,0x0861,0x0861,0x0861,0x0861,0x0861,0x0861,0x0861,0x0861,0x0841,0x0861,0x0841,
  0x0841,0x0841,0x0841,0x0841,0x0841,0x0041,0x0041,0x0840,0x0041,0x0041,0x0041,0x0840,0x0840,0x0840,0x0840,0x0840,
  0x0820,0x0840,0x0820,0x0840,0x0000,0xB360,0xFCE0,0x0862,0x2966,0x0000,0x5AEC,0x634D,0x5B0C,0x5AEC,0x6B8E,0x5AEC,
  0x0861,0x0000,0x0041,0x0840,0x0041,0x0041,0x0841,0x0841,0x0840,0x0841,0x0841,0x0841,0x0841,0x0841,0x0841,0x0861,
  0x0861,0x0861,0x0861,0x0861,0x0861,0x0861,0x0861,0x0841,0x0861,0x0861,0x0861,0x0861,0x0861,0x0861,0x0861,0x0861,
  0x0861,0x0861,0x0861,0x0861,0x0861,0x0861,0x0861,0x0861,0x0861,0x0861,0x0861,0x0841,0x0861,0x0841,0x0861,0x0840,
  0x0861,0x0841,0x0840,0x0840,0x0840,0x0840,0x0841,0x0840,0x0840,0x0840,0x0840,0x0840,0x0840,0x0840,0x0861,0x0840,
  0x0861,0x0841,0x0840,0x0861,0x0840,0x0861,0x0840,0x0840,0x0840,0x0840,0x0840,0x0840,0x0840,0x0041,0x0840,0x0840,
  0x0840,0x0840,0x0840,0x0840,0x0840,0x0840,0x0840,0x0840,0x0840,0x0840,0x0840,0x0840,0x0000,0x3921,0x61E0,0x0000,
  0x0000,0xFCE0,0x9AE0,0x0000,0x0860,0x0041,0x0841,0x0041,0x0041,0x0041,0x0041,0x0041,0x0041,0x0041,0x0041,0x0041,
  0x0041,0x0841,0x0841,0x0841,0x0841,0x0841,0x0841,0x0841,0x0841,0x0861,0x0841,0x0861,0x0841,0x0841,0x0841,0x0861,
  0x0861,0x0841,0x0841,0x0841,0x0861,0x0841,0x0861,0x0861,0x0841,0x0861,0x0861,0x0861,0x0861,0x0861,0x0861,0x0861,
  0x0861,0x0861,0x0861,0x0861,0x0861,0x0861,0x0861,0x0861,0x0861,0x0861,0x0861,0x0861,0x0861,0x0841,0x0841,0x0861,
  0x0861,0x0861,0x0861,0x0861,0x0861,0x0861,0x0861,0x0861,0x0861,0x0861,0x0861,0x0861,0x0861,0x0861,0x0861,0x0861,
  0x0861,0x0861,0x0861,0x0861,0x0861,0x0861,0x0861,0x0861,0x0861,0x0861,0x0861,0x0861,0x0861,0x0861,0x0861,0x0861,
  0x0861,0x0861,0x0861,0x0862,0x0861,0x1061,0x0862,0x1061,0x0861,0x1061,0x0861,0x0861,0x0861,0x0861,0x0861,0x0861,
  0x0861,0x0861,0x0861,0x0862,0x0862,0x0862,0x0861,0x0861,0x0861,0x0861,0x0861,0x0861,0x0861,0x0861,0x0861,0x0861,
  0x0861,0x0861,0x0861,0x0861,0x0861,0x0861,0x0861,0x0861,0x0861,0x0862,0x0862,0x1061,0x0862,0x0862,0x0862,0x0861,
  0x0862,0x0862,0x0862,0x0862,0x0862,0x0862,0x0862,0x0862,0x0862,0x0862,0x0862,0x0862,0x0862,0x0862,0x0862,0x0862,
  0x0862,0x0862,0x0862,0x0862,0x0862,0x0862,0x0861,0x0861,0x0861,0x0861,0x0861,0x0861,0x0861,0x0861,0x0861,0x0861,
  0x0861,0x0861,0x0861,0x0861,0x0861,0x0861,0x0861,0x0861,0x0861,0x0861,0x0861,0x0861,0x0841,0x0841,0x0861,0x0841,
  0x0841,0x0841,0x0841,0x0841,0x0840,0x0041,0x0041,0x0840,0x0840,0x0840,0x0041,0x0041,0x0840,0x0840,0x0041,0x0840,
  0x0840,0x0820,0x0820,0x0840,0x0000,0xB360,0xFCE0,0x0862,0x2125,0x0000,0x5B0C,0x5AEC,0x5AEC,0x6B6E,0x5AEC,0x0861,
  0x0000,0x0041,0x0041,0x0041,0x0041,0x0041,0x0841,0x0841,0x0841,0x0841,0x0861,0x0861,0x0841,0x0841,0x0861,0x0861,
  0x0841,0x0861,0x0841,0x0861,0x0861,0x0861,0x0861,0x0861,0x0861,0x0861,0x0861,0x0861,0x0861,0x0861,0x0861,0x0861,
  0x0861,0x0861,0x0861,0x0861,0x0861,0x0861,0x0861,0x0861,0x0861,0x0861,0x0861,0x0861,0x0861,0x0861,0x0861,0x0861,
  0x0861,0x0861,0x0861,0x0840,0x0841,0x0840,0x0840,0x0840,0x0840,0x0840,0x0841,0x0840,0x0840,0x0861,0x0861,0x0861,
  0x0861,0x0861,0x0840,0x0840,0x0840,0x0840,0x0860,0x0840,0x0840,0x0840,0x0840,0x0840,0x0041,0x0840,0x0840,0x0840,
  0x0840,0x0840,0x0840,0x0840,0x0840,0x0840,0x0840,0x0840,0x0840,0x0840,0x0840,0x0840,0x0000,0x3920,0x61C0,0x0000,
  0x0000,0xFCE0,0x9AE0,0x0000,0x1060,0x0041,0x0041,0x0041,0x0041,0x0041,0x0041,0x0041,0x0041,0x0841,0x0841,0x0841,
  0x0841,0x0841,0x0841,0x0841,0x0841,0x0841,0x0861,0x0861,0x0841,0x0861,0x0841,0x0841,0x0841,0x0841,0x0841,0x0861,
  0x0841,0x0841,0x0841,0x0841,0x0841,0x0841,0x0841,0x0861,0x0861,0x0861,0x0861,0x0861,0x0861,0x0861,0x0861,0x0861,
  0x0861,0x0861,0x0861,0x0861,0x0861,0x0861,0x0861,0x0861,0x0861,0x0861,0x0861,0x0841,0x0861,0x0861,0x0861,0x0841,
  0x0861,0x0861,0x0861,0x0861,0x0861,0x0861,0x0861,0x0861,0x0861,0x0861,0x0861,0x0861,0x0861,0x0861,0x0861,0x0861,
  0x0861,0x0861,0x0861,0x0861,0x0861,0x0861,0x0861,0x0861,0x0861,0x0861,0x0861,0x0861,0x0861,0x1061,0x0861,0x0861,
  0x0861,0x0861,0x0861,0x0861,0x1061,0x0862,0x0861,0x0861,0x1061,0x1061,0x0861,0x0861,0x0862,0x0861,0x0861,0x0861,
  0x0861,0x0861,0x0861,0x0861,0x0861,0x0862,0x0862,0x0861,0x0862,0x1061,0x0861,0x0861,0x0861,0x0861,0x0861,0x0861,
  0x0861,0x0861,0x0861,0x0861,0x1061,0x0861,0x0861,0x0861,0x0862,0x0862,0x0862,0x0862,0x0861,0x1061,0x0862,0x0862,
  0x0862,0x0862,0x0862,0x0862,0x0862,0x0862,0x0862,0x0862,0x0862,0x0862,0x0862,0x0862,0x0862,0x0861,0x0862,0x0862,
  0x0862,0x0862,0x0862,0x0862,0x0862,0x0861,0x0861,0x0861,0x0862,0x0861,0x0861,0x0862,0x0861,0x0861,0x0861,0x0861,
  0x0861,0x0861,0x0861,0x0861,0x0861,0x0861,0x0861,0x0861,0x0861,0x0861,0x0861,0x0861,0x0841,0x0861,0x0841,0x0861,
  0x0841,0x0841,0x0841,0x0841,0x0041,0x0041,0x0041,0x0041,0x0041,0x0840,0x0041,0x0041,0x0840,0x0840,0x0840,0x0840,
  0x0840,0x0820,0x0820,0x0840,0x0000,0xBB80,0xFCE0,0x0820,0x0882,0x0020,0x632D,0x632D,0x6B6E,0x5B0C,0x0841,0x0000,
  0x0840,0x0041,0x0041,0x0041,0x0841,0x0841,0x0841,0x0841,0x0841,0x0861,0x0861,0x0861,0x0861,0x0861,0x0841,0x0861,
  0x0861,0x0861,0x0861,0x0861,0x0861,0x0861,0x0861,0x0861,0x0861,0x0861,0x0861,0x0861,0x0861,0x0861,0x0861,0x0861,
  0x0861,0x0861,0x0861,0x0861,0x0861,0x0861,0x0861,0x0861,0x0861,0x0861,0x0861,0x0861,0x0861,0x0861,0x0861,0x0861,
  0x0861,0x0861,0x0861,0x0840,0x0841,0x0840,0x0860,0x0861,0x0841,0x0861,0x0861,0x0861,0x0840,0x0840,0x0861,0x0861,
  0x0861,0x0861,0x0861,0x0861,0x0861,0x0861,0x0861,0x0861,0x0861,0x0840,0x0840,0x0840,0x0840,0x0840,0x0840,0x0840,
  0x0840,0x0840,0x0840,0x0840,0x0840,0x0840,0x0840,0x0840,0x0840,0x0840,0x0840,0x0840,0x0000,0x3941,0x59C0,0x0000,
  0x0000,0xFCE0,0x9B00,0x0000,0x0860,0x0840,0x0840,0x0041,0x0041,0x0041,0x0041,0x0041,0x0041,0x0841,0x0841,0x0841,
  0x0841,0x0841,0x0841,0x0841,0x0841,0x0861,0x0861,0x0841,0x0861,0x0841,0x0841,0x0841,0x0841,0x0841,0x0841,0x0841,
  0x0841,0x0841,0x0861,0x0841,0x0841,0x0841,0x0841,0x0841,0x0841,0x0861,0x0861,0x0861,0x0861,0x0861,0x0861,0x0861,
  0x0861,0x0861,0x0861,0x0861,0x0861,0x0861,0x0841,0x0841,0x0861,0x0861,0x0861,0x0861,0x0861,0x0840,0x0861,0x0841,
  0x0861,0x0861,0x0861,0x0861,0x0861,0x0841,0x0861,0x0861,0x0861,0x0861,0x0861,0x0841,0x0861,0x0861,0x0861,0x0862,
  0x0861,0x0861,0x0861,0x0861,0x0861,0x0861,0x0861,0x0861,0x0861,0x0861,0x0861,0x0861,0x0861,0x0861,0x0861,0x0861,
  0x0861,0x0861,0x0861,0x0861,0x0861,0x0861,0x0861,0x0861,0x0861,0x0861,0x0862,0x0861,0x0861,0x0861,0x1061,0x0861,
  0x0861,0x0861,0x0862,0x0862,0x0861,0x0862,0x1061,0x0862,0x0862,0x0861,0x0862,0x1061,0x0861,0x0861,0x1061,0x1061,
  0x0862,0x0861,0x0861,0x0861,0x1061,0x0861,0x0862,0x0862,0x0862,0x1061,0x0862,0x0862,0x0862,0x1061,0x0862,0x0862,
  0x0861,0x0862,0x1061,0x0862,0x0862,0x0862,0x0862,0x0862,0x0862,0x0862,0x0862,0x0862,0x0862,0x0862,0x0861,0x0862,
  0x0862,0x0862,0x0862,0x0862,0x0862,0x0861,0x0861,0x0861,0x0861,0x0861,0x0862,0x0861,0x0861,0x0861,0x0861,0x0861,
  0x0861,0x0861,0x0861,0x0861,0x0861,0x0861,0x0861,0x0861,0x0861,0x0861,0x0861,0x0861,0x0841,0x0861,0x0841,0x0841,
  0x0840,0x0841,0x0841,0x0841,0x0841,0x0841,0x0041,0x0041,0x0041,0x0041,0x0041,0x0041,0x0840,0x0840,0x0840,0x0840,
  0x0840,0x0820,0x0820,0x0840,0x0000,0xBB80,0xFCE0,0x0020,0x0861,0x0020,0x632D,0x73AF,0x634D,0x0861,0x0000,0x0041,
  0x0840,0x0041,0x0841,0x0841,0x0841,0x0841,0x0841,0x0841,0x0861,0x0861,0x0861,0x0861,0x0861,0x0861,0x0861,0x0861,
  0x0861,0x0861,0x0861,0x0861,0x0841,0x0861,0x0861,0x0861,0x0861,0x0861,0x0861,0x0861,0x0861,0x0861,0x0861,0x0861,
  0x0861,0x0861,0x0861,0x0861,0x0861,0x0861,0x0861,0x0861,0x0861,0x0861,0x0861,0x0861,0x0861,0x0861,0x0861,0x0860,
  0x0840,0x0861,0x0861,0x0861,0x0861,0x0861,0x0861,0x0861,0x0861,0x0861,0x0861,0x0861,0x0861,0x0861,0x0861,0x0861,
  0x0861,0x0861,0x0861,0x0861,0x0861,0x0861,0x0861,0x0861,0x0861,0x0840,0x0840,0x0840,0x0840,0x0840,0x0840,0x0840,
  0x0840,0x0840,0x0840,0x0840,0x0840,0x0840,0x0840,0x0840,0x0840,0x0840,0x0820,0x0840,0x0000,0x3941,0x59C0,0x0000,
  0x0020,0xFCE0,0x9AE0,0x0000,0x0860,0x0041,0x0041,0x0041,0x0041,0x0041,0x0041,0x0041,0x0041,0x0841,0x0841,0x0841,
  0x0841,0x0841,0x0841,0x0841,0x0841,0x0861,0x0841,0x0861,0x0861,0x0841,0x0841,0x0841,0x0841,0x0841,0x0861,0x0841,
  0x0861,0x0841,0x0841,0x0841,0x0841,0x0841,0x0841,0x0841,0x0841,0x0861,0x0861,0x0861,0x0861,0x0861,0x0861,0x0861,
  0x0861,0x0861,0x0861,0x0861,0x0861,0x0861,0x0861,0x0861,0x0861,0x0841,0x0841,0x0861,0x0861,0x0840,0x0861,0x0861,
  0x0861,0x0861,0x0861,0x0861,0x0861,0x0861,0x0861,0x0861,0x0861,0x0861,0x0861,0x0861,0x0861,0x0861,0x0861,0x0861,
  0x0861,0x0862,0x0862,0x0861,0x0861,0x0861,0x0841,0x0861,0x0861,0x0861,0x0861,0x0861,0x0861,0x0861,0x0861,0x0861,
  0x0861,0x0861,0x0861,0x0861,0x0861,0x0861,0x0861,0x0861,0x1061,0x1061,0x0862,0x0861,0x0861,0x0861,0x0862,0x0861,
  0x0861,0x0861,0x0861,0x0861,0x0862,0x0862,0x0862,0x0862,0x1061,0x1061,0x0862,0x0861,0x0861,0x0861,0x0861,0x0862,
  0x0861,0x0861,0x0861,0x0861,0x1061,0x0862,0x0862,0x0862,0x0861,0x0861,0x0862,0x1061,0x0862,0x0862,0x0862,0x0862,
  0x0861,0x0861,0x0862,0x1061,0x0862,0x0862,0x0862,0x0862,0x0862,0x0862,0x0862,0x0862,0x0862,0x0862,0x0862,0x0862,
  0x0862,0x0862,0x0862,0x0862,0x0862,0x0862,0x1061,0x0861,0x0861,0x0861,0x0861,0x0862,0x0862,0x0862,0x0861,0x0861,
  0x0861,0x0861,0x0861,0x0861,0x0861,0x1061,0x0861,0x0861,0x0861,0x0861,0x0861,0x0861,0x0861,0x0861,0x0861,0x0841,
  0x0841,0x0841,0x0841,0x0041,0x0841,0x0841,0x0041,0x0041,0x0041,0x0041,0x0840,0x0041,0x0840,0x0840,0x0840,0x0840,
  0x0820,0x0840,0x0820,0x0840,0x0000,0xB360,0xFCE0,0x0020,0x0020,0x0020,0x6B6E,0x634D,0x1082,0x0000,0x0841,0x0041,
  0x0041,0x0041,0x0041,0x0841,0x0841,0x0841,0x0841,0x0841,0x0861,0x0861,0x0861,0x0861,0x0861,0x0861,0x0861,0x0861,
  0x0861,0x0861,0x0861,0x0861,0x0861,0x0861,0x0861,0x0861,0x0861,0x0861,0x0861,0x0861,0x0861,0x0861,0x0861,0x0861,
  0x0861,0x0861,0x0861,0x0861,0x0861,0x0861,0x0861,0x0861,0x0861,0x0861,0x0861,0x0861,0x0861,0x0861,0x0861,0x0861,
  0x0861,0x0861,0x0861,0x0861,0x0861,0x0861,0x0861,0x0861,0x0861,0x0861,0x0861,0x0861,0x0861,0x0861,0x0861,0x0861,
  0x0861,0x0861,0x0861,0x0861,0x0861,0x0861,0x0861,0x0840,0x0840,0x0840,0x0841,0x0840,0x0840,0x0840,0x0840,0x0840,
  0x0840,0x0840,0x0840,0x0840,0x0840,0x0840,0x0840,0x0840,0x0840,0x0840,0x0820,0x0840,0x0000,0x3920,0x59A0,0x0000,
  0x0020,0xFCE0,0x9B00,0x0000,0x0860,0x0041,0x0041,0x0041,0x0041,0x0041,0x0041,0x0841,0x0841,0x0841,0x0841,0x0841,
  0x0841,0x0841,0x0841,0x0841,0x0841,0x0841,0x0841,0x0841,0x0861,0x0841,0x0841,0x0861,0x0841,0x0841,0x0841,0x0841,
  0x0841,0x0861,0x0841,0x0841,0x0841,0x0841,0x0841,0x0841,0x0861,0x0861,0x0841,0x0841,0x0861,0x0861,0x0861,0x0861,
  0x0861,0x0861,0x0861,0x0841,0x0861,0x0861,0x0861,0x0861,0x0841,0x0841,0x0861,0x0841,0x0861,0x0861,0x0841,0x0861,
  0x0841,0x0861,0x0861,0x0861,0x0861,0x0861,0x0861,0x0861,0x0861,0x0861,0x0861,0x1061,0x0861,0x0861,0x0861,0x0861,
  0x0861,0x0861,0x0861,0x0861,0x0861,0x0861,0x0861,0x0861,0x0861,0x0861,0x0861,0x0861,0x0862,0x0861,0x0861,0x0861,
  0x0861,0x0861,0x0861,0x0861,0x0861,0x0861,0x0861,0x0861,0x0861,0x0861,0x0862,0x0862,0x0861,0x0861,0x0861,0x1061,
  0x0862,0x0862,0x1061,0x0862,0x0861,0x0862,0x0861,0x0861,0x0861,0x1061,0x0862,0x0861,0x0861,0x0861,0x1061,0x0862,
  0x1061,0x0861,0x0861,0x0862,0x0862,0x0862,0x0861,0x1061,0x0862,0x0862,0x0862,0x0862,0x0862,0x0862,0x0862,0x0862,
  0x0861,0x0861,0x0862,0x0862,0x0862,0x1061,0x1061,0x0861,0x0862,0x0862,0x0861,0x0861,0x0862,0x0862,0x0862,0x0862,
  0x0862,0x0862,0x0862,0x0862,0x0862,0x0862,0x0861,0x0861,0x1061,0x0861,0x0861,0x0861,0x0861,0x0862,0x0862,0x0861,
  0x1061,0x0861,0x0861,0x0861,0x0861,0x1061,0x0861,0x0861,0x0861,0x0861,0x0861,0x0861,0x0841,0x0861,0x0861,0x0841,
  0x0841,0x0841,0x0841,0x0041,0x0840,0x0041,0x0041,0x0041,0x0041,0x0041,0x0840,0x0041,0x0041,0x0840,0x0840,0x0840,
  0x0820,0x0820,0x0820,0x0840,0x0000,0xB360,0xFCE0,0x0820,0x1060,0x0020,0x634D,0x4A8B,0x0000,0x0041,0x0041,0x0041,
  0x0041,0x0041,0x0041,0x0041,0x0841,0x0841,0x0861,0x0841,0x0861,0x0861,0x0861,0x0861,0x0861,0x0861,0x0841,0x0861,
  0x0861,0x0861,0x0861,0x0861,0x0861,0x0861,0x0861,0x0861,0x0861,0x0861,0x0861,0x0861,0x0861,0x0861,0x0861,0x0861,
  0x0861,0x0861,0x0861,0x0861,0x0861,0x0861,0x0861,0x0861,0x0861,0x0861,0x0861,0x0861,0x0861,0x0861,0x0861,0x0861,
  0x0861,0x0861,0x0861,0x0861,0x0861,0x0861,0x0861,0x0861,0x0861,0x0861,0x0861,0x0861,0x0861,0x0861,0x0861,0x0861,
  0x0861,0x0861,0x0861,0x0861,0x0861,0x0861,0x0860,0x0861,0x0840,0x0840,0x0840,0x0840,0x0840,0x0840,0x0840,0x0840,
  0x0840,0x0840,0x0840,0x0840,0x0840,0x0840,0x0840,0x0840,0x0840,0x0840,0x0840,0x0840,0x0000,0x3940,0x51A0,0x0000,
  0x0020,0xFCE0,0x9AE0,0x0000,0x1060,0x0041,0x0041,0x0841,0x0041,0x0041,0x0041,0x0841,0x0841,0x0841,0x0841,0x0841,
  0x0841,0x0841,0x0841,0x0841,0x0841,0x0841,0x0841,0x0841,0x0841,0x0841,0x0841,0x0841,0x0841,0x0841,0x0841,0x0841,
  0x0841,0x0861,0x0841,0x0841,0x0841,0x0861,0x0861,0x0861,0x0861,0x0861,0x0861,0x0861,0x0861,0x0861,0x0861,0x0861,
  0x0861,0x0861,0x0861,0x0861,0x0861,0x0861,0x0861,0x0861,0x0841,0x0861,0x0861,0x0861,0x0861,0x0861,0x0861,0x0861,
  0x0841,0x0861,0x0841,0x0841,0x0861,0x0861,0x0861,0x0861,0x0861,0x0861,0x0861,0x0861,0x0861,0x0861,0x0861,0x0861,
  0x0861,0x0861,0x0861,0x0861,0x0861,0x0861,0x0861,0x0861,0x0861,0x0861,0x0861,0x0861,0x0861,0x0861,0x0861,0x0861,
  0x0861,0x0861,0x0861,0x0861,0x0861,0x0861,0x0861,0x0862,0x0861,0x0861,0x0861,0x0861,0x0861,0x0861,0x0862,0x0862,
  0x0861,0x0862,0x0861,0x0861,0x0861,0x0861,0x0861,0x0861,0x1061,0x0861,0x0861,0x0861,0x0861,0x1061,0x0861,0x0861,
  0x0861,0x0861,0x0861,0x0862,0x0862,0x0861,0x1061,0x0862,0x0862,0x0862,0x0862,0x0862,0x0862,0x0862,0x0862,0x0862,
  0x0862,0x0862,0x0862,0x0862,0x0862,0x0862,0x0861,0x0861,0x0861,0x0862,0x0861,0x0862,0x0862,0x0862,0x0861,0x0861,
  0x0862,0x0861,0x0861,0x0861,0x0862,0x0862,0x0862,0x0861,0x0861,0x0861,0x0861,0x0861,0x0861,0x0862,0x1061,0x0861,
  0x1061,0x0861,0x0861,0x1061,0x0861,0x0861,0x0861,0x0861,0x0861,0x0861,0x0861,0x0861,0x0841,0x0841,0x0861,0x0841,
  0x0841,0x0841,0x0841,0x0841,0x0841,0x0041,0x0041,0x0041,0x0041,0x0840,0x0041,0x0840,0x0041,0x0840,0x0840,0x0840,
  0x0820,0x0820,0x0820,0x0840,0x0000,0xB360,0xFCE0,0x0840,0x1081,0x0000,0x632D,0x4AAC,0x0020,0x0041,0x0041,0x0041,
  0x0041,0x0041,0x0041,0x0841,0x0841,0x0841,0x0841,0x0861,0x0861,0x0841,0x0841,0x0861,0x0861,0x0861,0x0861,0x0861,
  0x0861,0x0861,0x0861,0x0841,0x0841,0x0861,0x0861,0x0861,0x0861,0x0861,0x0861,0x0861,0x0861,0x0861,0x0861,0x0861,
  0x0861,0x0861,0x0861,0x0861,0x0861,0x0861,0x0861,0x0861,0x0861,0x0861,0x0861,0x0861,0x0861,0x0861,0x0861,0x0861,
  0x0861,0x0861,0x0861,0x0861,0x0861,0x0861,0x0861,0x0861,0x0861,0x0861,0x0861,0x0861,0x0861,0x0861,0x0861,0x0861,
  0x0860,0x0861,0x0861,0x0861,0x0861,0x0861,0x0860,0x0861,0x0840,0x0840,0x0840,0x0840,0x0840,0x0840,0x0840,0x0840,
  0x0840,0x0840,0x0840,0x0840,0x0840,0x0840,0x0840,0x0840,0x0840,0x0840,0x0840,0x0840,0x0000,0x3941,0x51C1,0x0000,
  0x0020,0xFCE0,0x9AE0,0x0000,0x1060,0x0041,0x0041,0x0041,0x0041,0x0041,0x0041,0x0841,0x0841,0x0841,0x0041,0x0041,
  0x0841,0x0841,0x0841,0x0841,0x0041,0x0841,0x0841,0x0841,0x0841,0x0841,0x0841,0x0841,0x0841,0x0841,0x0841,0x0841,
  0x0841,0x0841,0x0841,0x0861,0x0861,0x0861,0x0841,0x0861,0x0861,0x0861,0x0841,0x0861,0x0861,0x0861,0x0861,0x0861,
  0x0861,0x0861,0x0861,0x0861,0x0861,0x0841,0x0861,0x0861,0x0861,0x0841,0x0861,0x0861,0x0861,0x0841,0x0861,0x0861,
  0x0861,0x0861,0x0861,0x0861,0x0861,0x0861,0x0861,0x0861,0x0861,0x0861,0x0861,0x0861,0x0861,0x0861,0x0861,0x0861,
  0x0861,0x0861,0x0861,0x0861,0x0861,0x0861,0x0861,0x0861,0x0861,0x0861,0x0861,0x0861,0x0861,0x0861,0x0861,0x0861,
  0x0861,0x0861,0x0861,0x0861,0x0861,0x0861,0x0862,0x0861,0x0861,0x0861,0x0861,0x0861,0x0861,0x0862,0x0862,0x0862,
  0x0861,0x0861,0x1061,0x0861,0x0861,0x0861,0x0861,0x0861,0x1061,0x0861,0x1061,0x0861,0x0861,0x0862,0x0861,0x0861,
  0x1061,0x1061,0x0861,0x0861,0x0862,0x0862,0x1061,0x0862,0x0862,0x0862,0x0862,0x0862,0x0862,0x0861,0x0862,0x0862,
  0x0862,0x0862,0x0862,0x0862,0x0862,0x0862,0x0861,0x0861,0x0861,0x0862,0x0861,0x0861,0x0862,0x0861,0x0861,0x0861,
  0x0861,0x0861,0x0861,0x0862,0x0861,0x0861,0x0861,0x0861,0x0861,0x0861,0x0861,0x0861,0x0861,0x0861,0x0861,0x1061,
  0x0862,0x0861,0x0862,0x0861,0x0861,0x0861,0x0861,0x0861,0x0861,0x0861,0x0841,0x0861,0x0861,0x0861,0x0861,0x0841,
  0x0841,0x0841,0x0841,0x0841,0x0841,0x0041,0x0041,0x0041,0x0041,0x0041,0x0041,0x0041,0x0840,0x0840,0x0840,0x0840,
  0x0840,0x0820,0x0820,0x0840,0x0000,0xB360,0xFCE0,0x0840,0x0862,0x0000,0x632D,0x52CC,0x0820,0x0840,0x0041,0x0041,
  0x0041,0x0841,0x0841,0x0841,0x0841,0x0841,0x0861,0x0861,0x0841,0x0861,0x0841,0x0861,0x0841,0x0861,0x0861,0x0861,
  0x0861,0x0861,0x0841,0x0841,0x0861,0x0861,0x0861,0x0861,0x0861,0x0861,0x0861,0x0841,0x0861,0x0861,0x0861,0x0861,
  0x0861,0x0861,0x0861,0x0861,0x0861,0x0840,0x0861,0x0861,0x0861,0x0861,0x0861,0x0861,0x0861,0x0861,0x0861,0x1061,
  0x0861,0x0861,0x0861,0x0861,0x0861,0x0861,0x0861,0x0861,0x0861,0x0861,0x0861,0x0861,0x1061,0x0861,0x0861,0x0861,
  0x0861,0x0861,0x0840,0x0861,0x0861,0x0861,0x0860,0x0861,0x0861,0x0840,0x0840,0x0840,0x0840,0x0840,0x0041,0x0840,
  0x0840,0x0840,0x0840,0x0840,0x0840,0x0840,0x0840,0x0840,0x0840,0x0840,0x0840,0x0840,0x0000,0x3941,0x51C1,0x0000,
  0x0000,0xFCE0,0x9AE0,0x0000,0x0860,0x0041,0x0840,0x0041,0x0041,0x0041,0x0041,0x0841,0x0041,0x0041,0x0841,0x0041,
  0x0041,0x0841,0x0841,0x0841,0x0841,0x0841,0x0841,0x0841,0x0841,0x0840,0x0841,0x0841,0x0841,0x0841,0x0841,0x0841,
  0x0841,0x0841,0x0841,0x0841,0x0841,0x0841,0x0841,0x0861,0x0861,0x0861,0x0861,0x0841,0x0861,0x0861,0x0861,0x0861,
  0x0861,0x0861,0x0861,0x0861,0x0861,0x0861,0x0841,0x0861,0x0861,0x0841,0x0861,0x0861,0x0841,0x0861,0x0861,0x0861,
  0x0861,0x0861,0x0861,0x0861,0x0861,0x0861,0x0861,0x0861,0x1061,0x0861,0x0861,0x0861,0x0861,0x0861,0x0861,0x0861,
  0x0861,0x0861,0x0861,0x0861,0x0861,0x0861,0x0861,0x0861,0x0861,0x0861,0x0861,0x0861,0x0861,0x0861,0x0861,0x0861,
  0x0862,0x1061,0x0861,0x0861,0x0861,0x0861,0x0861,0x0861,0x0861,0x0861,0x0861,0x1061,0x0861,0x0861,0x1061,0x0862,
  0x0861,0x0861,0x1061,0x0862,0x0861,0x0861,0x1061,0x0861,0x0861,0x0861,0x0861,0x0862,0x0861,0x0861,0x0861,0x0862,
  0x0861,0x1061,0x1061,0x0861,0x0861,0x0862,0x0862,0x0862,0x0862,0x0862,0x0862,0x0862,0x1061,0x0862,0x0862,0x0862,
  0x0862,0x0862,0x0862,0x0862,0x0861,0x0862,0x0861,0x0861,0x0861,0x0861,0x0862,0x0861,0x1061,0x0862,0x0862,0x0861,
  0x0861,0x0861,0x0861,0x0861,0x0861,0x0861,0x0861,0x0861,0x0861,0x0861,0x0861,0x0861,0x1061,0x0861,0x0861,0x0861,
  0x0861,0x1061,0x0861,0x0861,0x0861,0x0861,0x0861,0x0861,0x0861,0x0861,0x0861,0x0841,0x0841,0x0841,0x0861,0x0841,
  0x0841,0x0841,0x0841,0x0841,0x0840,0x0041,0x0841,0x0841,0x0841,0x0041,0x0041,0x0840,0x0840,0x0840,0x0840,0x0840,
  0x0820,0x0840,0x0840,0x0840,0x0000,0xBB80,0xFCE0,0x0841,0x18E4,0x0000,0x632D,0x52EC,0x0820,0x0041,0x0841,0x0841,
  0x0840,0x0841,0x0841,0x0841,0x0841,0x0841,0x0841,0x0861,0x0861,0x0861,0x0861,0x0861,0x0861,0x0861,0x0861,0x0841,
  0x0861,0x0861,0x0841,0x0841,0x0861,0x0841,0x0861,0x0861,0x0861,0x0861,0x0861,0x0861,0x0861,0x0841,0x0841,0x0861,
  0x0840,0x0840,0x0861,0x0861,0x0861,0x0840,0x0840,0x0861,0x0840,0x0861,0x0861,0x0861,0x0861,0x0861,0x0861,0x0861,
  0x0861,0x0861,0x0861,0x0861,0x0861,0x0861,0x0861,0x0861,0x0861,0x0861,0x0861,0x0861,0x1061,0x0861,0x0861,0x0861,
  0x0861,0x0861,0x0860,0x0861,0x0861,0x0861,0x0861,0x0861,0x0861,0x0840,0x0840,0x0840,0x0840,0x0840,0x0840,0x0840,
  0x0840,0x0840,0x0840,0x0840,0x0840,0x0840,0x0840,0x0840,0x0840,0x0840,0x0840,0x0840,0x0000,0x4161,0x51C2,0x0000,
  0x0000,0xFCE0,0x92E0,0x0000,0x1060,0x0041,0x0041,0x0041,0x0840,0x0041,0x0041,0x0041,0x0841,0x0841,0x0841,0x0841,
  0x0841,0x0841,0x0041,0x0841,0x0841,0x0041,0x0841,0x0841,0x0041,0x0041,0x0841,0x0041,0x0841,0x0841,0x0841,0x0841,
  0x0841,0x0841,0x0841,0x0861,0x0841,0x0841,0x0861,0x0841,0x0861,0x0861,0x0861,0x0861,0x0861,0x0861,0x0861,0x0861,
  0x0861,0x0861,0x0861,0x0841,0x0841,0x0861,0x0861,0x0861,0x0861,0x0861,0x0861,0x0840,0x0861,0x0861,0x0861,0x0841,
  0x0861,0x0861,0x0861,0x0861,0x0861,0x0861,0x0861,0x0861,0x0861,0x0861,0x0861,0x0861,0x0861,0x0861,0x0861,0x0861,
  0x0861,0x0861,0x0861,0x0861,0x0861,0x0861,0x0861,0x0861,0x0861,0x0861,0x0861,0x0861,0x0861,0x0861,0x0861,0x0862,
  0x0861,0x0861,0x0862,0x0861,0x0861,0x0861,0x0861,0x0861,0x0861,0x0861,0x0861,0x0861,0x0861,0x0861,0x1061,0x1061,
  0x1061,0x0861,0x0861,0x1061,0x1061,0x1061,0x0861,0x0861,0x0861,0x0861,0x0861,0x0861,0x1061,0x1061,0x0861,0x0862,
  0x0862,0x0862,0x0861,0x0862,0x0861,0x0861,0x0862,0x0862,0x0861,0x0861,0x0862,0x0862,0x0862,0x0862,0x0862,0x0862,
  0x0861,0x0862,0x0862,0x0861,0x0861,0x0861,0x0861,0x0862,0x0862,0x0861,0x0861,0x0862,0x0862,0x0862,0x0861,0x0861,
  0x0861,0x0861,0x0861,0x0861,0x0861,0x0861,0x0861,0x0861,0x0861,0x0862,0x0862,0x0861,0x0861,0x0861,0x0861,0x0861,
  0x0861,0x0861,0x0861,0x0861,0x0861,0x0861,0x0861,0x0861,0x0861,0x0861,0x0861,0x0861,0x0861,0x0861,0x0841,0x0841,
  0x0841,0x0841,0x0841,0x0041,0x0041,0x0041,0x0041,0x0841,0x0041,0x0041,0x0041,0x0041,0x0840,0x0840,0x0840,0x0840,
  0x0840,0x0840,0x0840,0x0840,0x0000,0xB360,0xFCE0,0x0841,0x2125,0x0021,0x634D,0x52CC,0x0820,0x0041,0x0841,0x0841,
  0x0841,0x0841,0x0841,0x0841,0x0841,0x0861,0x0861,0x0861,0x0861,0x0861,0x0861,0x0861,0x0861,0x0841,0x0861,0x0841,
  0x0861,0x0861,0x0861,0x0861,0x0861,0x0840,0x0841,0x0861,0x0841,0x0861,0x0861,0x0861,0x0861,0x0861,0x0861,0x0841,
  0x0840,0x0861,0x0861,0x0840,0x0861,0x0861,0x0840,0x0840,0x0840,0x0861,0x0861,0x0861,0x0861,0x0861,0x0861,0x0861,
  0x0861,0x0861,0x0861,0x1061,0x0861,0x0861,0x0861,0x0861,0x0861,0x0861,0x0861,0x1061,0x0861,0x1061,0x0861,0x0861,
  0x0861,0x0861,0x0861,0x0861,0x0861,0x0861,0x0861,0x0861,0x0861,0x0840,0x0840,0x0840,0x0840,0x0840,0x0840,0x0840,
  0x0840,0x0840,0x0840,0x0840,0x0840,0x0840,0x0840,0x0840,0x0840,0x0840,0x0840,0x0840,0x0000,0x4162,0x51C2,0x0000,
  0x0000,0xFCE0,0x92E0,0x0000,0x1060,0x0041,0x0041,0x0041,0x0041,0x0041,0x0041,0x0041,0x0841,0x0841,0x0841,0x0841,
  0x0841,0x0841,0x0841,0x0841,0x0841,0x0841,0x0841,0x0041,0x0041,0x0841,0x0841,0x0841,0x0041,0x0841,0x0041,0x0041,
  0x0841,0x0841,0x0841,0x0841,0x0841,0x0841,0x0861,0x0861,0x0861,0x0861,0x0861,0x0861,0x0861,0x0841,0x0841,0x0861,
  0x0861,0x0861,0x0841,0x0840,0x0861,0x0861,0x0861,0x0861,0x0841,0x0861,0x0861,0x0841,0x0841,0x0861,0x0861,0x0861,
  0x0861,0x0841,0x0861,0x0861,0x0861,0x0861,0x0861,0x0861,0x0861,0x0861,0x0861,0x0862,0x0861,0x0861,0x0861,0x0861,
  0x0861,0x0861,0x0861,0x0861,0x0861,0x0861,0x0861,0x0861,0x0861,0x0861,0x0861,0x0861,0x0861,0x0861,0x0862,0x0861,
  0x1061,0x0861,0x0861,0x1061,0x1061,0x1061,0x0861,0x0861,0x0861,0x0861,0x0861,0x0861,0x0861,0x0861,0x0861,0x0861,
  0x0861,0x0861,0x0861,0x0861,0x0862,0x0862,0x0862,0x0862,0x1061,0x0862,0x0861,0x0861,0x0862,0x1061,0x1061,0x0862,
  0x0862,0x0862,0x1061,0x0862,0x0861,0x1061,0x0862,0x0862,0x0862,0x0862,0x0861,0x0862,0x0862,0x0862,0x0862,0x0862,
  0x0861,0x0862,0x1061,0x0861,0x0861,0x0862,0x0862,0x0862,0x0862,0x0862,0x0861,0x0861,0x0862,0x0861,0x0861,0x0861,
  0x0862,0x0861,0x0861,0x0861,0x0861,0x0861,0x0861,0x0861,0x0861,0x0862,0x0862,0x0861,0x0861,0x0861,0x0862,0x0861,
  0x0861,0x0861,0x0861,0x0861,0x0861,0x0861,0x0861,0x0861,0x0861,0x0841,0x0861,0x0841,0x0861,0x0861,0x0841,0x0841,
  0x0841,0x0841,0x0841,0x0041,0x0041,0x0041,0x0840,0x0840,0x0041,0x0041,0x0041,0x0041,0x0041,0x0840,0x0840,0x0840,
  0x0840,0x0840,0x0840,0x0840,0x0000,0xB360,0xFCE0,0x0862,0x3187,0x0020,0x5B0D,0x52ED,0x0840,0x0041,0x0841,0x0841,
  0x0861,0x0841,0x0841,0x0841,0x0861,0x0841,0x0861,0x0861,0x0861,0x0841,0x0841,0x0861,0x0841,0x0841,0x0841,0x0841,
  0x0861,0x0841,0x0841,0x0861,0x0840,0x0861,0x0861,0x0861,0x0841,0x0841,0x0840,0x0861,0x0861,0x0840,0x0840,0x0840,
  0x0861,0x0840,0x0840,0x0861,0x0861,0x0840,0x0860,0x0861,0x0840,0x0861,0x0840,0x0861,0x0861,0x0861,0x0861,0x0861,
  0x0861,0x0861,0x0861,0x0861,0x0861,0x0861,0x0861,0x0861,0x0861,0x0861,0x1061,0x0861,0x0861,0x0861,0x0861,0x0861,
  0x0861,0x0861,0x0840,0x0840,0x0861,0x0861,0x0861,0x0861,0x0840,0x0840,0x0840,0x0840,0x0840,0x0840,0x0840,0x0840,
  0x0840,0x0840,0x0840,0x0840,0x0840,0x0840,0x0840,0x0840,0x0840,0x0840,0x0840,0x0840,0x0000,0x4182,0x49C3,0x0000,
  0x0000,0xFCE0,0x92E0,0x0000,0x0860,0x0041,0x0041,0x0041,0x0041,0x0041,0x0041,0x0041,0x0041,0x0041,0x0841,0x0841,
  0x0841,0x0841,0x0841,0x0841,0x0841,0x0841,0x0841,0x0841,0x0841,0x0841,0x0041,0x0841,0x0041,0x0041,0x0841,0x0841,
  0x0841,0x0841,0x0841,0x0841,0x0861,0x0861,0x0861,0x0861,0x0861,0x0861,0x0861,0x0861,0x0861,0x0861,0x0861,0x0841,
  0x0840,0x0841,0x0841,0x0861,0x0841,0x0861,0x0861,0x0861,0x0841,0x0841,0x0841,0x0840,0x0861,0x0841,0x0861,0x0841,
  0x0841,0x0841,0x0861,0x0861,0x0861,0x0861,0x0861,0x0861,0x0861,0x0861,0x0861,0x0861,0x0861,0x0861,0x0861,0x0861,
  0x0861,0x0861,0x0861,0x0861,0x0861,0x0861,0x0861,0x0861,0x0861,0x0861,0x0861,0x0861,0x0861,0x0861,0x0861,0x0861,
  0x0861,0x0861,0x0862,0x1061,0x0861,0x0861,0x0862,0x0861,0x0861,0x0861,0x0861,0x0861,0x0861,0x0861,0x0861,0x0861,
  0x0861,0x0861,0x0862,0x0862,0x0861,0x0862,0x0862,0x0862,0x0861,0x0861,0x0861,0x0861,0x0861,0x0861,0x0861,0x1061,
  0x1061,0x0861,0x0862,0x0861,0x0861,0x0861,0x0862,0x1061,0x0861,0x0862,0x0862,0x0862,0x0861,0x0862,0x0862,0x0862,
  0x0861,0x0861,0x0862,0x0861,0x0862,0x0862,0x0862,0x0861,0x1061,0x0861,0x0861,0x0861,0x0861,0x0862,0x0861,0x0861,
  0x0861,0x0861,0x0861,0x0861,0x0861,0x0861,0x0861,0x0861,0x0861,0x0861,0x0861,0x0861,0x0861,0x0861,0x0861,0x0861,
  0x0861,0x0861,0x0861,0x0861,0x0841,0x0861,0x0861,0x0861,0x0861,0x0841,0x0841,0x0841,0x0861,0x0841,0x0841,0x0841,
  0x0841,0x0041,0x0041,0x0041,0x0041,0x0041,0x0840,0x0041,0x0041,0x0041,0x0041,0x0041,0x0041,0x0041,0x0041,0x0840,
  0x0840,0x0840,0x0840,0x0840,0x0000,0xB360,0xFCE0,0x1061,0x18E4,0x0000,0x5B0C,0x530D,0x0840,0x0041,0x0841,0x0841,
  0x0841,0x0841,0x0841,0x0841,0x0841,0x0841,0x0861,0x0861,0x0861,0x0841,0x0861,0x0841,0x0841,0x0841,0x0861,0x0841,
  0x0861,0x0841,0x0841,0x0861,0x0840,0x0841,0x0841,0x0841,0x0861,0x0861,0x0840,0x0840,0x0840,0x0840,0x0840,0x0861,
  0x0861,0x0840,0x0861,0x0861,0x0861,0x0861,0x0861,0x0840,0x0840,0x0861,0x0861,0x0861,0x0840,0x0861,0x0861,0x0861,
  0x0861,0x1061,0x0861,0x0861,0x0861,0x1061,0x1061,0x0861,0x0861,0x0861,0x0861,0x0861,0x0861,0x0861,0x0861,0x0861,
  0x0860,0x0861,0x0861,0x0861,0x0861,0x0861,0x0861,0x0861,0x0861,0x0840,0x0840,0x0840,0x0840,0x0840,0x0840,0x0840,
  0x0840,0x0840,0x0840,0x0840,0x0840,0x0840,0x0840,0x0840,0x0840,0x0840,0x0840,0x0840,0x0000,0x49A3,0x51E3,0x0000,
  0x0000,0xFCE0,0x9AE0,0x0000,0x0860,0x0041,0x0041,0x0041,0x0041,0x0041,0x0041,0x0841,0x0041,0x0041,0x0841,0x0041,
  0x0841,0x0841,0x0841,0x0841,0x0841,0x0841,0x0841,0x0841,0x0041,0x0041,0x0041,0x0041,0x0041,0x0841,0x0041,0x0041,
  0x0841,0x0841,0x0841,0x0841,0x0841,0x0841,0x0841,0x0861,0x0861,0x0861,0x0841,0x0861,0x0861,0x0861,0x0841,0x0861,
  0x0861,0x0861,0x0861,0x0861,0x0861,0x0861,0x0861,0x0841,0x0861,0x0861,0x0841,0x0841,0x0841,0x0841,0x0861,0x0841,
  0x0841,0x0861,0x0861,0x0861,0x0861,0x0861,0x0861,0x0861,0x0861,0x0861,0x0861,0x0861,0x0861,0x0861,0x0861,0x0861,
  0x0861,0x0861,0x0861,0x0861,0x0861,0x0861,0x0861,0x0861,0x0861,0x0861,0x0861,0x0861,0x0861,0x0861,0x0861,0x0861,
  0x1061,0x0861,0x0861,0x0861,0x0861,0x0861,0x0861,0x0861,0x0861,0x0861,0x0861,0x0861,0x0861,0x0861,0x0861,0x0861,
  0x0861,0x0861,0x0862,0x0862,0x0862,0x0861,0x0861,0x0862,0x1061,0x0861,0x0861,0x1061,0x0861,0x0861,0x0861,0x0861,
  0x1061,0x1061,0x0861,0x0862,0x0862,0x0862,0x0862,0x0862,0x1061,0x0861,0x0862,0x0862,0x0861,0x0861,0x0862,0x0862,
  0x0862,0x0861,0x0861,0x0861,0x0861,0x0861,0x0861,0x0861,0x1061,0x1061,0x0861,0x0861,0x0861,0x0862,0x0862,0x0861,
  0x0861,0x0861,0x0861,0x0861,0x0861,0x0861,0x0861,0x0861,0x1061,0x1061,0x0861,0x0861,0x0861,0x0861,0x0861,0x0861,
  0x0861,0x0861,0x0861,0x0861,0x0861,0x0861,0x0861,0x0861,0x0861,0x0861,0x0841,0x0841,0x0861,0x0841,0x0841,0x0841,
  0x0841,0x0841,0x0041,0x0841,0x0841,0x0041,0x0041,0x0041,0x0041,0x0041,0x0041,0x0840,0x0840,0x0041,0x0041,0x0840,
  0x0840,0x0840,0x0820,0x0840,0x0000,0xB360,0xFCE0,0x0020,0x0020,0x0021,0x5B0C,0x532E,0x0840,0x0041,0x0841,0x0841,
  0x0841,0x0841,0x0841,0x0841,0x0841,0x0841,0x0841,0x0841,0x0841,0x0861,0x0841,0x0861,0x0861,0x0861,0x0841,0x0861,
  0x0841,0x0841,0x0861,0x0861,0x0841,0x0841,0x0841,0x0841,0x0861,0x0861,0x0841,0x0840,0x0840,0x0841,0x0840,0x0841,
  0x0840,0x0840,0x0840,0x0861,0x0861,0x0840,0x0861,0x0840,0x0840,0x0860,0x0861,0x0861,0x0861,0x0861,0x0861,0x0861,
  0x0861,0x0861,0x1061,0x0861,0x0861,0x1061,0x1061,0x0861,0x0861,0x0861,0x0861,0x0861,0x0861,0x1061,0x0861,0x0861,
  0x0860,0x0840,0x0840,0x0861,0x0861,0x0861,0x0840,0x0860,0x0861,0x0840,0x0840,0x0840,0x0840,0x0840,0x0840,0x0840,
  0x0840,0x0840,0x0840,0x0840,0x0840,0x0840,0x0840,0x0840,0x0840,0x0840,0x0840,0x0840,0x0000,0x49C3,0x5204,0x0000,
  0x0020,0xFCE0,0x9B00,0x0000,0x1060,0x0041,0x0041,0x0041,0x0041,0x0041,0x0041,0x0041,0x0041,0x0841,0x0041,0x0841,
  0x0841,0x0041,0x0841,0x0841,0x0841,0x0841,0x0841,0x0841,0x0841,0x0841,0x0041,0x0841,0x0841,0x0041,0x0041,0x0841,
  0x0841,0x0841,0x0841,0x0841,0x0841,0x0841,0x0841,0x0841,0x0841,0x0861,0x0841,0x0841,0x0841,0x0861,0x0861,0x0861,
  0x0861,0x0861,0x0861,0x0861,0x0861,0x0861,0x0841,0x0841,0x0841,0x0861,0x0841,0x0840,0x0861,0x0861,0x0861,0x0861,
  0x0861,0x0861,0x0841,0x0861,0x0861,0x0861,0x0861,0x0861,0x0861,0x0861,0x0861,0x0861,0x0861,0x0861,0x0861,0x1061,
  0x0861,0x0861,0x0861,0x0861,0x0861,0x0861,0x0861,0x0861,0x0861,0x0841,0x0861,0x0861,0x0861,0x0861,0x0861,0x0861,
  0x0861,0x0861,0x0861,0x0861,0x0861,0x0861,0x0861,0x0861,0x0861,0x0861,0x0861,0x0861,0x0861,0x0861,0x0861,0x0861,
  0x0861,0x0861,0x0861,0x0861,0x1061,0x1061,0x0861,0x1061,0x0861,0x0861,0x0861,0x0861,0x0861,0x0861,0x0861,0x0861,
  0x1061,0x1061,0x0861,0x0862,0x0862,0x0862,0x0862,0x0862,0x1061,0x0862,0x0862,0x0862,0x0862,0x0861,0x0862,0x0862,
  0x0861,0x0861,0x0861,0x0861,0x0861,0x0861,0x0861,0x0861,0x0861,0x0861,0x0861,0x0861,0x0861,0x0861,0x0861,0x0861,
  0x0861,0x0861,0x0861,0x0861,0x0861,0x0861,0x0861,0x0861,0x0861,0x0861,0x0862,0x0862,0x0861,0x0861,0x0861,0x0861,
  0x0861,0x0861,0x0861,0x0841,0x0861,0x0861,0x0861,0x0861,0x0861,0x0861,0x0861,0x0841,0x0841,0x0841,0x0841,0x0841,
  0x0041,0x0841,0x0041,0x0841,0x0041,0x0041,0x0041,0x0841,0x0041,0x0840,0x0840,0x0840,0x0041,0x0041,0x0041,0x0840,
  0x0840,0x0840,0x0820,0x0840,0x0000,0xB360,0xFCE0,0x0020,0x0020,0x0020,0x5B0D,0x532E,0x0840,0x0041,0x0841,0x0841,
  0x0841,0x0841,0x0841,0x0841,0x0841,0x0841,0x0841,0x0841,0x0841,0x0861,0x0841,0x0841,0x0841,0x0861,0x0841,0x0841,
  0x0861,0x0840,0x0840,0x0841,0x0841,0x0841,0x0840,0x0841,0x0840,0x0861,0x0861,0x0840,0x0840,0x0840,0x0841,0x0841,
  0x0840,0x0840,0x0840,0x0840,0x0861,0x0861,0x0861,0x0840,0x0840,0x0840,0x0840,0x0840,0x0861,0x0861,0x0861,0x0861,
  0x0861,0x0861,0x0861,0x0861,0x0861,0x0861,0x0861,0x0861,0x0861,0x0861,0x0861,0x0861,0x0861,0x0861,0x0840,0x0861,
  0x0860,0x0840,0x0840,0x0860,0x0860,0x0860,0x0840,0x0860,0x0840,0x0840,0x0861,0x0840,0x0840,0x0840,0x0840,0x0840,
  0x0840,0x0840,0x0840,0x0840,0x0840,0x0840,0x0840,0x0840,0x0840,0x0840,0x0840,0x0840,0x0000,0x29A8,0x29A8,0x0000,
  0x0000,0xFCE0,0x9B00,0x0000,0x1060,0x0841,0x0041,0x0840,0x0041,0x0041,0x0041,0x0841,0x0041,0x0041,0x0841,0x0841,
  0x0841,0x0841,0x0041,0x0841,0x0841,0x0841,0x0841,0x0841,0x0841,0x0841,0x0841,0x0041,0x0041,0x0841,0x0041,0x0041,
  0x0841,0x0841,0x0841,0x0840,0x0841,0x0841,0x0841,0x0841,0x0861,0x0861,0x0861,0x0861,0x0861,0x0841,0x0861,0x0861,
  0x0861,0x0861,0x0861,0x0861,0x0861,0x0861,0x0861,0x0861,0x0861,0x0861,0x0841,0x0841,0x0861,0x0861,0x0861,0x0841,
  0x0861,0x0861,0x0861,0x0861,0x0861,0x0861,0x0861,0x0861,0x0861,0x0861,0x0861,0x0861,0x0861,0x0861,0x0861,0x1061,
  0x1061,0x1061,0x0861,0x0861,0x0861,0x0861,0x0861,0x0861,0x0861,0x0861,0x0861,0x0861,0x0861,0x0861,0x0861,0x0861,
  0x0861,0x0861,0x0861,0x0861,0x0861,0x0861,0x0861,0x0861,0x0861,0x0861,0x0861,0x0861,0x0861,0x0861,0x0861,0x0861,
  0x0861,0x0861,0x0861,0x0861,0x0861,0x0861,0x0861,0x0861,0x1061,0x0861,0x0861,0x0861,0x0861,0x0861,0x0861,0x0861,
  0x1061,0x0861,0x0861,0x0862,0x0861,0x0862,0x1061,0x0861,0x0862,0x1061,0x0861,0x0862,0x0862,0x0862,0x0862,0x0862,
  0x0862,0x0862,0x0862,0x0861,0x0861,0x0861,0x0861,0x0861,0x0861,0x0861,0x0862,0x0861,0x0861,0x0861,0x0861,0x0861,
  0x0861,0x0861,0x0861,0x0861,0x0861,0x0861,0x0861,0x0861,0x0861,0x0861,0x0861,0x0862,0x0861,0x0861,0x0861,0x0861,
  0x0861,0x0861,0x0861,0x0861,0x0861,0x0861,0x0841,0x0861,0x0861,0x0861,0x0841,0x0841,0x0841,0x0840,0x0840,0x0841,
  0x0841,0x0841,0x0841,0x0841,0x0841,0x0041,0x0041,0x0041,0x0840,0x0840,0x0840,0x0840,0x0041,0x0041,0x0041,0x0840,
  0x0840,0x0820,0x0840,0x0840,0x0000,0xB360,0xFCE0,0x0020,0x0000,0x0020,0x5B0C,0x5B2E,0x0840,0x0041,0x0841,0x0841,
  0x0861,0x0841,0x0841,0x0841,0x0841,0x0841,0x0861,0x0841,0x0841,0x0841,0x0841,0x0861,0x0841,0x0841,0x0861,0x0841,
  0x0841,0x0841,0x0840,0x0841,0x0841,0x0841,0x0840,0x0841,0x0841,0x0840,0x0840,0x0840,0x0840,0x0840,0x0841,0x0841,
  0x0840,0x0840,0x0840,0x0840,0x0861,0x0861,0x0861,0x0861,0x0860,0x0840,0x0860,0x0861,0x0840,0x0861,0x0861,0x0861,
  0x0861,0x0861,0x0861,0x0861,0x0861,0x1061,0x0861,0x0861,0x0861,0x0840,0x0861,0x0840,0x0861,0x0861,0x0861,0x0840,
  0x0861,0x0861,0x0840,0x0840,0x0861,0x0840,0x0840,0x0840,0x0840,0x0840,0x0840,0x0840,0x0840,0x0840,0x0840,0x0840,
  0x0840,0x0840,0x0840,0x0840,0x0840,0x0840,0x0840,0x0840,0x0840,0x0840,0x0840,0x0840,0x0000,0x29A7,0x2987,0x0000,
  0x0020,0xFCE0,0x9AE0,0x0000,0x1060,0x0041,0x0041,0x0041,0x0841,0x0041,0x0841,0x0041,0x0041,0x0041,0x0841,0x0841,
  0x0841,0x0041,0x0041,0x0841,0x0841,0x0841,0x0841,0x0041,0x0841,0x0841,0x0841,0x0041,0x0041,0x0841,0x0041,0x0041,
  0x0841,0x0841,0x0841,0x0841,0x0841,0x0841,0x0841,0x0841,0x0840,0x0861,0x0861,0x0861,0x0841,0x0861,0x0861,0x0861,
  0x0861,0x0861,0x0841,0x0861,0x0841,0x0841,0x0861,0x0861,0x0861,0x0861,0x0841,0x0841,0x0861,0x0840,0x0841,0x0841,
  0x0841,0x0841,0x0861,0x0861,0x0861,0x0861,0x0861,0x0861,0x0861,0x0861,0x0861,0x0861,0x0861,0x0861,0x0861,0x0861,
  0x0861,0x0861,0x0861,0x0861,0x0861,0x0861,0x0861,0x0861,0x0861,0x0861,0x0861,0x0861,0x0861,0x0861,0x0861,0x0861,
  0x1061,0x0861,0x0861,0x0861,0x0861,0x0861,0x0861,0x0841,0x0861,0x0861,0x0861,0x0861,0x0861,0x0861,0x0861,0x0861,
  0x0861,0x0861,0x0861,0x0861,0x0861,0x0861,0x0861,0x0861,0x0861,0x0861,0x0861,0x0861,0x0861,0x1061,0x0861,0x1061,
  0x1061,0x0861,0x0861,0x0861,0x1061,0x0861,0x0862,0x1061,0x0861,0x0862,0x0862,0x0861,0x0861,0x0861,0x0861,0x0862,
  0x0862,0x0862,0x0861,0x0861,0x0861,0x0861,0x0861,0x0861,0x0861,0x0861,0x0861,0x0861,0x0861,0x0861,0x0841,0x0861,
  0x0861,0x0861,0x0861,0x0861,0x0861,0x0861,0x0861,0x0861,0x0861,0x0861,0x0861,0x0861,0x0861,0x0861,0x0861,0x0861,
  0x0861,0x0841,0x0861,0x0861,0x0841,0x0841,0x0840,0x0840,0x0841,0x0841,0x0840,0x0841,0x0841,0x0841,0x0841,0x0841,
  0x0841,0x0841,0x0041,0x0841,0x0841,0x0841,0x0041,0x0041,0x0041,0x0041,0x0840,0x0041,0x0041,0x0041,0x0840,0x0840,
  0x0840,0x0840,0x0840,0x0840,0x0000,0xB360,0xFCE0,0x0840,0x10A3,0x0020,0x630D,0x5B4F,0x0840,0x0041,0x0841,0x0841,
  0x0841,0x0841,0x0841,0x0841,0x0841,0x0841,0x0841,0x0861,0x0841,0x0841,0x0841,0x0841,0x0841,0x0841,0x0841,0x0841,
  0x0841,0x0841,0x0841,0x0841,0x0840,0x0840,0x0840,0x0840,0x0041,0x0840,0x0840,0x0840,0x0840,0x0840,0x0840,0x0840,
  0x0840,0x0840,0x0840,0x0840,0x0861,0x0861,0x0861,0x0860,0x0861,0x0861,0x0840,0x0861,0x0861,0x0861,0x0860,0x0861,
  0x0861,0x0861,0x0861,0x0861,0x0861,0x0860,0x0861,0x0861,0x0861,0x0861,0x0840,0x0861,0x0861,0x0861,0x0840,0x0861,
  0x0861,0x0861,0x0840,0x0840,0x0840,0x0840,0x0840,0x0840,0x0840,0x0840,0x0840,0x0840,0x0840,0x0840,0x0840,0x0840,
  0x0840,0x0840,0x0840,0x0840,0x0840,0x0840,0x0840,0x0840,0x0840,0x0840,0x0840,0x0840,0x0000,0x31A7,0x2987,0x0000,
  0x0020,0xFCE0,0x92E0,0x0000,0x1060,0x0041,0x0041,0x0041,0x0041,0x0041,0x0041,0x0041,0x0841,0x0841,0x0841,0x0841,
  0x0841,0x0841,0x0841,0x0841,0x0841,0x0841,0x0041,0x0041,0x0841,0x0041,0x0041,0x0041,0x0041,0x0041,0x0041,0x0041,
  0x0041,0x0841,0x0841,0x0841,0x0841,0x0841,0x0841,0x0841,0x0841,0x0841,0x0841,0x0861,0x0861,0x0861,0x0861,0x0861,
  0x0861,0x0861,0x0861,0x0861,0x0841,0x0861,0x0840,0x0861,0x0861,0x0861,0x0861,0x0861,0x0841,0x0840,0x0041,0x0840,
  0x0841,0x0841,0x0841,0x0841,0x0861,0x0861,0x0861,0x0861,0x0841,0x0861,0x0861,0x0861,0x0861,0x0861,0x0861,0x0861,
  0x0861,0x0861,0x0861,0x0861,0x0861,0x0861,0x0861,0x0861,0x0861,0x0861,0x0861,0x0861,0x0861,0x0861,0x1061,0x0861,
  0x0861,0x0861,0x0861,0x0861,0x0861,0x0861,0x0861,0x0861,0x0861,0x0861,0x0861,0x0861,0x0861,0x0861,0x0861,0x0861,
  0x0861,0x0861,0x0861,0x0861,0x0861,0x0861,0x0861,0x0861,0x0861,0x0861,0x0861,0x0861,0x0861,0x1061,0x0861,0x0861,
  0x0861,0x0861,0x0861,0x0861,0x0861,0x1061,0x1061,0x0862,0x0862,0x0861,0x0861,0x0861,0x0861,0x0861,0x0862,0x0862,
  0x0862,0x0861,0x0861,0x0861,0x0861,0x0861,0x0861,0x0861,0x0861,0x0861,0x0861,0x0861,0x0861,0x0861,0x0861,0x0861,
  0x0861,0x0841,0x0861,0x0861,0x0861,0x0861,0x0861,0x0861,0x0861,0x0861,0x0861,0x0861,0x0861,0x0861,0x0861,0x0861,
  0x0861,0x0861,0x0841,0x0841,0x0861,0x0861,0x0861,0x0841,0x0841,0x0841,0x0840,0x0841,0x0841,0x0841,0x0841,0x0841,
  0x0841,0x0841,0x0041,0x0841,0x0841,0x0041,0x0041,0x0041,0x0041,0x0041,0x0840,0x0840,0x0840,0x0041,0x0041,0x0840,
  0x0840,0x0840,0x0840,0x0840,0x0000,0xB360,0xFCE0,0x1082,0x2966,0x0820,0x634E,0x5370,0x0840,0x0041,0x0841,0x0841,
  0x0841,0x0841,0x0841,0x0841,0x0841,0x0841,0x0841,0x0861,0x0861,0x0841,0x0861,0x0841,0x0841,0x0841,0x0841,0x0841,
  0x0841,0x0841,0x0840,0x0840,0x0041,0x0840,0x0840,0x0041,0x0841,0x0840,0x0840,0x0840,0x0840,0x0840,0x0840,0x0840,
  0x0840,0x0840,0x0840,0x0840,0x0840,0x0840,0x0861,0x0861,0x0861,0x0840,0x0840,0x0840,0x0861,0x0861,0x0860,0x0840,
  0x0840,0x0840,0x0840,0x0840,0x0840,0x0861,0x0860,0x0861,0x0861,0x0861,0x0861,0x0861,0x0861,0x0861,0x0840,0x0861,
  0x0840,0x0861,0x0840,0x0840,0x0861,0x0861,0x0840,0x0840,0x0840,0x0840,0x0840,0x0840,0x0840,0x0840,0x0840,0x0840,
  0x0840,0x0840,0x0840,0x0840,0x0840,0x0840,0x0840,0x0840,0x0840,0x0840,0x0840,0x0840,0x0000,0x29A8,0x2187,0x0000,
  0x0020,0xFCE0,0x92E0,0x0000,0x1060,0x0840,0x0041,0x0840,0x0041,0x0041,0x0041,0x0041,0x0041,0x0841,0x0841,0x0841,
  0x0841,0x0841,0x0841,0x0841,0x0841,0x0041,0x0841,0x0041,0x0041,0x0841,0x0041,0x0041,0x0041,0x0041,0x0041,0x0041,
  0x0041,0x0840,0x0041,0x0840,0x0841,0x0841,0x0841,0x0841,0x0841,0x0841,0x0861,0x0861,0x0861,0x0861,0x0861,0x0861,
  0x0861,0x0861,0x0861,0x0841,0x0861,0x0840,0x0861,0x0861,0x0861,0x0861,0x0840,0x0840,0x0861,0x0841,0x0840,0x0840,
  0x0840,0x0841,0x0841,0x0841,0x0841,0x0861,0x0861,0x0861,0x0861,0x0861,0x0861,0x0861,0x0861,0x0861,0x0861,0x0861,
  0x0841,0x0841,0x0861,0x0841,0x0861,0x0861,0x0861,0x0861,0x0861,0x0861,0x0861,0x0861,0x0861,0x0861,0x0861,0x0861,
  0x0861,0x0861,0x0861,0x0861,0x0861,0x0861,0x0861,0x0861,0x0861,0x0861,0x0861,0x0861,0x0861,0x0861,0x0861,0x0861,
  0x0861,0x0861,0x0861,0x0861,0x0861,0x0861,0x0861,0x0861,0x0861,0x0861,0x0861,0x1061,0x0861,0x0861,0x0861,0x0861,
  0x0861,0x0861,0x0861,0x0861,0x0861,0x0861,0x0861,0x0861,0x1061,0x0861,0x0861,0x0861,0x0861,0x0862,0x0862,0x0861,
  0x1061,0x0861,0x0861,0x0861,0x0861,0x0861,0x0861,0x0861,0x0861,0x0861,0x0861,0x0861,0x0861,0x0861,0x0861,0x0861,
  0x0861,0x0861,0x0861,0x0861,0x0861,0x0861,0x0861,0x0861,0x0861,0x0861,0x0861,0x0861,0x0861,0x0861,0x0861,0x0861,
  0x0861,0x0861,0x0841,0x0841,0x0841,0x0841,0x0841,0x0861,0x0841,0x0841,0x0840,0x0841,0x0841,0x0840,0x0841,0x0841,
  0x0841,0x0841,0x0841,0x0841,0x0041,0x0041,0x0041,0x0041,0x0041,0x0840,0x0840,0x0041,0x0041,0x0041,0x0840,0x0840,
  0x0840,0x0840,0x0840,0x0840,0x0000,0xB360,0xFCE0,0x0860,0x18E5,0x0841,0x634E,0x5392,0x1060,0x0041,0x0841,0x0841,
  0x0841,0x0841,0x0861,0x0841,0x0841,0x0841,0x0841,0x0841,0x0841,0x0861,0x0861,0x0841,0x0840,0x0841,0x0841,0x0841,
  0x0041,0x0841,0x0840,0x0840,0x0840,0x0840,0x0840,0x0841,0x0840,0x0840,0x0841,0x0840,0x0840,0x0841,0x0840,0x0840,
  0x0840,0x0840,0x0840,0x0861,0x0840,0x0861,0x0861,0x0840,0x0861,0x0861,0x0840,0x0861,0x0840,0x0861,0x0860,0x0840,
  0x0840,0x0840,0x0840,0x0840,0x0840,0x0840,0x0840,0x0861,0x0861,0x0861,0x0861,0x0860,0x0861,0x0861,0x0840,0x0840,
  0x0840,0x0840,0x0861,0x0840,0x0840,0x0861,0x0840,0x0840,0x0840,0x0840,0x0840,0x0840,0x0840,0x0840,0x0840,0x0840,
  0x0840,0x0840,0x0840,0x0840,0x0840,0x0840,0x0840,0x0840,0x0840,0x0840,0x0840,0x0840,0x0000,0x29C8,0x2187,0x0000,
  0x0020,0xFCE0,0x92C0,0x0000,0x1060,0x0840,0x0041,0x0041,0x0041,0x0041,0x0041,0x0041,0x0841,0x0841,0x0041,0x0841,
  0x0841,0x0840,0x0841,0x0841,0x0841,0x0841,0x0841,0x0041,0x0041,0x0041,0x0041,0x0041,0x0041,0x0041,0x0041,0x0041,
  0x0041,0x0041,0x0041,0x0041,0x0841,0x0841,0x0841,0x0841,0x0841,0x0841,0x0841,0x0861,0x0861,0x0861,0x0861,0x0861,
  0x0861,0x0861,0x0861,0x0861,0x0861,0x0861,0x0841,0x0841,0x0861,0x0841,0x0841,0x0841,0x0841,0x0841,0x0840,0x0840,
  0x0840,0x0841,0x0840,0x0841,0x0841,0x0861,0x0861,0x0861,0x0861,0x0861,0x0861,0x0861,0x0861,0x0861,0x0861,0x0841,
  0x0861,0x0861,0x0861,0x0861,0x0861,0x0861,0x0861,0x0841,0x0861,0x0861,0x0861,0x0861,0x0861,0x0861,0x0861,0x0861,
  0x0861,0x0861,0x0861,0x0861,0x0861,0x0861,0x0861,0x0861,0x0861,0x0861,0x0861,0x0861,0x0861,0x0861,0x0861,0x0861,
  0x0861,0x0861,0x0861,0x0861,0x0861,0x0861,0x0861,0x0861,0x0861,0x0861,0x0861,0x0861,0x0861,0x0861,0x0861,0x0861,
  0x0861,0x0861,0x0861,0x0861,0x0861,0x0861,0x0861,0x0861,0x0862,0x0862,0x1061,0x0861,0x0861,0x0861,0x0862,0x0862,
  0x0861,0x0861,0x0861,0x0861,0x0861,0x0861,0x0861,0x0861,0x0861,0x0861,0x0861,0x0861,0x0861,0x0861,0x0841,0x0861,
  0x0861,0x0861,0x0861,0x0861,0x0861,0x0861,0x0861,0x0861,0x0861,0x0861,0x0861,0x0861,0x0861,0x0861,0x0861,0x0841,
  0x0861,0x0861,0x0841,0x0841,0x0861,0x0841,0x0841,0x0861,0x0841,0x0841,0x0041,0x0841,0x0041,0x0840,0x0840,0x0841,
  0x0041,0x0841,0x0041,0x0841,0x0841,0x0041,0x0041,0x0041,0x0041,0x0840,0x0840,0x0840,0x0041,0x0041,0x0041,0x0840,
  0x0840,0x0840,0x0840,0x0840,0x0000,0xB360,0xFCE0,0x0840,0x20E2,0x0861,0x634E,0x53B1,0x1060,0x0041,0x0841,0x0841,
  0x0841,0x0841,0x0841,0x0841,0x0840,0x0841,0x0841,0x0841,0x0841,0x0841,0x0840,0x0840,0x0841,0x0841,0x0841,0x0841,
  0x0841,0x0840,0x0841,0x0840,0x0840,0x0840,0x0041,0x0840,0x0841,0x0840,0x0840,0x0840,0x0840,0x0840,0x0841,0x0840,
  0x0041,0x0840,0x0861,0x0840,0x0840,0x0861,0x0861,0x0840,0x0861,0x0861,0x0860,0x0840,0x0840,0x0840,0x0840,0x0840,
  0x0840,0x0840,0x0840,0x0840,0x0840,0x0840,0x0860,0x0840,0x0861,0x0860,0x0840,0x0860,0x0861,0x0840,0x0840,0x0860,
  0x0860,0x0861,0x0840,0x0861,0x0861,0x0861,0x0860,0x0840,0x0840,0x0840,0x0840,0x0840,0x0840,0x0840,0x0840,0x0840,
  0x0840,0x0840,0x0840,0x0840,0x0840,0x0840,0x0840,0x0840,0x0840,0x0840,0x0840,0x0840,0x0000,0x29C8,0x2187,0x0000,
  0x0020,0xFCE0,0x92E0,0x0000,0x0860,0x0840,0x0041,0x0041,0x0041,0x0041,0x0041,0x0041,0x0041,0x0841,0x0041,0x0041,
  0x0041,0x0841,0x0841,0x0841,0x0841,0x0841,0x0841,0x0041,0x0041,0x0841,0x0041,0x0841,0x0041,0x0041,0x0041,0x0041,
  0x0041,0x0841,0x0840,0x0841,0x0841,0x0861,0x0841,0x0841,0x0841,0x0841,0x0841,0x0841,0x0861,0x0841,0x0861,0x0861,
  0x0861,0x0861,0x0861,0x0861,0x0840,0x0861,0x0841,0x0861,0x0861,0x0861,0x0861,0x0861,0x0840,0x0840,0x0840,0x0840,
  0x0840,0x0840,0x0841,0x0841,0x0841,0x0841,0x0841,0x0861,0x0861,0x0861,0x0861,0x0861,0x0861,0x0861,0x0861,0x0861,
  0x0861,0x0861,0x0841,0x0861,0x0861,0x0861,0x0841,0x0841,0x0861,0x0861,0x0861,0x0861,0x0861,0x0861,0x0861,0x0861,
  0x0861,0x0861,0x0861,0x0861,0x0861,0x0861,0x0861,0x0861,0x0861,0x0861,0x0861,0x0861,0x0861,0x0861,0x0861,0x0861,
  0x0861,0x0861,0x0861,0x0841,0x0861,0x0861,0x1061,0x0861,0x0861,0x0861,0x0861,0x0861,0x0861,0x1061,0x0861,0x0861,
  0x0861,0x0861,0x0861,0x0861,0x0861,0x0861,0x0861,0x1061,0x0861,0x0861,0x0861,0x0861,0x0861,0x0861,0x0861,0x0861,
  0x0861,0x0862,0x0861,0x0861,0x0861,0x0861,0x0861,0x0861,0x0861,0x0861,0x0861,0x0861,0x0861,0x0861,0x0861,0x0861,
  0x0861,0x0861,0x0861,0x0861,0x0861,0x0861,0x0861,0x0861,0x0861,0x0861,0x0861,0x0861,0x0861,0x0861,0x0861,0x0861,
  0x0861,0x0861,0x0861,0x0861,0x0861,0x0861,0x0841,0x0841,0x0041,0x0841,0x0841,0x0840,0x0041,0x0841,0x0041,0x0041,
  0x0041,0x0041,0x0041,0x0041,0x0041,0x0041,0x0041,0x0041,0x0041,0x0840,0x0041,0x0041,0x0840,0x0041,0x0840,0x0840,
  0x0840,0x0840,0x0820,0x0840,0x0000,0xBB80,0xFCE0,0x0820,0x1081,0x0841,0x634E,0x5BB1,0x1060,0x0041,0x0841,0x0041,
  0x0841,0x0841,0x0041,0x0841,0x0841,0x0841,0x0841,0x0841,0x0841,0x0841,0x0841,0x0840,0x0841,0x0841,0x0841,0x0840,
  0x0841,0x0841,0x0041,0x0041,0x0840,0x0840,0x0840,0x0840,0x0841,0x0840,0x0041,0x0840,0x0840,0x0840,0x0840,0x0840,
  0x0840,0x0840,0x0841,0x0840,0x0840,0x0861,0x0840,0x0861,0x0861,0x0840,0x0840,0x0840,0x0840,0x0840,0x0840,0x0840,
  0x0840,0x0840,0x0840,0x0840,0x0840,0x0840,0x0840,0x0840,0x0840,0x0860,0x0860,0x0840,0x0861,0x0860,0x0860,0x0840,
  0x0861,0x0860,0x0861,0x0861,0x0840,0x0840,0x0840,0x0840,0x0840,0x0840,0x0840,0x0840,0x0840,0x0840,0x0041,0x0840,
  0x0840,0x0840,0x0840,0x0840,0x0840,0x0840,0x0840,0x0840,0x0840,0x0840,0x0840,0x0840,0x0000,0x31E9,0x2168,0x0000,
  0x0000,0xFCE0,0x92E0,0x0000,0x0860,0x0041,0x0840,0x0041,0x0041,0x0041,0x0041,0x0041,0x0041,0x0041,0x0041,0x0041,
  0x0041,0x0841,0x0841,0x0841,0x0840,0x0041,0x0041,0x0041,0x0041,0x0041,0x0041,0x0041,0x0041,0x0041,0x0041,0x0041,
  0x0841,0x0841,0x0841,0x0841,0x0841,0x0841,0x0841,0x0041,0x0841,0x0841,0x0841,0x0841,0x0841,0x0861,0x0861,0x0861,
  0x0861,0x0841,0x0861,0x0841,0x0841,0x0841,0x0841,0x0861,0x0861,0x0861,0x0861,0x0861,0x0841,0x0841,0x0861,0x0841,
  0x0841,0x0841,0x0841,0x0841,0x0841,0x0841,0x0841,0x0861,0x0861,0x0861,0x0861,0x0861,0x0861,0x0861,0x0841,0x0861,
  0x0861,0x0841,0x0861,0x0861,0x0861,0x0841,0x0861,0x0861,0x0861,0x0861,0x0861,0x0861,0x0861,0x0861,0x0861,0x0861,
  0x0861,0x0861,0x0861,0x0861,0x0861,0x0861,0x0861,0x0861,0x0861,0x0861,0x0861,0x0861,0x0861,0x0861,0x0861,0x0861,
  0x0861,0x0861,0x0861,0x0861,0x0861,0x0861,0x0861,0x0861,0x0841,0x0861,0x1061,0x1061,0x0861,0x0861,0x0861,0x0861,
  0x0861,0x0861,0x0861,0x0861,0x0861,0x0861,0x0861,0x0861,0x0861,0x0861,0x0861,0x0861,0x0861,0x0861,0x0861,0x0861,
  0x0861,0x0862,0x0861,0x0861,0x0861,0x0861,0x0861,0x0861,0x0861,0x0861,0x0861,0x0861,0x0861,0x0861,0x0861,0x0861,
  0x0861,0x0861,0x0861,0x0861,0x0861,0x0861,0x0861,0x0861,0x0861,0x0861,0x0861,0x0861,0x0861,0x0861,0x0861,0x0861,
  0x0861,0x0861,0x0841,0x0861,0x0861,0x0861,0x0841,0x0841,0x0841,0x0840,0x0840,0x0841,0x0841,0x0041,0x0041,0x0041,
  0x0041,0x0041,0x0041,0x0041,0x0041,0x0041,0x0041,0x0041,0x0840,0x0840,0x0840,0x0840,0x0840,0x0840,0x0840,0x0840,
  0x0840,0x0840,0x0840,0x0840,0x0000,0xBB80,0xFCE0,0x0000,0x0000,0x0841,0x6B6E,0x5BF2,0x0840,0x0041,0x0841,0x0841,
  0x0841,0x0841,0x0841,0x0841,0x0841,0x0841,0x0841,0x0841,0x0841,0x0041,0x0840,0x0840,0x0840,0x0841,0x0840,0x0840,
  0x0841,0x0840,0x0041,0x0041,0x0841,0x0041,0x0840,0x0840,0x0841,0x0841,0x0840,0x0840,0x0840,0x0840,0x0840,0x0840,
  0x0840,0x0840,0x0840,0x0840,0x0840,0x0841,0x0840,0x0840,0x0840,0x0840,0x0840,0x0840,0x0840,0x0840,0x0840,0x0840,
  0x0840,0x0840,0x0840,0x0840,0x0840,0x0840,0x0840,0x0840,0x0840,0x0840,0x0840,0x0860,0x0861,0x0861,0x0861,0x0840,
  0x0861,0x0861,0x0861,0x0861,0x0860,0x0840,0x0840,0x0840,0x0840,0x0840,0x0840,0x0840,0x0840,0x0840,0x0840,0x0840,
  0x0840,0x0840,0x0840,0x0840,0x0840,0x0840,0x0840,0x0840,0x0840,0x0840,0x0840,0x0840,0x0000,0x3209,0x2167,0x0000,
  0x0000,0xFCE0,0x9AE0,0x0000,0x0860,0x0041,0x0840,0x0840,0x0041,0x0041,0x0041,0x0041,0x0041,0x0041,0x0041,0x0041,
  0x0041,0x0841,0x0841,0x0841,0x0841,0x0841,0x0840,0x0841,0x0041,0x0041,0x0041,0x0841,0x0841,0x0041,0x0041,0x0841,
  0x0840,0x0841,0x0841,0x0841,0x0841,0x0041,0x0841,0x0841,0x0841,0x0841,0x0841,0x0841,0x0841,0x0841,0x0861,0x0861,
  0x0861,0x0861,0x0861,0x0841,0x0841,0x0841,0x0841,0x0861,0x0841,0x0841,0x0861,0x0861,0x0861,0x0841,0x0861,0x0840,
  0x0840,0x0840,0x0841,0x0841,0x0841,0x0841,0x0861,0x0841,0x0841,0x0861,0x0861,0x0861,0x0861,0x0861,0x0861,0x0841,
  0x0861,0x0861,0x0861,0x0861,0x0861,0x0861,0x0861,0x0861,0x0861,0x0861,0x0861,0x0861,0x0861,0x0861,0x0861,0x0861,
  0x0861,0x0861,0x0861,0x0861,0x0861,0x0861,0x0861,0x0841,0x0861,0x0861,0x0861,0x0862,0x0861,0x0861,0x0861,0x0861,
  0x0861,0x0861,0x0861,0x0861,0x0861,0x0861,0x0861,0x0861,0x0861,0x0861,0x0861,0x0861,0x0861,0x0861,0x0861,0x0861,
  0x0861,0x0861,0x0861,0x0841,0x0861,0x0861,0x0841,0x0861,0x0861,0x0861,0x0861,0x0861,0x0861,0x0861,0x0861,0x0861,
  0x0861,0x0862,0x0861,0x0861,0x0861,0x0861,0x0861,0x0861,0x0861,0x0861,0x0861,0x0861,0x0861,0x0861,0x0861,0x0861,
  0x0861,0x0861,0x0841,0x0861,0x0861,0x0861,0x0861,0x0861,0x0861,0x0861,0x0861,0x0861,0x0861,0x0861,0x0861,0x0861,
  0x0861,0x0841,0x0841,0x0861,0x0861,0x0841,0x0841,0x0841,0x0841,0x0840,0x0841,0x0841,0x0841,0x0041,0x0041,0x0041,
  0x0041,0x0041,0x0041,0x0041,0x0041,0x0041,0x0041,0x0041,0x0840,0x0840,0x0840,0x0840,0x0840,0x0041,0x0840,0x0840,
  0x0840,0x0840,0x0820,0x0840,0x0000,0xBB80,0xFCE0,0x0020,0x0000,0x0841,0x73AF,0x6412,0x0840,0x0021,0x0841,0x0841,
  0x0840,0x0841,0x0841,0x0041,0x0841,0x0841,0x0041,0x0841,0x0841,0x0841,0x0841,0x0840,0x0840,0x0041,0x0041,0x0841,
  0x0840,0x0840,0x0840,0x0840,0x0041,0x0840,0x0840,0x0841,0x0841,0x0041,0x0041,0x0041,0x0840,0x0841,0x0840,0x0840,
  0x0861,0x0840,0x0840,0x0861,0x0840,0x0840,0x0840,0x0840,0x0840,0x0840,0x0840,0x0840,0x0840,0x0840,0x0840,0x0840,
  0x0840,0x0840,0x0840,0x0840,0x0840,0x0840,0x0840,0x0840,0x0840,0x0840,0x0840,0x0840,0x0861,0x0861,0x0861,0x0840,
  0x0860,0x0861,0x0861,0x0860,0x0840,0x0840,0x0840,0x0840,0x0840,0x0840,0x0840,0x0840,0x0840,0x0840,0x0840,0x0840,
  0x0840,0x0840,0x0840,0x0840,0x0840,0x0840,0x0840,0x0840,0x0840,0x0840,0x0840,0x0840,0x0000,0x3A09,0x2167,0x0000,
  0x0000,0xFCE0,0x9AE0,0x0000,0x0860,0x0840,0x0840,0x0840,0x0041,0x0041,0x0041,0x0041,0x0041,0x0041,0x0041,0x0041,
  0x0041,0x0041,0x0041,0x0841,0x0041,0x0041,0x0840,0x0041,0x0841,0x0041,0x0041,0x0041,0x0041,0x0041,0x0041,0x0041,
  0x0041,0x0841,0x0841,0x0841,0x0841,0x0841,0x0841,0x0041,0x0841,0x0841,0x0841,0x0840,0x0841,0x0841,0x0841,0x0861,
  0x0861,0x0861,0x0841,0x0861,0x0861,0x0841,0x0840,0x0841,0x0861,0x0861,0x0861,0x0861,0x0861,0x0861,0x0861,0x0841,
  0x0840,0x0841,0x0841,0x0841,0x0840,0x0841,0x0841,0x0861,0x0841,0x0841,0x0861,0x0861,0x0861,0x0861,0x0861,0x0861,
  0x0861,0x0841,0x0861,0x0861,0x0841,0x0861,0x0841,0x0861,0x0861,0x0861,0x0861,0x0861,0x0861,0x0861,0x0861,0x0861,
  0x0861,0x0861,0x0861,0x0861,0x0861,0x0861,0x0861,0x0861,0x0861,0x0861,0x0861,0x0861,0x0861,0x0861,0x0861,0x0861,
  0x0861,0x0861,0x0861,0x0861,0x0861,0x0861,0x0861,0x0861,0x0861,0x0861,0x0861,0x0861,0x0861,0x0861,0x0861,0x0861,
  0x0861,0x0841,0x0861,0x0861,0x0861,0x0841,0x0841,0x0861,0x0861,0x0861,0x0861,0x0861,0x0861,0x0861,0x0861,0x0861,
  0x0861,0x0861,0x0861,0x0861,0x0861,0x1061,0x0861,0x0861,0x0861,0x0861,0x0861,0x0861,0x0861,0x0861,0x0861,0x0861,
  0x0861,0x0861,0x0861,0x0861,0x0861,0x0861,0x0861,0x0861,0x0861,0x0861,0x0861,0x0861,0x0861,0x1061,0x0861,0x0841,
  0x0861,0x0861,0x0861,0x0861,0x0861,0x0861,0x0841,0x0841,0x0861,0x0841,0x0841,0x0841,0x0041,0x0041,0x0041,0x0041,
  0x0041,0x0041,0x0041,0x0041,0x0041,0x0041,0x0041,0x0840,0x0041,0x0840,0x0840,0x0840,0x0840,0x0840,0x0840,0x0840,
  0x0840,0x0840,0x0840,0x0840,0x0000,0xB360,0xFCE0,0x0862,0x1904,0x0021,0x73AF,0x6C12,0x0840,0x0041,0x0841,0x0041,
  0x0041,0x0041,0x0841,0x0841,0x0841,0x0841,0x0841,0x0841,0x0841,0x0841,0x0841,0x0041,0x0840,0x0840,0x0840,0x0840,
  0x0840,0x0840,0x0840,0x0841,0x0841,0x0840,0x0861,0x0840,0x0840,0x0041,0x0041,0x0041,0x0840,0x0840,0x0840,0x0840,
  0x0840,0x0840,0x0840,0x0840,0x0840,0x0840,0x0840,0x0840,0x0840,0x0840,0x0840,0x0840,0x0840,0x0840,0x0840,0x0840,
  0x0840,0x0840,0x0840,0x0840,0x0840,0x0840,0x0840,0x0840,0x0861,0x0840,0x0840,0x0840,0x0860,0x0861,0x0840,0x0840,
  0x0840,0x0840,0x0861,0x0840,0x0840,0x0840,0x0840,0x0840,0x0840,0x0840,0x0840,0x0840,0x0840,0x0840,0x0840,0x0840,
  0x0840,0x0840,0x0840,0x0840,0x0840,0x0840,0x0840,0x0840,0x0840,0x0840,0x0820,0x0840,0x0000,0x3A29,0x2166,0x0000,
  0x0000,0xFCE0,0x92E0,0x0000,0x0860,0x0840,0x0840,0x0041,0x0041,0x0041,0x0041,0x0041,0x0840,0x0041,0x0841,0x0841,
  0x0841,0x0841,0x0041,0x0841,0x0841,0x0041,0x0841,0x0841,0x0041,0x0841,0x0041,0x0041,0x0841,0x0041,0x0041,0x0041,
  0x0041,0x0041,0x0841,0x0841,0x0840,0x0841,0x0041,0x0841,0x0841,0x0041,0x0841,0x0841,0x0841,0x0841,0x0841,0x0841,
  0x0861,0x0861,0x0841,0x0841,0x0861,0x0840,0x0841,0x0840,0x0841,0x0861,0x0841,0x0861,0x0861,0x0861,0x0861,0x0841,
  0x0841,0x0861,0x0841,0x0840,0x0841,0x0841,0x0841,0x0841,0x0841,0x0841,0x0841,0x0861,0x0861,0x0861,0x0861,0x0861,
  0x0841,0x0861,0x0861,0x0841,0x0861,0x0841,0x0841,0x0841,0x0861,0x0861,0x0861,0x0861,0x0861,0x0861,0x0861,0x0861,
  0x0861,0x0861,0x0861,0x0861,0x0861,0x0861,0x0861,0x0861,0x0861,0x0861,0x0861,0x0861,0x0861,0x0861,0x0861,0x0861,
  0x0861,0x0861,0x0862,0x0861,0x0861,0x0861,0x0861,0x0861,0x0861,0x0861,0x0861,0x0861,0x0861,0x0861,0x0861,0x0861,
  0x0861,0x0861,0x0861,0x0861,0x0861,0x0861,0x0841,0x0861,0x0861,0x0861,0x0861,0x0861,0x0841,0x0861,0x0861,0x0861,
  0x0861,0x0861,0x0861,0x0861,0x0861,0x0861,0x0861,0x0861,0x0861,0x0861,0x0861,0x0861,0x0861,0x0861,0x0861,0x0861,
  0x0862,0x1061,0x0861,0x0861,0x0861,0x0861,0x0861,0x0861,0x0861,0x0861,0x0861,0x0861,0x0861,0x0861,0x0861,0x0861,
  0x0841,0x0861,0x0861,0x0861,0x0861,0x0841,0x0861,0x0841,0x0841,0x0841,0x0861,0x0841,0x0841,0x0841,0x0041,0x0041,
  0x0841,0x0041,0x0041,0x0041,0x0041,0x0041,0x0041,0x0041,0x0041,0x0840,0x0840,0x0840,0x0041,0x0840,0x0840,0x0840,
  0x0840,0x0840,0x0820,0x0840,0x0000,0xB360,0xFCE0,0x10A3,0x3A09,0x0820,0x73AF,0x6BF1,0x0840,0x0041,0x0041,0x0041,
  0x0041,0x0841,0x0841,0x0041,0x0041,0x0841,0x0841,0x0841,0x0840,0x0840,0x0841,0x0841,0x0841,0x0041,0x0840,0x0840,
  0x0841,0x0841,0x0841,0x0841,0x0841,0x0841,0x0841,0x0841,0x0841,0x0041,0x0041,0x0041,0x0041,0x0840,0x0840,0x0041,
  0x0840,0x0841,0x0840,0x0840,0x0840,0x0840,0x0840,0x0840,0x0840,0x0840,0x0840,0x0840,0x0840,0x0840,0x0840,0x0840,
  0x0840,0x0840,0x0840,0x0840,0x0840,0x0840,0x0840,0x0840,0x0840,0x0840,0x0840,0x0861,0x0840,0x0840,0x0860,0x0840,
  0x0840,0x0840,0x0840,0x0840,0x0840,0x0840,0x0840,0x0840,0x0840,0x0840,0x0840,0x0840,0x0840,0x0840,0x0840,0x0840,
  0x0840,0x0840,0x0840,0x0840,0x0840,0x0840,0x0840,0x0840,0x0840,0x0840,0x0840,0x0840,0x0000,0x4229,0x2125,0x0000,
  0x0020,0xFCE0,0x92C0,0x0000,0x1060,0x0840,0x0840,0x0041,0x0041,0x0041,0x0041,0x0041,0x0041,0x0041,0x0041,0x0041,
  0x0841,0x0841,0x0841,0x0841,0x0841,0x0041,0x0841,0x0841,0x0841,0x0041,0x0841,0x0841,0x0841,0x0841,0x0041,0x0041,
  0x0041,0x0041,0x0841,0x0041,0x0041,0x0840,0x0041,0x0041,0x0840,0x0041,0x0841,0x0841,0x0841,0x0841,0x0841,0x0841,
  0x0841,0x0861,0x0861,0x0841,0x0841,0x0841,0x0841,0x0840,0x0841,0x0861,0x0861,0x0841,0x0861,0x0861,0x0861,0x0841,
  0x0861,0x0841,0x0861,0x0841,0x0841,0x0841,0x0841,0x0841,0x0841,0x0861,0x0861,0x0861,0x0841,0x0861,0x0841,0x0841,
  0x0841,0x0841,0x0861,0x0841,0x0841,0x0841,0x0841,0x0861,0x0861,0x0861,0x0861,0x0861,0x0861,0x0861,0x0861,0x0861,
  0x0861,0x0861,0x0861,0x0861,0x0861,0x0861,0x0861,0x0861,0x1061,0x0861,0x0861,0x0861,0x0861,0x1061,0x0861,0x0861,
  0x0861,0x0861,0x0861,0x0861,0x0861,0x0861,0x0862,0x0861,0x0861,0x0861,0x0861,0x0861,0x0861,0x0861,0x0861,0x0861,
  0x0861,0x0861,0x0861,0x0861,0x0861,0x0841,0x0841,0x0841,0x0861,0x0841,0x0861,0x0861,0x0861,0x0861,0x0861,0x0841,
  0x0841,0x0861,0x0861,0x0861,0x0861,0x0861,0x0861,0x0861,0x0861,0x0861,0x0861,0x0841,0x0861,0x0861,0x0861,0x0861,
  0x1061,0x0861,0x0861,0x0861,0x0861,0x0861,0x0861,0x0861,0x0861,0x0861,0x0861,0x0861,0x0861,0x0861,0x0861,0x0861,
  0x0861,0x0861,0x0861,0x0861,0x0841,0x0861,0x0841,0x0841,0x0861,0x0841,0x0840,0x0841,0x0841,0x0041,0x0041,0x0841,
  0x0041,0x0041,0x0041,0x0041,0x0041,0x0041,0x0041,0x0041,0x0840,0x0840,0x0840,0x0840,0x0041,0x0840,0x0840,0x0840,
  0x0840,0x0840,0x0820,0x0840,0x0000,0xB360,0xFCE0,0x0862,0x2967,0x0841,0x7BF0,0x6C12,0x0840,0x0840,0x0041,0x0041,
  0x0041,0x0041,0x0841,0x0041,0x0841,0x0841,0x0841,0x0841,0x0841,0x0841,0x0841,0x0841,0x0841,0x0041,0x0041,0x0841,
  0x0841,0x0041,0x0841,0x0840,0x0840,0x0841,0x0841,0x0840,0x0841,0x0840,0x0041,0x0041,0x0041,0x0840,0x0840,0x0840,
  0x0840,0x0840,0x0840,0x0840,0x0840,0x0840,0x0840,0x0840,0x0840,0x0840,0x0840,0x0840,0x0840,0x0840,0x0840,0x0840,
  0x0840,0x0840,0x0840,0x0840,0x0840,0x0840,0x0840,0x0840,0x0840,0x0840,0x0840,0x0840,0x0840,0x0840,0x0840,0x0840,
  0x0840,0x0840,0x0840,0x0840,0x0840,0x0840,0x0841,0x0840,0x0840,0x0840,0x0840,0x0840,0x0840,0x0840,0x0840,0x0840,
  0x0840,0x0840,0x0840,0x0840,0x0840,0x0840,0x0840,0x0840,0x0840,0x0840,0x0840,0x0840,0x0000,0x4249,0x2125,0x0000,
  0x0000,0xFCE0,0x92E0,0x0000,0x1060,0x0840,0x0041,0x0840,0x0041,0x0041,0x0041,0x0041,0x0041,0x0041,0x0041,0x0041,
  0x0841,0x0841,0x0841,0x0841,0x0841,0x0041,0x0841,0x0841,0x0041,0x0841,0x0841,0x0041,0x0840,0x0041,0x0841,0x0041,
  0x0841,0x0841,0x0840,0x0041,0x0041,0x0041,0x0041,0x0041,0x0041,0x0041,0x0841,0x0840,0x0841,0x0840,0x0841,0x0841,
  0x0840,0x0841,0x0841,0x0841,0x0841,0x0841,0x0840,0x0840,0x0861,0x0841,0x0861,0x0861,0x0861,0x0861,0x0841,0x0861,
  0x0861,0x0840,0x0841,0x0841,0x0840,0x0841,0x0841,0x0840,0x0841,0x0841,0x0861,0x0861,0x0841,0x0841,0x0841,0x0841,
  0x0840,0x0841,0x0841,0x0841,0x0841,0x0841,0x0840,0x0841,0x0841,0x0861,0x0861,0x0861,0x0861,0x0861,0x0861,0x0861,
  0x0861,0x0861,0x0861,0x0861,0x0861,0x0861,0x0861,0x0861,0x1061,0x0861,0x0861,0x0861,0x0861,0x0861,0x0861,0x0861,
  0x0861,0x0861,0x0861,0x0861,0x0861,0x1061,0x0861,0x0861,0x0861,0x0861,0x0861,0x0861,0x0861,0x0861,0x0861,0x0861,
  0x0861,0x0861,0x0861,0x0861,0x0861,0x0841,0x0861,0x0841,0x0861,0x0861,0x0861,0x0861,0x0861,0x0861,0x0841,0x0861,
  0x0861,0x0861,0x0861,0x0861,0x0861,0x0861,0x0861,0x0861,0x0861,0x0841,0x0861,0x0861,0x0841,0x0861,0x0861,0x0861,
  0x0861,0x0861,0x1061,0x0861,0x0861,0x0861,0x0861,0x0861,0x0861,0x0861,0x0861,0x0861,0x0861,0x0861,0x0861,0x0861,
  0x0861,0x0861,0x0861,0x0841,0x0841,0x0841,0x0861,0x0861,0x0841,0x0841,0x0841,0x0841,0x0840,0x0041,0x0041,0x0041,
  0x0041,0x0041,0x0041,0x0041,0x0840,0x0041,0x0041,0x0840,0x0840,0x0041,0x0041,0x0840,0x0041,0x0840,0x0041,0x0840,
  0x0840,0x0840,0x0820,0x0840,0x0000,0xB360,0xFCE0,0x0820,0x18A1,0x0841,0x73D0,0x7411,0x0041,0x0840,0x0041,0x0041,
  0x0041,0x0041,0x0041,0x0041,0x0841,0x0041,0x0841,0x0841,0x0841,0x0841,0x0861,0x0841,0x0840,0x0840,0x0041,0x0840,
  0x0841,0x0841,0x0041,0x0841,0x0841,0x0840,0x0841,0x0840,0x0841,0x0840,0x0041,0x0840,0x0840,0x0041,0x0041,0x0041,
  0x0041,0x0840,0x0840,0x0041,0x0840,0x0840,0x0840,0x0840,0x0840,0x0041,0x0840,0x0840,0x0840,0x0840,0x0840,0x0840,
  0x0840,0x0840,0x0840,0x0840,0x0840,0x0840,0x0840,0x0861,0x0840,0x0840,0x0840,0x0840,0x0840,0x0840,0x0840,0x0840,
  0x0860,0x0840,0x0840,0x0840,0x0840,0x0840,0x0840,0x0840,0x0840,0x0840,0x0840,0x0840,0x0840,0x0840,0x0840,0x0840,
  0x0840,0x0840,0x0840,0x0840,0x0840,0x0840,0x0840,0x0840,0x0840,0x0840,0x0840,0x0840,0x0000,0x4A69,0x2125,0x0000,
  0x0000,0xFCE0,0x9AE0,0x0000,0x1060,0x0840,0x0840,0x0041,0x0041,0x0840,0x0041,0x0041,0x0041,0x0041,0x0041,0x0041,
  0x0041,0x0041,0x0041,0x0841,0x0041,0x0841,0x0841,0x0041,0x0841,0x0841,0x0041,0x0841,0x0840,0x0041,0x0041,0x0041,
  0x0841,0x0841,0x0041,0x0041,0x0841,0x0041,0x0041,0x0041,0x0041,0x0041,0x0041,0x0841,0x0841,0x0841,0x0841,0x0841,
  0x0840,0x0841,0x0841,0x0840,0x0840,0x0840,0x0841,0x0841,0x0861,0x0861,0x0861,0x0861,0x0861,0x0841,0x0861,0x0861,
  0x0861,0x0841,0x0841,0x0861,0x0840,0x0841,0x0840,0x0840,0x0840,0x0841,0x0841,0x0861,0x0841,0x0841,0x0840,0x0840,
  0x0840,0x0840,0x0041,0x0840,0x0841,0x0841,0x0861,0x0840,0x0841,0x0841,0x0861,0x0861,0x0861,0x0861,0x0861,0x0861,
  0x0861,0x0861,0x0861,0x0841,0x0861,0x0841,0x0861,0x0861,0x0861,0x0861,0x0861,0x0861,0x0861,0x0861,0x0861,0x0861,
  0x0861,0x0861,0x0861,0x1061,0x1061,0x0861,0x0861,0x0861,0x0861,0x0861,0x0861,0x0861,0x0861,0x0861,0x0861,0x0861,
  0x0861,0x1061,0x0861,0x0861,0x0861,0x0861,0x0861,0x0861,0x0861,0x0861,0x0861,0x0861,0x0861,0x0841,0x0841,0x0861,
  0x0861,0x0861,0x0861,0x0861,0x0861,0x0861,0x0861,0x0861,0x0861,0x0861,0x0841,0x0841,0x0861,0x0861,0x0861,0x0861,
  0x0861,0x0861,0x0861,0x0861,0x0861,0x0861,0x0861,0x0861,0x0861,0x0861,0x0861,0x0861,0x0861,0x0861,0x0861,0x0861,
  0x0861,0x0841,0x0861,0x0861,0x0861,0x0841,0x0861,0x0861,0x0841,0x0841,0x0841,0x0041,0x0041,0x0841,0x0041,0x0041,
  0x0840,0x0041,0x0041,0x0841,0x0841,0x0041,0x0041,0x0041,0x0041,0x0041,0x0840,0x0840,0x0041,0x0840,0x0840,0x0840,
  0x0840,0x0840,0x0820,0x0840,0x0000,0xB360,0xFCE0,0x0820,0x18A1,0x0041,0x6BAF,0x73F1,0x0041,0x0820,0x0041,0x0041,
  0x0041,0x0041,0x0841,0x0041,0x0041,0x0041,0x0041,0x0841,0x0841,0x0841,0x0841,0x0841,0x0840,0x0041,0x0041,0x0840,
  0x0041,0x0041,0x0841,0x0841,0x0840,0x0840,0x0841,0x0841,0x0041,0x0041,0x0041,0x0041,0x0041,0x0041,0x0041,0x0840,
  0x0041,0x0041,0x0840,0x0041,0x0041,0x0840,0x0840,0x0840,0x0840,0x0840,0x0041,0x0840,0x0840,0x0840,0x0840,0x0840,
  0x0840,0x0840,0x0840,0x0840,0x0840,0x0840,0x0840,0x0840,0x0840,0x0840,0x0840,0x0840,0x0840,0x0840,0x0840,0x0840,
  0x0840,0x0840,0x0840,0x0840,0x0840,0x0840,0x0840,0x0840,0x0840,0x0840,0x0840,0x0840,0x0840,0x0840,0x0840,0x0840,
  0x0840,0x0840,0x0840,0x0840,0x0840,0x0840,0x0840,0x0840,0x0840,0x0840,0x0820,0x0840,0x0000,0x4A6A,0x2125,0x0000,
  0x0000,0xFCE0,0x9AE0,0x0000,0x1060,0x0840,0x0041,0x0041,0x0840,0x0840,0x0041,0x0840,0x0041,0x0041,0x0041,0x0041,
  0x0041,0x0041,0x0041,0x0041,0x0041,0x0041,0x0041,0x0041,0x0041,0x0041,0x0041,0x0041,0x0041,0x0041,0x0041,0x0041,
  0x0841,0x0041,0x0041,0x0041,0x0041,0x0841,0x0041,0x0841,0x0041,0x0041,0x0841,0x0841,0x0840,0x0841,0x0861,0x0041,
  0x0841,0x0841,0x0840,0x0841,0x0841,0x0840,0x0841,0x0840,0x0840,0x0861,0x0861,0x0861,0x0841,0x0841,0x0861,0x0840,
  0x0841,0x0841,0x0840,0x0840,0x0041,0x0840,0x0840,0x0840,0x0841,0x0841,0x0841,0x0841,0x0861,0x0840,0x0041,0x0840,
  0x0841,0x0841,0x0840,0x0840,0x0041,0x0840,0x0841,0x0841,0x0861,0x0861,0x0861,0x0861,0x0861,0x0861,0x0861,0x0861,
  0x0861,0x0861,0x0861,0x0861,0x0861,0x0861,0x0861,0x0861,0x0861,0x0861,0x0861,0x0861,0x0861,0x0861,0x0861,0x0861,
  0x0861,0x0861,0x0861,0x0861,0x0861,0x0861,0x0861,0x0861,0x0861,0x0861,0x0861,0x0861,0x0861,0x0861,0x0861,0x0861,
  0x0861,0x0861,0x0861,0x0861,0x0861,0x0861,0x0861,0x0861,0x0861,0x0861,0x0861,0x0861,0x0861,0x0861,0x0841,0x0861,
  0x0861,0x0861,0x0861,0x0861,0x0861,0x0861,0x0861,0x0861,0x0861,0x0861,0x0861,0x0861,0x0861,0x0861,0x0861,0x0861,
  0x0861,0x0861,0x0861,0x0861,0x0861,0x0861,0x0861,0x0861,0x0861,0x0861,0x0861,0x0861,0x0861,0x0861,0x0861,0x0861,
  0x0861,0x0861,0x0861,0x0861,0x0841,0x0861,0x0841,0x0861,0x0841,0x0840,0x0840,0x0041,0x0041,0x0041,0x0041,0x0041,
  0x0041,0x0041,0x0041,0x0041,0x0041,0x0041,0x0041,0x0041,0x0041,0x0840,0x0840,0x0840,0x0041,0x0041,0x0840,0x0840,
  0x0840,0x0840,0x0840,0x0840,0x0000,0xB360,0xFCE0,0x0820,0x1060,0x0021,0x6B6F,0x6BB0,0x0041,0x0820,0x0041,0x0041,
  0x0041,0x0041,0x0841,0x0041,0x0041,0x0841,0x0841,0x0841,0x0841,0x0840,0x0841,0x0841,0x0041,0x0841,0x0041,0x0041,
  0x0041,0x0041,0x0840,0x0840,0x0840,0x0041,0x0841,0x0841,0x0841,0x0041,0x0041,0x0041,0x0041,0x0041,0x0041,0x0840,
  0x0041,0x0041,0x0840,0x0041,0x0041,0x0840,0x0041,0x0840,0x0840,0x0041,0x0840,0x0840,0x0840,0x0840,0x0840,0x0840,
  0x0840,0x0840,0x0840,0x0840,0x0840,0x0840,0x0840,0x0840,0x0840,0x0840,0x0840,0x0840,0x0840,0x0840,0x0840,0x0840,
  0x0840,0x0840,0x0840,0x0840,0x0840,0x0840,0x0840,0x0840,0x0840,0x0840,0x0840,0x0840,0x0840,0x0840,0x0840,0x0840,
  0x0840,0x0840,0x0840,0x0840,0x0840,0x0840,0x0840,0x0840,0x0840,0x0820,0x0820,0x0840,0x0000,0x4A6A,0x2125,0x0000,
  0x0000,0xFCE0,0x9AE0,0x0000,0x1060,0x0041,0x0041,0x0840,0x0840,0x0840,0x0840,0x0041,0x0041,0x0041,0x0041,0x0041,
  0x0041,0x0041,0x0041,0x0041,0x0041,0x0041,0x0041,0x0041,0x0041,0x0841,0x0041,0x0041,0x0041,0x0041,0x0041,0x0841,
  0x0041,0x0841,0x0041,0x0041,0x0840,0x0841,0x0841,0x0041,0x0840,0x0041,0x0840,0x0840,0x0841,0x0841,0x0840,0x0841,
  0x0841,0x0041,0x0841,0x0841,0x0841,0x0841,0x0841,0x0841,0x0841,0x0861,0x0861,0x0861,0x0841,0x0841,0x0841,0x0841,
  0x0841,0x0841,0x0841,0x0840,0x0841,0x0841,0x0840,0x0840,0x0840,0x0840,0x0840,0x0841,0x0841,0x0840,0x0861,0x0841,
  0x0840,0x0840,0x0840,0x0840,0x0841,0x0841,0x0841,0x0861,0x0861,0x0861,0x0861,0x0861,0x0861,0x0861,0x0861,0x0841,
  0x0861,0x0861,0x0861,0x0841,0x0861,0x0841,0x0861,0x0861,0x0861,0x0861,0x0861,0x0861,0x0861,0x0861,0x0861,0x0861,
  0x0861,0x0861,0x0861,0x0861,0x0861,0x0861,0x0861,0x0861,0x0861,0x0861,0x0861,0x0861,0x0861,0x0841,0x0841,0x0861,
  0x0861,0x0861,0x0861,0x0861,0x0861,0x0861,0x0861,0x0861,0x0861,0x0841,0x0861,0x0861,0x0861,0x0861,0x0861,0x0861,
  0x0861,0x0861,0x0841,0x0861,0x0841,0x0861,0x0861,0x0861,0x0861,0x0861,0x0861,0x0861,0x0861,0x0861,0x0861,0x0861,
  0x0861,0x0861,0x0861,0x0861,0x0861,0x0861,0x0861,0x0861,0x0861,0x0861,0x0861,0x0861,0x0861,0x0861,0x0861,0x0861,
  0x0861,0x0861,0x0861,0x0861,0x0841,0x0861,0x0841,0x0841,0x0841,0x0841,0x0841,0x0041,0x0840,0x0041,0x0840,0x0041,
  0x0041,0x0041,0x0041,0x0041,0x0041,0x0041,0x0041,0x0840,0x0041,0x0840,0x0840,0x0041,0x0840,0x0840,0x0840,0x0840,
  0x0840,0x0820,0x0820,0x0840,0x0000,0xB360,0xFCE0,0x0020,0x0840,0x0021,0x6B6E,0x6BD0,0x0841,0x0021,0x0041,0x0041,
  0x0041,0x0041,0x0041,0x0041,0x0041,0x0041,0x0840,0x0841,0x0841,0x0841,0x0841,0x0841,0x0041,0x0041,0x0041,0x0041,
  0x0041,0x0041,0x0041,0x0041,0x0041,0x0840,0x0841,0x0841,0x0840,0x0041,0x0840,0x0840,0x0041,0x0041,0x0840,0x0840,
  0x0840,0x0840,0x0840,0x0840,0x0840,0x0840,0x0840,0x0840,0x0840,0x0840,0x0840,0x0840,0x0840,0x0840,0x0840,0x0840,
  0x0840,0x0840,0x0840,0x0041,0x0041,0x0840,0x0840,0x0840,0x0840,0x0840,0x0840,0x0840,0x0840,0x0840,0x0840,0x0840,
  0x0840,0x0840,0x0840,0x0840,0x0840,0x0840,0x0840,0x0840,0x0840,0x0840,0x0840,0x0840,0x0840,0x0840,0x0840,0x0840,
  0x0840,0x0840,0x0840,0x0840,0x0840,0x0840,0x0840,0x0840,0x0820,0x0820,0x0820,0x0840,0x0000,0x52AB,0x2105,0x0000,
  0x0000,0xFCE0,0x9AE0,0x0000,0x1060,0x0041,0x0041,0x0840,0x0840,0x0041,0x0840,0x0840,0x0840,0x0840,0x0840,0x0840,
  0x0041,0x0041,0x0041,0x0041,0x0041,0x0840,0x0041,0x0041,0x0840,0x0041,0x0041,0x0041,0x0041,0x0041,0x0041,0x0041,
  0x0041,0x0041,0x0041,0x0841,0x0041,0x0041,0x0841,0x0041,0x0041,0x0041,0x0041,0x0041,0x0840,0x0840,0x0840,0x0841,
  0x0841,0x0841,0x0840,0x0840,0x0840,0x0841,0x0861,0x0841,0x0861,0x0841,0x0861,0x0861,0x0861,0x0861,0x0861,0x0840,
  0x0840,0x0840,0x0841,0x0841,0x0861,0x0840,0x0840,0x0840,0x0840,0x0840,0x0840,0x0841,0x0840,0x0840,0x0841,0x0840,
  0x0840,0x0840,0x0840,0x0840,0x0840,0x0841,0x0861,0x0841,0x0861,0x0841,0x0861,0x0861,0x0841,0x0861,0x0861,0x0861,
  0x0861,0x0861,0x0861,0x0861,0x0861,0x0861,0x0841,0x0861,0x0861,0x0861,0x0861,0x0861,0x0861,0x0861,0x0861,0x0861,
  0x0861,0x0861,0x0861,0x0861,0x0861,0x0861,0x0861,0x0861,0x0861,0x0861,0x0861,0x0861,0x0861,0x0861,0x0861,0x0861,
  0x0861,0x0861,0x0861,0x0861,0x0861,0x0841,0x0841,0x0841,0x0861,0x0861,0x0861,0x0861,0x0861,0x0861,0x0861,0x0861,
  0x0841,0x0861,0x0861,0x0841,0x0841,0x0861,0x0861,0x0861,0x0861,0x0861,0x0841,0x0861,0x0861,0x0861,0x0861,0x0861,
  0x0861,0x0861,0x0861,0x0861,0x0861,0x0861,0x0861,0x0841,0x0861,0x0861,0x0861,0x0861,0x0861,0x0861,0x0861,0x0861,
  0x0841,0x0841,0x0861,0x0841,0x0841,0x0861,0x0861,0x0841,0x0841,0x0841,0x0041,0x0041,0x0840,0x0041,0x0041,0x0041,
  0x0841,0x0841,0x0041,0x0840,0x0041,0x0041,0x0840,0x0041,0x0840,0x0840,0x0041,0x0041,0x0840,0x0840,0x0840,0x0840,
  0x0840,0x0840,0x0820,0x0840,0x0000,0xBB80,0xFCE0,0x0000,0x0020,0x0021,0x738F,0x73F0,0x0841,0x0820,0x0840,0x0041,
  0x0041,0x0841,0x0041,0x0041,0x0041,0x0041,0x0041,0x0841,0x0841,0x0041,0x0041,0x0841,0x0041,0x0041,0x0041,0x0041,
  0x0041,0x0041,0x0041,0x0840,0x0041,0x0841,0x0841,0x0041,0x0041,0x0840,0x0041,0x0840,0x0840,0x0840,0x0840,0x0840,
  0x0840,0x0840,0x0840,0x0840,0x0840,0x0840,0x0840,0x0840,0x0840,0x0840,0x0840,0x0840,0x0840,0x0840,0x0840,0x0840,
  0x0840,0x0840,0x0840,0x0840,0x0840,0x0840,0x0840,0x0840,0x0840,0x0840,0x0840,0x0840,0x0840,0x0840,0x0840,0x0840,
  0x0840,0x0840,0x0840,0x0840,0x0840,0x0840,0x0840,0x0840,0x0840,0x0840,0x0840,0x0840,0x0840,0x0840,0x0840,0x0840,
  0x0840,0x0840,0x0840,0x0840,0x0840,0x0840,0x0820,0x0840,0x0820,0x0840,0x0840,0x0000,0x7A40,0x551E,0x18A2,0x0000,
  0x0000,0xFCE0,0x9AE0,0x0000,0x1060,0x0840,0x0840,0x0840,0x0840,0x0840,0x0041,0x0041,0x0840,0x0840,0x0840,0x0840,
  0x0041,0x0840,0x0041,0x0041,0x0041,0x0041,0x0041,0x0041,0x0041,0x0041,0x0840,0x0041,0x0041,0x0041,0x0840,0x0840,
  0x0840,0x0041,0x0041,0x0041,0x0041,0x0841,0x0841,0x0041,0x0041,0x0041,0x0041,0x0041,0x0840,0x0041,0x0841,0x0841,
  0x0861,0x0841,0x0841,0x0841,0x0841,0x0841,0x0861,0x0861,0x0861,0x0861,0x0861,0x0861,0x0861,0x0861,0x0861,0x0840,
  0x0841,0x0840,0x0840,0x0841,0x0841,0x0841,0x0861,0x0840,0x0840,0x0840,0x0841,0x0841,0x0840,0x0840,0x0041,0x0041,
  0x0840,0x0841,0x0841,0x0841,0x0841,0x0861,0x0841,0x0841,0x0861,0x0861,0x0861,0x0861,0x0861,0x0861,0x0861,0x0861,
  0x0861,0x0861,0x0861,0x0841,0x0841,0x0861,0x0861,0x0861,0x0861,0x0861,0x0861,0x0861,0x0861,0x0861,0x0861,0x0861,
  0x0861,0x0861,0x0861,0x0861,0x0861,0x0861,0x0861,0x0861,0x0861,0x0861,0x0861,0x0861,0x0861,0x0861,0x0861,0x0861,
  0x0861,0x0861,0x0861,0x0861,0x0861,0x0861,0x0841,0x0861,0x0861,0x0861,0x0861,0x0861,0x0861,0x0861,0x0861,0x0861,
  0x0841,0x0861,0x0861,0x0861,0x0861,0x0861,0x0841,0x0861,0x0841,0x0861,0x0861,0x0841,0x0861,0x0861,0x0861,0x0861,
  0x0841,0x0861,0x0861,0x0861,0x0861,0x0861,0x0861,0x0861,0x0861,0x0861,0x0861,0x0861,0x0861,0x0841,0x0861,0x0861,
  0x0841,0x0841,0x0841,0x0841,0x0841,0x0861,0x0861,0x0861,0x0841,0x0841,0x0041,0x0041,0x0041,0x0840,0x0041,0x0041,
  0x0841,0x0841,0x0041,0x0041,0x0041,0x0041,0x0041,0x0041,0x0840,0x0840,0x0041,0x0840,0x0021,0x0840,0x0840,0x0840,
  0x0840,0x0840,0x0820,0x0840,0x0000,0xBBA0,0xFCE0,0x0021,0x0862,0x0020,0x6B8F,0x6BB0,0x0041,0x0820,0x0041,0x0041,
  0x0041,0x0041,0x0041,0x0841,0x0041,0x0041,0x0841,0x0841,0x0840,0x0041,0x0041,0x0041,0x0041,0x0041,0x0041,0x0041,
  0x0840,0x0041,0x0841,0x0041,0x0041,0x0841,0x0041,0x0041,0x0041,0x0840,0x0041,0x0840,0x0840,0x0840,0x0840,0x0840,
  0x0840,0x0840,0x0840,0x0840,0x0840,0x0840,0x0840,0x0840,0x0840,0x0840,0x0840,0x0840,0x0840,0x0840,0x0840,0x0840,
  0x0840,0x0840,0x0840,0x0840,0x0840,0x0840,0x0840,0x0840,0x0041,0x0840,0x0840,0x0041,0x0840,0x0840,0x0840,0x0840,
  0x0840,0x0840,0x0840,0x0840,0x0840,0x0840,0x0840,0x0840,0x0840,0x0840,0x0840,0x0840,0x0840,0x0840,0x0840,0x0840,
  0x0840,0x0840,0x0840,0x0820,0x0840,0x0840,0x0840,0x0820,0x0820,0x0840,0x0000,0x7A60,0xFCE0,0x7CB5,0x10A2,0x0000,
  0x0000,0xFCE0,0x92E0,0x0000,0x0860,0x0840,0x0840,0x0840,0x0041,0x0840,0x0840,0x0840,0x0041,0x0840,0x0840,0x0041,
  0x0041,0x0840,0x0041,0x0041,0x0041,0x0041,0x0041,0x0041,0x0041,0x0041,0x0041,0x0841,0x0041,0x0041,0x0041,0x0041,
  0x0041,0x0041,0x0041,0x0041,0x0041,0x0841,0x0041,0x0041,0x0840,0x0041,0x0041,0x0041,0x0841,0x0841,0x0841,0x0861,
  0x0841,0x0841,0x0841,0x0840,0x0841,0x0841,0x0861,0x0861,0x0861,0x0861,0x0861,0x0841,0x0861,0x0841,0x0840,0x0841,
  0x0841,0x0841,0x0840,0x0840,0x0861,0x0841,0x0861,0x0840,0x0840,0x0841,0x0841,0x0840,0x0041,0x0840,0x0840,0x0041,
  0x0840,0x0840,0x0841,0x0841,0x0841,0x0841,0x0841,0x0841,0x0841,0x0841,0x0861,0x0861,0x0841,0x0861,0x0861,0x0861,
  0x0861,0x0861,0x0861,0x0841,0x0861,0x0840,0x0861,0x0861,0x0841,0x0861,0x0861,0x0861,0x0861,0x0861,0x0861,0x0861,
  0x0861,0x0861,0x0861,0x0861,0x0861,0x0861,0x0861,0x0861,0x0861,0x0861,0x0861,0x0861,0x0861,0x0841,0x0861,0x0861,
  0x0861,0x0861,0x0861,0x0841,0x0841,0x0861,0x0861,0x0841,0x0841,0x0861,0x0861,0x0861,0x0861,0x0841,0x0841,0x0861,
  0x0861,0x0861,0x0861,0x0861,0x0861,0x0861,0x0861,0x0861,0x0841,0x0861,0x0841,0x0861,0x0861,0x0841,0x0861,0x0861,
  0x0861,0x0861,0x0861,0x0861,0x0841,0x0861,0x0861,0x0861,0x0861,0x0861,0x0861,0x0861,0x0861,0x0861,0x0841,0x0841,
  0x0861,0x0841,0x0841,0x0841,0x0841,0x0841,0x0841,0x0841,0x0041,0x0841,0x0841,0x0041,0x0041,0x0041,0x0840,0x0041,
  0x0840,0x0041,0x0041,0x0041,0x0041,0x0840,0x0041,0x0840,0x0840,0x0041,0x0840,0x0041,0x0041,0x0041,0x0840,0x0840,
  0x0840,0x0840,0x0820,0x0840,0x0000,0xBB80,0xFCE0,0x0862,0x2124,0x0020,0x634E,0x636F,0x0841,0x0820,0x0041,0x0041,
  0x0041,0x0041,0x0041,0x0041,0x0041,0x0041,0x0041,0x0841,0x0041,0x0841,0x0041,0x0041,0x0841,0x0041,0x0041,0x0840,
  0x0041,0x0041,0x0041,0x0041,0x0041,0x0041,0x0041,0x0041,0x0840,0x0041,0x0840,0x0041,0x0840,0x0840,0x0840,0x0840,
  0x0840,0x0840,0x0840,0x0840,0x0840,0x0041,0x0840,0x0840,0x0840,0x0041,0x0840,0x0840,0x0840,0x0840,0x0840,0x0840,
  0x0840,0x0840,0x0840,0x0041,0x0840,0x0840,0x0840,0x0041,0x0840,0x0840,0x0840,0x0840,0x0840,0x0840,0x0840,0x0840,
  0x0840,0x0840,0x0840,0x0840,0x0840,0x0840,0x0840,0x0840,0x0840,0x0840,0x0840,0x0840,0x0840,0x0840,0x0840,0x0840,
  0x0840,0x0840,0x0840,0x0840,0x0840,0x0820,0x0820,0x0840,0x0840,0x0000,0x92C0,0xFCE0,0xE460,0x9CF4,0x10C3,0x0000,
  0x0000,0xFCE0,0x92E0,0x0000,0x0860,0x0840,0x0840,0x0840,0x0840,0x0840,0x0840,0x0041,0x0840,0x0041,0x0041,0x0041,
  0x0041,0x0041,0x0840,0x0041,0x0041,0x0041,0x0041,0x0041,0x0041,0x0041,0x0041,0x0041,0x0840,0x0041,0x0041,0x0840,
  0x0041,0x0041,0x0840,0x0041,0x0840,0x0840,0x0041,0x0041,0x0840,0x0840,0x0041,0x0041,0x0841,0x0840,0x0841,0x0841,
  0x0841,0x0841,0x0841,0x0841,0x0841,0x0841,0x0841,0x0861,0x0840,0x0861,0x0861,0x0841,0x0861,0x0841,0x0861,0x0861,
  0x0861,0x0841,0x0840,0x0841,0x0841,0x0861,0x0861,0x0841,0x0840,0x0840,0x0840,0x0840,0x0840,0x0840,0x0840,0x0041,
  0x0840,0x0840,0x0840,0x0841,0x0841,0x0841,0x0841,0x0841,0x0861,0x0840,0x0861,0x0861,0x0840,0x0841,0x0841,0x0861,
  0x0861,0x0841,0x0841,0x0861,0x0861,0x0841,0x0861,0x0861,0x0861,0x0841,0x0861,0x0861,0x0861,0x0861,0x0861,0x0861,
  0x0861,0x0861,0x0861,0x0861,0x0861,0x0841,0x0861,0x0861,0x0841,0x0861,0x0861,0x0861,0x0861,0x0861,0x0861,0x0861,
  0x0841,0x0861,0x0861,0x0861,0x0841,0x0861,0x0861,0x0861,0x0861,0x0861,0x0861,0x0841,0x0861,0x0861,0x0861,0x0841,
  0x0861,0x0861,0x0861,0x0861,0x0861,0x0861,0x0861,0x0861,0x0861,0x0861,0x0861,0x0861,0x0861,0x0861,0x0841,0x0841,
  0x0841,0x0861,0x0861,0x0861,0x0861,0x0861,0x0861,0x0861,0x0841,0x0861,0x0861,0x0861,0x0861,0x0861,0x0861,0x0861,
  0x0861,0x0841,0x0841,0x0841,0x0841,0x0841,0x0841,0x0841,0x0841,0x0841,0x0841,0x0041,0x0840,0x0041,0x0041,0x0041,
  0x0041,0x0041,0x0041,0x0041,0x0041,0x0041,0x0041,0x0041,0x0840,0x0840,0x0041,0x0041,0x0041,0x0840,0x0840,0x0840,
  0x0840,0x0021,0x0840,0x0840,0x0000,0xBB80,0xFCE0,0x0862,0x2145,0x0020,0x5B2D,0x636F,0x0841,0x0820,0x0840,0x0840,
  0x0041,0x0041,0x0041,0x0041,0x0041,0x0041,0x0041,0x0041,0x0841,0x0041,0x0041,0x0841,0x0041,0x0041,0x0041,0x0041,
  0x0041,0x0041,0x0041,0x0041,0x0041,0x0840,0x0840,0x0840,0x0840,0x0840,0x0840,0x0041,0x0840,0x0840,0x0840,0x0840,
  0x0041,0x0041,0x0041,0x0840,0x0041,0x0840,0x0840,0x0041,0x0840,0x0840,0x0840,0x0840,0x0840,0x0840,0x0840,0x0840,
  0x0840,0x0840,0x0840,0x0840,0x0041,0x0840,0x0840,0x0840,0x0840,0x0840,0x0840,0x0840,0x0840,0x0840,0x0840,0x0840,
  0x0840,0x0840,0x0840,0x0840,0x0840,0x0840,0x0840,0x0840,0x0840,0x0840,0x0840,0x0840,0x0840,0x0840,0x0840,0x0840,
  0x0840,0x0840,0x0840,0x0840,0x0840,0x0820,0x0820,0x0840,0x0000,0xA320,0xFCE0,0xC3C0,0xAD55,0x634E,0x0840,0x0000,
  0x0000,0xFCE0,0x92C0,0x0000,0x0860,0x0840,0x0840,0x0840,0x0840,0x0840,0x0041,0x0840,0x0041,0x0840,0x0041,0x0041,
  0x0041,0x0041,0x0041,0x0041,0x0041,0x0840,0x0041,0x0041,0x0041,0x0041,0x0840,0x0041,0x0041,0x0041,0x0840,0x0840,
  0x0041,0x0041,0x0041,0x0041,0x0041,0x0840,0x0841,0x0041,0x0041,0x0041,0x0041,0x0841,0x0840,0x0840,0x0841,0x0841,
  0x0841,0x0841,0x0841,0x0841,0x0841,0x0841,0x0841,0x0861,0x0861,0x0861,0x0861,0x0861,0x0841,0x0861,0x0861,0x0861,
  0x0841,0x0840,0x0861,0x0840,0x0861,0x0841,0x0841,0x0841,0x0840,0x0840,0x0840,0x0840,0x0840,0x0041,0x0840,0x0041,
  0x0041,0x0840,0x0840,0x0840,0x0841,0x0840,0x0841,0x0840,0x0861,0x0841,0x0840,0x0841,0x0861,0x0861,0x0861,0x0841,
  0x0841,0x0841,0x0861,0x0861,0x0861,0x0861,0x0841,0x0861,0x0861,0x0840,0x0861,0x0861,0x0861,0x0861,0x0841,0x0861,
  0x0861,0x0861,0x0861,0x0861,0x0861,0x0861,0x0861,0x0861,0x0861,0x0861,0x0861,0x0861,0x0861,0x0861,0x0841,0x0861,
  0x0861,0x0861,0x0861,0x0861,0x0861,0x0861,0x0861,0x0861,0x0861,0x0861,0x0841,0x0861,0x0861,0x0861,0x0861,0x0841,
  0x0861,0x0841,0x0861,0x0841,0x0841,0x0841,0x0861,0x0861,0x0861,0x0861,0x0861,0x0861,0x0861,0x0861,0x0841,0x0861,
  0x0841,0x0841,0x0861,0x0841,0x0861,0x0861,0x0841,0x0861,0x0861,0x0861,0x0861,0x0841,0x0861,0x0861,0x0841,0x0841,
  0x0861,0x0841,0x0840,0x0841,0x0841,0x0840,0x0841,0x0841,0x0840,0x0041,0x0041,0x0041,0x0041,0x0041,0x0041,0x0041,
  0x0041,0x0041,0x0041,0x0041,0x0041,0x0840,0x0041,0x0840,0x0840,0x0840,0x0041,0x0041,0x0840,0x0041,0x0041,0x0840,
  0x0820,0x0840,0x0820,0x0840,0x0000,0xBB80,0xFCE0,0x0861,0x2146,0x0041,0x636E,0x636F,0x0841,0x0020,0x0041,0x0840,
  0x0041,0x0041,0x0041,0x0041,0x0041,0x0840,0x0840,0x0041,0x0041,0x0841,0x0041,0x0041,0x0041,0x0041,0x0041,0x0841,
  0x0041,0x0840,0x0041,0x0041,0x0840,0x0041,0x0840,0x0840,0x0041,0x0041,0x0840,0x0840,0x0840,0x0840,0x0840,0x0840,
  0x0041,0x0041,0x0041,0x0041,0x0041,0x0840,0x0840,0x0041,0x0840,0x0840,0x0840,0x0840,0x0840,0x0840,0x0840,0x0840,
  0x0840,0x0840,0x0840,0x0840,0x0840,0x0840,0x0840,0x0840,0x0041,0x0840,0x0840,0x0840,0x0840,0x0840,0x0840,0x0840,
  0x0840,0x0840,0x0840,0x0840,0x0840,0x0840,0x0840,0x0840,0x0840,0x0840,0x0840,0x0840,0x0840,0x0840,0x0840,0x0840,
  0x0840,0x0840,0x0840,0x0840,0x0840,0x0840,0x0820,0x0000,0xAB40,0xFCE0,0x7A60,0x9491,0x5B0D,0x31C8,0x1082,0x0000,
  0x0000,0xFCE0,0x8AA0,0x0000,0x0840,0x0840,0x0840,0x0840,0x0840,0x0840,0x0840,0x0041,0x0840,0x0041,0x0041,0x0041,
  0x0041,0x0840,0x0840,0x0041,0x0041,0x0041,0x0041,0x0041,0x0041,0x0041,0x0041,0x0041,0x0840,0x0840,0x0041,0x0041,
  0x0041,0x0840,0x0041,0x0041,0x0840,0x0041,0x0841,0x0840,0x0041,0x0041,0x0041,0x0841,0x0840,0x0841,0x0840,0x0841,
  0x0841,0x0841,0x0841,0x0841,0x0041,0x0841,0x0861,0x0861,0x0861,0x0841,0x0841,0x0861,0x0841,0x0861,0x0861,0x0841,
  0x0841,0x0840,0x0841,0x0841,0x0861,0x0841,0x0841,0x0840,0x0841,0x0841,0x0840,0x0861,0x0840,0x0841,0x0841,0x0041,
  0x0840,0x0840,0x0840,0x0840,0x0840,0x0840,0x0840,0x0840,0x0840,0x0841,0x0841,0x0841,0x0861,0x0861,0x0841,0x0841,
  0x0861,0x0861,0x0841,0x0861,0x0861,0x0841,0x0861,0x0861,0x0861,0x0861,0x0861,0x0861,0x0861,0x0861,0x0861,0x0861,
  0x0861,0x0861,0x0861,0x0861,0x0861,0x0861,0x0861,0x0861,0x0861,0x0861,0x0861,0x0861,0x0861,0x0861,0x0861,0x0861,
  0x0861,0x0861,0x0861,0x0861,0x0861,0x0861,0x0861,0x0861,0x0861,0x0861,0x0861,0x0861,0x0861,0x0861,0x0861,0x0861,
  0x0861,0x0861,0x0861,0x0861,0x0841,0x0861,0x0861,0x0861,0x0861,0x0861,0x0861,0x0841,0x0861,0x0861,0x0861,0x0861,
  0x0861,0x0861,0x0861,0x0841,0x0861,0x0861,0x0861,0x0861,0x0861,0x0861,0x0861,0x0861,0x0861,0x0861,0x0861,0x0841,
  0x0861,0x0861,0x0840,0x0841,0x0841,0x0841,0x0841,0x0041,0x0841,0x0041,0x0041,0x0041,0x0841,0x0841,0x0841,0x0841,
  0x0041,0x0041,0x0041,0x0041,0x0041,0x0840,0x0840,0x0041,0x0840,0x0840,0x0041,0x0041,0x0840,0x0840,0x0840,0x0840,
  0x0820,0x0820,0x0820,0x0840,0x0000,0xBB80,0xFCE0,0x0820,0x18C2,0x0841,0x636F,0x638F,0x0841,0x0020,0x0041,0x0041,
  0x0840,0x0840,0x0840,0x0840,0x0840,0x0840,0x0840,0x0041,0x0041,0x0041,0x0041,0x0041,0x0041,0x0041,0x0041,0x0041,
  0x0041,0x0041,0x0041,0x0041,0x0840,0x0840,0x0840,0x0840,0x0840,0x0840,0x0840,0x0041,0x0840,0x0041,0x0041,0x0840,
  0x0840,0x0041,0x0041,0x0840,0x0041,0x0840,0x0041,0x0041,0x0840,0x0840,0x0840,0x0840,0x0840,0x0840,0x0840,0x0840,
  0x0840,0x0840,0x0840,0x0840,0x0840,0x0840,0x0840,0x0840,0x0840,0x0840,0x0840,0x0840,0x0840,0x0840,0x0840,0x0840,
  0x0840,0x0840,0x0840,0x0840,0x0840,0x0840,0x0840,0x0840,0x0840,0x0840,0x0840,0x0840,0x0840,0x0840,0x0840,0x0840,
  0x0840,0x0840,0x0840,0x0840,0x0840,0x0820,0x0000,0xCBE0,0xFCE0,0x3900,0x8C50,0x636F,0x2987,0x3A09,0x0882,0x0000,
  0x0000,0xFCE0,0x8AA0,0x0000,0x0840,0x0840,0x0840,0x0840,0x0840,0x0041,0x0041,0x0041,0x0840,0x0041,0x0840,0x0840,
  0x0041,0x0840,0x0840,0x0840,0x0840,0x0041,0x0840,0x0041,0x0041,0x0840,0x0041,0x0041,0x0840,0x0840,0x0041,0x0041,
  0x0041,0x0041,0x0041,0x0041,0x0841,0x0841,0x0041,0x0041,0x0041,0x0041,0x0041,0x0041,0x0841,0x0841,0x0841,0x0841,
  0x0841,0x0841,0x0841,0x0841,0x0841,0x0841,0x0841,0x0841,0x0841,0x0841,0x0861,0x0841,0x0861,0x0861,0x0861,0x0841,
  0x0840,0x0841,0x0840,0x0840,0x0840,0x0840,0x0840,0x0840,0x0841,0x0841,0x0861,0x0841,0x0841,0x0840,0x0840,0x0840,
  0x0841,0x0840,0x0840,0x0840,0x0840,0x0840,0x0840,0x0841,0x0841,0x0841,0x0841,0x0861,0x0861,0x0861,0x0861,0x0861,
  0x0861,0x0840,0x0841,0x0840,0x0840,0x0861,0x0861,0x0861,0x0861,0x0861,0x0861,0x0861,0x0861,0x0861,0x0861,0x0861,
  0x0841,0x0861,0x0861,0x0861,0x0861,0x0861,0x0861,0x0861,0x0861,0x0861,0x0861,0x0861,0x0861,0x0861,0x0861,0x0861,
  0x0861,0x0841,0x0861,0x0861,0x0861,0x0861,0x0861,0x0861,0x0861,0x0861,0x0861,0x0861,0x0861,0x0861,0x0861,0x0861,
  0x0861,0x0861,0x0861,0x0841,0x0841,0x0861,0x0841,0x0841,0x0861,0x0861,0x0861,0x0861,0x0861,0x0861,0x0841,0x0861,
  0x0861,0x0861,0x0861,0x0861,0x0861,0x0861,0x0841,0x0861,0x0861,0x0861,0x0861,0x0841,0x0861,0x0841,0x0861,0x0861,
  0x0861,0x0841,0x0840,0x0841,0x0841,0x0840,0x0841,0x0841,0x0841,0x0041,0x0041,0x0041,0x0841,0x0841,0x0840,0x0840,
  0x0041,0x0041,0x0041,0x0041,0x0041,0x0041,0x0041,0x0840,0x0840,0x0840,0x0041,0x0041,0x0840,0x0041,0x0840,0x0840,
  0x0840,0x0840,0x0840,0x0840,0x0000,0xBB80,0xFCE0,0x0020,0x1081,0x0841,0x6B8F,0x6BB0,0x0841,0x0820,0x0840,0x0840,
  0x0840,0x0840,0x0840,0x0840,0x0840,0x0840,0x0840,0x0840,0x0041,0x0041,0x0041,0x0041,0x0041,0x0041,0x0840,0x0041,
  0x0840,0x0041,0x0840,0x0840,0x0041,0x0840,0x0840,0x0840,0x0840,0x0840,0x0840,0x0041,0x0041,0x0840,0x0041,0x0840,
  0x0840,0x0840,0x0041,0x0840,0x0840,0x0041,0x0840,0x0840,0x0041,0x0840,0x0840,0x0840,0x0041,0x0840,0x0840,0x0840,
  0x0840,0x0840,0x0840,0x0840,0x0840,0x0840,0x0840,0x0840,0x0840,0x0840,0x0840,0x0840,0x0840,0x0840,0x0840,0x0840,
  0x0840,0x0840,0x0840,0x0840,0x0840,0x0840,0x0840,0x0840,0x0840,0x0840,0x0840,0x0840,0x0840,0x0840,0x0840,0x0840,
  0x0820,0x0820,0x0840,0x0840,0x0820,0x0000,0xDC40,0xFCE0,0x4960,0x840F,0x638F,0x31C9,0x3A29,0x31C8,0x0862,0x0020,
  0x0000,0xFCE0,0x8AA0,0x0000,0x0840,0x0840,0x0840,0x0840,0x0041,0x0840,0x0840,0x0041,0x0840,0x0840,0x0041,0x0840,
  0x0840,0x0041,0x0840,0x0840,0x0840,0x0840,0x0840,0x0041,0x0041,0x0840,0x0041,0x0041,0x0041,0x0041,0x0041,0x0041,
  0x0041,0x0041,0x0041,0x0041,0x0841,0x0041,0x0041,0x0041,0x0041,0x0840,0x0041,0x0041,0x0840,0x0841,0x0840,0x0840,
  0x0840,0x0841,0x0861,0x0841,0x0841,0x0841,0x0841,0x0841,0x0841,0x0841,0x0861,0x0861,0x0861,0x0861,0x0861,0x0841,
  0x0861,0x0840,0x0840,0x0840,0x0840,0x0841,0x0841,0x0840,0x0841,0x0841,0x0840,0x0861,0x0861,0x0841,0x0841,0x0861,
  0x0841,0x0841,0x0840,0x0840,0x0840,0x0840,0x0840,0x0840,0x0840,0x0861,0x0861,0x0841,0x0840,0x0841,0x0861,0x0861,
  0x0861,0x0841,0x0841,0x0840,0x0861,0x0841,0x0841,0x0861,0x0861,0x0861,0x0861,0x0861,0x0861,0x0841,0x0861,0x0861,
  0x0861,0x0861,0x0861,0x0861,0x0861,0x0861,0x0861,0x0861,0x0861,0x0861,0x0861,0x0861,0x0861,0x0861,0x0861,0x0861,
  0x0861,0x0861,0x0861,0x0861,0x0861,0x0861,0x0861,0x0861,0x0861,0x0861,0x0861,0x0841,0x0861,0x0861,0x0861,0x0861,
  0x0861,0x0861,0x0861,0x0861,0x0861,0x0841,0x0861,0x0861,0x0861,0x0861,0x0861,0x0861,0x0861,0x0841,0x0861,0x0861,
  0x0861,0x0861,0x0861,0x0841,0x0861,0x0861,0x0861,0x0861,0x0861,0x0861,0x0841,0x0861,0x0861,0x0861,0x0861,0x0841,
  0x0861,0x0841,0x0841,0x0841,0x0841,0x0841,0x0841,0x0841,0x0840,0x0841,0x0041,0x0841,0x0841,0x0841,0x0841,0x0041,
  0x0041,0x0041,0x0041,0x0840,0x0041,0x0041,0x0041,0x0041,0x0041,0x0041,0x0021,0x0840,0x0041,0x0840,0x0840,0x0840,
  0x0840,0x0840,0x0840,0x0840,0x0000,0xBB80,0xFCE0,0x0820,0x0840,0x0841,0x6B8E,0x636F,0x0841,0x0020,0x0840,0x0840,
  0x0840,0x0840,0x0041,0x0840,0x0041,0x0041,0x0840,0x0840,0x0840,0x0840,0x0041,0x0041,0x0041,0x0840,0x0041,0x0041,
  0x0041,0x0840,0x0840,0x0840,0x0840,0x0041,0x0041,0x0041,0x0840,0x0840,0x0840,0x0840,0x0840,0x0840,0x0840,0x0041,
  0x0840,0x0041,0x0840,0x0840,0x0840,0x0840,0x0041,0x0840,0x0840,0x0840,0x0840,0x0840,0x0840,0x0840,0x0840,0x0840,
  0x0840,0x0840,0x0840,0x0840,0x0840,0x0840,0x0840,0x0840,0x0041,0x0840,0x0840,0x0840,0x0840,0x0840,0x0840,0x0840,
  0x0840,0x0840,0x0840,0x0840,0x0840,0x0840,0x0840,0x0840,0x0840,0x0840,0x0840,0x0840,0x0820,0x0820,0x0840,0x0840,
  0x0820,0x0820,0x0840,0x0020,0x0000,0xEC60,0xFCE0,0x3920,0x840F,0x6BB0,0x31E9,0x3A2A,0x3A09,0x31E9,0x0862,0x0000,
  0x0000,0xFCE0,0x8AA0,0x0000,0x0840,0x0840,0x0840,0x0840,0x0041,0x0041,0x0041,0x0041,0x0840,0x0041,0x0041,0x0041,
  0x0840,0x0840,0x0041,0x0840,0x0840,0x0041,0x0041,0x0041,0x0840,0x0041,0x0840,0x0041,0x0041,0x0041,0x0041,0x0041,
  0x0041,0x0840,0x0041,0x0041,0x0840,0x0041,0x0041,0x0041,0x0041,0x0041,0x0840,0x0041,0x0840,0x0841,0x0840,0x0840,
  0x0840,0x0840,0x0841,0x0840,0x0861,0x0841,0x0041,0x0840,0x0841,0x0840,0x0861,0x0861,0x0861,0x0861,0x0861,0x0861,
  0x0861,0x0841,0x0841,0x0841,0x0840,0x0840,0x0841,0x0841,0x0841,0x0841,0x0841,0x0841,0x0841,0x0840,0x0861,0x0841,
  0x0841,0x0840,0x0840,0x0841,0x0041,0x0841,0x0840,0x0840,0x0841,0x0841,0x0841,0x0861,0x0861,0x0841,0x0861,0x0841,
  0x0841,0x0841,0x0841,0x0841,0x0861,0x0861,0x0861,0x0861,0x0861,0x0861,0x0861,0x0861,0x0861,0x0861,0x0861,0x0861,
  0x0861,0x0861,0x0861,0x0861,0x0861,0x0841,0x0841,0x0861,0x0861,0x0841,0x0861,0x0861,0x0861,0x0861,0x0840,0x0861,
  0x0841,0x0841,0x0840,0x0861,0x0861,0x0861,0x0861,0x0861,0x0861,0x0861,0x0861,0x0861,0x0861,0x0861,0x0861,0x0861,
  0x0861,0x0861,0x0841,0x0841,0x0841,0x0861,0x0861,0x0861,0x0861,0x0861,0x0841,0x0841,0x0841,0x0841,0x0861,0x0841,
  0x0861,0x0861,0x0841,0x0861,0x0861,0x0861,0x0861,0x0861,0x0861,0x0841,0x0841,0x0861,0x0841,0x0841,0x0861,0x0841,
  0x0841,0x0841,0x0840,0x0841,0x0841,0x0841,0x0861,0x0841,0x0840,0x0041,0x0841,0x0841,0x0041,0x0041,0x0841,0x0841,
  0x0041,0x0041,0x0041,0x0041,0x0041,0x0041,0x0041,0x0840,0x0840,0x0041,0x0840,0x0840,0x0041,0x0041,0x0840,0x0840,
  0x0840,0x0840,0x0840,0x0840,0x0000,0xB360,0xFCE0,0x0820,0x0000,0x0841,0x634D,0x5B0D,0x0000,0x0820,0x0840,0x0840,
  0x0041,0x0041,0x0041,0x0041,0x0840,0x0840,0x0041,0x0840,0x0840,0x0041,0x0840,0x0840,0x0840,0x0840,0x0041,0x0840,
  0x0041,0x0041,0x0840,0x0041,0x0840,0x0840,0x0840,0x0041,0x0041,0x0840,0x0041,0x0840,0x0840,0x0840,0x0840,0x0840,
  0x0840,0x0041,0x0840,0x0840,0x0840,0x0840,0x0840,0x0840,0x0840,0x0840,0x0840,0x0840,0x0840,0x0840,0x0840,0x0840,
  0x0840,0x0840,0x0840,0x0840,0x0840,0x0840,0x0840,0x0840,0x0840,0x0840,0x0840,0x0840,0x0840,0x0840,0x0840,0x0840,
  0x0840,0x0840,0x0840,0x0840,0x0840,0x0840,0x0840,0x0840,0x0840,0x0840,0x0820,0x0840,0x0820,0x0820,0x0840,0x0840,
  0x0820,0x0840,0x0000,0x0820,0xF480,0xFCE0,0x4140,0x7BCE,0x5B4E,0x31E9,0x3A2A,0x3A09,0x3A09,0x3A09,0x0862,0x0000,
  0x0000,0xFCE0,0x92C0,0x0000,0x0840,0x0840,0x0840,0x0840,0x0840,0x0041,0x0840,0x0041,0x0840,0x0041,0x0041,0x0041,
  0x0840,0x0840,0x0840,0x0041,0x0041,0x0840,0x0840,0x0840,0x0840,0x0840,0x0840,0x0041,0x0041,0x0840,0x0840,0x0041,
  0x0041,0x0041,0x0041,0x0041,0x0841,0x0840,0x0041,0x0841,0x0041,0x0041,0x0840,0x0041,0x0840,0x0841,0x0041,0x0041,
  0x0041,0x0041,0x0840,0x0840,0x0041,0x0841,0x0840,0x0841,0x0841,0x0841,0x0861,0x0861,0x0841,0x0861,0x0861,0x0841,
  0x0861,0x0861,0x0841,0x0841,0x0840,0x0841,0x0840,0x0841,0x0841,0x0841,0x0861,0x0841,0x0841,0x0841,0x0840,0x0861,
  0x0841,0x0840,0x0841,0x0841,0x0841,0x0841,0x0840,0x0841,0x0841,0x0861,0x0861,0x0861,0x0861,0x0861,0x0841,0x0841,
  0x0861,0x0841,0x0841,0x0841,0x0841,0x0861,0x0861,0x0861,0x0861,0x0861,0x0861,0x0861,0x0861,0x0861,0x0861,0x0861,
  0x0861,0x0861,0x0861,0x0841,0x0861,0x0861,0x0861,0x0861,0x0861,0x0861,0x0841,0x0861,0x0841,0x0841,0x0861,0x0840,
  0x0841,0x0840,0x0841,0x0861,0x0861,0x0841,0x0841,0x0861,0x0861,0x0861,0x0861,0x0861,0x0861,0x0861,0x0861,0x0861,
  0x0841,0x0861,0x0861,0x0841,0x0861,0x0841,0x0841,0x0861,0x0861,0x0861,0x0861,0x0861,0x0861,0x0861,0x0861,0x0861,
  0x0861,0x0841,0x0841,0x0861,0x0861,0x0841,0x0841,0x0841,0x0841,0x0840,0x0840,0x0841,0x0840,0x0861,0x0861,0x0841,
  0x0841,0x0841,0x0840,0x0841,0x0841,0x0841,0x0841,0x0840,0x0841,0x0041,0x0041,0x0041,0x0840,0x0841,0x0041,0x0840,
  0x0041,0x0041,0x0041,0x0041,0x0041,0x0840,0x0840,0x0840,0x0840,0x0840,0x0041,0x0041,0x0041,0x0840,0x0840,0x0840,
  0x0840,0x0840,0x0840,0x0840,0x0000,0xB360,0xFCE0,0x0840,0x18C4,0x0020,0x4A8A,0x6BAF,0x52CB,0x0000,0x0840,0x0840,
  0x0041,0x0840,0x0840,0x0840,0x0840,0x0041,0x0840,0x0840,0x0840,0x0041,0x0041,0x0840,0x0840,0x0840,0x0840,0x0041,
  0x0041,0x0041,0x0041,0x0840,0x0840,0x0840,0x0840,0x0840,0x0840,0x0840,0x0840,0x0840,0x0840,0x0840,0x0840,0x0840,
  0x0041,0x0840,0x0840,0x0840,0x0820,0x0840,0x0840,0x0840,0x0840,0x0840,0x0840,0x0840,0x0840,0x0840,0x0840,0x0840,
  0x0840,0x0840,0x0840,0x0840,0x0840,0x0840,0x0840,0x0840,0x0840,0x0840,0x0840,0x0840,0x0840,0x0840,0x0840,0x0840,
  0x0840,0x0840,0x0820,0x0820,0x0840,0x0840,0x0840,0x0820,0x0840,0x0840,0x0840,0x0820,0x0820,0x0820,0x0820,0x0820,
  0x0840,0x0000,0x1040,0xFCE0,0xFCE0,0x3121,0x8430,0x5B4E,0x31C8,0x3A2A,0x31E9,0x3A09,0x3A09,0x3A09,0x0862,0x0000,
  0x0000,0xFCE0,0x92C0,0x0000,0x0840,0x0840,0x0840,0x0840,0x0840,0x0840,0x0041,0x0041,0x0041,0x0840,0x0840,0x0840,
  0x0041,0x0041,0x0840,0x0041,0x0041,0x0840,0x0840,0x0840,0x0840,0x0840,0x0041,0x0041,0x0041,0x0041,0x0041,0x0041,
  0x0041,0x0041,0x0041,0x0041,0x0841,0x0840,0x0041,0x0841,0x0041,0x0041,0x0041,0x0840,0x0840,0x0840,0x0840,0x0840,
  0x0840,0x0841,0x0841,0x0841,0x0840,0x0840,0x0840,0x0861,0x0861,0x0841,0x0841,0x0861,0x0861,0x0841,0x0840,0x0861,
  0x0861,0x0861,0x0861,0x0841,0x0841,0x0841,0x0840,0x0841,0x0841,0x0841,0x0841,0x0861,0x0841,0x0841,0x0861,0x0861,
  0x0840,0x0840,0x0840,0x0841,0x0841,0x0840,0x0841,0x0841,0x0840,0x0841,0x0841,0x0841,0x0861,0x0861,0x0861,0x0861,
  0x0841,0x0841,0x0841,0x0861,0x0861,0x0861,0x0861,0x0861,0x0861,0x0861,0x0861,0x0861,0x0861,0x0861,0x0841,0x0841,
  0x0840,0x0861,0x0861,0x0861,0x0861,0x0861,0x0861,0x0861,0x0861,0x0841,0x0861,0x0861,0x0841,0x0841,0x0841,0x0840,
  0x0841,0x0841,0x0861,0x0841,0x0861,0x0841,0x0841,0x0841,0x0861,0x0861,0x0861,0x0861,0x0861,0x0861,0x0861,0x0861,
  0x0841,0x0841,0x0861,0x0841,0x0841,0x0861,0x0861,0x0861,0x0861,0x0861,0x0861,0x0861,0x0861,0x0861,0x0861,0x0841,
  0x0861,0x0841,0x0861,0x0861,0x0841,0x0861,0x0841,0x0841,0x0841,0x0841,0x0840,0x0861,0x0861,0x0861,0x0861,0x0841,
  0x0861,0x0841,0x0841,0x0841,0x0841,0x0841,0x0841,0x0841,0x0041,0x0041,0x0041,0x0840,0x0041,0x0041,0x0041,0x0041,
  0x0041,0x0041,0x0041,0x0041,0x0840,0x0041,0x0041,0x0840,0x0840,0x0840,0x0041,0x0041,0x0041,0x0840,0x0840,0x0840,
  0x0840,0x0820,0x0840,0x0840,0x0000,0xBB80,0xFCE0,0x1061,0x424A,0x0841,0x0882,0x4A8B,0x8C93,0x5ACB,0x0000,0x0840,
  0x0840,0x0840,0x0840,0x0840,0x0840,0x0840,0x0041,0x0840,0x0041,0x0041,0x0840,0x0041,0x0041,0x0840,0x0840,0x0041,
  0x0041,0x0840,0x0041,0x0840,0x0840,0x0840,0x0840,0x0840,0x0840,0x0840,0x0041,0x0041,0x0840,0x0840,0x0840,0x0840,
  0x0840,0x0840,0x0840,0x0840,0x0840,0x0840,0x0840,0x0840,0x0840,0x0840,0x0840,0x0840,0x0840,0x0840,0x0840,0x0840,
  0x0840,0x0840,0x0840,0x0840,0x0840,0x0840,0x0840,0x0840,0x0840,0x0840,0x0840,0x0840,0x0840,0x0840,0x0840,0x0840,
  0x0840,0x0840,0x0840,0x0840,0x0840,0x0840,0x0840,0x0840,0x0840,0x0840,0x0840,0x0840,0x0840,0x0840,0x0840,0x0840,
  0x0000,0x1060,0xFCE0,0xFCE0,0x3100,0x8430,0x636F,0x31E9,0x3A2A,0x3A09,0x3A09,0x31C8,0x31E9,0x39E9,0x0862,0x0000,
  0x0000,0xFCE0,0x8AA0,0x0000,0x0840,0x0840,0x0840,0x0840,0x0840,0x0840,0x0840,0x0840,0x0840,0x0840,0x0840,0x0041,
  0x0041,0x0840,0x0041,0x0840,0x0041,0x0041,0x0840,0x0840,0x0041,0x0041,0x0041,0x0041,0x0041,0x0041,0x0041,0x0041,
  0x0041,0x0041,0x0041,0x0041,0x0041,0x0041,0x0041,0x0840,0x0041,0x0041,0x0041,0x0840,0x0841,0x0841,0x0840,0x0841,
  0x0041,0x0041,0x0841,0x0840,0x0840,0x0840,0x0840,0x0841,0x0861,0x0840,0x0841,0x0861,0x0861,0x0841,0x0841,0x0841,
  0x0841,0x0841,0x0841,0x0841,0x0841,0x0841,0x0841,0x0840,0x0841,0x0841,0x0841,0x0861,0x0841,0x0841,0x0841,0x0841,
  0x0841,0x0840,0x0840,0x0840,0x0840,0x0841,0x0841,0x0841,0x0841,0x0861,0x0861,0x0841,0x0861,0x0841,0x0861,0x0861,
  0x0841,0x0841,0x0841,0x0861,0x0861,0x0861,0x0861,0x0861,0x0861,0x0841,0x0861,0x0861,0x0861,0x0861,0x0861,0x0841,
  0x0841,0x0841,0x0841,0x0861,0x0861,0x0861,0x0861,0x0861,0x0861,0x0861,0x0861,0x0861,0x0841,0x0861,0x0841,0x0840,
  0x0841,0x0840,0x0840,0x0841,0x0841,0x0861,0x0841,0x0841,0x0861,0x0861,0x0861,0x0861,0x0861,0x0861,0x0861,0x0861,
  0x0841,0x0841,0x0861,0x0841,0x0841,0x0861,0x0861,0x0861,0x0861,0x0861,0x0861,0x0861,0x0841,0x0841,0x0861,0x0841,
  0x0861,0x0861,0x0861,0x0861,0x0861,0x0861,0x0841,0x0861,0x0841,0x0840,0x0841,0x0841,0x0861,0x0841,0x0841,0x0840,
  0x0861,0x0841,0x0841,0x0861,0x0841,0x0841,0x0841,0x0841,0x0841,0x0041,0x0841,0x0840,0x0840,0x0840,0x0041,0x0041,
  0x0041,0x0041,0x0041,0x0041,0x0041,0x0041,0x0041,0x0041,0x0840,0x0840,0x0840,0x0840,0x0840,0x0840,0x0840,0x0840,
  0x0840,0x0840,0x0840,0x0840,0x0000,0xB360,0xFCE0,0x0820,0x31A7,0x2145,0x0000,0x0862,0x4A8B,0x8C92,0x52AA,0x0000,
  0x0840,0x0840,0x0840,0x0840,0x0840,0x0840,0x0840,0x0840,0x0840,0x0840,0x0820,0x0840,0x0840,0x0041,0x0840,0x0840,
  0x0840,0x0840,0x0840,0x0840,0x0840,0x0840,0x0840,0x0840,0x0840,0x0840,0x0840,0x0840,0x0840,0x0840,0x0840,0x0000,
  0x0000,0x0000,0x0000,0x0000,0x0000,0x0000,0x0000,0x0000,0x0000,0x0000,0x0000,0x0000,0x0000,0x0000,0x0000,0x0000,
  0x0000,0x0000,0x0000,0x0000,0x0000,0x0000,0x0000,0x0000,0x0000,0x0000,0x0000,0x0000,0x0000,0x0000,0x0000,0x0000,
  0x0000,0x0000,0x0000,0x0000,0x0000,0x0000,0x0000,0x0000,0x0000,0x0000,0x0000,0x0000,0x0000,0x0000,0x0000,0x0000,
  0x1880,0xFCE0,0xFCE0,0x28E1,0x840F,0x638F,0x3209,0x424A,0x424B,0x3A2A,0x3A09,0x3A09,0x39E9,0x31E9,0x0862,0x0000,
  0x0000,0xFCE0,0x8AA0,0x0000,0x0840,0x0840,0x0840,0x0840,0x0840,0x0840,0x0021,0x0840,0x0840,0x0840,0x0041,0x0041,
  0x0840,0x0840,0x0840,0x0041,0x0840,0x0041,0x0041,0x0041,0x0041,0x0041,0x0041,0x0041,0x0041,0x0041,0x0041,0x0041,
  0x0840,0x0041,0x0041,0x0041,0x0041,0x0041,0x0041,0x0041,0x0840,0x0041,0x0041,0x0041,0x0841,0x0841,0x0841,0x0840,
  0x0041,0x0840,0x0840,0x0041,0x0041,0x0840,0x0841,0x0840,0x0840,0x0841,0x0841,0x0841,0x0840,0x0840,0x0841,0x0841,
  0x0861,0x0861,0x0861,0x0861,0x0861,0x0861,0x0841,0x0841,0x0840,0x0840,0x0841,0x0861,0x0841,0x0841,0x0841,0x0841,
  0x0841,0x0841,0x0840,0x0841,0x0840,0x0841,0x0840,0x0841,0x0841,0x0841,0x0861,0x0861,0x0861,0x0861,0x0841,0x0861,
  0x0841,0x0861,0x0841,0x0841,0x0861,0x0861,0x0861,0x0861,0x0861,0x0861,0x0861,0x0841,0x0861,0x0861,0x0861,0x0861,
  0x0840,0x0861,0x0861,0x0861,0x0861,0x0861,0x0861,0x0841,0x0861,0x0861,0x0861,0x0861,0x0841,0x0861,0x0841,0x0841,
  0x0841,0x0861,0x0841,0x0840,0x0841,0x0861,0x0841,0x0861,0x0861,0x0861,0x0861,0x0861,0x0861,0x0861,0x0841,0x0861,
  0x0841,0x0861,0x0861,0x0861,0x0861,0x0861,0x0861,0x0861,0x0861,0x0861,0x0841,0x0841,0x0861,0x0861,0x0861,0x0841,
  0x0861,0x0861,0x0840,0x0841,0x0861,0x0841,0x0841,0x0861,0x0840,0x0841,0x0841,0x0841,0x0841,0x0840,0x0841,0x0841,
  0x0841,0x0841,0x0840,0x0841,0x0841,0x0841,0x0841,0x0861,0x0841,0x0840,0x0840,0x0041,0x0041,0x0840,0x0841,0x0041,
  0x0041,0x0041,0x0041,0x0041,0x0840,0x0041,0x0840,0x0840,0x0840,0x0840,0x0041,0x0840,0x0041,0x0840,0x0840,0x0840,
  0x0820,0x0820,0x0840,0x0840,0x0000,0xB360,0xFCE0,0x0020,0x0841,0x0862,0x18C3,0x0020,0x0861,0x528B,0x8C72,0x528A,
  0x0000,0x0840,0x0840,0x0840,0x0840,0x0840,0x0840,0x0840,0x0840,0x0820,0x0820,0x0840,0x0840,0x0840,0x0840,0x0840,
  0x0840,0x0840,0x0840,0x0840,0x0840,0x0840,0x0840,0x0840,0x0840,0x0840,0x0840,0x0840,0x0840,0x0840,0x0000,0xAB20,
  0xDC20,0xB360,0xD400,0xCBC0,0xCBE0,0xC3C0,0xC3C0,0xD400,0xD400,0xCBE0,0xD420,0xDC20,0xDC20,0xDC20,0xDC20,0xDC20,
  0xDC20,0xDC20,0xDC20,0xDC40,0xE440,0xE440,0xE440,0xE440,0xDC40,0xDC20,0xDC20,0xDC20,0xDC20,0xE440,0xDC20,0xDC20,
  0xD400,0xD400,0xD400,0xD3E0,0xCBE0,0xCBC0,0xCBC0,0xCBE0,0xCBE0,0xCBE0,0xCBC0,0xCBC0,0xCBE0,0xD400,0xDC20,0xDC20,
  0xFCE0,0xFCE0,0x2968,0x840F,0x5B4E,0x3209,0x426B,0x424B,0x3A2A,0x3A09,0x3A2A,0x3A09,0x3A09,0x31E9,0x0861,0x0000,
  0x0000,0xFCE0,0x8AA0,0x0000,0x0840,0x0840,0x0840,0x0840,0x0840,0x0840,0x0840,0x0840,0x0840,0x0041,0x0041,0x0840,
  0x0840,0x0041,0x0840,0x0041,0x0041,0x0840,0x0840,0x0041,0x0041,0x0041,0x0041,0x0041,0x0041,0x0840,0x0041,0x0041,
  0x0041,0x0840,0x0041,0x0041,0x0041,0x0041,0x0041,0x0041,0x0041,0x0041,0x0841,0x0041,0x0841,0x0841,0x0840,0x0041,
  0x0840,0x0841,0x0840,0x0840,0x0041,0x0041,0x0840,0x0840,0x0840,0x0840,0x0841,0x0841,0x0840,0x0841,0x0841,0x0840,
  0x0861,0x0861,0x0861,0x0861,0x0861,0x0861,0x0841,0x0840,0x0841,0x0841,0x0841,0x0841,0x0841,0x0841,0x0841,0x0841,
  0x0841,0x0841,0x0840,0x0841,0x0841,0x0841,0x0841,0x0861,0x0861,0x0841,0x0841,0x0861,0x0861,0x0861,0x0841,0x0861,
  0x0841,0x0841,0x0841,0x0861,0x0861,0x0861,0x0841,0x0841,0x0861,0x0861,0x0861,0x0841,0x0861,0x0861,0x0861,0x0861,
  0x0861,0x0861,0x0861,0x0861,0x0861,0x0861,0x0861,0x0861,0x0861,0x0861,0x0861,0x0861,0x0861,0x0841,0x0841,0x0840,
  0x0861,0x0841,0x0841,0x0840,0x0841,0x0841,0x0861,0x0861,0x0861,0x0861,0x0861,0x0841,0x0861,0x0861,0x0861,0x0861,
  0x0861,0x0841,0x0861,0x0861,0x0861,0x0861,0x0861,0x0861,0x0841,0x0861,0x0841,0x0841,0x0861,0x0861,0x0841,0x0861,
  0x0841,0x0841,0x0841,0x0861,0x0861,0x0861,0x0861,0x0861,0x0840,0x0841,0x0840,0x0841,0x0861,0x0841,0x0840,0x0840,
  0x0840,0x0841,0x0841,0x0861,0x0841,0x0861,0x0841,0x0841,0x0840,0x0840,0x0841,0x0840,0x0840,0x0841,0x0041,0x0041,
  0x0041,0x0041,0x0841,0x0041,0x0840,0x0041,0x0840,0x0041,0x0041,0x0840,0x0041,0x0021,0x0840,0x0840,0x0840,0x0021,
  0x0820,0x0820,0x0820,0x0840,0x0000,0xB360,0xFCE0,0x0820,0x0820,0x0820,0x18C3,0x2125,0x0021,0x1082,0x4A8B,0x8C93,
  0x52AA,0x0000,0x0840,0x0840,0x0840,0x0840,0x0840,0x0840,0x0840,0x0840,0x0840,0x0840,0x0840,0x0840,0x0840,0x0840,
  0x0840,0x0840,0x0840,0x0840,0x0840,0x0840,0x0840,0x0840,0x0840,0x0840,0x0840,0x0840,0x0840,0x0000,0xBBA0,0xFCE0,
  0x42AE,0x7432,0x7C32,0x8453,0x8453,0x7C33,0x8C73,0x8C93,0x8C73,0x8453,0x73D1,0x6BB1,0x6BD1,0x73D1,0x73D0,0x6BB0,
  0x6BB0,0x6BB0,0x6B90,0x6B90,0x6BB0,0x6BB0,0x6BD0,0x73D1,0x73F1,0x73F1,0x73F1,0x73D1,0x73D1,0x73F2,0x73F2,0x73F2,
  0x73D1,0x73F2,0x73F2,0x73F2,0x73F2,0x6BD2,0x6BF3,0x7413,0x7434,0x7C55,0x7455,0x7456,0x7435,0x8496,0x84B6,0x84D8,
  0x8474,0x8410,0x8C92,0x636F,0x3A4A,0x426B,0x426B,0x3A2A,0x3A09,0x3A09,0x3A09,0x3A09,0x3A29,0x3A09,0x0862,0x0000,
  0x0000,0xFCE0,0x8AA0,0x0000,0x0840,0x0840,0x0840,0x0840,0x0840,0x0820,0x0840,0x0840,0x0840,0x0840,0x0840,0x0041,
  0x0041,0x0041,0x0840,0x0041,0x0840,0x0840,0x0041,0x0041,0x0041,0x0041,0x0041,0x0840,0x0840,0x0041,0x0041,0x0840,
  0x0041,0x0041,0x0041,0x0041,0x0041,0x0041,0x0840,0x0041,0x0041,0x0041,0x0841,0x0841,0x0041,0x0041,0x0041,0x0840,
  0x0041,0x0840,0x0041,0x0041,0x0041,0x0841,0x0041,0x0041,0x0840,0x0841,0x0841,0x0841,0x0840,0x0041,0x0840,0x0841,
  0x0841,0x0841,0x0841,0x0841,0x0841,0x0841,0x0840,0x0840,0x0841,0x0841,0x0840,0x0041,0x0840,0x0841,0x0841,0x0841,
  0x0041,0x0841,0x0841,0x0841,0x0841,0x0841,0x0840,0x0840,0x0841,0x0861,0x0861,0x0861,0x0861,0x0861,0x0841,0x0861,
  0x0841,0x0861,0x0861,0x0841,0x0841,0x0841,0x0861,0x0841,0x0861,0x0861,0x0861,0x0861,0x0861,0x0861,0x0861,0x0841,
  0x0861,0x0861,0x0861,0x0861,0x0861,0x0861,0x0861,0x0861,0x0861,0x0861,0x0861,0x0861,0x0861,0x0841,0x0861,0x0861,
  0x0841,0x0841,0x0861,0x0840,0x0861,0x0861,0x0861,0x0861,0x0861,0x0841,0x0861,0x0861,0x0861,0x0861,0x0841,0x0861,
  0x0861,0x0841,0x0861,0x0861,0x0841,0x0861,0x0841,0x0861,0x0861,0x0841,0x0861,0x0861,0x0841,0x0861,0x0861,0x0861,
  0x0841,0x0841,0x0861,0x0841,0x0841,0x0861,0x0841,0x0841,0x0841,0x0841,0x0841,0x0841,0x0841,0x0841,0x0841,0x0840,
  0x0841,0x0841,0x0841,0x0861,0x0841,0x0841,0x0841,0x0841,0x0041,0x0041,0x0041,0x0041,0x0041,0x0841,0x0041,0x0041,
  0x0041,0x0041,0x0041,0x0840,0x0041,0x0041,0x0041,0x0840,0x0840,0x0840,0x0041,0x0840,0x0840,0x0840,0x0840,0x0840,
  0x0820,0x0820,0x0820,0x0840,0x0000,0xB360,0xFCE0,0x0861,0x10A3,0x0020,0x0841,0x18C4,0x2125,0x0841,0x0861,0x4A8B,
  0x8C93,0x4A69,0x0000,0x0041,0x0020,0x0000,0x0000,0x0000,0x0000,0x0000,0x0000,0x0000,0x0000,0x0000,0x0000,0x0000,
  0x0000,0x0000,0x0000,0x0000,0x0000,0x0000,0x0000,0x0000,0x0000,0x0000,0x0000,0x0840,0x0000,0xB360,0xFCE0,0x3A08,
  0x6B2C,0x4207,0x18C2,0x2103,0x18C3,0x18C2,0x18C2,0x18E3,0x20E3,0x18E3,0x18C2,0x18C2,0x18C2,0x18E3,0x18E3,0x18E3,
  0x18E3,0x18E3,0x2103,0x2924,0x2124,0x2924,0x2945,0x2944,0x2965,0x2965,0x2965,0x2945,0x2965,0x2965,0x2986,0x2966,
  0x2945,0x2145,0x2966,0x2986,0x2966,0x2986,0x31A7,0x2987,0x31A7,0x31C8,0x31E8,0x31C8,0x39E8,0x3A09,0x3A29,0x3A29,
  0x3A4A,0x42AC,0x426C,0x426B,0x428B,0x426B,0x424A,0x3A2A,0x424A,0x3A09,0x3A09,0x3A09,0x39E9,0x3A09,0x0862,0x0000,
  0x0000,0xFCE0,0x8AA0,0x0000,0x0840,0x0840,0x0840,0x0840,0x0840,0x0840,0x0840,0x0840,0x0840,0x0840,0x0041,0x0840,
  0x0840,0x0041,0x0041,0x0041,0x0840,0x0840,0x0840,0x0041,0x0041,0x0840,0x0840,0x0840,0x0041,0x0840,0x0840,0x0041,
  0x0041,0x0840,0x0041,0x0840,0x0041,0x0041,0x0041,0x0041,0x0041,0x0041,0x0041,0x0041,0x0840,0x0041,0x0041,0x0041,
  0x0041,0x0041,0x0041,0x0041,0x0041,0x0041,0x0041,0x0041,0x0041,0x0840,0x0840,0x0841,0x0041,0x0841,0x0840,0x0840,
  0x0841,0x0841,0x0841,0x0840,0x0861,0x0841,0x0840,0x0841,0x0841,0x0840,0x0840,0x0840,0x0841,0x0841,0x0841,0x0041,
  0x0840,0x0840,0x0840,0x0841,0x0841,0x0841,0x0841,0x0841,0x0840,0x0861,0x0841,0x0841,0x0861,0x0861,0x0861,0x0861,
  0x0841,0x0841,0x0861,0x0861,0x0861,0x0841,0x0841,0x0861,0x0861,0x0861,0x0861,0x0861,0x0861,0x0840,0x0861,0x0861,
  0x0861,0x0861,0x0861,0x0861,0x0861,0x0861,0x0841,0x0841,0x0841,0x0861,0x0861,0x0861,0x0861,0x0841,0x0861,0x0861,
  0x0840,0x0861,0x0841,0x0840,0x0841,0x0861,0x0861,0x0861,0x0861,0x0861,0x0861,0x0841,0x0841,0x0841,0x0841,0x0861,
  0x0841,0x0861,0x0841,0x0861,0x0861,0x0861,0x0861,0x0861,0x0861,0x0861,0x0861,0x0861,0x0861,0x0861,0x0841,0x0861,
  0x0861,0x0861,0x0841,0x0861,0x0861,0x0841,0x0841,0x0841,0x0861,0x0841,0x0841,0x0840,0x0841,0x0861,0x0841,0x0841,
  0x0841,0x0861,0x0861,0x0861,0x0841,0x0841,0x0841,0x0840,0x0041,0x0041,0x0041,0x0041,0x0041,0x0840,0x0041,0x0840,
  0x0840,0x0041,0x0041,0x0041,0x0840,0x0041,0x0041,0x0840,0x0041,0x0840,0x0840,0x0041,0x0840,0x0840,0x0840,0x0840,
  0x0840,0x0820,0x0820,0x0840,0x0000,0xBB80,0xFCE0,0x2124,0x5ACB,0x10C3,0x0820,0x0820,0x10A3,0x2104,0x0000,0x0882,
  0x4A8B,0x94B3,0x528A,0x0000,0x3100,0x9AE0,0xAB40,0xBBA0,0xC3A0,0xC3A0,0xCBC0,0xCBE0,0xCBE0,0xCBE0,0xCBC0,0xCBE0,
  0xCBC0,0xCBC0,0xCBC0,0xCBE0,0xCBE0,0xCBE0,0xCBE0,0xC3C0,0xC3A0,0xC3C0,0xAB20,0x0041,0xBB80,0xFCE0,0x4A28,0x6B4C,
  0x2965,0x10A3,0x2124,0x2104,0x2104,0x2104,0x2104,0x2124,0x2124,0x2124,0x2945,0x2945,0x2124,0x2945,0x2965,0x2945,
  0x2965,0x3186,0x3186,0x2966,0x31A6,0x31C7,0x31C7,0x31C7,0x39E8,0x39C7,0x39C7,0x31C7,0x39E8,0x39E8,0x39E8,0x31A7,
  0x31C7,0x31C8,0x31C8,0x31C8,0x31E8,0x31E8,0x31E8,0x39E8,0x31E8,0x39E9,0x3A2A,0x3A2A,0x424A,0x426B,0x4AAC,0x426B,
  0x428B,0x4A8B,0x426B,0x426B,0x424A,0x426B,0x424A,0x424A,0x424A,0x3A09,0x39E9,0x31C8,0x31E8,0x3A09,0x0882,0x0000,
  0x0000,0xFCE0,0x8AA0,0x0000,0x0840,0x0840,0x0840,0x0840,0x0840,0x0820,0x0840,0x0840,0x0840,0x0041,0x0041,0x0840,
  0x0041,0x0840,0x0041,0x0840,0x0041,0x0041,0x0840,0x0840,0x0840,0x0041,0x0840,0x0041,0x0041,0x0840,0x0840,0x0041,
  0x0840,0x0041,0x0840,0x0840,0x0041,0x0041,0x0041,0x0840,0x0041,0x0041,0x0841,0x0041,0x0041,0x0041,0x0041,0x0041,
  0x0041,0x0041,0x0041,0x0841,0x0041,0x0041,0x0840,0x0840,0x0041,0x0041,0x0841,0x0041,0x0841,0x0840,0x0041,0x0840,
  0x0840,0x0841,0x0841,0x0841,0x0841,0x0841,0x0840,0x0840,0x0840,0x0841,0x0841,0x0840,0x0840,0x0041,0x0840,0x0841,
  0x0841,0x0041,0x0841,0x0841,0x0841,0x0841,0x0841,0x0841,0x0841,0x0841,0x0841,0x0841,0x0861,0x0861,0x0841,0x0841,
  0x0840,0x0861,0x0861,0x0861,0x0861,0x0841,0x0841,0x0841,0x0841,0x0861,0x0861,0x0861,0x0861,0x0861,0x0861,0x0841,
  0x0841,0x0861,0x0841,0x0861,0x0861,0x0861,0x0861,0x0861,0x0841,0x0861,0x0861,0x0841,0x0861,0x0841,0x0861,0x0841,
  0x0841,0x0841,0x0841,0x0841,0x0841,0x0841,0x0841,0x0841,0x0861,0x0841,0x0861,0x0861,0x0841,0x0861,0x0861,0x0841,
  0x0861,0x0861,0x0861,0x0861,0x0861,0x0841,0x0861,0x0861,0x0861,0x0861,0x0841,0x0861,0x0861,0x0861,0x0861,0x0841,
  0x0861,0x0861,0x0861,0x0861,0x0861,0x0861,0x0841,0x0841,0x0861,0x0841,0x0861,0x0841,0x0861,0x0841,0x0841,0x0841,
  0x0841,0x0841,0x0841,0x0861,0x0841,0x0841,0x0841,0x0840,0x0041,0x0041,0x0041,0x0041,0x0840,0x0041,0x0041,0x0840,
  0x0041,0x0041,0x0041,0x0041,0x0041,0x0840,0x0041,0x0840,0x0041,0x0840,0x0041,0x0041,0x0840,0x0840,0x0840,0x0840,
  0x0840,0x0820,0x0820,0x0840,0x0000,0xB360,0xFCE0,0x1904,0x39E8,0x0841,0x0000,0x0000,0x0020,0x10A3,0x10A3,0x0020,
  0x10A2,0x5AEC,0x9D14,0x528A,0x0000,0x61E0,0x9AE0,0xAB40,0xB360,0xB360,0xBB80,0xC3A0,0xC3A0,0xC3A0,0xC3A0,0xC3A0,
  0xBBA0,0xBBA0,0xC3A0,0xC3A0,0xBBA0,0xBBA0,0xBBA0,0xBB80,0xB360,0xBB80,0x5180,0xC3A0,0xFCE0,0x4207,0x6B4D,0x3186,
  0x10A2,0x2104,0x2104,0x2104,0x2104,0x2104,0x2104,0x2104,0x2104,0x2124,0x2124,0x2124,0x2124,0x2945,0x2945,0x2945,
  0x2945,0x2965,0x2965,0x2986,0x31A6,0x31A7,0x31A7,0x31A7,0x31C7,0x31A7,0x31A6,0x31C7,0x39E8,0x31C7,0x31A7,0x31A7,
  0x31C7,0x31C7,0x31C7,0x31C8,0x31C8,0x31C8,0x31C8,0x31C8,0x31C8,0x39E8,0x3A09,0x3A2A,0x424A,0x424A,0x424A,0x426B,
  0x424A,0x424A,0x428B,0x424A,0x424A,0x424A,0x3A2A,0x3A09,0x3A09,0x31E9,0x3A09,0x39E8,0x31C8,0x31E9,0x0882,0x0000,
  0x0000,0xFCE0,0x8AA0,0x0000,0x0840,0x0840,0x0840,0x0840,0x0840,0x0840,0x0840,0x0840,0x0840,0x0840,0x0840,0x0840,
  0x0041,0x0840,0x0041,0x0840,0x0041,0x0840,0x0840,0x0041,0x0840,0x0840,0x0041,0x0041,0x0041,0x0041,0x0041,0x0840,
  0x0840,0x0041,0x0840,0x0840,0x0041,0x0041,0x0041,0x0041,0x0840,0x0041,0x0041,0x0041,0x0840,0x0841,0x0841,0x0041,
  0x0041,0x0041,0x0041,0x0841,0x0841,0x0841,0x0041,0x0041,0x0041,0x0041,0x0840,0x0841,0x0041,0x0840,0x0041,0x0841,
  0x0041,0x0840,0x0041,0x0041,0x0840,0x0841,0x0841,0x0841,0x0840,0x0841,0x0841,0x0841,0x0841,0x0840,0x0841,0x0840,
  0x0840,0x0841,0x0841,0x0840,0x0841,0x0840,0x0840,0x0861,0x0841,0x0841,0x0841,0x0841,0x0841,0x0861,0x0861,0x0841,
  0x0861,0x0861,0x0841,0x0841,0x0841,0x0841,0x0841,0x0861,0x0841,0x0861,0x0861,0x0861,0x0841,0x0861,0x0841,0x0841,
  0x0861,0x0861,0x0861,0x0841,0x0861,0x0861,0x0841,0x0861,0x0861,0x0861,0x0861,0x0861,0x0861,0x0841,0x0861,0x0841,
  0x0841,0x0840,0x0841,0x0841,0x0841,0x0841,0x0841,0x0841,0x0861,0x0861,0x0861,0x0861,0x0861,0x0841,0x0861,0x0861,
  0x0841,0x0861,0x0861,0x0861,0x0861,0x0861,0x0861,0x0861,0x0861,0x0861,0x0861,0x0841,0x0861,0x0861,0x0841,0x0841,
  0x0861,0x0861,0x0861,0x0841,0x0861,0x0861,0x0841,0x0841,0x0841,0x0841,0x0841,0x0841,0x0841,0x0861,0x0841,0x0841,
  0x0841,0x0861,0x0861,0x0841,0x0861,0x0841,0x0841,0x0841,0x0841,0x0041,0x0840,0x0041,0x0041,0x0041,0x0041,0x0041,
  0x0840,0x0840,0x0041,0x0041,0x0041,0x0840,0x0840,0x0840,0x0041,0x0840,0x0041,0x0041,0x0840,0x0840,0x0840,0x0820,
  0x0840,0x0820,0x0820,0x0840,0x0000,0xB360,0xFCE0,0x1082,0x4228,0x4228,0x3186,0x18E3,0x0841,0x0840,0x0862,0x2945,
  0x0020,0x10C3,0x52EC,0x9493,0x5289,0x2923,0x3164,0x3164,0x3144,0x3144,0x2943,0x3144,0x3144,0x3144,0x3144,0x3144,
  0x3144,0x3144,0x3164,0x3144,0x3164,0x3164,0x3164,0x3164,0x3164,0x2923,0xB360,0xFCE0,0x41E7,0x6B2C,0x31A7,0x18E3,
  0x2124,0x1904,0x18E3,0x2104,0x2104,0x2104,0x2104,0x2124,0x2124,0x2124,0x2124,0x2945,0x2945,0x2145,0x2945,0x2965,
  0x2965,0x2945,0x2966,0x3186,0x3186,0x31C7,0x31A6,0x31A6,0x31A7,0x3186,0x3186,0x31A6,0x31A7,0x31A7,0x31A7,0x31A7,
  0x31A7,0x31A7,0x31A7,0x31A7,0x31A7,0x31C7,0x31C8,0x31C8,0x31A7,0x31E8,0x39E8,0x3A09,0x3A09,0x3A09,0x424A,0x424A,
  0x3A2A,0x424A,0x426B,0x424A,0x3A09,0x3A09,0x3A09,0x39E9,0x39E9,0x31E8,0x3A09,0x31C8,0x31C8,0x31C8,0x0841,0x0000,
  0x0000,0xFCE0,0x8AA0,0x0000,0x0840,0x0840,0x0840,0x0840,0x0840,0x0840,0x0840,0x0840,0x0840,0x0840,0x0840,0x0041,
  0x0041,0x0840,0x0041,0x0041,0x0041,0x0041,0x0840,0x0840,0x0840,0x0041,0x0041,0x0041,0x0041,0x0840,0x0840,0x0840,
  0x0840,0x0041,0x0840,0x0041,0x0041,0x0041,0x0840,0x0041,0x0041,0x0840,0x0840,0x0041,0x0041,0x0041,0x0041,0x0041,
  0x0041,0x0041,0x0841,0x0041,0x0841,0x0840,0x0041,0x0041,0x0841,0x0041,0x0841,0x0840,0x0840,0x0840,0x0840,0x0840,
  0x0041,0x0041,0x0041,0x0840,0x0840,0x0841,0x0041,0x0840,0x0840,0x0840,0x0841,0x0841,0x0041,0x0841,0x0841,0x0840,
  0x0840,0x0041,0x0041,0x0840,0x0041,0x0840,0x0841,0x0840,0x0841,0x0841,0x0841,0x0841,0x0841,0x0861,0x0841,0x0841,
  0x0861,0x0841,0x0861,0x0861,0x0841,0x0841,0x0841,0x0861,0x0861,0x0861,0x0861,0x0861,0x0861,0x0861,0x0861,0x0861,
  0x0861,0x0861,0x0861,0x0861,0x0861,0x0840,0x0841,0x0841,0x0041,0x0841,0x0861,0x0861,0x0861,0x0861,0x0861,0x0841,
  0x0841,0x0841,0x0840,0x0840,0x0840,0x0861,0x0841,0x0841,0x0861,0x0861,0x0861,0x0861,0x0861,0x0841,0x0861,0x0861,
  0x0861,0x0861,0x0841,0x0861,0x0861,0x0861,0x0861,0x0861,0x0861,0x0861,0x0861,0x0841,0x0861,0x0861,0x0861,0x0841,
  0x0861,0x0861,0x0861,0x0861,0x0861,0x0861,0x0861,0x0861,0x0861,0x0861,0x0841,0x0841,0x0841,0x0841,0x0841,0x0841,
  0x0841,0x0841,0x0841,0x0841,0x0841,0x0841,0x0841,0x0840,0x0041,0x0041,0x0841,0x0841,0x0041,0x0041,0x0041,0x0041,
  0x0041,0x0041,0x0840,0x0840,0x0840,0x0041,0x0041,0x0840,0x0041,0x0041,0x0041,0x0041,0x0021,0x0041,0x0840,0x0840,
  0x0840,0x0820,0x0820,0x0840,0x0000,0xAB40,0xFCE0,0x0861,0x528A,0x6B4D,0x4A49,0x2966,0x1082,0x0841,0x0020,0x18E3,
  0x2104,0x0000,0x1082,0x4A8B,0x8CB3,0xA556,0xA555,0xA535,0xA535,0x9D35,0x9D14,0x9CF4,0x9CF4,0x94D3,0x94D3,0x94D4,
  0x94B3,0x8C92,0x8CB3,0x8C92,0x8472,0x8451,0x8451,0x8451,0x7C11,0x73D0,0x73D1,0x4208,0x5AEB,0x3186,0x2104,0x2945,
  0x2124,0x2124,0x2104,0x2104,0x2104,0x2124,0x2124,0x2124,0x2145,0x2945,0x2965,0x2965,0x2965,0x2945,0x2965,0x2965,
  0x3186,0x2986,0x31A6,0x31A7,0x31A7,0x31A7,0x31A7,0x3186,0x31A7,0x31C7,0x39C7,0x31C7,0x39E7,0x39C7,0x31C7,0x39E8,
  0x31C8,0x31C7,0x31C8,0x31C7,0x31C8,0x31E8,0x3A08,0x3A09,0x39E8,0x3A29,0x3A09,0x3A09,0x31E9,0x3A09,0x424A,0x424A,
  0x426B,0x4AAC,0x4A8B,0x426B,0x426B,0x424A,0x3A09,0x3A09,0x3A09,0x39E9,0x31E9,0x31E8,0x31C8,0x0882,0x0000,0x1082,
  0x0000,0xFCE0,0x8AA0,0x0000,0x0840,0x0840,0x0840,0x0840,0x0840,0x0840,0x0840,0x0840,0x0840,0x0840,0x0840,0x0041,
  0x0840,0x0840,0x0041,0x0840,0x0840,0x0840,0x0041,0x0840,0x0840,0x0041,0x0840,0x0840,0x0041,0x0840,0x0840,0x0840,
  0x0041,0x0041,0x0041,0x0840,0x0840,0x0041,0x0041,0x0840,0x0041,0x0041,0x0041,0x0041,0x0041,0x0041,0x0840,0x0840,
  0x0041,0x0041,0x0841,0x0841,0x0841,0x0041,0x0041,0x0840,0x0041,0x0841,0x0840,0x0041,0x0841,0x0041,0x0840,0x0041,
  0x0041,0x0041,0x0041,0x0841,0x0840,0x0041,0x0041,0x0840,0x0840,0x0840,0x0841,0x0840,0x0840,0x0041,0x0840,0x0841,
  0x0840,0x0041,0x0840,0x0840,0x0840,0x0840,0x0840,0x0840,0x0841,0x0841,0x0841,0x0841,0x0841,0x0840,0x0840,0x0840,
  0x0841,0x0841,0x0041,0x0840,0x0841,0x0841,0x0840,0x0841,0x0861,0x0861,0x0861,0x0861,0x0861,0x0861,0x0861,0x0861,
  0x0861,0x0861,0x0861,0x0861,0x0861,0x0861,0x0840,0x0840,0x0840,0x0841,0x0841,0x0841,0x0841,0x0861,0x0841,0x0841,
  0x0841,0x0841,0x0840,0x0841,0x0840,0x0841,0x0861,0x0861,0x0861,0x0841,0x0861,0x0841,0x0841,0x0841,0x0861,0x0861,
  0x0861,0x0861,0x0861,0x0841,0x0861,0x0861,0x0861,0x0841,0x0861,0x0861,0x0841,0x0861,0x0841,0x0861,0x0861,0x0861,
  0x0861,0x0861,0x0861,0x0861,0x0861,0x0861,0x0841,0x0841,0x0861,0x0861,0x0841,0x0861,0x0841,0x0841,0x0861,0x0841,
  0x0841,0x0841,0x0840,0x0041,0x0840,0x0841,0x0841,0x0841,0x0041,0x0840,0x0041,0x0041,0x0041,0x0041,0x0041,0x0041,
  0x0041,0x0041,0x0840,0x0840,0x0840,0x0840,0x0840,0x0041,0x0041,0x0041,0x0840,0x0041,0x0840,0x0840,0x0840,0x0840,
  0x0820,0x0820,0x0820,0x0840,0x0000,0xB360,0xFCE0,0x0840,0x2945,0x39E7,0x31A6,0x2945,0x1082,0x0021,0x0000,0x0020,
  0x1082,0x18C3,0x0841,0x10A3,0x3A08,0x31A7,0x2966,0x2145,0x2966,0x2966,0x2145,0x2125,0x18E4,0x10C3,0x18C3,0x18E3,
  0x18C3,0x10C3,0x10A3,0x1082,0x0862,0x0840,0x0840,0x0820,0x0041,0x0862,0x0841,0x4228,0x2104,0x0841,0x10A2,0x10A2,
  0x10C3,0x10A2,0x1082,0x10A2,0x10A2,0x10A2,0x10C3,0x18C3,0x18E3,0x18E3,0x18E3,0x18E3,0x18E3,0x18C3,0x18C3,0x18E4,
  0x2104,0x2124,0x2124,0x2104,0x2104,0x2104,0x2124,0x2104,0x2104,0x2124,0x2125,0x2125,0x2125,0x2125,0x2125,0x2125,
  0x2104,0x2104,0x2105,0x2104,0x2125,0x2145,0x2966,0x2146,0x2145,0x2145,0x2125,0x2125,0x2125,0x2125,0x2146,0x2987,
  0x31A7,0x31A7,0x29A7,0x2987,0x2987,0x2966,0x2146,0x2145,0x2146,0x2125,0x2125,0x2145,0x0862,0x0000,0x0862,0x18C3,
  0x0000,0xFCE0,0x8AA0,0x0000,0x0840,0x0840,0x0840,0x0840,0x0840,0x0840,0x0840,0x0840,0x0840,0x0041,0x0840,0x0840,
  0x0840,0x0041,0x0041,0x0840,0x0840,0x0840,0x0041,0x0041,0x0041,0x0041,0x0041,0x0041,0x0041,0x0041,0x0840,0x0041,
  0x0840,0x0840,0x0840,0x0840,0x0840,0x0041,0x0041,0x0041,0x0041,0x0041,0x0041,0x0841,0x0041,0x0041,0x0041,0x0041,
  0x0041,0x0041,0x0041,0x0841,0x0041,0x0841,0x0041,0x0041,0x0041,0x0041,0x0840,0x0840,0x0841,0x0841,0x0041,0x0840,
  0x0041,0x0041,0x0041,0x0041,0x0041,0x0041,0x0041,0x0041,0x0841,0x0841,0x0840,0x0840,0x0841,0x0041,0x0840,0x0841,
  0x0841,0x0041,0x0841,0x0041,0x0041,0x0840,0x0840,0x0041,0x0841,0x0041,0x0840,0x0841,0x0841,0x0841,0x0841,0x0841,
  0x0841,0x0841,0x0841,0x0840,0x0841,0x0840,0x0840,0x0841,0x0841,0x0861,0x0861,0x0861,0x0840,0x0841,0x0841,0x0861,
  0x0841,0x0861,0x0841,0x0841,0x0841,0x0861,0x0861,0x0841,0x0841,0x0841,0x0861,0x0841,0x0841,0x0841,0x0841,0x0841,
  0x0861,0x0841,0x0841,0x0861,0x0861,0x0861,0x0861,0x0861,0x0861,0x0841,0x0861,0x0861,0x0841,0x0841,0x0861,0x0861,
  0x0841,0x0841,0x0861,0x0841,0x0841,0x0861,0x0841,0x0861,0x0861,0x0861,0x0861,0x0841,0x0861,0x0861,0x0861,0x0861,
  0x0861,0x0861,0x0841,0x0841,0x0861,0x0861,0x0841,0x0861,0x0861,0x0841,0x0841,0x0861,0x0841,0x0861,0x0861,0x0861,
  0x0841,0x0840,0x0041,0x0841,0x0041,0x0841,0x0841,0x0841,0x0041,0x0841,0x0840,0x0041,0x0041,0x0041,0x0041,0x0041,
  0x0840,0x0041,0x0041,0x0041,0x0840,0x0840,0x0840,0x0840,0x0840,0x0041,0x0041,0x0840,0x0840,0x0840,0x0840,0x0820,
  0x0840,0x0820,0x0820,0x0840,0x0000,0xB360,0xFCE0,0x0820,0x0841,0x0862,0x18E3,0x52CA,0x4A69,0x3186,0x2104,0x0021,
  0x0020,0x1082,0x2104,0x0020,0x0000,0x0000,0x0000,0x0000,0x0000,0x0000,0x0000,0x0000,0x0000,0x0000,0x0000,0x0000,
  0x0000,0x0000,0x0000,0x0000,0x0000,0x0000,0x0000,0x0000,0x0000,0x0000,0x0020,0x0000,0x0000,0x0000,0x0000,0x0000,
  0x0000,0x0000,0x0000,0x0000,0x0000,0x0000,0x0000,0x0000,0x0000,0x0000,0x0000,0x0000,0x0000,0x0000,0x0000,0x0000,
  0x0000,0x0000,0x0000,0x0000,0x0000,0x0000,0x0000,0x0000,0x0000,0x0000,0x0000,0x0000,0x0000,0x0000,0x0000,0x0000,
  0x0000,0x0000,0x0000,0x0000,0x0000,0x0000,0x0000,0x0000,0x0000,0x0000,0x0000,0x0000,0x0000,0x0000,0x0000,0x0000,
  0x0000,0x0000,0x0000,0x0000,0x0000,0x0000,0x0000,0x0000,0x0000,0x0000,0x0000,0x0000,0x0000,0x2104,0x31C7,0x2945,
  0x0000,0xFCE0,0x8A80,0x0000,0x0840,0x0840,0x0840,0x0840,0x0840,0x0840,0x0840,0x0840,0x0041,0x0041,0x0041,0x0840,
  0x0041,0x0041,0x0840,0x0041,0x0041,0x0041,0x0840,0x0041,0x0041,0x0840,0x0840,0x0041,0x0840,0x0041,0x0041,0x0041,
  0x0041,0x0041,0x0840,0x0840,0x0041,0x0041,0x0041,0x0041,0x0041,0x0041,0x0041,0x0041,0x0041,0x0840,0x0041,0x0041,
  0x0041,0x0041,0x0041,0x0041,0x0041,0x0041,0x0041,0x0041,0x0041,0x0041,0x0041,0x0840,0x0840,0x0041,0x0041,0x0840,
  0x0041,0x0041,0x0041,0x0041,0x0041,0x0041,0x0840,0x0840,0x0841,0x0840,0x0841,0x0840,0x0840,0x0840,0x0841,0x0841,
  0x0840,0x0840,0x0840,0x0041,0x0041,0x0840,0x0841,0x0840,0x0841,0x0840,0x0841,0x0840,0x0840,0x0840,0x0841,0x0840,
  0x0840,0x0841,0x0841,0x0840,0x0840,0x0841,0x0841,0x0861,0x0861,0x0861,0x0841,0x0841,0x0841,0x0841,0x0861,0x0861,
  0x0861,0x0861,0x0861,0x0841,0x0861,0x0861,0x0861,0x0861,0x0861,0x0861,0x0861,0x0841,0x0861,0x0861,0x0861,0x0841,
  0x0861,0x0861,0x0841,0x0861,0x0861,0x0861,0x0861,0x0861,0x0861,0x0861,0x0861,0x0861,0x0861,0x0861,0x0841,0x0861,
  0x0861,0x0861,0x0841,0x0861,0x0861,0x0861,0x0861,0x0861,0x0841,0x0841,0x0841,0x0841,0x0841,0x0861,0x0841,0x0861,
  0x0841,0x0841,0x0861,0x0841,0x0861,0x0841,0x0840,0x0841,0x0841,0x0841,0x0841,0x0841,0x0841,0x0861,0x0841,0x0841,
  0x0841,0x0841,0x0841,0x0840,0x0041,0x0041,0x0841,0x0840,0x0041,0x0041,0x0041,0x0041,0x0041,0x0041,0x0041,0x0041,
  0x0840,0x0041,0x0041,0x0840,0x0041,0x0041,0x0840,0x0840,0x0840,0x0840,0x0840,0x0041,0x0840,0x0820,0x0840,0x0840,
  0x0840,0x0021,0x0820,0x0840,0x0000,0xB360,0xFCE0,0x0840,0x0000,0x0000,0x10A2,0x39E7,0x528A,0x5269,0x3186,0x1082,
  0x0020,0x0020,0x1082,0x10A2,0x1082,0x10A2,0x2104,0x1082,0x0841,0x0000,0x0841,0x0882,0x10A2,0x2945,0x18E3,0x1082,
  0x0862,0x0020,0x0840,0x0020,0x0861,0x1904,0x2125,0x1904,0x0861,0x0000,0x0000,0x1082,0x2104,0x2104,0x2145,0x18C3,
  0x0000,0x0000,0x0020,0x0862,0x10A3,0x18E4,0x2966,0x10A3,0x0820,0x0000,0x0840,0x10C3,0x2125,0x2945,0x10C3,0x0000,
  0x0000,0x0020,0x0841,0x2125,0x2966,0x18E4,0x10A2,0x0021,0x0000,0x0020,0x0862,0x10A3,0x18E4,0x2966,0x10C3,0x0861,
  0x0000,0x0820,0x1060,0x1081,0x2966,0x31C7,0x0862,0x0000,0x0000,0x0020,0x0840,0x0840,0x2125,0x3A09,0x10A4,0x1060,
  0x0020,0x0020,0x0840,0x0020,0x1904,0x2966,0x18C4,0x10A3,0x1060,0x0820,0x0000,0x0841,0x1904,0x39C7,0x4249,0x31A6,
  0x0000,0xFCE0,0x8280,0x0000,0x0840,0x0840,0x0840,0x0840,0x0840,0x0840,0x0840,0x0840,0x0041,0x0840,0x0840,0x0840,
  0x0840,0x0021,0x0840,0x0041,0x0041,0x0041,0x0041,0x0840,0x0041,0x0041,0x0041,0x0840,0x0041,0x0041,0x0041,0x0840,
  0x0041,0x0041,0x0041,0x0840,0x0840,0x0840,0x0041,0x0041,0x0041,0x0840,0x0041,0x0041,0x0041,0x0840,0x0041,0x0041,
  0x0041,0x0041,0x0041,0x0841,0x0841,0x0041,0x0041,0x0041,0x0041,0x0041,0x0041,0x0041,0x0041,0x0841,0x0841,0x0041,
  0x0041,0x0041,0x0041,0x0041,0x0041,0x0840,0x0041,0x0840,0x0041,0x0841,0x0041,0x0041,0x0041,0x0841,0x0841,0x0841,
  0x0841,0x0041,0x0041,0x0041,0x0041,0x0840,0x0840,0x0840,0x0841,0x0041,0x0840,0x0840,0x0840,0x0841,0x0841,0x0841,
  0x0840,0x0841,0x0840,0x0840,0x0840,0x0841,0x0841,0x0861,0x0841,0x0841,0x0841,0x0841,0x0841,0x0841,0x0841,0x0861,
  0x0861,0x0861,0x0861,0x0861,0x0840,0x0861,0x0861,0x0861,0x0861,0x0861,0x0861,0x0841,0x0841,0x0841,0x0841,0x0841,
  0x0840,0x0841,0x0841,0x0861,0x0861,0x0861,0x0861,0x0861,0x0861,0x0861,0x0861,0x0861,0x0861,0x0840,0x0841,0x0841,
  0x0861,0x0861,0x0861,0x0841,0x0841,0x0861,0x0861,0x0861,0x0861,0x0861,0x0841,0x0861,0x0861,0x0861,0x0861,0x0841,
  0x0861,0x0841,0x0861,0x0861,0x0841,0x0841,0x0841,0x0841,0x0841,0x0841,0x0841,0x0841,0x0841,0x0841,0x0861,0x0841,
  0x0841,0x0841,0x0840,0x0841,0x0041,0x0841,0x0841,0x0841,0x0840,0x0041,0x0041,0x0041,0x0041,0x0041,0x0041,0x0041,
  0x0041,0x0041,0x0041,0x0041,0x0041,0x0840,0x0840,0x0041,0x0041,0x0041,0x0041,0x0041,0x0840,0x0840,0x0840,0x0820,
  0x0820,0x0820,0x0840,0x0840,0x0000,0xB360,0xFCE0,0x0882,0x18C3,0x0020,0x0841,0x18C3,0x31A6,0x4A49,0x39C7,0x2945,
  0x18E4,0x0862,0x0021,0x0821,0x0861,0x2986,0x39C7,0x2986,0x2125,0x0861,0x0021,0x0841,0x1904,0x31A6,0x3186,0x31C8,
  0x2146,0x0882,0x0862,0x0020,0x0861,0x18E4,0x2987,0x3A08,0x2125,0x10A3,0x0861,0x0861,0x1082,0x2145,0x3A08,0x2945,
  0x18E4,0x18C4,0x0841,0x0841,0x0882,0x2104,0x31A6,0x2986,0x2125,0x10A3,0x0841,0x0862,0x2945,0x4A49,0x31A7,0x1904,
  0x18E4,0x0862,0x0841,0x18C3,0x2125,0x2966,0x2966,0x2145,0x18E4,0x0882,0x0021,0x0841,0x2986,0x52AB,0x31C7,0x2145,
  0x1082,0x0841,0x0862,0x18C3,0x3A08,0x31A7,0x18E4,0x10C3,0x1082,0x0841,0x0841,0x0841,0x1082,0x1904,0x18E4,0x10A3,
  0x1881,0x0840,0x0020,0x0021,0x10A3,0x1904,0x2125,0x1904,0x1060,0x0820,0x0000,0x0020,0x0862,0x1904,0x39C7,0x39C7,
  0x0000,0xFCE0,0x8280,0x0000,0x0840,0x0840,0x0840,0x0840,0x0840,0x0840,0x0840,0x0840,0x0840,0x0041,0x0840,0x0840,
  0x0840,0x0840,0x0840,0x0041,0x0041,0x0041,0x0041,0x0041,0x0840,0x0041,0x0840,0x0041,0x0041,0x0041,0x0041,0x0041,
  0x0840,0x0840,0x0840,0x0041,0x0840,0x0840,0x0041,0x0840,0x0041,0x0840,0x0840,0x0041,0x0041,0x0041,0x0041,0x0840,
  0x0041,0x0041,0x0041,0x0041,0x0041,0x0041,0x0041,0x0840,0x0041,0x0840,0x0840,0x0041,0x0840,0x0840,0x0041,0x0041,
  0x0041,0x0041,0x0041,0x0041,0x0840,0x0041,0x0041,0x0041,0x0041,0x0041,0x0041,0x0041,0x0840,0x0841,0x0841,0x0841,
  0x0840,0x0840,0x0840,0x0041,0x0840,0x0840,0x0841,0x0841,0x0841,0x0840,0x0041,0x0841,0x0840,0x0840,0x0841,0x0840,
  0x0840,0x0840,0x0840,0x0841,0x0840,0x0841,0x0861,0x0861,0x0861,0x0841,0x0840,0x0840,0x0841,0x0861,0x0841,0x0841,
  0x0841,0x0841,0x0861,0x0841,0x0841,0x0861,0x0841,0x0861,0x0840,0x0861,0x0861,0x0840,0x0841,0x0841,0x0840,0x0841,
  0x0840,0x0841,0x0841,0x0841,0x0841,0x0861,0x0861,0x0861,0x0861,0x0861,0x0861,0x0841,0x0861,0x0861,0x0861,0x0841,
  0x0861,0x0861,0x0861,0x0861,0x0841,0x0841,0x0861,0x0841,0x0861,0x0861,0x0841,0x0841,0x0841,0x0861,0x0841,0x0841,
  0x0841,0x0841,0x0861,0x0861,0x0861,0x0841,0x0841,0x0861,0x0841,0x0840,0x0841,0x0841,0x0841,0x0841,0x0841,0x0841,
  0x0841,0x0841,0x0840,0x0041,0x0841,0x0841,0x0841,0x0041,0x0840,0x0041,0x0840,0x0041,0x0041,0x0041,0x0041,0x0041,
  0x0041,0x0840,0x0041,0x0041,0x0041,0x0041,0x0041,0x0041,0x0840,0x0840,0x0840,0x0041,0x0840,0x0840,0x0840,0x0840,
  0x0820,0x0840,0x0840,0x0840,0x0000,0xB360,0xFCE0,0x18E4,0x4229,0x18E4,0x0840,0x0820,0x0841,0x18C3,0x1082,0x0020,
  0x0020,0x0000,0x0000,0x0000,0x0000,0x0000,0x0000,0x0041,0x0021,0x0000,0x0000,0x0000,0x0000,0x0000,0x0000,0x0862,
  0x0021,0x0000,0x0000,0x0000,0x0000,0x0000,0x0000,0x0841,0x0862,0x0841,0x0020,0x0000,0x0000,0x0000,0x0000,0x0000,
  0x0841,0x0021,0x0000,0x0000,0x0000,0x0000,0x0000,0x0841,0x0882,0x0041,0x0000,0x0000,0x0000,0x0020,0x0841,0x0882,
  0x0862,0x0820,0x0000,0x0000,0x0000,0x0000,0x0861,0x0882,0x0882,0x0840,0x0000,0x0000,0x0000,0x1082,0x18C3,0x1082,
  0x1082,0x2945,0x2965,0x31C7,0x3A08,0x2145,0x31A6,0x4208,0x39E8,0x3186,0x3186,0x2965,0x2945,0x2945,0x31A7,0x39E7,
  0x39C7,0x2966,0x2945,0x2945,0x2125,0x2125,0x31A6,0x2986,0x3186,0x3186,0x2966,0x2945,0x2124,0x0021,0x0021,0x1082,
  0x0000,0xFCE0,0x8280,0x0000,0x0840,0x0840,0x0840,0x0840,0x0840,0x0840,0x0840,0x0041,0x0840,0x0041,0x0021,0x0840,
  0x0840,0x0840,0x0021,0x0041,0x0041,0x0041,0x0840,0x0840,0x0041,0x0041,0x0041,0x0840,0x0840,0x0840,0x0041,0x0840,
  0x0041,0x0840,0x0840,0x0041,0x0041,0x0840,0x0840,0x0840,0x0840,0x0840,0x0840,0x0041,0x0041,0x0041,0x0840,0x0840,
  0x0041,0x0041,0x0041,0x0041,0x0041,0x0041,0x0041,0x0041,0x0840,0x0041,0x0041,0x0041,0x0840,0x0840,0x0041,0x0041,
  0x0041,0x0041,0x0041,0x0041,0x0041,0x0041,0x0041,0x0041,0x0041,0x0041,0x0041,0x0041,0x0840,0x0840,0x0841,0x0841,
  0x0840,0x0840,0x0041,0x0041,0x0041,0x0840,0x0841,0x0841,0x0840,0x0840,0x0840,0x0841,0x0841,0x0861,0x0840,0x0041,
  0x0840,0x0840,0x0841,0x0840,0x0840,0x0840,0x0861,0x0841,0x0861,0x0841,0x0841,0x0840,0x0841,0x0840,0x0840,0x0841,
  0x0841,0x0841,0x0840,0x0861,0x0861,0x0861,0x0861,0x0861,0x0861,0x0841,0x0841,0x0841,0x0840,0x0841,0x0840,0x0841,
  0x0840,0x0840,0x0840,0x0841,0x0041,0x0841,0x0841,0x0841,0x0861,0x0861,0x0841,0x0841,0x0861,0x0841,0x0841,0x0841,
  0x0840,0x0841,0x0841,0x0861,0x0841,0x0861,0x0861,0x0841,0x0861,0x0861,0x0841,0x0841,0x0841,0x0861,0x0841,0x0841,
  0x0861,0x0841,0x0861,0x0841,0x0841,0x0841,0x0840,0x0841,0x0841,0x0041,0x0840,0x0840,0x0841,0x0840,0x0041,0x0041,
  0x0041,0x0841,0x0840,0x0041,0x0841,0x0841,0x0840,0x0041,0x0840,0x0840,0x0041,0x0041,0x0041,0x0041,0x0041,0x0041,
  0x0041,0x0840,0x0840,0x0041,0x0041,0x0840,0x0840,0x0840,0x0840,0x0840,0x0840,0x0840,0x0840,0x0840,0x0840,0x0840,
  0x0840,0x0840,0x0840,0x0840,0x0000,0xAB40,0xFCE0,0x1904,0x4A6A,0x2104,0x0820,0x0000,0x0021,0x0862,0x0000,0x2945,
  0x31C7,0x31A6,0x31C6,0x39E7,0x39E7,0x39C7,0x31A6,0x3186,0x31A6,0x31A6,0x31A6,0x39E7,0x39E7,0x39C7,0x3186,0x2965,
  0x3186,0x31A6,0x3186,0x3186,0x31A6,0x3186,0x2945,0x2145,0x2945,0x2945,0x2945,0x2145,0x2145,0x2125,0x2124,0x2125,
  0x2104,0x2104,0x18E4,0x18E4,0x2104,0x18E4,0x18C3,0x10A2,0x18C3,0x18C3,0x18E4,0x18E3,0x18C3,0x10A3,0x10C3,0x10A2,
  0x10A2,0x10A3,0x18C3,0x18E3,0x18E3,0x18C3,0x10C3,0x18C3,0x18C3,0x18E4,0x2104,0x2124,0x10A2,0x0000,0x0041,0x0840,
  0x0000,0x0000,0x0000,0x0000,0x0000,0x0000,0x0000,0x0000,0x0000,0x0000,0x0000,0x0000,0x0000,0x0020,0x0000,0x0000,
  0x0000,0x0020,0x0841,0x0841,0x0862,0x0862,0x1083,0x10A3,0x10A3,0x10C3,0x18C3,0x10C3,0x2966,0x3186,0x0020,0x0000,
  0x0000,0xFCE0,0x8280,0x0000,0x0840,0x0840,0x0840,0x0840,0x0840,0x0840,0x0840,0x0840,0x0840,0x0840,0x0840,0x0840,
  0x0820,0x0840,0x0021,0x0840,0x0041,0x0840,0x0840,0x0041,0x0041,0x0840,0x0041,0x0041,0x0041,0x0041,0x0041,0x0840,
  0x0840,0x0041,0x0840,0x0840,0x0840,0x0840,0x0840,0x0840,0x0840,0x0041,0x0840,0x0041,0x0041,0x0041,0x0041,0x0840,
  0x0840,0x0041,0x0840,0x0041,0x0041,0x0041,0x0840,0x0840,0x0041,0x0041,0x0041,0x0041,0x0840,0x0041,0x0041,0x0041,
  0x0041,0x0041,0x0041,0x0041,0x0840,0x0041,0x0041,0x0041,0x0041,0x0041,0x0840,0x0041,0x0840,0x0041,0x0840,0x0840,
  0x0840,0x0041,0x0041,0x0041,0x0041,0x0841,0x0840,0x0840,0x0840,0x0841,0x0841,0x0841,0x0841,0x0841,0x0840,0x0840,
  0x0041,0x0840,0x0840,0x0840,0x0841,0x0840,0x0840,0x0840,0x0841,0x0841,0x0841,0x0841,0x0841,0x0841,0x0841,0x0841,
  0x0840,0x0861,0x0861,0x0841,0x0841,0x0861,0x0861,0x0861,0x0841,0x0841,0x0840,0x0841,0x0841,0x0841,0x0041,0x0840,
  0x0840,0x0840,0x0041,0x0041,0x0840,0x0840,0x0840,0x0841,0x0840,0x0861,0x0841,0x0841,0x0841,0x0841,0x0841,0x0841,
  0x0841,0x0840,0x0841,0x0841,0x0861,0x0861,0x0841,0x0841,0x0861,0x0861,0x0861,0x0861,0x0841,0x0841,0x0840,0x0841,
  0x0841,0x0861,0x0841,0x0841,0x0841,0x0841,0x0840,0x0841,0x0841,0x0841,0x0841,0x0841,0x0840,0x0841,0x0840,0x0840,
  0x0041,0x0041,0x0841,0x0840,0x0841,0x0041,0x0041,0x0041,0x0041,0x0041,0x0841,0x0841,0x0840,0x0840,0x0041,0x0041,
  0x0041,0x0041,0x0840,0x0840,0x0041,0x0840,0x0840,0x0840,0x0840,0x0840,0x0840,0x0041,0x0041,0x0840,0x0840,0x0840,
  0x0820,0x0840,0x0820,0x0840,0x0000,0xAB40,0xFCE0,0x1061,0x39E8,0x39E8,0x2145,0x1082,0x0021,0x0000,0x5ACB,0x94B3,
  0x6BAF,0x7C11,0x7BF0,0x73F0,0x73F0,0x7C11,0x7C10,0x73AF,0x6B8F,0x73AF,0x73AF,0x73AF,0x6B8F,0x6B6E,0x632D,0x632D,
  0x5B0D,0x632D,0x5B0C,0x5B0D,0x5B2D,0x52CC,0x52CB,0x52AB,0x4A8A,0x426A,0x4249,0x4249,0x4249,0x4249,0x4A6A,0x424A,
  0x4249,0x4229,0x3A08,0x39E8,0x4208,0x3A08,0x39C7,0x39E7,0x39E8,0x4208,0x4229,0x3A08,0x39E7,0x3A08,0x4228,0x4249,
  0x4229,0x4249,0x4249,0x4A6A,0x4A8A,0x528A,0x52AB,0x52CB,0x52AB,0x52AB,0x5B0D,0x5B0C,0x18E3,0x0000,0x0021,0x0020,
  0x0841,0x10A2,0x1082,0x18A2,0x18A2,0x0820,0x0840,0x0000,0x0861,0x10A2,0x1082,0x10A2,0x0862,0x0820,0x0840,0x0820,
  0x0000,0x0820,0x1061,0x1081,0x10A2,0x0841,0x0000,0x0020,0x0000,0x0000,0x0000,0x0000,0x0020,0x2125,0x3186,0x0000,
  0x0000,0xFCE0,0x8280,0x0000,0x0840,0x0840,0x0840,0x0840,0x0840,0x0840,0x0840,0x0840,0x0820,0x0820,0x0820,0x0840,
  0x0840,0x0840,0x0840,0x0840,0x0041,0x0041,0x0840,0x0041,0x0041,0x0840,0x0840,0x0041,0x0041,0x0041,0x0041,0x0041,
  0x0840,0x0840,0x0041,0x0041,0x0840,0x0840,0x0041,0x0840,0x0840,0x0840,0x0840,0x0840,0x0840,0x0840,0x0840,0x0840,
  0x0041,0x0840,0x0840,0x0041,0x0840,0x0041,0x0840,0x0840,0x0840,0x0840,0x0840,0x0041,0x0041,0x0041,0x0840,0x0041,
  0x0041,0x0041,0x0840,0x0840,0x0840,0x0041,0x0041,0x0041,0x0840,0x0041,0x0041,0x0041,0x0041,0x0041,0x0840,0x0041,
  0x0041,0x0041,0x0041,0x0840,0x0840,0x0041,0x0840,0x0840,0x0841,0x0840,0x0840,0x0840,0x0840,0x0840,0x0840,0x0841,
  0x0041,0x0041,0x0041,0x0041,0x0841,0x0841,0x0840,0x0840,0x0840,0x0840,0x0840,0x0841,0x0841,0x0841,0x0841,0x0841,
  0x0840,0x0861,0x0861,0x0841,0x0841,0x0840,0x0861,0x0861,0x0841,0x0840,0x0840,0x0041,0x0841,0x0840,0x0041,0x0840,
  0x0041,0x0841,0x0840,0x0840,0x0840,0x0841,0x0840,0x0841,0x0841,0x0841,0x0841,0x0841,0x0840,0x0840,0x0840,0x0840,
  0x0840,0x0841,0x0841,0x0840,0x0841,0x0841,0x0861,0x0841,0x0841,0x0861,0x0861,0x0861,0x0841,0x0841,0x0840,0x0840,
  0x0840,0x0840,0x0861,0x0841,0x0861,0x0841,0x0841,0x0841,0x0840,0x0840,0x0041,0x0840,0x0841,0x0841,0x0840,0x0840,
  0x0041,0x0041,0x0841,0x0041,0x0041,0x0041,0x0041,0x0041,0x0041,0x0041,0x0041,0x0041,0x0041,0x0041,0x0041,0x0041,
  0x0840,0x0041,0x0041,0x0840,0x0840,0x0840,0x0840,0x0840,0x0840,0x0840,0x0840,0x0840,0x0041,0x0041,0x0840,0x0840,
  0x0840,0x0820,0x0820,0x0840,0x0000,0xAB40,0xFCE0,0x0820,0x2966,0x31A7,0x31C7,0x1082,0x0000,0x528A,0x8C72,0x4A8B,
  0x4A6A,0x4A8B,0x4A8B,0x52CC,0x4A8B,0x4A8B,0x4A8A,0x4A8B,0x4A6A,0x4A6A,0x4A8A,0x424A,0x3A09,0x3A09,0x3A09,0x3A08,
  0x31C8,0x31C8,0x31C7,0x39E8,0x31C7,0x31A7,0x31C7,0x2986,0x2966,0x2966,0x2145,0x2145,0x2965,0x2945,0x2145,0x2145,
  0x2945,0x2145,0x2125,0x2945,0x2145,0x2145,0x2945,0x2945,0x2945,0x2986,0x31A6,0x2986,0x2986,0x3186,0x31A6,0x31A7,
  0x31C7,0x39E8,0x31A7,0x31C7,0x4228,0x4A6A,0x4A6A,0x4249,0x4A49,0x4A4A,0x4A6A,0x0882,0x0000,0x0862,0x0000,0x0861,
  0x4228,0x39E8,0x39E7,0x3A08,0x18E4,0x0840,0x0820,0x18E4,0x4229,0x31A7,0x31C7,0x31A6,0x0861,0x0840,0x1060,0x0020,
  0x3900,0x4140,0x4140,0x3920,0x3900,0x4140,0x4140,0x3100,0x3920,0x3920,0x4960,0x0840,0x0000,0x1082,0x3186,0x0841,
  0x0000,0xFCC0,0x8280,0x0000,0x0840,0x0840,0x0840,0x0840,0x0840,0x0840,0x0840,0x0840,0x0840,0x0840,0x0840,0x0840,
  0x0840,0x0840,0x0840,0x0041,0x0840,0x0041,0x0840,0x0041,0x0021,0x0041,0x0840,0x0041,0x0840,0x0041,0x0041,0x0840,
  0x0041,0x0840,0x0840,0x0840,0x0840,0x0041,0x0041,0x0840,0x0840,0x0041,0x0840,0x0041,0x0840,0x0840,0x0840,0x0840,
  0x0041,0x0041,0x0840,0x0840,0x0840,0x0840,0x0840,0x0840,0x0840,0x0041,0x0840,0x0840,0x0041,0x0840,0x0840,0x0840,
  0x0041,0x0840,0x0041,0x0041,0x0041,0x0840,0x0840,0x0041,0x0041,0x0041,0x0041,0x0041,0x0041,0x0041,0x0041,0x0840,
  0x0041,0x0041,0x0840,0x0841,0x0841,0x0840,0x0041,0x0041,0x0041,0x0840,0x0041,0x0041,0x0840,0x0840,0x0840,0x0840,
  0x0840,0x0840,0x0041,0x0041,0x0840,0x0840,0x0840,0x0840,0x0840,0x0840,0x0841,0x0841,0x0840,0x0841,0x0841,0x0840,
  0x0841,0x0861,0x0840,0x0841,0x0840,0x0840,0x0840,0x0840,0x0041,0x0840,0x0041,0x0840,0x0841,0x0840,0x0840,0x0041,
  0x0041,0x0840,0x0041,0x0841,0x0841,0x0841,0x0841,0x0841,0x0841,0x0840,0x0840,0x0841,0x0840,0x0840,0x0840,0x0840,
  0x0841,0x0841,0x0841,0x0841,0x0841,0x0841,0x0841,0x0841,0x0841,0x0861,0x0861,0x0841,0x0841,0x0861,0x0841,0x0840,
  0x0841,0x0841,0x0841,0x0841,0x0861,0x0841,0x0840,0x0841,0x0840,0x0840,0x0841,0x0841,0x0841,0x0840,0x0841,0x0840,
  0x0840,0x0840,0x0041,0x0041,0x0041,0x0840,0x0840,0x0840,0x0041,0x0841,0x0041,0x0041,0x0041,0x0041,0x0041,0x0041,
  0x0041,0x0840,0x0041,0x0041,0x0840,0x0840,0x0840,0x0840,0x0840,0x0840,0x0041,0x0840,0x0840,0x0041,0x0840,0x0840,
  0x0840,0x0820,0x0820,0x0840,0x0000,0xAB40,0xFCE0,0x0820,0x0841,0x18C3,0x2125,0x0000,0x52AA,0x8451,0x424A,0x52CB,
  0x52CC,0x5B0C,0x5B0D,0x634E,0x5B0D,0x5AEC,0x52EC,0x5AEC,0x5AEC,0x52EC,0x52EC,0x52CC,0x4A8B,0x4A6A,0x426A,0x4229,
  0x4229,0x4249,0x4229,0x3A09,0x3A08,0x3A08,0x31C7,0x31A7,0x31C7,0x31A7,0x31A7,0x31A7,0x31A7,0x2966,0x2986,0x31A6,
  0x2966,0x2966,0x2966,0x2986,0x2945,0x2966,0x2986,0x3186,0x31A7,0x31A7,0x31A7,0x31A7,0x39C7,0x39E7,0x39C7,0x39C7,
  0x39C7,0x39E8,0x3A08,0x4229,0x4A69,0x4A6A,0x4A6A,0x4A8A,0x4A8A,0x4249,0x0861,0x0000,0x0862,0x0840,0x0882,0x4A49,
  0x3A08,0x31A7,0x31A7,0x0862,0x0000,0x0000,0x18E4,0x424A,0x31A7,0x31A7,0x2145,0x0000,0x0000,0x0840,0x0000,0xAB40,
  0xFCE0,0xFCE0,0xFCE0,0xFCE0,0xFCE0,0xFCE0,0xFCE0,0xFCE0,0xFCE0,0xFCE0,0xEC80,0x0820,0x0000,0x0882,0x2965,0x0861,
  0x0000,0xFCC0,0x8280,0x0000,0x0840,0x0840,0x0840,0x0840,0x0840,0x0840,0x0840,0x0840,0x0840,0x0820,0x0820,0x0840,
  0x0840,0x0840,0x0041,0x0840,0x0041,0x0041,0x0041,0x0041,0x0041,0x0840,0x0840,0x0041,0x0041,0x0840,0x0840,0x0021,
  0x0840,0x0840,0x0840,0x0041,0x0840,0x0041,0x0840,0x0840,0x0840,0x0840,0x0840,0x0840,0x0840,0x0840,0x0840,0x0041,
  0x0840,0x0840,0x0041,0x0041,0x0840,0x0840,0x0840,0x0840,0x0041,0x0840,0x0840,0x0840,0x0840,0x0041,0x0840,0x0840,
  0x0840,0x0840,0x0840,0x0840,0x0041,0x0041,0x0840,0x0840,0x0041,0x0840,0x0840,0x0840,0x0041,0x0840,0x0041,0x0041,
  0x0840,0x0041,0x0840,0x0840,0x0840,0x0840,0x0041,0x0041,0x0840,0x0840,0x0840,0x0041,0x0041,0x0840,0x0041,0x0840,
  0x0840,0x0041,0x0041,0x0041,0x0840,0x0041,0x0840,0x0041,0x0041,0x0840,0x0041,0x0041,0x0840,0x0840,0x0840,0x0840,
  0x0840,0x0840,0x0840,0x0840,0x0861,0x0841,0x0840,0x0840,0x0840,0x0041,0x0840,0x0840,0x0841,0x0841,0x0840,0x0840,
  0x0041,0x0041,0x0041,0x0840,0x0861,0x0841,0x0841,0x0861,0x0841,0x0841,0x0861,0x0841,0x0041,0x0041,0x0840,0x0841,
  0x0840,0x0840,0x0841,0x0841,0x0840,0x0861,0x0841,0x0841,0x0841,0x0861,0x0861,0x0841,0x0861,0x0861,0x0841,0x0841,
  0x0841,0x0841,0x0861,0x0861,0x0841,0x0841,0x0840,0x0841,0x0841,0x0841,0x0841,0x0841,0x0841,0x0840,0x0840,0x0041,
  0x0041,0x0041,0x0041,0x0041,0x0041,0x0041,0x0840,0x0041,0x0041,0x0840,0x0041,0x0041,0x0041,0x0041,0x0041,0x0840,
  0x0041,0x0041,0x0041,0x0840,0x0840,0x0840,0x0041,0x0840,0x0840,0x0041,0x0041,0x0840,0x0041,0x0840,0x0840,0x0840,
  0x0840,0x0820,0x0820,0x0840,0x0000,0xB360,0xFCE0,0x0020,0x0000,0x0021,0x0000,0x52AA,0x8C52,0x424A,0x52AB,0x4A8A,
  0x52CC,0x5B2D,0x632D,0x5B2D,0x5AEC,0x5B0D,0x5B0D,0x52EC,0x52CC,0x3A09,0x1061,0x1082,0x1082,0x0861,0x0861,0x0841,
  0x0861,0x0861,0x0861,0x0841,0x0841,0x0841,0x0840,0x0841,0x0841,0x0841,0x0840,0x0841,0x0820,0x0820,0x0820,0x0840,
  0x0820,0x0820,0x0840,0x0840,0x0820,0x0820,0x0840,0x0840,0x0840,0x0840,0x0840,0x0841,0x0841,0x0861,0x0841,0x0841,
  0x0841,0x0861,0x0861,0x0861,0x0861,0x0841,0x0861,0x0861,0x1083,0x0841,0x0000,0x0840,0x0000,0x0861,0x4A6A,0x3A08,
  0x31C7,0x39E8,0x10A2,0x0000,0x0000,0x18C3,0x3A08,0x2986,0x31C7,0x2986,0x1060,0x0820,0x0840,0x0000,0xA300,0xFCE0,
  0xFCE0,0xFCE0,0xFCE0,0xFCE0,0xFCE0,0xFCE0,0xFCE0,0xFCE0,0xFCE0,0xDC40,0x0020,0x0020,0x0000,0x1082,0x2965,0x0000,
  0x0000,0xFCC0,0x8260,0x0000,0x0840,0x0840,0x0840,0x0840,0x0840,0x0840,0x0820,0x0820,0x0840,0x0840,0x0840,0x0840,
  0x0021,0x0840,0x0840,0x0840,0x0840,0x0840,0x0041,0x0041,0x0041,0x0840,0x0840,0x0041,0x0840,0x0041,0x0840,0x0840,
  0x0840,0x0041,0x0840,0x0840,0x0041,0x0041,0x0840,0x0840,0x0840,0x0840,0x0840,0x0840,0x0840,0x0840,0x0840,0x0840,
  0x0041,0x0041,0x0041,0x0840,0x0840,0x0840,0x0840,0x0041,0x0041,0x0041,0x0840,0x0840,0x0840,0x0041,0x0840,0x0840,
  0x0041,0x0840,0x0840,0x0840,0x0041,0x0840,0x0840,0x0041,0x0041,0x0840,0x0041,0x0840,0x0840,0x0840,0x0840,0x0840,
  0x0041,0x0041,0x0840,0x0840,0x0041,0x0041,0x0041,0x0041,0x0840,0x0840,0x0840,0x0840,0x0041,0x0041,0x0041,0x0840,
  0x0840,0x0041,0x0041,0x0041,0x0840,0x0840,0x0840,0x0840,0x0041,0x0041,0x0041,0x0840,0x0841,0x0840,0x0840,0x0840,
  0x0840,0x0041,0x0840,0x0840,0x0840,0x0840,0x0841,0x0841,0x0841,0x0840,0x0840,0x0041,0x0840,0x0840,0x0840,0x0840,
  0x0840,0x0840,0x0041,0x0840,0x0841,0x0861,0x0861,0x0861,0x0861,0x0861,0x0861,0x0861,0x0861,0x0841,0x0841,0x0840,
  0x0041,0x0840,0x0840,0x0861,0x0840,0x0861,0x0861,0x0841,0x0841,0x0841,0x0861,0x0861,0x0841,0x0841,0x0841,0x0841,
  0x0841,0x0861,0x0841,0x0841,0x0841,0x0840,0x0041,0x0041,0x0041,0x0041,0x0840,0x0840,0x0840,0x0841,0x0840,0x0041,
  0x0041,0x0840,0x0041,0x0840,0x0041,0x0041,0x0041,0x0041,0x0041,0x0041,0x0041,0x0840,0x0041,0x0840,0x0840,0x0041,
  0x0041,0x0041,0x0840,0x0041,0x0840,0x0840,0x0041,0x0840,0x0840,0x0041,0x0041,0x0840,0x0840,0x0840,0x0840,0x0840,
  0x0820,0x0840,0x0820,0x0840,0x0000,0xB360,0xFCE0,0x0020,0x0000,0x0000,0x52AA,0x8C72,0x4A6A,0x52CC,0x52CC,0x52CC,
  0x52CC,0x5B2D,0x632D,0x5AEC,0x5B0D,0x5B0D,0x52CC,0x5B0D,0x4229,0x0000,0x8AA0,0xE440,0xDC20,0xE460,0xF4A0,0xFCC0,
  0xFCC0,0xF4A0,0xF4A0,0xF4A0,0xF4A0,0xF4A0,0xFCC0,0xFCC0,0xFCC0,0xFCC0,0xFCC0,0xFCC0,0xFCC0,0xFCC0,0xFCC0,0xFCC0,
  0xFCC0,0xFCC0,0xFCC0,0xF4A0,0xF4A0,0xF4A0,0xF4A0,0xF4A0,0xF4A0,0xF4A0,0xF4A0,0xF4A0,0xFCC0,0xFCC0,0xF4A0,0xF4A0,
  0xFCC0,0xF480,0xEC80,0xEC80,0xE460,0xDC40,0xE440,0xE460,0x28C0,0x0020,0x0860,0x0000,0x0841,0x4A49,0x4229,0x31C7,
  0x39E8,0x10A3,0x0000,0x0000,0x18E4,0x3A29,0x2966,0x2986,0x2966,0x0021,0x0820,0x0860,0x0000,0x9B00,0xFCE0,0xFCE0,
  0xFCE0,0xFCE0,0xFCE0,0xFCE0,0xFCE0,0xFCE0,0xFCE0,0xFCE0,0xE440,0x0000,0x0020,0x0840,0x0000,0x1082,0x2966,0x0000,
  0x0000,0xFCC0,0x7A60,0x0000,0x0840,0x0840,0x0840,0x0840,0x0840,0x0840,0x0820,0x0820,0x0820,0x0840,0x0840,0x0840,
  0x0840,0x0041,0x0840,0x0840,0x0041,0x0840,0x0041,0x0041,0x0041,0x0840,0x0041,0x0041,0x0041,0x0041,0x0041,0x0840,
  0x0840,0x0041,0x0840,0x0840,0x0041,0x0840,0x0840,0x0041,0x0041,0x0840,0x0840,0x0041,0x0041,0x0840,0x0041,0x0840,
  0x0840,0x0840,0x0840,0x0840,0x0840,0x0840,0x0840,0x0840,0x0840,0x0840,0x0840,0x0840,0x0041,0x0041,0x0840,0x0840,
  0x0041,0x0840,0x0840,0x0041,0x0041,0x0840,0x0840,0x0041,0x0840,0x0840,0x0041,0x0840,0x0840,0x0041,0x0840,0x0840,
  0x0041,0x0041,0x0041,0x0041,0x0041,0x0041,0x0041,0x0840,0x0840,0x0840,0x0840,0x0840,0x0840,0x0840,0x0840,0x0840,
  0x0840,0x0041,0x0041,0x0041,0x0841,0x0840,0x0840,0x0041,0x0041,0x0041,0x0041,0x0840,0x0841,0x0840,0x0840,0x0041,
  0x0841,0x0041,0x0041,0x0840,0x0841,0x0840,0x0841,0x0840,0x0841,0x0840,0x0041,0x0041,0x0840,0x0840,0x0840,0x0041,
  0x0840,0x0840,0x0041,0x0840,0x0841,0x0841,0x0841,0x0841,0x0841,0x0861,0x0861,0x0861,0x0841,0x0841,0x0841,0x0041,
  0x0840,0x0041,0x0840,0x0841,0x0841,0x0840,0x0861,0x0861,0x0841,0x0841,0x0841,0x0841,0x0841,0x0841,0x0840,0x0841,
  0x0841,0x0841,0x0841,0x0840,0x0840,0x0041,0x0840,0x0841,0x0041,0x0840,0x0041,0x0041,0x0840,0x0041,0x0041,0x0041,
  0x0840,0x0041,0x0041,0x0041,0x0041,0x0041,0x0840,0x0041,0x0840,0x0041,0x0041,0x0840,0x0041,0x0840,0x0041,0x0840,
  0x0041,0x0041,0x0041,0x0840,0x0840,0x0840,0x0041,0x0041,0x0041,0x0041,0x0041,0x0840,0x0840,0x0840,0x0840,0x0840,
  0x0820,0x0820,0x0820,0x0840,0x0000,0xAB40,0xFCE0,0x0841,0x10A3,0x0020,0x634D,0x52CC,0x5AEC,0x52CB,0x52EC,0x5AEC,
  0x634D,0x634E,0x634E,0x632D,0x5B2D,0x52CC,0x52EC,0x3A08,0x0840,0xC3C0,0xFCE0,0xFCE0,0xFCE0,0xFCE0,0xFCE0,0xFCE0,
  0xFCE0,0xFCE0,0xFCE0,0xFCE0,0xFCE0,0xFCE0,0xFCE0,0xFCE0,0xFCE0,0xFCE0,0xFCE0,0xFCE0,0xFCE0,0xFCE0,0xFCE0,0xFCE0,
  0xFCE0,0xFCE0,0xFCE0,0xFCE0,0xFCE0,0xFCE0,0xFCE0,0xFCE0,0xFCE0,0xFCE0,0xFCE0,0xFCE0,0xFCE0,0xFCE0,0xFCE0,0xFCE0,
  0xFCE0,0xFCE0,0xFCE0,0xFCE0,0xFCE0,0xFCE0,0xFCE0,0x7A40,0x0000,0x0840,0x0840,0x10A2,0x4A49,0x3A08,0x3A08,0x3A08,
  0x10C3,0x0000,0x0820,0x2125,0x4A6A,0x31A7,0x31A7,0x2945,0x0021,0x0000,0x0840,0x0820,0xC3A0,0xFCE0,0xFCE0,0xFCE0,
  0xFCE0,0xFCE0,0xFCE0,0xFCE0,0xFCE0,0xFCE0,0xFCE0,0xE440,0x0000,0x0820,0x0840,0x0840,0x0000,0x10A2,0x2966,0x0000,
  0x0000,0xFCC0,0x7A60,0x0000,0x0840,0x0840,0x0840,0x0840,0x0820,0x0820,0x0820,0x0820,0x0820,0x0820,0x0840,0x0840,
  0x0840,0x0840,0x0840,0x0041,0x0840,0x0840,0x0840,0x0840,0x0840,0x0840,0x0840,0x0041,0x0840,0x0840,0x0840,0x0840,
  0x0041,0x0041,0x0840,0x0840,0x0840,0x0041,0x0041,0x0041,0x0840,0x0840,0x0840,0x0840,0x0840,0x0041,0x0840,0x0840,
  0x0041,0x0840,0x0041,0x0840,0x0840,0x0840,0x0840,0x0840,0x0840,0x0840,0x0840,0x0041,0x0840,0x0840,0x0840,0x0840,
  0x0840,0x0840,0x0840,0x0041,0x0041,0x0041,0x0041,0x0041,0x0041,0x0041,0x0840,0x0840,0x0840,0x0840,0x0840,0x0840,
  0x0840,0x0840,0x0041,0x0041,0x0840,0x0840,0x0840,0x0840,0x0840,0x0840,0x0840,0x0840,0x0840,0x0840,0x0840,0x0840,
  0x0041,0x0041,0x0041,0x0041,0x0041,0x0041,0x0041,0x0041,0x0041,0x0041,0x0041,0x0841,0x0841,0x0841,0x0841,0x0840,
  0x0841,0x0840,0x0840,0x0840,0x0840,0x0840,0x0840,0x0840,0x0840,0x0841,0x0840,0x0840,0x0041,0x0841,0x0041,0x0840,
  0x0840,0x0041,0x0041,0x0841,0x0841,0x0841,0x0861,0x0861,0x0841,0x0841,0x0861,0x0861,0x0841,0x0841,0x0840,0x0841,
  0x0841,0x0841,0x0841,0x0841,0x0841,0x0841,0x0841,0x0861,0x0841,0x0841,0x0841,0x0841,0x0841,0x0041,0x0841,0x0840,
  0x0840,0x0840,0x0840,0x0840,0x0041,0x0041,0x0840,0x0840,0x0041,0x0041,0x0041,0x0041,0x0041,0x0041,0x0041,0x0041,
  0x0840,0x0840,0x0041,0x0041,0x0041,0x0041,0x0840,0x0041,0x0840,0x0041,0x0840,0x0041,0x0041,0x0041,0x0840,0x0041,
  0x0041,0x0041,0x0041,0x0840,0x0840,0x0041,0x0041,0x0840,0x0041,0x0840,0x0840,0x0840,0x0840,0x0820,0x0820,0x0840,
  0x0820,0x0820,0x0820,0x0840,0x0000,0xAB40,0xFCE0,0x10A2,0x3186,0x0000,0x4A8A,0x5AEC,0x52CC,0x5AEC,0x5B0D,0x632D,
  0x634E,0x6B8F,0x634E,0x632D,0x5AEC,0x632D,0x4229,0x0000,0x1880,0x8AA0,0x8260,0x8AA0,0x8AA0,0x8AA0,0x8AA0,0x8AA0,
  0x8AA0,0x8AA0,0x8AA0,0x8AA0,0x8AA0,0x8AA0,0x8AA0,0x8AA0,0x8AA0,0x8AA0,0x8AA0,0x8AA0,0x8AA0,0x8AA0,0x8AA0,0x8AA0,
  0x8AA0,0x8AA0,0x8AA0,0x8AA0,0x8AA0,0x8AA0,0x8AA0,0x8AA0,0x8AA0,0x92C0,0x92C0,0x92C0,0x92C0,0x92C0,0x8AA0,0x8AA0,
  0x8AA0,0x8AA0,0x8AA0,0x8AA0,0x8AA0,0x92C0,0x5180,0x0000,0x0840,0x0840,0x0820,0x3186,0x2966,0x1904,0x2145,0x10C3,
  0x0000,0x0820,0x0861,0x2986,0x1904,0x2104,0x1904,0x0041,0x0020,0x0840,0x0000,0x3100,0xE440,0xD420,0xDC20,0xDC20,
  0xD420,0xDC20,0xDC20,0xDC20,0xDC20,0xE440,0xBB80,0x0020,0x0020,0x0840,0x0820,0x0840,0x0000,0x10A2,0x2986,0x0000,
  0x0000,0xF4A0,0x7A40,0x0000,0x0840,0x0840,0x0840,0x0820,0x0820,0x0820,0x0820,0x0820,0x0820,0x0820,0x0820,0x0840,
  0x0840,0x0840,0x0840,0x0840,0x0840,0x0840,0x0840,0x0840,0x0840,0x0840,0x0840,0x0840,0x0840,0x0840,0x0840,0x0840,
  0x0840,0x0041,0x0840,0x0840,0x0840,0x0041,0x0041,0x0041,0x0021,0x0041,0x0840,0x0840,0x0840,0x0840,0x0840,0x0041,
  0x0041,0x0840,0x0840,0x0840,0x0840,0x0840,0x0840,0x0840,0x0840,0x0840,0x0041,0x0041,0x0840,0x0840,0x0840,0x0840,
  0x0840,0x0041,0x0041,0x0840,0x0840,0x0840,0x0840,0x0041,0x0840,0x0840,0x0840,0x0840,0x0840,0x0840,0x0840,0x0840,
  0x0840,0x0041,0x0041,0x0840,0x0840,0x0840,0x0041,0x0041,0x0840,0x0840,0x0840,0x0840,0x0840,0x0840,0x0840,0x0840,
  0x0840,0x0041,0x0041,0x0841,0x0840,0x0041,0x0840,0x0840,0x0840,0x0041,0x0041,0x0841,0x0841,0x0840,0x0041,0x0840,
  0x0840,0x0041,0x0840,0x0840,0x0840,0x0840,0x0841,0x0840,0x0841,0x0840,0x0840,0x0841,0x0841,0x0840,0x0840,0x0840,
  0x0041,0x0840,0x0041,0x0840,0x0840,0x0041,0x0840,0x0840,0x0840,0x0840,0x0861,0x0861,0x0861,0x0841,0x0840,0x0841,
  0x0841,0x0840,0x0840,0x0840,0x0841,0x0841,0x0841,0x0841,0x0841,0x0841,0x0840,0x0841,0x0841,0x0841,0x0840,0x0841,
  0x0841,0x0840,0x0041,0x0840,0x0041,0x0041,0x0041,0x0840,0x0840,0x0041,0x0041,0x0041,0x0041,0x0041,0x0840,0x0041,
  0x0840,0x0041,0x0041,0x0840,0x0041,0x0041,0x0840,0x0840,0x0840,0x0840,0x0840,0x0840,0x0840,0x0041,0x0041,0x0041,
  0x0041,0x0041,0x0840,0x0840,0x0041,0x0041,0x0840,0x0041,0x0041,0x0041,0x0840,0x0820,0x0820,0x0820,0x0820,0x0820,
  0x0820,0x0820,0x0820,0x0840,0x0000,0xB360,0xFCE0,0x1082,0x2966,0x0000,0x4A8B,0x52EC,0x5AEC,0x5B0D,0x5B2D,0x5B2D,
  0x6B6E,0x6B6E,0x5B2D,0x5AEC,0x634D,0x4A8A,0x0021,0x0820,0x0041,0x0000,0x0000,0x0000,0x0000,0x0000,0x0000,0x0000,
  0x0000,0x0000,0x0000,0x0000,0x0000,0x0000,0x0000,0x0000,0x0000,0x0000,0x0000,0x0000,0x0000,0x0000,0x0000,0x0000,
  0x0000,0x0000,0x0000,0x0000,0x0000,0x0000,0x0000,0x0000,0x0000,0x0000,0x0000,0x0000,0x0000,0x0000,0x0000,0x0000,
  0x0000,0x0000,0x0000,0x0000,0x0000,0x0000,0x0020,0x0840,0x0840,0x0840,0x0840,0x0020,0x0000,0x0020,0x0020,0x0020,
  0x0840,0x0840,0x0820,0x0000,0x0000,0x0000,0x0020,0x0820,0x0840,0x0840,0x0840,0x0020,0x0000,0x0000,0x0000,0x0000,
  0x0000,0x0000,0x0000,0x0000,0x0000,0x0000,0x0000,0x0820,0x0840,0x0820,0x0820,0x0840,0x0000,0x10A2,0x2187,0x0000,
  0x0000,0xEC80,0x7A40,0x0000,0x0840,0x0840,0x0840,0x0840,0x0840,0x0840,0x0820,0x0820,0x0840,0x0820,0x0820,0x0820,
  0x0820,0x0840,0x0840,0x0840,0x0840,0x0840,0x0840,0x0840,0x0840,0x0840,0x0840,0x0840,0x0840,0x0840,0x0820,0x0840,
  0x0840,0x0840,0x0041,0x0840,0x0840,0x0840,0x0840,0x0041,0x0840,0x0840,0x0041,0x0840,0x0041,0x0041,0x0840,0x0840,
  0x0840,0x0840,0x0840,0x0840,0x0840,0x0840,0x0840,0x0840,0x0840,0x0840,0x0840,0x0041,0x0840,0x0041,0x0840,0x0840,
  0x0840,0x0840,0x0840,0x0840,0x0840,0x0840,0x0041,0x0840,0x0840,0x0840,0x0840,0x0840,0x0840,0x0840,0x0041,0x0840,
  0x0840,0x0840,0x0840,0x0840,0x0840,0x0041,0x0840,0x0041,0x0840,0x0840,0x0840,0x0840,0x0840,0x0840,0x0840,0x0840,
  0x0840,0x0041,0x0041,0x0041,0x0041,0x0840,0x0840,0x0840,0x0840,0x0840,0x0041,0x0841,0x0841,0x0041,0x0840,0x0041,
  0x0041,0x0840,0x0840,0x0840,0x0840,0x0840,0x0840,0x0841,0x0841,0x0840,0x0041,0x0041,0x0041,0x0041,0x0041,0x0840,
  0x0041,0x0041,0x0041,0x0840,0x0041,0x0840,0x0840,0x0840,0x0841,0x0841,0x0861,0x0840,0x0861,0x0861,0x0861,0x0840,
  0x0840,0x0840,0x0041,0x0041,0x0041,0x0840,0x0840,0x0840,0x0841,0x0841,0x0840,0x0840,0x0041,0x0841,0x0041,0x0041,
  0x0841,0x0840,0x0840,0x0041,0x0841,0x0841,0x0041,0x0041,0x0041,0x0840,0x0841,0x0041,0x0041,0x0041,0x0840,0x0841,
  0x0840,0x0041,0x0041,0x0840,0x0041,0x0041,0x0041,0x0041,0x0041,0x0041,0x0041,0x0041,0x0041,0x0041,0x0041,0x0840,
  0x0840,0x0840,0x0840,0x0840,0x0840,0x0840,0x0840,0x0840,0x0840,0x0840,0x0840,0x0840,0x0840,0x0840,0x0840,0x0820,
  0x0820,0x0820,0x0820,0x0840,0x0000,0xBB80,0xFCE0,0x0000,0x0021,0x0020,0x52AB,0x5AEC,0x5AEC,0x5B2D,0x5B2D,0x634E,
  0x634E,0x634D,0x52AB,0x5B0D,0x4A8A,0x0020,0x0020,0x0840,0x0041,0x0860,0x0860,0x0860,0x0840,0x0840,0x0860,0x1060,
  0x0860,0x1060,0x0860,0x0860,0x1060,0x1060,0x1060,0x1060,0x1060,0x1060,0x1060,0x0860,0x0860,0x0860,0x1060,0x1060,
  0x1061,0x1060,0x1060,0x1061,0x1060,0x1061,0x1061,0x1060,0x1060,0x1060,0x1060,0x1060,0x0860,0x0860,0x0860,0x0860,
  0x1060,0x1060,0x1060,0x1060,0x1060,0x1060,0x0860,0x0041,0x0840,0x0840,0x0041,0x0840,0x0840,0x0840,0x0840,0x0840,
  0x0840,0x0041,0x0840,0x0840,0x0840,0x0840,0x0840,0x0840,0x0840,0x0840,0x0840,0x0840,0x0840,0x0840,0x0840,0x0840,
  0x0840,0x0840,0x0840,0x0840,0x0840,0x0840,0x0840,0x0840,0x0840,0x0840,0x0820,0x0840,0x0000,0x10A2,0x59E2,0x0820,
  0x0000,0xF480,0x7A60,0x0000,0x0840,0x0840,0x0840,0x0840,0x0840,0x0840,0x0840,0x0820,0x0820,0x0820,0x0820,0x0840,
  0x0820,0x0840,0x0840,0x0840,0x0840,0x0840,0x0840,0x0840,0x0840,0x0840,0x0840,0x0840,0x0840,0x0840,0x0840,0x0840,
  0x0021,0x0840,0x0041,0x0041,0x0840,0x0041,0x0840,0x0041,0x0041,0x0840,0x0041,0x0840,0x0041,0x0041,0x0840,0x0840,
  0x0840,0x0840,0x0840,0x0840,0x0041,0x0840,0x0840,0x0840,0x0840,0x0840,0x0840,0x0840,0x0840,0x0840,0x0041,0x0840,
  0x0840,0x0840,0x0840,0x0840,0x0840,0x0840,0x0041,0x0840,0x0840,0x0840,0x0840,0x0840,0x0840,0x0840,0x0840,0x0041,
  0x0041,0x0840,0x0041,0x0840,0x0840,0x0041,0x0041,0x0840,0x0840,0x0840,0x0840,0x0840,0x0840,0x0840,0x0840,0x0840,
  0x0041,0x0041,0x0041,0x0041,0x0840,0x0041,0x0840,0x0840,0x0840,0x0840,0x0841,0x0840,0x0840,0x0841,0x0841,0x0840,
  0x0840,0x0840,0x0840,0x0840,0x0841,0x0841,0x0840,0x0841,0x0841,0x0840,0x0840,0x0041,0x0041,0x0840,0x0041,0x0840,
  0x0041,0x0840,0x0840,0x0041,0x0041,0x0841,0x0841,0x0841,0x0841,0x0841,0x0840,0x0841,0x0841,0x0840,0x0841,0x0840,
  0x0840,0x0840,0x0840,0x0841,0x0041,0x0041,0x0840,0x0041,0x0041,0x0841,0x0841,0x0041,0x0041,0x0041,0x0840,0x0041,
  0x0840,0x0041,0x0840,0x0840,0x0840,0x0840,0x0840,0x0041,0x0840,0x0840,0x0041,0x0840,0x0840,0x0841,0x0841,0x0041,
  0x0041,0x0041,0x0840,0x0041,0x0840,0x0041,0x0841,0x0041,0x0041,0x0041,0x0041,0x0840,0x0041,0x0840,0x0041,0x0041,
  0x0840,0x0840,0x0840,0x0840,0x0041,0x0041,0x0041,0x0840,0x0840,0x0840,0x0840,0x0840,0x0021,0x0840,0x0820,0x0820,
  0x0820,0x0820,0x0820,0x0840,0x0000,0x9AE0,0xAB40,0x0000,0x0020,0x0021,0x5B0D,0x632D,0x5B0D,0x634E,0x634E,0x634E,
  0x634E,0x5B0D,0x634D,0x52AB,0x0041,0x0000,0x0041,0x0840,0x0041,0x0041,0x0041,0x0041,0x0041,0x0041,0x0041,0x0041,
  0x0841,0x0841,0x0841,0x0841,0x0841,0x0041,0x0840,0x0840,0x0840,0x0841,0x0841,0x0841,0x0841,0x0041,0x0841,0x0840,
  0x0841,0x0841,0x0841,0x0841,0x0841,0x0041,0x0841,0x0841,0x0840,0x0840,0x0840,0x0840,0x0840,0x0840,0x0041,0x0840,
  0x0840,0x0840,0x0840,0x0840,0x0041,0x0840,0x0840,0x0041,0x0041,0x0840,0x0840,0x0041,0x0840,0x0840,0x0840,0x0840,
  0x0840,0x0840,0x0041,0x0041,0x0840,0x0041,0x0840,0x0840,0x0840,0x0840,0x0840,0x0840,0x0840,0x0840,0x0840,0x0840,
  0x0840,0x0840,0x0840,0x0840,0x0840,0x0840,0x0840,0x0840,0x0840,0x0840,0x0820,0x0840,0x0000,0x1082,0x59E1,0x0820,
  0x0000,0xEC80,0x7A60,0x0000,0x0840,0x0820,0x0840,0x0840,0x0820,0x0840,0x0820,0x0820,0x0820,0x0820,0x0820,0x0820,
  0x0820,0x0820,0x0840,0x0840,0x0840,0x0840,0x0820,0x0840,0x0840,0x0820,0x0840,0x0840,0x0840,0x0840,0x0840,0x0840,
  0x0840,0x0041,0x0840,0x0840,0x0840,0x0041,0x0840,0x0840,0x0041,0x0840,0x0041,0x0041,0x0041,0x0041,0x0840,0x0840,
  0x0840,0x0840,0x0840,0x0840,0x0840,0x0840,0x0840,0x0041,0x0041,0x0840,0x0840,0x0840,0x0840,0x0840,0x0840,0x0840,
  0x0840,0x0840,0x0840,0x0840,0x0840,0x0840,0x0041,0x0840,0x0840,0x0840,0x0840,0x0840,0x0840,0x0840,0x0840,0x0840,
  0x0840,0x0840,0x0840,0x0840,0x0840,0x0840,0x0041,0x0041,0x0840,0x0840,0x0840,0x0840,0x0840,0x0840,0x0840,0x0840,
  0x0041,0x0041,0x0840,0x0041,0x0041,0x0041,0x0841,0x0840,0x0841,0x0841,0x0841,0x0840,0x0041,0x0840,0x0841,0x0840,
  0x0841,0x0841,0x0840,0x0840,0x0840,0x0841,0x0840,0x0840,0x0840,0x0840,0x0840,0x0840,0x0041,0x0041,0x0041,0x0041,
  0x0041,0x0041,0x0840,0x0041,0x0041,0x0041,0x0841,0x0841,0x0861,0x0840,0x0840,0x0840,0x0840,0x0841,0x0861,0x0841,
  0x0841,0x0841,0x0840,0x0840,0x0840,0x0840,0x0840,0x0041,0x0841,0x0840,0x0041,0x0841,0x0041,0x0041,0x0041,0x0041,
  0x0840,0x0840,0x0840,0x0841,0x0041,0x0841,0x0840,0x0840,0x0841,0x0840,0x0041,0x0841,0x0840,0x0840,0x0041,0x0840,
  0x0840,0x0041,0x0041,0x0041,0x0041,0x0041,0x0041,0x0041,0x0041,0x0041,0x0041,0x0041,0x0041,0x0041,0x0041,0x0041,
  0x0840,0x0840,0x0041,0x0041,0x0840,0x0041,0x0041,0x0840,0x0840,0x0840,0x0840,0x0840,0x0840,0x0840,0x0840,0x0820,
  0x0820,0x0820,0x0840,0x0020,0x0841,0x5ACB,0x39A6,0x0000,0x0000,0x0020,0x5B0C,0x5B0D,0x632D,0x632D,0x634E,0x634D,
  0x632D,0x636E,0x52CC,0x0041,0x0020,0x0041,0x0041,0x0041,0x0041,0x0041,0x0041,0x0041,0x0841,0x0041,0x0041,0x0841,
  0x0840,0x0841,0x0841,0x0841,0x0841,0x0840,0x0840,0x0861,0x0841,0x0841,0x0841,0x0841,0x0841,0x0861,0x0841,0x0861,
  0x0861,0x0841,0x0861,0x0861,0x0861,0x0861,0x0861,0x0841,0x0861,0x0861,0x0841,0x0840,0x0840,0x0840,0x0041,0x0840,
  0x0840,0x0840,0x0840,0x0840,0x0840,0x0840,0x0840,0x0041,0x0840,0x0840,0x0840,0x0840,0x0840,0x0840,0x0041,0x0840,
  0x0840,0x0840,0x0840,0x0840,0x0840,0x0041,0x0840,0x0840,0x0840,0x0840,0x0840,0x0840,0x0840,0x0840,0x0840,0x0840,
  0x0840,0x0840,0x0840,0x0840,0x0840,0x0840,0x0840,0x0840,0x0840,0x0840,0x0820,0x0840,0x0000,0x10A2,0x59E1,0x0820,
  0x0000,0xE460,0x7A60,0x0000,0x0840,0x0820,0x0840,0x0840,0x0840,0x0840,0x0820,0x0840,0x0820,0x0820,0x0820,0x0820,
  0x0820,0x0820,0x0840,0x0840,0x0840,0x0840,0x0820,0x0840,0x0840,0x0840,0x0840,0x0840,0x0840,0x0820,0x0840,0x0840,
  0x0840,0x0840,0x0840,0x0840,0x0840,0x0840,0x0041,0x0840,0x0041,0x0840,0x0840,0x0041,0x0840,0x0840,0x0840,0x0041,
  0x0041,0x0840,0x0840,0x0840,0x0041,0x0840,0x0840,0x0840,0x0840,0x0840,0x0041,0x0041,0x0840,0x0840,0x0840,0x0840,
  0x0840,0x0840,0x0840,0x0840,0x0840,0x0840,0x0840,0x0840,0x0840,0x0041,0x0840,0x0840,0x0840,0x0840,0x0840,0x0840,
  0x0840,0x0840,0x0840,0x0840,0x0840,0x0840,0x0840,0x0840,0x0840,0x0840,0x0041,0x0840,0x0840,0x0840,0x0041,0x0840,
  0x0041,0x0041,0x0041,0x0041,0x0041,0x0840,0x0841,0x0840,0x0041,0x0841,0x0841,0x0840,0x0840,0x0840,0x0041,0x0840,
  0x0041,0x0041,0x0840,0x0041,0x0041,0x0840,0x0840,0x0840,0x0840,0x0841,0x0840,0x0840,0x0840,0x0041,0x0840,0x0041,
  0x0041,0x0840,0x0041,0x0840,0x0840,0x0041,0x0041,0x0041,0x0841,0x0841,0x0840,0x0840,0x0861,0x0841,0x0841,0x0841,
  0x0840,0x0840,0x0840,0x0840,0x0840,0x0840,0x0840,0x0041,0x0041,0x0841,0x0840,0x0840,0x0041,0x0841,0x0041,0x0041,
  0x0841,0x0840,0x0841,0x0840,0x0840,0x0840,0x0041,0x0840,0x0840,0x0840,0x0841,0x0840,0x0840,0x0840,0x0041,0x0041,
  0x0840,0x0041,0x0041,0x0840,0x0041,0x0041,0x0041,0x0041,0x0041,0x0041,0x0041,0x0041,0x0041,0x0840,0x0041,0x0840,
  0x0840,0x0041,0x0041,0x0041,0x0041,0x0041,0x0041,0x0840,0x0840,0x0840,0x0840,0x0840,0x0840,0x0840,0x0840,0x0820,
  0x0840,0x0820,0x0021,0x0000,0x5269,0x52AA,0x31C7,0x0000,0x0820,0x0020,0x52CC,0x5AEC,0x5AEC,0x5B0D,0x5B2D,0x5AEC,
  0x634E,0x52AB,0x0841,0x0020,0x0841,0x0041,0x0041,0x0041,0x0041,0x0041,0x0041,0x0041,0x0841,0x0841,0x0041,0x0841,
  0x0041,0x0841,0x0841,0x0840,0x0841,0x0841,0x0841,0x0861,0x0861,0x0861,0x0861,0x0861,0x0861,0x0861,0x0861,0x0861,
  0x0861,0x0861,0x0861,0x0861,0x0841,0x0841,0x0861,0x0861,0x0841,0x0841,0x0861,0x0861,0x0861,0x0841,0x0840,0x0041,
  0x0840,0x0840,0x0840,0x0840,0x0840,0x0041,0x0840,0x0840,0x0840,0x0861,0x0840,0x0840,0x0840,0x0840,0x0840,0x0840,
  0x0840,0x0840,0x0041,0x0840,0x0041,0x0840,0x0840,0x0840,0x0840,0x0840,0x0840,0x0840,0x0840,0x0840,0x0840,0x0840,
  0x0840,0x0840,0x0840,0x0840,0x0840,0x0840,0x0840,0x0840,0x0840,0x0840,0x0820,0x0840,0x0000,0x10A2,0x6201,0x0820,
  0x0000,0xE460,0x7240,0x0000,0x0840,0x0840,0x0840,0x0840,0x0840,0x0820,0x0820,0x0820,0x0820,0x0820,0x0820,0x0840,
  0x0820,0x0820,0x0840,0x0840,0x0840,0x0820,0x0820,0x0820,0x0021,0x0820,0x0840,0x0840,0x0840,0x0840,0x0820,0x0820,
  0x0840,0x0820,0x0840,0x0840,0x0840,0x0840,0x0840,0x0840,0x0840,0x0840,0x0840,0x0041,0x0840,0x0840,0x0041,0x0041,
  0x0041,0x0840,0x0840,0x0840,0x0840,0x0041,0x0041,0x0041,0x0840,0x0840,0x0840,0x0041,0x0840,0x0041,0x0840,0x0041,
  0x0840,0x0840,0x0840,0x0840,0x0840,0x0840,0x0840,0x0840,0x0041,0x0041,0x0840,0x0840,0x0840,0x0840,0x0840,0x0840,
  0x0041,0x0840,0x0840,0x0840,0x0840,0x0041,0x0840,0x0840,0x0840,0x0840,0x0840,0x0041,0x0041,0x0840,0x0840,0x0840,
  0x0041,0x0041,0x0041,0x0041,0x0840,0x0840,0x0840,0x0840,0x0041,0x0041,0x0041,0x0840,0x0840,0x0841,0x0840,0x0041,
  0x0041,0x0041,0x0840,0x0840,0x0041,0x0840,0x0840,0x0841,0x0840,0x0840,0x0840,0x0840,0x0840,0x0840,0x0840,0x0041,
  0x0840,0x0840,0x0041,0x0840,0x0041,0x0041,0x0840,0x0840,0x0840,0x0841,0x0841,0x0840,0x0841,0x0841,0x0041,0x0041,
  0x0840,0x0840,0x0840,0x0840,0x0840,0x0840,0x0840,0x0840,0x0041,0x0840,0x0840,0x0041,0x0041,0x0840,0x0840,0x0041,
  0x0041,0x0041,0x0840,0x0840,0x0840,0x0841,0x0841,0x0840,0x0840,0x0840,0x0840,0x0841,0x0041,0x0041,0x0841,0x0840,
  0x0840,0x0041,0x0041,0x0840,0x0041,0x0041,0x0041,0x0041,0x0041,0x0041,0x0041,0x0840,0x0041,0x0041,0x0840,0x0840,
  0x0840,0x0041,0x0041,0x0041,0x0041,0x0840,0x0840,0x0840,0x0840,0x0840,0x0840,0x0840,0x0840,0x0840,0x0840,0x0820,
  0x0820,0x0840,0x0000,0x39C7,0x5AEB,0x4229,0x39E7,0x0021,0x2167,0x0021,0x5AEC,0x5B0D,0x632D,0x634E,0x5B0D,0x636E,
  0x52CB,0x0841,0x0000,0x0841,0x0041,0x0841,0x0041,0x0041,0x0041,0x0841,0x0841,0x0041,0x0841,0x0841,0x0841,0x0841,
  0x0041,0x0841,0x0841,0x0841,0x0841,0x0841,0x0841,0x0861,0x0861,0x0861,0x0861,0x0861,0x0841,0x0861,0x0861,0x0861,
  0x0861,0x0861,0x0861,0x0861,0x0861,0x0861,0x0861,0x0841,0x0861,0x0861,0x0861,0x0861,0x0861,0x0861,0x0840,0x0840,
  0x0840,0x0840,0x0841,0x0841,0x0840,0x0840,0x0840,0x0840,0x0840,0x0840,0x0861,0x0840,0x0840,0x0840,0x0840,0x0840,
  0x0840,0x0840,0x0840,0x0840,0x0840,0x0840,0x0840,0x0840,0x0840,0x0840,0x0840,0x0840,0x0840,0x0840,0x0840,0x0840,
  0x0840,0x0840,0x0840,0x0840,0x0840,0x0840,0x0840,0x0840,0x0840,0x0840,0x0840,0x0840,0x0000,0x10A2,0x6201,0x0820,
  0x0000,0xE460,0x7240,0x0000,0x0840,0x0840,0x0820,0x0820,0x0840,0x0820,0x0820,0x0820,0x0820,0x0820,0x0820,0x0820,
  0x0820,0x0820,0x0820,0x0820,0x0820,0x0820,0x0840,0x0820,0x0820,0x0840,0x0840,0x0840,0x0820,0x0840,0x0840,0x0820,
  0x0840,0x0840,0x0840,0x0840,0x0840,0x0840,0x0840,0x0840,0x0840,0x0840,0x0041,0x0041,0x0840,0x0041,0x0840,0x0840,
  0x0021,0x0840,0x0041,0x0840,0x0041,0x0041,0x0041,0x0840,0x0840,0x0041,0x0041,0x0840,0x0840,0x0041,0x0840,0x0840,
  0x0840,0x0840,0x0840,0x0840,0x0840,0x0840,0x0840,0x0840,0x0041,0x0840,0x0041,0x0840,0x0840,0x0840,0x0840,0x0840,
  0x0840,0x0041,0x0041,0x0041,0x0041,0x0041,0x0041,0x0840,0x0041,0x0041,0x0840,0x0840,0x0840,0x0840,0x0840,0x0840,
  0x0041,0x0041,0x0041,0x0041,0x0840,0x0041,0x0041,0x0840,0x0041,0x0041,0x0041,0x0041,0x0840,0x0041,0x0041,0x0840,
  0x0041,0x0041,0x0041,0x0840,0x0840,0x0841,0x0840,0x0840,0x0840,0x0041,0x0840,0x0840,0x0840,0x0840,0x0041,0x0041,
  0x0840,0x0041,0x0041,0x0041,0x0041,0x0041,0x0041,0x0041,0x0840,0x0840,0x0841,0x0840,0x0840,0x0041,0x0041,0x0041,
  0x0041,0x0840,0x0840,0x0041,0x0841,0x0840,0x0041,0x0840,0x0041,0x0840,0x0041,0x0041,0x0041,0x0041,0x0840,0x0041,
  0x0041,0x0041,0x0041,0x0840,0x0840,0x0840,0x0840,0x0840,0x0841,0x0840,0x0041,0x0841,0x0841,0x0041,0x0841,0x0041,
  0x0840,0x0041,0x0041,0x0041,0x0041,0x0041,0x0041,0x0041,0x0041,0x0840,0x0840,0x0840,0x0041,0x0840,0x0840,0x0840,
  0x0041,0x0041,0x0840,0x0840,0x0041,0x0041,0x0840,0x0840,0x0840,0x0840,0x0840,0x0840,0x0840,0x0840,0x0820,0x0820,
  0x0840,0x0000,0x18E3,0x5AEB,0x4228,0x4A69,0x39E7,0x0000,0x18A1,0x0820,0x52CC,0x5B2D,0x5B2D,0x632D,0x6B6E,0x52CB,
  0x0841,0x0000,0x0841,0x0041,0x0041,0x0841,0x0041,0x0841,0x0841,0x0840,0x0041,0x0841,0x0841,0x0841,0x0841,0x0841,
  0x0841,0x0841,0x0841,0x0841,0x0841,0x0840,0x0840,0x0861,0x0861,0x0861,0x0861,0x0861,0x0861,0x0861,0x0861,0x0861,
  0x0861,0x0861,0x0861,0x0861,0x0861,0x0861,0x0861,0x0861,0x0861,0x0861,0x0861,0x0861,0x0861,0x0861,0x0861,0x0840,
  0x0840,0x0841,0x0841,0x0840,0x0840,0x0840,0x0840,0x0840,0x0840,0x0861,0x0840,0x0861,0x0861,0x0840,0x0840,0x0840,
  0x0840,0x0840,0x0840,0x0840,0x0841,0x0840,0x0840,0x0840,0x0840,0x0840,0x0840,0x0840,0x0840,0x0840,0x0840,0x0840,
  0x0840,0x0840,0x0840,0x0840,0x0840,0x0840,0x0840,0x0840,0x0840,0x0840,0x0820,0x0840,0x0000,0x10A2,0x6200,0x0820,
  0x0000,0xE440,0x7A40,0x0000,0x0840,0x0840,0x0820,0x0840,0x0820,0x0820,0x0820,0x0820,0x0820,0x0820,0x0820,0x0820,
  0x0820,0x0820,0x0820,0x0820,0x0820,0x0820,0x0820,0x0820,0x0820,0x0820,0x0820,0x0840,0x0820,0x0840,0x0840,0x0840,
  0x0840,0x0820,0x0820,0x0820,0x0840,0x0840,0x0840,0x0840,0x0840,0x0840,0x0840,0x0840,0x0840,0x0840,0x0840,0x0840,
  0x0840,0x0840,0x0041,0x0041,0x0041,0x0840,0x0840,0x0041,0x0840,0x0840,0x0041,0x0840,0x0840,0x0041,0x0840,0x0041,
  0x0840,0x0840,0x0840,0x0840,0x0840,0x0840,0x0840,0x0840,0x0840,0x0840,0x0840,0x0840,0x0840,0x0840,0x0840,0x0041,
  0x0840,0x0840,0x0041,0x0041,0x0041,0x0041,0x0840,0x0041,0x0041,0x0041,0x0041,0x0840,0x0840,0x0840,0x0840,0x0840,
  0x0041,0x0041,0x0840,0x0041,0x0041,0x0041,0x0840,0x0041,0x0840,0x0041,0x0041,0x0041,0x0041,0x0041,0x0041,0x0041,
  0x0841,0x0840,0x0041,0x0840,0x0840,0x0840,0x0840,0x0840,0x0041,0x0840,0x0841,0x0840,0x0041,0x0840,0x0861,0x0840,
  0x0041,0x0041,0x0840,0x0041,0x0041,0x0041,0x0840,0x0041,0x0041,0x0041,0x0041,0x0841,0x0840,0x0840,0x0041,0x0041,
  0x0041,0x0840,0x0840,0x0840,0x0841,0x0840,0x0041,0x0041,0x0041,0x0840,0x0041,0x0041,0x0041,0x0041,0x0041,0x0041,
  0x0041,0x0041,0x0041,0x0041,0x0840,0x0041,0x0840,0x0041,0x0041,0x0840,0x0041,0x0841,0x0841,0x0841,0x0841,0x0041,
  0x0041,0x0041,0x0041,0x0041,0x0041,0x0041,0x0041,0x0041,0x0840,0x0041,0x0041,0x0840,0x0041,0x0041,0x0041,0x0041,
  0x0041,0x0840,0x0041,0x0041,0x0840,0x0840,0x0840,0x0840,0x0840,0x0840,0x0820,0x0840,0x0840,0x0840,0x0820,0x0021,
  0x0020,0x0861,0x5ACB,0x4229,0x4228,0x4A49,0x39C7,0x0000,0x0840,0x0000,0x52CB,0x5B0D,0x5B0D,0x634E,0x52AB,0x0021,
  0x0000,0x0840,0x0041,0x0841,0x0841,0x0841,0x0841,0x0841,0x0841,0x0841,0x0841,0x0841,0x0841,0x0841,0x0841,0x0841,
  0x0841,0x0841,0x0861,0x0861,0x0861,0x0861,0x0861,0x0841,0x0861,0x0861,0x0861,0x0861,0x0861,0x0861,0x0861,0x0861,
  0x0861,0x0861,0x0861,0x0861,0x0861,0x0861,0x0861,0x0861,0x0861,0x0861,0x0861,0x0861,0x0861,0x0861,0x0840,0x0861,
  0x0861,0x0840,0x0840,0x0841,0x0841,0x0861,0x0861,0x0841,0x0840,0x0861,0x0861,0x0861,0x0861,0x0861,0x0861,0x0861,
  0x0861,0x0840,0x0861,0x0840,0x0840,0x0840,0x0840,0x0840,0x0840,0x0840,0x0840,0x0840,0x0840,0x0840,0x0840,0x0840,
  0x0840,0x0840,0x0840,0x0840,0x0840,0x0840,0x0840,0x0840,0x0840,0x0840,0x0820,0x0840,0x0000,0x10A2,0x6200,0x0820,
  0x0000,0xE440,0x7A40,0x0000,0x0840,0x0820,0x0820,0x0840,0x0820,0x0820,0x0820,0x0820,0x0820,0x0820,0x0820,0x0820,
  0x0820,0x0820,0x0820,0x0820,0x0840,0x0820,0x0820,0x0820,0x0840,0x0820,0x0820,0x0840,0x0840,0x0840,0x0820,0x0840,
  0x0840,0x0820,0x0840,0x0840,0x0840,0x0840,0x0840,0x0840,0x0820,0x0840,0x0840,0x0840,0x0840,0x0840,0x0840,0x0840,
  0x0840,0x0840,0x0840,0x0840,0x0840,0x0840,0x0840,0x0840,0x0840,0x0840,0x0041,0x0041,0x0041,0x0041,0x0840,0x0840,
  0x0041,0x0840,0x0840,0x0840,0x0840,0x0840,0x0840,0x0840,0x0840,0x0041,0x0840,0x0840,0x0840,0x0840,0x0041,0x0041,
  0x0840,0x0840,0x0041,0x0041,0x0840,0x0840,0x0840,0x0840,0x0840,0x0041,0x0041,0x0041,0x0840,0x0840,0x0840,0x0041,
  0x0041,0x0041,0x0840,0x0041,0x0041,0x0041,0x0041,0x0041,0x0840,0x0041,0x0041,0x0041,0x0041,0x0041,0x0041,0x0840,
  0x0041,0x0840,0x0841,0x0840,0x0840,0x0041,0x0041,0x0841,0x0041,0x0840,0x0840,0x0840,0x0841,0x0840,0x0841,0x0841,
  0x0041,0x0840,0x0041,0x0840,0x0840,0x0041,0x0840,0x0041,0x0041,0x0041,0x0041,0x0041,0x0041,0x0041,0x0041,0x0041,
  0x0840,0x0041,0x0841,0x0841,0x0840,0x0841,0x0840,0x0041,0x0041,0x0041,0x0041,0x0041,0x0041,0x0041,0x0041,0x0841,
  0x0841,0x0041,0x0041,0x0840,0x0840,0x0041,0x0041,0x0840,0x0840,0x0041,0x0041,0x0041,0x0041,0x0041,0x0041,0x0041,
  0x0041,0x0041,0x0041,0x0041,0x0041,0x0041,0x0041,0x0840,0x0840,0x0840,0x0840,0x0041,0x0840,0x0840,0x0041,0x0840,
  0x0041,0x0840,0x0041,0x0041,0x0041,0x0840,0x0840,0x0021,0x0840,0x0840,0x0840,0x0840,0x0840,0x0820,0x0820,0x0840,
  0x0000,0x18E3,0x528A,0x4A49,0x4228,0x4228,0x3186,0x0000,0x0840,0x0020,0x5B0C,0x52EC,0x6B6E,0x5AEC,0x0841,0x0000,
  0x0861,0x0041,0x0841,0x0841,0x0841,0x0841,0x0841,0x0841,0x0841,0x0841,0x0841,0x0841,0x0841,0x0841,0x0841,0x0841,
  0x0841,0x0841,0x0861,0x0861,0x0861,0x0841,0x0861,0x0861,0x0861,0x0861,0x0861,0x0861,0x0861,0x0861,0x0861,0x0861,
  0x0861,0x0861,0x0861,0x0861,0x0861,0x0861,0x0861,0x0861,0x1061,0x0861,0x0861,0x0861,0x0861,0x0861,0x0861,0x0861,
  0x0861,0x0861,0x0861,0x0861,0x0861,0x0861,0x0840,0x0861,0x0861,0x0840,0x0861,0x0861,0x0861,0x0861,0x0861,0x0861,
  0x0861,0x0861,0x0861,0x0840,0x0840,0x0840,0x0840,0x0840,0x0840,0x0840,0x0840,0x0840,0x0840,0x0840,0x0840,0x0840,
  0x0840,0x0840,0x0840,0x0840,0x0840,0x0840,0x0840,0x0840,0x0820,0x0820,0x0820,0x0840,0x0000,0x10A3,0x6A00,0x0820,
  0x0000,0xEC60,0x7240,0x0000,0x0840,0x0840,0x0820,0x0840,0x0820,0x0820,0x0820,0x0820,0x0820,0x0820,0x0820,0x0820,
  0x0820,0x0820,0x0820,0x0820,0x0820,0x0820,0x0820,0x0820,0x0820,0x0820,0x0820,0x0820,0x0840,0x0840,0x0840,0x0840,
  0x0820,0x0820,0x0840,0x0840,0x0840,0x0840,0x0840,0x0840,0x0820,0x0840,0x0840,0x0840,0x0840,0x0840,0x0840,0x0840,
  0x0840,0x0840,0x0840,0x0840,0x0840,0x0041,0x0041,0x0041,0x0041,0x0041,0x0840,0x0041,0x0041,0x0021,0x0840,0x0041,
  0x0041,0x0041,0x0840,0x0041,0x0840,0x0840,0x0840,0x0840,0x0840,0x0041,0x0840,0x0840,0x0041,0x0840,0x0840,0x0041,
  0x0041,0x0840,0x0041,0x0840,0x0840,0x0041,0x0840,0x0840,0x0840,0x0041,0x0840,0x0041,0x0840,0x0840,0x0840,0x0840,
  0x0041,0x0041,0x0041,0x0041,0x0041,0x0041,0x0841,0x0041,0x0041,0x0041,0x0041,0x0041,0x0041,0x0041,0x0041,0x0840,
  0x0041,0x0041,0x0841,0x0840,0x0041,0x0041,0x0840,0x0041,0x0041,0x0840,0x0840,0x0840,0x0840,0x0840,0x0841,0x0840,
  0x0840,0x0041,0x0041,0x0840,0x0840,0x0041,0x0840,0x0840,0x0041,0x0041,0x0840,0x0041,0x0041,0x0041,0x0840,0x0840,
  0x0840,0x0840,0x0841,0x0840,0x0041,0x0041,0x0840,0x0041,0x0041,0x0041,0x0041,0x0041,0x0041,0x0041,0x0041,0x0041,
  0x0041,0x0041,0x0840,0x0840,0x0041,0x0041,0x0041,0x0041,0x0041,0x0041,0x0041,0x0041,0x0041,0x0041,0x0041,0x0041,
  0x0041,0x0041,0x0841,0x0041,0x0041,0x0041,0x0840,0x0041,0x0840,0x0840,0x0840,0x0840,0x0840,0x0041,0x0840,0x0840,
  0x0840,0x0041,0x0840,0x0041,0x0041,0x0041,0x0041,0x0840,0x0840,0x0840,0x0840,0x0840,0x0820,0x0820,0x0820,0x0840,
  0x0000,0x18E3,0x52AA,0x4A49,0x4228,0x4228,0x3186,0x0000,0x0840,0x0020,0x5B0D,0x632D,0x52CB,0x0841,0x0000,0x0840,
  0x0041,0x0041,0x0841,0x0841,0x0841,0x0041,0x0841,0x0841,0x0841,0x0841,0x0841,0x0841,0x0861,0x0861,0x0861,0x0861,
  0x0841,0x0841,0x0861,0x0861,0x0861,0x0841,0x0861,0x0861,0x0861,0x0861,0x0861,0x0861,0x0861,0x0861,0x0861,0x0861,
  0x0861,0x0861,0x0861,0x0861,0x0861,0x0861,0x0861,0x0861,0x1061,0x0861,0x0861,0x0861,0x0861,0x0861,0x0861,0x0861,
  0x0861,0x0861,0x0861,0x0861,0x0861,0x0861,0x0861,0x0861,0x0861,0x0861,0x0861,0x0861,0x0861,0x0861,0x0861,0x0861,
  0x0861,0x0861,0x0861,0x0840,0x0840,0x0840,0x0840,0x0840,0x0840,0x0840,0x0840,0x0840,0x0840,0x0840,0x0840,0x0840,
  0x0840,0x0840,0x0840,0x0840,0x0840,0x0840,0x0840,0x0840,0x0840,0x0840,0x0840,0x0840,0x0000,0x10A3,0x6A20,0x0820,
  0x0000,0xE460,0x7220,0x0000,0x0840,0x0820,0x0840,0x0820,0x0820,0x0840,0x0820,0x0820,0x0820,0x0820,0x0820,0x0820,
  0x0820,0x0820,0x0820,0x0820,0x0820,0x0820,0x0840,0x0840,0x0820,0x0820,0x0820,0x0820,0x0840,0x0840,0x0840,0x0840,
  0x0820,0x0820,0x0820,0x0840,0x0840,0x0840,0x0840,0x0840,0x0820,0x0840,0x0820,0x0840,0x0840,0x0840,0x0840,0x0840,
  0x0840,0x0820,0x0840,0x0840,0x0840,0x0041,0x0840,0x0041,0x0840,0x0041,0x0041,0x0840,0x0840,0x0041,0x0840,0x0840,
  0x0840,0x0840,0x0840,0x0840,0x0840,0x0840,0x0840,0x0840,0x0840,0x0840,0x0041,0x0840,0x0840,0x0840,0x0840,0x0840,
  0x0840,0x0840,0x0840,0x0840,0x0840,0x0840,0x0840,0x0840,0x0840,0x0840,0x0840,0x0041,0x0840,0x0840,0x0840,0x0840,
  0x0840,0x0041,0x0840,0x0041,0x0041,0x0041,0x0041,0x0840,0x0041,0x0041,0x0840,0x0041,0x0041,0x0041,0x0041,0x0041,
  0x0041,0x0041,0x0840,0x0041,0x0041,0x0041,0x0840,0x0840,0x0041,0x0840,0x0840,0x0041,0x0840,0x0841,0x0841,0x0041,
  0x0840,0x0041,0x0041,0x0840,0x0840,0x0041,0x0041,0x0840,0x0041,0x0041,0x0041,0x0041,0x0840,0x0041,0x0841,0x0840,
  0x0840,0x0841,0x0841,0x0840,0x0041,0x0840,0x0840,0x0841,0x0841,0x0840,0x0041,0x0041,0x0041,0x0041,0x0840,0x0041,
  0x0840,0x0041,0x0041,0x0041,0x0840,0x0041,0x0041,0x0041,0x0041,0x0041,0x0041,0x0041,0x0840,0x0041,0x0840,0x0041,
  0x0041,0x0041,0x0041,0x0041,0x0041,0x0041,0x0041,0x0840,0x0041,0x0840,0x0840,0x0840,0x0840,0x0041,0x0041,0x0041,
  0x0041,0x0840,0x0840,0x0041,0x0041,0x0041,0x0840,0x0840,0x0840,0x0840,0x0820,0x0820,0x0820,0x0820,0x0820,0x0840,
  0x0000,0x18E3,0x52AA,0x4228,0x4228,0x4228,0x3186,0x0000,0x0000,0x0000,0x5AEC,0x52CC,0x0861,0x0000,0x0841,0x0041,
  0x0041,0x0041,0x0840,0x0841,0x0841,0x0841,0x0841,0x0841,0x0841,0x0841,0x0861,0x0841,0x0841,0x0861,0x0861,0x0861,
  0x0861,0x0861,0x0861,0x0861,0x0861,0x0861,0x0841,0x0861,0x0861,0x0861,0x0861,0x0861,0x0841,0x0861,0x0861,0x0861,
  0x0861,0x0861,0x0861,0x0861,0x0861,0x0861,0x0861,0x0861,0x0861,0x0861,0x0861,0x0861,0x0861,0x0861,0x0861,0x0861,
  0x0861,0x0861,0x0840,0x0861,0x0861,0x0861,0x0861,0x0861,0x0861,0x0861,0x0861,0x0861,0x0861,0x0861,0x0861,0x0861,
  0x0861,0x0861,0x0861,0x0840,0x0840,0x0861,0x0840,0x0840,0x0861,0x0840,0x0860,0x0840,0x0840,0x0840,0x0840,0x0840,
  0x0840,0x0840,0x0840,0x0840,0x0840,0x0840,0x0840,0x0840,0x0840,0x0840,0x0840,0x0840,0x0000,0x10A2,0x6A00,0x0820,
  0x0000,0xDC40,0x6A00,0x0000,0x0840,0x0820,0x0820,0x0820,0x0820,0x0820,0x0820,0x0820,0x0820,0x0820,0x0820,0x0820,
  0x0820,0x0820,0x0820,0x0820,0x0820,0x0820,0x0820,0x0840,0x0820,0x0820,0x0820,0x0820,0x0840,0x0820,0x0820,0x0840,
  0x0840,0x0840,0x0840,0x0840,0x0820,0x0840,0x0840,0x0820,0x0840,0x0840,0x0820,0x0820,0x0820,0x0820,0x0840,0x0840,
  0x0840,0x0021,0x0840,0x0840,0x0840,0x0041,0x0840,0x0840,0x0041,0x0041,0x0840,0x0840,0x0041,0x0840,0x0041,0x0041,
  0x0041,0x0840,0x0041,0x0840,0x0840,0x0840,0x0840,0x0041,0x0840,0x0840,0x0840,0x0840,0x0840,0x0840,0x0840,0x0840,
  0x0840,0x0840,0x0840,0x0840,0x0840,0x0840,0x0840,0x0041,0x0840,0x0840,0x0840,0x0840,0x0840,0x0840,0x0840,0x0840,
  0x0840,0x0840,0x0041,0x0840,0x0041,0x0041,0x0041,0x0840,0x0041,0x0041,0x0840,0x0041,0x0840,0x0041,0x0041,0x0840,
  0x0041,0x0041,0x0840,0x0041,0x0840,0x0840,0x0041,0x0840,0x0840,0x0840,0x0841,0x0041,0x0840,0x0041,0x0840,0x0840,
  0x0840,0x0041,0x0041,0x0041,0x0840,0x0840,0x0041,0x0041,0x0041,0x0041,0x0041,0x0041,0x0840,0x0841,0x0841,0x0841,
  0x0041,0x0841,0x0841,0x0041,0x0041,0x0840,0x0041,0x0041,0x0041,0x0041,0x0840,0x0041,0x0840,0x0041,0x0840,0x0041,
  0x0840,0x0840,0x0041,0x0041,0x0041,0x0041,0x0840,0x0041,0x0041,0x0041,0x0041,0x0041,0x0840,0x0840,0x0041,0x0041,
  0x0041,0x0041,0x0840,0x0840,0x0041,0x0041,0x0041,0x0840,0x0041,0x0041,0x0840,0x0840,0x0840,0x0840,0x0840,0x0840,
  0x0840,0x0840,0x0840,0x0041,0x0840,0x0041,0x0840,0x0840,0x0840,0x0840,0x0820,0x0820,0x0820,0x0820,0x0820,0x0840,
  0x0000,0x18E4,0x4A8A,0x4208,0x4228,0x4228,0x31A6,0x0000,0x0820,0x0000,0x5B0D,0x426A,0x0000,0x0840,0x0041,0x0041,
  0x0841,0x0841,0x0841,0x0841,0x0841,0x0841,0x0841,0x0841,0x0841,0x0841,0x0841,0x0841,0x0841,0x0841,0x0861,0x0861,
  0x0861,0x0861,0x0861,0x0861,0x0861,0x0861,0x0861,0x0861,0x0861,0x0861,0x0861,0x0861,0x0861,0x0861,0x0861,0x0861,
  0x0861,0x0861,0x0861,0x0861,0x0861,0x0861,0x0861,0x0861,0x0861,0x0861,0x0861,0x0861,0x0861,0x0861,0x0861,0x0861,
  0x0861,0x0841,0x0861,0x0861,0x0861,0x0861,0x0861,0x0861,0x0861,0x0861,0x0861,0x0860,0x0861,0x0861,0x0861,0x0861,
  0x0861,0x0861,0x0861,0x0840,0x0861,0x0861,0x0861,0x0861,0x0840,0x0840,0x0840,0x0840,0x0840,0x0840,0x0840,0x0840,
  0x0840,0x0840,0x0840,0x0840,0x0840,0x0840,0x0840,0x0840,0x0840,0x0840,0x0840,0x0840,0x0000,0x10A3,0x6A00,0x0820,
  0x0000,0xDC20,0x6A00,0x0000,0x0840,0x0820,0x0820,0x0820,0x0820,0x0820,0x0820,0x0820,0x0820,0x0820,0x0820,0x0820,
  0x0820,0x0820,0x0820,0x0820,0x0820,0x0820,0x0820,0x0820,0x0820,0x0820,0x0820,0x0820,0x0840,0x0840,0x0820,0x0820,
  0x0820,0x0820,0x0840,0x0840,0x0840,0x0840,0x0820,0x0840,0x0840,0x0840,0x0820,0x0840,0x0840,0x0820,0x0840,0x0840,
  0x0840,0x0840,0x0840,0x0840,0x0840,0x0840,0x0840,0x0840,0x0840,0x0840,0x0840,0x0840,0x0840,0x0840,0x0840,0x0840,
  0x0840,0x0840,0x0041,0x0041,0x0840,0x0041,0x0840,0x0840,0x0840,0x0840,0x0840,0x0840,0x0041,0x0840,0x0840,0x0840,
  0x0840,0x0840,0x0840,0x0840,0x0041,0x0840,0x0041,0x0840,0x0041,0x0840,0x0041,0x0041,0x0840,0x0840,0x0840,0x0840,
  0x0840,0x0840,0x0840,0x0041,0x0041,0x0041,0x0041,0x0041,0x0840,0x0041,0x0041,0x0041,0x0840,0x0041,0x0041,0x0840,
  0x0041,0x0041,0x0041,0x0041,0x0840,0x0041,0x0840,0x0840,0x0840,0x0840,0x0840,0x0840,0x0840,0x0041,0x0041,0x0041,
  0x0041,0x0041,0x0041,0x0840,0x0041,0x0041,0x0041,0x0041,0x0041,0x0041,0x0041,0x0041,0x0041,0x0041,0x0840,0x0840,
  0x0840,0x0041,0x0041,0x0041,0x0041,0x0841,0x0840,0x0840,0x0041,0x0041,0x0840,0x0840,0x0840,0x0840,0x0840,0x0840,
  0x0840,0x0840,0x0840,0x0041,0x0041,0x0041,0x0041,0x0041,0x0041,0x0041,0x0840,0x0840,0x0041,0x0041,0x0840,0x0041,
  0x0041,0x0041,0x0041,0x0041,0x0041,0x0041,0x0041,0x0840,0x0840,0x0840,0x0041,0x0840,0x0840,0x0840,0x0840,0x0840,
  0x0840,0x0840,0x0840,0x0840,0x0041,0x0041,0x0840,0x0840,0x0840,0x0840,0x0820,0x0820,0x0820,0x0820,0x0820,0x0840,
  0x0000,0x2104,0x528A,0x39E8,0x39E8,0x4208,0x39C6,0x0020,0x1060,0x0000,0x52EC,0x426B,0x0000,0x0041,0x0841,0x0841,
  0x0841,0x0841,0x0041,0x0841,0x0841,0x0861,0x0841,0x0841,0x0841,0x0841,0x0841,0x0841,0x0861,0x0861,0x0841,0x0841,
  0x0861,0x0861,0x0840,0x0861,0x0861,0x0861,0x0861,0x0861,0x0861,0x0861,0x0861,0x0861,0x0861,0x0861,0x0861,0x0861,
  0x0861,0x0861,0x0861,0x0861,0x0861,0x0861,0x0861,0x0861,0x0861,0x0861,0x0861,0x0861,0x0861,0x0861,0x0861,0x0861,
  0x0861,0x0861,0x0861,0x0861,0x0861,0x0861,0x0861,0x0861,0x0861,0x0861,0x0861,0x0861,0x0861,0x0861,0x0861,0x0861,
  0x0861,0x0861,0x0840,0x0840,0x0861,0x0861,0x0861,0x0840,0x0840,0x0840,0x0840,0x0840,0x0840,0x0840,0x0840,0x0840,
  0x0840,0x0840,0x0840,0x0840,0x0840,0x0840,0x0840,0x0840,0x0840,0x0840,0x0840,0x0840,0x0000,0x10A3,0x6200,0x0820,
  0x0000,0xDC20,0x7220,0x0000,0x0840,0x0820,0x0820,0x0820,0x0820,0x0820,0x0820,0x0820,0x0820,0x0820,0x0820,0x0820,
  0x0820,0x0820,0x0820,0x0840,0x0820,0x0820,0x0820,0x0840,0x0820,0x0820,0x0820,0x0820,0x0840,0x0840,0x0820,0x0820,
  0x0840,0x0840,0x0840,0x0840,0x0840,0x0840,0x0840,0x0840,0x0840,0x0840,0x0840,0x0840,0x0840,0x0840,0x0840,0x0840,
  0x0840,0x0840,0x0840,0x0840,0x0840,0x0840,0x0840,0x0840,0x0840,0x0840,0x0840,0x0840,0x0840,0x0840,0x0840,0x0840,
  0x0840,0x0840,0x0840,0x0041,0x0840,0x0840,0x0840,0x0840,0x0840,0x0840,0x0041,0x0840,0x0840,0x0840,0x0840,0x0840,
  0x0041,0x0840,0x0840,0x0840,0x0840,0x0840,0x0840,0x0840,0x0840,0x0840,0x0041,0x0840,0x0840,0x0840,0x0840,0x0840,
  0x0041,0x0840,0x0840,0x0041,0x0041,0x0041,0x0041,0x0041,0x0840,0x0041,0x0840,0x0041,0x0041,0x0041,0x0041,0x0041,
  0x0041,0x0840,0x0840,0x0041,0x0840,0x0041,0x0841,0x0840,0x0841,0x0841,0x0041,0x0841,0x0041,0x0041,0x0041,0x0041,
  0x0041,0x0041,0x0041,0x0840,0x0041,0x0041,0x0041,0x0041,0x0041,0x0840,0x0840,0x0041,0x0041,0x0041,0x0840,0x0840,
  0x0841,0x0840,0x0041,0x0840,0x0840,0x0041,0x0041,0x0840,0x0041,0x0041,0x0041,0x0041,0x0840,0x0041,0x0840,0x0840,
  0x0041,0x0840,0x0041,0x0840,0x0840,0x0041,0x0041,0x0840,0x0840,0x0840,0x0840,0x0840,0x0840,0x0041,0x0840,0x0840,
  0x0041,0x0041,0x0041,0x0041,0x0041,0x0041,0x0041,0x0041,0x0840,0x0840,0x0041,0x0840,0x0840,0x0041,0x0041,0x0840,
  0x0840,0x0041,0x0840,0x0041,0x0840,0x0041,0x0041,0x0840,0x0840,0x0820,0x0820,0x0820,0x0820,0x0020,0x0820,0x0840,
  0x0000,0x1904,0x4A6A,0x4208,0x4208,0x4208,0x31A6,0x0841,0x2922,0x0020,0x4AAB,0x426B,0x0820,0x0041,0x0841,0x0041,
  0x0841,0x0841,0x0841,0x0841,0x0841,0x0861,0x0861,0x0841,0x0841,0x0841,0x0841,0x0861,0x0841,0x0841,0x0841,0x0841,
  0x0841,0x0861,0x0861,0x0861,0x0861,0x0861,0x0861,0x0861,0x0861,0x0861,0x0861,0x0861,0x0861,0x0861,0x0861,0x0861,
  0x0861,0x0861,0x0861,0x0861,0x0861,0x0861,0x0861,0x0861,0x0861,0x0861,0x0861,0x0861,0x0861,0x0861,0x0861,0x0861,
  0x0861,0x0860,0x0861,0x0861,0x0861,0x0861,0x0861,0x0861,0x0861,0x0861,0x0861,0x0861,0x0861,0x0861,0x0861,0x0861,
  0x0861,0x0840,0x0840,0x0840,0x0861,0x0861,0x0860,0x0840,0x0861,0x0840,0x0840,0x0840,0x0840,0x0840,0x0840,0x0840,
  0x0840,0x0840,0x0840,0x0840,0x0840,0x0840,0x0840,0x0840,0x0840,0x0840,0x0840,0x0840,0x0000,0x10A3,0x59E1,0x0820,
  0x0000,0xD420,0x7220,0x0000,0x0840,0x0820,0x0820,0x0820,0x0820,0x0820,0x0820,0x0820,0x0820,0x0820,0x0820,0x0820,
  0x0820,0x0820,0x0820,0x0820,0x0820,0x0820,0x0820,0x0820,0x0840,0x0840,0x0820,0x0820,0x0820,0x0820,0x0820,0x0820,
  0x0840,0x0840,0x0840,0x0840,0x0840,0x0840,0x0840,0x0840,0x0840,0x0840,0x0820,0x0840,0x0840,0x0840,0x0840,0x0840,
  0x0840,0x0840,0x0840,0x0840,0x0840,0x0840,0x0840,0x0840,0x0840,0x0840,0x0840,0x0840,0x0840,0x0840,0x0840,0x0840,
  0x0840,0x0840,0x0840,0x0840,0x0041,0x0041,0x0041,0x0840,0x0041,0x0041,0x0840,0x0840,0x0041,0x0041,0x0041,0x0840,
  0x0840,0x0840,0x0840,0x0840,0x0840,0x0840,0x0840,0x0840,0x0041,0x0840,0x0840,0x0840,0x0840,0x0840,0x0041,0x0840,
  0x0041,0x0041,0x0840,0x0840,0x0041,0x0041,0x0041,0x0041,0x0840,0x0041,0x0041,0x0840,0x0840,0x0041,0x0041,0x0041,
  0x0840,0x0840,0x0840,0x0840,0x0041,0x0041,0x0841,0x0840,0x0840,0x0840,0x0840,0x0841,0x0840,0x0041,0x0041,0x0840,
  0x0840,0x0840,0x0041,0x0041,0x0840,0x0041,0x0041,0x0041,0x0041,0x0041,0x0041,0x0041,0x0840,0x0840,0x0841,0x0840,
  0x0041,0x0840,0x0840,0x0840,0x0041,0x0840,0x0041,0x0840,0x0041,0x0041,0x0041,0x0041,0x0041,0x0840,0x0840,0x0840,
  0x0041,0x0840,0x0840,0x0840,0x0840,0x0840,0x0840,0x0041,0x0041,0x0840,0x0041,0x0840,0x0840,0x0041,0x0041,0x0041,
  0x0041,0x0041,0x0840,0x0041,0x0041,0x0041,0x0840,0x0041,0x0041,0x0840,0x0041,0x0840,0x0840,0x0041,0x0041,0x0840,
  0x0840,0x0840,0x0840,0x0041,0x0840,0x0840,0x0840,0x0840,0x0840,0x0820,0x0820,0x0820,0x0820,0x0820,0x0820,0x0840,
  0x0000,0x18E4,0x4A6A,0x4208,0x4208,0x4228,0x31A6,0x0841,0x41A3,0x0020,0x4AAB,0x428B,0x0840,0x0841,0x0841,0x0041,
  0x0841,0x0841,0x0841,0x0861,0x0861,0x0841,0x0861,0x0861,0x0841,0x0841,0x0841,0x0861,0x0841,0x0841,0x0841,0x0841,
  0x0840,0x0861,0x0861,0x0861,0x0861,0x0861,0x0861,0x0861,0x0861,0x0861,0x0861,0x0861,0x0861,0x0861,0x0861,0x0861,
  0x0861,0x0861,0x0841,0x0861,0x0861,0x0861,0x0861,0x0861,0x0861,0x0861,0x0861,0x0861,0x0861,0x0861,0x0861,0x0861,
  0x0861,0x0861,0x0861,0x0861,0x0861,0x0861,0x0861,0x0861,0x0861,0x0861,0x0861,0x0861,0x0861,0x0861,0x0861,0x0861,
  0x0861,0x0861,0x0861,0x0861,0x0861,0x0861,0x0840,0x0840,0x0840,0x0840,0x0840,0x0840,0x0840,0x0840,0x0840,0x0840,
  0x0840,0x0840,0x0840,0x0840,0x0840,0x0840,0x0840,0x0840,0x0840,0x0840,0x0820,0x0840,0x0000,0x10C3,0x6201,0x0820,
  0x0000,0xD3E0,0x6A00,0x0000,0x0840,0x0820,0x0820,0x0820,0x0820,0x0820,0x0820,0x0820,0x0820,0x0820,0x0820,0x0820,
  0x0820,0x0820,0x0820,0x0820,0x0840,0x0820,0x0820,0x0820,0x0820,0x0820,0x0820,0x0820,0x0820,0x0820,0x0820,0x0820,
  0x0840,0x0840,0x0840,0x0840,0x0840,0x0840,0x0840,0x0840,0x0840,0x0840,0x0840,0x0820,0x0840,0x0840,0x0840,0x0840,
  0x0820,0x0840,0x0840,0x0840,0x0840,0x0840,0x0840,0x0820,0x0820,0x0820,0x0840,0x0840,0x0840,0x0840,0x0840,0x0840,
  0x0840,0x0840,0x0840,0x0041,0x0041,0x0041,0x0840,0x0840,0x0041,0x0840,0x0041,0x0041,0x0041,0x0041,0x0840,0x0840,
  0x0840,0x0840,0x0840,0x0041,0x0840,0x0840,0x0840,0x0041,0x0840,0x0840,0x0840,0x0840,0x0041,0x0840,0x0840,0x0840,
  0x0840,0x0840,0x0840,0x0840,0x0840,0x0041,0x0041,0x0041,0x0041,0x0840,0x0840,0x0041,0x0041,0x0041,0x0041,0x0041,
  0x0041,0x0041,0x0041,0x0041,0x0041,0x0041,0x0840,0x0041,0x0041,0x0041,0x0840,0x0041,0x0840,0x0840,0x0840,0x0840,
  0x0840,0x0840,0x0041,0x0840,0x0840,0x0840,0x0041,0x0041,0x0840,0x0041,0x0041,0x0841,0x0840,0x0041,0x0841,0x0841,
  0x0841,0x0840,0x0041,0x0041,0x0041,0x0041,0x0041,0x0840,0x0041,0x0041,0x0041,0x0041,0x0041,0x0840,0x0840,0x0840,
  0x0840,0x0840,0x0840,0x0041,0x0840,0x0041,0x0840,0x0840,0x0041,0x0840,0x0840,0x0840,0x0840,0x0041,0x0041,0x0041,
  0x0840,0x0041,0x0041,0x0041,0x0840,0x0840,0x0041,0x0840,0x0840,0x0041,0x0840,0x0041,0x0041,0x0840,0x0840,0x0041,
  0x0840,0x0840,0x0041,0x0041,0x0041,0x0840,0x0840,0x0820,0x0820,0x0820,0x0820,0x0820,0x0020,0x0820,0x0020,0x0820,
  0x0000,0x2104,0x52AB,0x4208,0x4208,0x4A49,0x39C7,0x0021,0x2902,0x0000,0x52AB,0x42AD,0x0840,0x0041,0x0841,0x0841,
  0x0841,0x0841,0x0841,0x0841,0x0861,0x0861,0x0841,0x0841,0x0841,0x0841,0x0840,0x0841,0x0841,0x0841,0x0841,0x0861,
  0x0861,0x0841,0x0861,0x0861,0x0861,0x0861,0x0861,0x0861,0x0861,0x0861,0x0861,0x0840,0x0861,0x0861,0x0840,0x0861,
  0x0861,0x0861,0x0861,0x0841,0x0861,0x0861,0x0861,0x0861,0x0861,0x0861,0x0861,0x0861,0x0861,0x0861,0x0861,0x0861,
  0x0861,0x0861,0x0861,0x0861,0x0861,0x0861,0x0861,0x0861,0x0861,0x0861,0x0861,0x0861,0x0861,0x0861,0x0861,0x0861,
  0x0861,0x0861,0x0840,0x0861,0x0861,0x0840,0x0861,0x0840,0x0840,0x0840,0x0840,0x0840,0x0840,0x0840,0x0840,0x0840,
  0x0840,0x0840,0x0840,0x0840,0x0840,0x0840,0x0840,0x0840,0x0840,0x0840,0x0840,0x0840,0x0000,0x10C3,0x6201,0x0820,
  0x0000,0xCBE0,0x6A00,0x0000,0x0840,0x0820,0x0840,0x0840,0x0820,0x0820,0x0820,0x0820,0x0820,0x0840,0x0820,0x0820,
  0x0820,0x0820,0x0820,0x0820,0x0820,0x0820,0x0820,0x0820,0x0820,0x0820,0x0820,0x0820,0x0820,0x0840,0x0820,0x0820,
  0x0840,0x0840,0x0840,0x0840,0x0820,0x0840,0x0840,0x0820,0x0820,0x0840,0x0840,0x0840,0x0840,0x0820,0x0840,0x0840,
  0x0820,0x0840,0x0820,0x0820,0x0840,0x0021,0x0840,0x0840,0x0840,0x0840,0x0840,0x0840,0x0840,0x0840,0x0041,0x0840,
  0x0840,0x0820,0x0820,0x0840,0x0041,0x0041,0x0041,0x0840,0x0840,0x0041,0x0840,0x0840,0x0840,0x0840,0x0840,0x0840,
  0x0840,0x0840,0x0840,0x0840,0x0840,0x0840,0x0840,0x0840,0x0840,0x0840,0x0041,0x0840,0x0840,0x0840,0x0041,0x0840,
  0x0840,0x0041,0x0041,0x0840,0x0840,0x0840,0x0041,0x0041,0x0041,0x0041,0x0840,0x0840,0x0041,0x0041,0x0041,0x0041,
  0x0041,0x0041,0x0041,0x0041,0x0041,0x0840,0x0041,0x0041,0x0041,0x0041,0x0840,0x0041,0x0840,0x0840,0x0840,0x0840,
  0x0041,0x0840,0x0840,0x0840,0x0840,0x0840,0x0840,0x0840,0x0041,0x0041,0x0041,0x0041,0x0840,0x0041,0x0840,0x0841,
  0x0841,0x0840,0x0840,0x0041,0x0041,0x0041,0x0041,0x0041,0x0041,0x0041,0x0041,0x0041,0x0041,0x0041,0x0840,0x0840,
  0x0041,0x0041,0x0041,0x0840,0x0041,0x0041,0x0840,0x0041,0x0041,0x0041,0x0840,0x0840,0x0840,0x0840,0x0840,0x0840,
  0x0041,0x0041,0x0840,0x0041,0x0041,0x0840,0x0041,0x0840,0x0840,0x0041,0x0041,0x0840,0x0041,0x0041,0x0041,0x0041,
  0x0041,0x0041,0x0041,0x0840,0x0840,0x0840,0x0840,0x0840,0x0820,0x0840,0x0820,0x0021,0x0820,0x0020,0x0020,0x0840,
  0x0000,0x2945,0x5AEC,0x4228,0x4229,0x4A49,0x39E8,0x0000,0x0840,0x0020,0x52EC,0x4AAD,0x0820,0x0041,0x0841,0x0841,
  0x0841,0x0841,0x0841,0x0861,0x0861,0x0861,0x0841,0x0841,0x0841,0x0841,0x0841,0x0840,0x0840,0x0841,0x0861,0x0861,
  0x0861,0x0841,0x0841,0x0861,0x0841,0x0861,0x0861,0x0861,0x0861,0x0861,0x0861,0x0840,0x0861,0x0840,0x0840,0x0861,
  0x0861,0x0840,0x0861,0x0861,0x0861,0x0861,0x0861,0x0861,0x0861,0x0840,0x0861,0x0861,0x0861,0x0861,0x0861,0x0861,
  0x0861,0x0861,0x0861,0x0861,0x0861,0x0861,0x0861,0x0861,0x0840,0x0861,0x0861,0x0861,0x0861,0x0861,0x0861,0x0861,
  0x0861,0x0861,0x0861,0x0861,0x0861,0x0840,0x0840,0x0840,0x0840,0x0840,0x0840,0x0840,0x0840,0x0840,0x0840,0x0840,
  0x0840,0x0840,0x0840,0x0840,0x0840,0x0840,0x0840,0x0840,0x0840,0x0840,0x0840,0x0840,0x0000,0x10C3,0x59E2,0x0820,
  0x0000,0xCBC0,0x6A00,0x0000,0x0840,0x0820,0x0820,0x0840,0x0820,0x0820,0x0820,0x0820,0x0820,0x0820,0x0840,0x0820,
  0x0820,0x0820,0x0820,0x0820,0x0820,0x0820,0x0820,0x0820,0x0820,0x0820,0x0820,0x0820,0x0820,0x0820,0x0820,0x0820,
  0x0840,0x0840,0x0820,0x0820,0x0840,0x0840,0x0840,0x0840,0x0820,0x0840,0x0820,0x0840,0x0840,0x0840,0x0840,0x0820,
  0x0840,0x0840,0x0820,0x0840,0x0840,0x0840,0x0840,0x0840,0x0840,0x0021,0x0840,0x0840,0x0840,0x0840,0x0840,0x0840,
  0x0840,0x0840,0x0840,0x0840,0x0840,0x0041,0x0041,0x0041,0x0840,0x0041,0x0840,0x0041,0x0041,0x0840,0x0041,0x0041,
  0x0041,0x0041,0x0840,0x0840,0x0041,0x0840,0x0840,0x0840,0x0041,0x0840,0x0041,0x0041,0x0840,0x0840,0x0840,0x0840,
  0x0041,0x0041,0x0840,0x0840,0x0041,0x0840,0x0041,0x0041,0x0840,0x0840,0x0840,0x0840,0x0840,0x0840,0x0840,0x0041,
  0x0840,0x0840,0x0840,0x0041,0x0041,0x0041,0x0041,0x0041,0x0041,0x0840,0x0041,0x0041,0x0840,0x0041,0x0041,0x0840,
  0x0041,0x0840,0x0840,0x0840,0x0041,0x0840,0x0840,0x0041,0x0041,0x0041,0x0041,0x0840,0x0041,0x0840,0x0041,0x0841,
  0x0840,0x0841,0x0840,0x0041,0x0041,0x0840,0x0041,0x0840,0x0041,0x0041,0x0840,0x0041,0x0840,0x0840,0x0840,0x0840,
  0x0840,0x0041,0x0041,0x0041,0x0840,0x0840,0x0041,0x0041,0x0041,0x0041,0x0041,0x0840,0x0840,0x0840,0x0840,0x0840,
  0x0041,0x0041,0x0840,0x0840,0x0041,0x0041,0x0041,0x0840,0x0840,0x0041,0x0041,0x0041,0x0840,0x0041,0x0041,0x0840,
  0x0041,0x0840,0x0041,0x0840,0x0840,0x0840,0x0820,0x0820,0x0820,0x0820,0x0840,0x0021,0x0820,0x0820,0x0020,0x0840,
  0x0000,0x2965,0x5B0C,0x4229,0x4A6A,0x4249,0x31C7,0x0000,0x0820,0x0840,0x52EC,0x4ACD,0x0820,0x0041,0x0841,0x0841,
  0x0861,0x0841,0x0841,0x0861,0x0861,0x0861,0x0841,0x0841,0x0861,0x0841,0x0841,0x0841,0x0841,0x0840,0x0861,0x0841,
  0x0861,0x0841,0x0841,0x0861,0x0861,0x0861,0x0861,0x0861,0x0861,0x0840,0x0861,0x0841,0x0861,0x0841,0x0840,0x0841,
  0x0841,0x0840,0x0861,0x0861,0x0861,0x0840,0x0861,0x0861,0x0861,0x0840,0x0861,0x0861,0x0861,0x0861,0x0840,0x0861,
  0x0861,0x0861,0x0861,0x0861,0x0861,0x0861,0x0861,0x0840,0x0861,0x0861,0x0861,0x0840,0x0861,0x0861,0x0861,0x0861,
  0x0861,0x0861,0x0861,0x0861,0x0861,0x0861,0x0840,0x0840,0x0840,0x0840,0x0840,0x0840,0x0840,0x0840,0x0840,0x0840,
  0x0840,0x0840,0x0840,0x0840,0x0840,0x0840,0x0840,0x0840,0x0840,0x0840,0x0820,0x0840,0x0000,0x10C3,0x51E2,0x0820,
  0x0000,0xC3C0,0x6A00,0x0000,0x0840,0x0820,0x0820,0x0820,0x0820,0x0820,0x0820,0x0840,0x0820,0x0840,0x0820,0x0820,
  0x0820,0x0820,0x0820,0x0820,0x0820,0x0820,0x0820,0x0820,0x0820,0x0820,0x0820,0x0820,0x0820,0x0820,0x0820,0x0840,
  0x0840,0x0840,0x0840,0x0820,0x0820,0x0840,0x0820,0x0840,0x0820,0x0840,0x0840,0x0840,0x0840,0x0820,0x0820,0x0820,
  0x0840,0x0840,0x0820,0x0820,0x0840,0x0840,0x0840,0x0840,0x0820,0x0820,0x0820,0x0840,0x0840,0x0840,0x0820,0x0840,
  0x0840,0x0840,0x0840,0x0840,0x0840,0x0041,0x0840,0x0840,0x0041,0x0041,0x0021,0x0041,0x0840,0x0840,0x0840,0x0041,
  0x0840,0x0041,0x0840,0x0840,0x0041,0x0840,0x0840,0x0840,0x0840,0x0840,0x0840,0x0041,0x0041,0x0840,0x0840,0x0840,
  0x0840,0x0041,0x0840,0x0041,0x0041,0x0041,0x0041,0x0041,0x0840,0x0041,0x0840,0x0840,0x0840,0x0840,0x0041,0x0041,
  0x0041,0x0041,0x0041,0x0041,0x0041,0x0041,0x0041,0x0041,0x0041,0x0041,0x0041,0x0840,0x0041,0x0041,0x0041,0x0041,
  0x0041,0x0840,0x0041,0x0840,0x0041,0x0041,0x0041,0x0041,0x0041,0x0041,0x0841,0x0840,0x0041,0x0041,0x0041,0x0840,
  0x0841,0x0841,0x0840,0x0840,0x0041,0x0041,0x0041,0x0041,0x0041,0x0041,0x0840,0x0840,0x0840,0x0041,0x0840,0x0041,
  0x0041,0x0840,0x0041,0x0840,0x0840,0x0041,0x0041,0x0041,0x0041,0x0840,0x0041,0x0840,0x0840,0x0840,0x0840,0x0840,
  0x0840,0x0840,0x0840,0x0041,0x0840,0x0840,0x0840,0x0840,0x0840,0x0840,0x0041,0x0041,0x0840,0x0041,0x0041,0x0041,
  0x0041,0x0041,0x0840,0x0840,0x0840,0x0840,0x0820,0x0820,0x0840,0x0820,0x0820,0x0820,0x0820,0x0820,0x0020,0x0041,
  0x0000,0x31A6,0x632D,0x4249,0x4A8A,0x4229,0x31A7,0x0000,0x1060,0x0021,0x52CC,0x4AAD,0x0820,0x0041,0x0841,0x0841,
  0x0861,0x0841,0x0841,0x0861,0x0861,0x0861,0x0861,0x0841,0x0841,0x0841,0x0861,0x0861,0x0841,0x0841,0x0861,0x0841,
  0x0861,0x0861,0x0840,0x0841,0x0861,0x0861,0x0841,0x0861,0x0841,0x0840,0x0861,0x0861,0x0861,0x0841,0x0861,0x0840,
  0x0861,0x0840,0x0840,0x0861,0x0861,0x0861,0x0840,0x0840,0x0840,0x0861,0x0861,0x0861,0x0840,0x0840,0x0861,0x0861,
  0x0861,0x0861,0x0861,0x0861,0x0840,0x0861,0x0861,0x0861,0x0861,0x0861,0x0861,0x0861,0x0861,0x0861,0x0861,0x0861,
  0x0861,0x0861,0x0861,0x0861,0x0861,0x0861,0x0861,0x0840,0x0840,0x0840,0x0840,0x0840,0x0840,0x0840,0x0840,0x0840,
  0x0840,0x0840,0x0840,0x0840,0x0840,0x0840,0x0840,0x0840,0x0840,0x0820,0x0840,0x0840,0x0000,0x10C3,0x51C2,0x0020,
  0x0000,0xC3A0,0x61E0,0x0000,0x0840,0x0820,0x0820,0x0820,0x0820,0x0820,0x0820,0x0820,0x0820,0x0820,0x0840,0x0820,
  0x0820,0x0820,0x0820,0x0820,0x0820,0x0820,0x0820,0x0820,0x0820,0x0820,0x0820,0x0820,0x0820,0x0820,0x0820,0x0820,
  0x0820,0x0840,0x0840,0x0820,0x0840,0x0840,0x0820,0x0840,0x0820,0x0820,0x0820,0x0820,0x0840,0x0820,0x0820,0x0820,
  0x0820,0x0840,0x0820,0x0840,0x0840,0x0840,0x0840,0x0820,0x0820,0x0820,0x0820,0x0820,0x0840,0x0840,0x0840,0x0820,
  0x0820,0x0840,0x0840,0x0840,0x0041,0x0041,0x0840,0x0041,0x0041,0x0041,0x0041,0x0840,0x0041,0x0840,0x0041,0x0041,
  0x0041,0x0041,0x0041,0x0840,0x0041,0x0041,0x0840,0x0840,0x0041,0x0840,0x0041,0x0840,0x0840,0x0840,0x0041,0x0840,
  0x0041,0x0041,0x0041,0x0041,0x0041,0x0041,0x0840,0x0041,0x0840,0x0840,0x0840,0x0041,0x0840,0x0840,0x0840,0x0041,
  0x0840,0x0041,0x0041,0x0041,0x0041,0x0041,0x0840,0x0840,0x0041,0x0041,0x0041,0x0840,0x0041,0x0840,0x0840,0x0840,
  0x0840,0x0840,0x0840,0x0840,0x0840,0x0840,0x0840,0x0041,0x0041,0x0041,0x0041,0x0041,0x0041,0x0041,0x0041,0x0041,
  0x0841,0x0841,0x0840,0x0041,0x0041,0x0041,0x0041,0x0041,0x0041,0x0041,0x0840,0x0840,0x0840,0x0840,0x0840,0x0041,
  0x0840,0x0840,0x0840,0x0840,0x0041,0x0840,0x0041,0x0041,0x0840,0x0840,0x0840,0x0840,0x0840,0x0840,0x0840,0x0840,
  0x0840,0x0840,0x0041,0x0840,0x0840,0x0840,0x0840,0x0840,0x0840,0x0840,0x0840,0x0840,0x0840,0x0041,0x0041,0x0840,
  0x0021,0x0840,0x0840,0x0840,0x0840,0x0840,0x0840,0x0840,0x0840,0x0840,0x0820,0x0820,0x0820,0x0820,0x0020,0x0041,
  0x0000,0x31A7,0x634D,0x4249,0x4249,0x4249,0x31C7,0x0021,0x10C4,0x0020,0x52CC,0x4AED,0x0840,0x0041,0x0841,0x0841,
  0x0841,0x0861,0x0861,0x0861,0x0861,0x0861,0x0861,0x0861,0x0861,0x0861,0x0861,0x0841,0x0841,0x0841,0x0841,0x0840,
  0x0841,0x0841,0x0840,0x0861,0x0840,0x0841,0x0840,0x0840,0x0841,0x0841,0x0861,0x0861,0x0861,0x0841,0x0841,0x0840,
  0x0840,0x0840,0x0861,0x0861,0x0861,0x0861,0x0861,0x0861,0x0861,0x0861,0x0861,0x0861,0x0860,0x0861,0x0861,0x0840,
  0x0861,0x0861,0x0861,0x0861,0x0861,0x0861,0x0840,0x0840,0x0861,0x0860,0x0861,0x0861,0x0861,0x0861,0x0861,0x0861,
  0x0861,0x0861,0x0861,0x0861,0x0861,0x0840,0x0840,0x0840,0x0861,0x0840,0x0840,0x0840,0x0840,0x0840,0x0840,0x0840,
  0x0840,0x0840,0x0840,0x0840,0x0840,0x0840,0x0840,0x0840,0x0840,0x0840,0x0840,0x0840,0x0000,0x18C4,0x59E2,0x0020,
  0x0000,0xCBE0,0x6A00,0x0000,0x0840,0x0820,0x0820,0x0820,0x0820,0x0820,0x0820,0x0820,0x0820,0x0820,0x0820,0x0820,
  0x0820,0x0820,0x0820,0x0820,0x0820,0x0820,0x0820,0x0820,0x0820,0x0820,0x0820,0x0820,0x0820,0x0820,0x0820,0x0820,
  0x0820,0x0820,0x0840,0x0820,0x0820,0x0820,0x0820,0x0820,0x0820,0x0820,0x0820,0x0840,0x0840,0x0820,0x0820,0x0820,
  0x0820,0x0840,0x0840,0x0820,0x0820,0x0840,0x0840,0x0840,0x0820,0x0820,0x0820,0x0840,0x0840,0x0840,0x0840,0x0840,
  0x0820,0x0840,0x0840,0x0840,0x0840,0x0041,0x0041,0x0041,0x0840,0x0840,0x0041,0x0840,0x0840,0x0041,0x0041,0x0840,
  0x0041,0x0840,0x0840,0x0041,0x0840,0x0840,0x0840,0x0840,0x0840,0x0840,0x0840,0x0041,0x0041,0x0840,0x0840,0x0041,
  0x0840,0x0041,0x0041,0x0840,0x0041,0x0840,0x0840,0x0041,0x0041,0x0840,0x0840,0x0840,0x0840,0x0840,0x0041,0x0041,
  0x0041,0x0041,0x0840,0x0041,0x0041,0x0840,0x0840,0x0840,0x0840,0x0840,0x0041,0x0041,0x0840,0x0840,0x0041,0x0840,
  0x0840,0x0041,0x0041,0x0840,0x0840,0x0840,0x0041,0x0840,0x0041,0x0041,0x0041,0x0041,0x0041,0x0041,0x0041,0x0840,
  0x0841,0x0041,0x0840,0x0041,0x0041,0x0041,0x0041,0x0840,0x0041,0x0041,0x0840,0x0840,0x0840,0x0840,0x0041,0x0840,
  0x0840,0x0840,0x0840,0x0840,0x0041,0x0840,0x0840,0x0840,0x0041,0x0840,0x0840,0x0840,0x0840,0x0840,0x0041,0x0840,
  0x0840,0x0840,0x0840,0x0840,0x0840,0x0840,0x0840,0x0840,0x0041,0x0840,0x0840,0x0041,0x0840,0x0840,0x0840,0x0840,
  0x0840,0x0021,0x0041,0x0840,0x0021,0x0840,0x0840,0x0021,0x0840,0x0820,0x0820,0x0820,0x0820,0x0020,0x0020,0x0840,
  0x0000,0x3186,0x632D,0x4A6A,0x4A6A,0x4A6A,0x39E8,0x0841,0x10E4,0x0020,0x52EC,0x532F,0x1060,0x0041,0x0841,0x0841,
  0x0841,0x0841,0x0861,0x0861,0x0861,0x0861,0x0861,0x0861,0x0841,0x0861,0x0861,0x0841,0x0861,0x0861,0x0841,0x0840,
  0x0841,0x0861,0x0841,0x0840,0x0841,0x0861,0x0841,0x0861,0x0840,0x0840,0x0840,0x0841,0x0841,0x0840,0x0861,0x0861,
  0x0840,0x0861,0x0861,0x0861,0x0861,0x0861,0x0861,0x0840,0x0861,0x0861,0x0861,0x0861,0x0861,0x0861,0x0840,0x0861,
  0x0841,0x0840,0x0861,0x0861,0x0861,0x0840,0x0840,0x0861,0x0860,0x0860,0x0861,0x0861,0x0861,0x0861,0x0841,0x0861,
  0x0861,0x0861,0x0861,0x0861,0x0861,0x0861,0x0861,0x0840,0x0840,0x0840,0x0840,0x0840,0x0840,0x0840,0x0840,0x0840,
  0x0840,0x0840,0x0840,0x0840,0x0840,0x0840,0x0840,0x0840,0x0820,0x0840,0x0840,0x0840,0x0000,0x18E4,0x5A03,0x0020,
  0x0000,0x4980,0xFCC0,0x28E0,0x0000,0x0840,0x0020,0x0820,0x0820,0x0820,0x0820,0x0820,0x0820,0x0820,0x0820,0x0820,
  0x0820,0x0820,0x0820,0x0820,0x0820,0x0820,0x0820,0x0820,0x0820,0x0820,0x0820,0x0820,0x0820,0x0820,0x0820,0x0820,
  0x0820,0x0820,0x0820,0x0820,0x0820,0x0820,0x0820,0x0820,0x0820,0x0820,0x0820,0x0820,0x0820,0x0820,0x0820,0x0820,
  0x0820,0x0840,0x0840,0x0820,0x0840,0x0840,0x0840,0x0840,0x0840,0x0840,0x0820,0x0840,0x0840,0x0820,0x0840,0x0840,
  0x0820,0x0820,0x0840,0x0840,0x0840,0x0840,0x0840,0x0840,0x0041,0x0840,0x0840,0x0840,0x0041,0x0840,0x0840,0x0041,
  0x0041,0x0840,0x0840,0x0041,0x0041,0x0840,0x0041,0x0041,0x0041,0x0840,0x0041,0x0840,0x0041,0x0041,0x0041,0x0041,
  0x0840,0x0840,0x0041,0x0840,0x0840,0x0840,0x0041,0x0840,0x0840,0x0840,0x0840,0x0840,0x0840,0x0840,0x0840,0x0840,
  0x0840,0x0041,0x0840,0x0041,0x0840,0x0840,0x0041,0x0840,0x0840,0x0840,0x0041,0x0840,0x0840,0x0840,0x0041,0x0840,
  0x0840,0x0840,0x0840,0x0840,0x0840,0x0840,0x0840,0x0840,0x0041,0x0041,0x0041,0x0041,0x0840,0x0041,0x0041,0x0840,
  0x0041,0x0041,0x0041,0x0840,0x0041,0x0041,0x0041,0x0840,0x0041,0x0041,0x0840,0x0041,0x0041,0x0041,0x0840,0x0840,
  0x0840,0x0041,0x0041,0x0041,0x0041,0x0840,0x0840,0x0840,0x0840,0x0041,0x0840,0x0840,0x0840,0x0840,0x0840,0x0840,
  0x0041,0x0041,0x0840,0x0840,0x0041,0x0840,0x0840,0x0840,0x0041,0x0840,0x0840,0x0041,0x0041,0x0840,0x0840,0x0840,
  0x0840,0x0840,0x0840,0x0840,0x0820,0x0021,0x0820,0x0840,0x0840,0x0021,0x0820,0x0820,0x0021,0x0820,0x0020,0x0840,
  0x0000,0x31C7,0x5B0D,0x4249,0x4A8A,0x4A8A,0x3A08,0x0021,0x20E2,0x0020,0x5B0D,0x5B70,0x0840,0x0041,0x0841,0x0841,
  0x0841,0x0841,0x0861,0x0861,0x0861,0x0861,0x0861,0x0861,0x0861,0x0861,0x0841,0x0861,0x0861,0x0861,0x0841,0x0841,
  0x0841,0x0861,0x0861,0x0861,0x0861,0x0861,0x0840,0x0841,0x0840,0x0840,0x0840,0x0840,0x0840,0x0841,0x0861,0x0840,
  0x0841,0x0861,0x0861,0x0861,0x0861,0x0861,0x0861,0x0840,0x0840,0x0840,0x0861,0x0861,0x0861,0x0840,0x0840,0x0861,
  0x0840,0x0861,0x0840,0x0861,0x0861,0x0861,0x0840,0x0860,0x0840,0x0861,0x0840,0x0861,0x0860,0x0861,0x0861,0x0861,
  0x0861,0x0861,0x0861,0x0861,0x0840,0x0861,0x0861,0x0840,0x0861,0x0840,0x0840,0x0840,0x0840,0x0840,0x0840,0x0840,
  0x0840,0x0840,0x0840,0x0840,0x0840,0x0840,0x0840,0x0840,0x0840,0x0840,0x0840,0x0840,0x0000,0x1904,0x5204,0x0000,
  0x39C7,0x0000,0x7A60,0xFCE0,0x20C0,0x0000,0x0840,0x0820,0x0820,0x0820,0x0820,0x0820,0x0820,0x0820,0x0820,0x0820,
  0x0820,0x0820,0x0820,0x0820,0x0820,0x0820,0x0820,0x0820,0x0820,0x0820,0x0820,0x0820,0x0820,0x0820,0x0820,0x0820,
  0x0820,0x0820,0x0820,0x0820,0x0820,0x0820,0x0820,0x0820,0x0820,0x0820,0x0820,0x0820,0x0820,0x0820,0x0820,0x0820,
  0x0820,0x0820,0x0820,0x0820,0x0820,0x0840,0x0840,0x0840,0x0840,0x0840,0x0820,0x0820,0x0840,0x0840,0x0840,0x0820,
  0x0820,0x0820,0x0820,0x0840,0x0840,0x0840,0x0840,0x0840,0x0041,0x0840,0x0041,0x0840,0x0041,0x0840,0x0840,0x0041,
  0x0840,0x0840,0x0840,0x0840,0x0041,0x0840,0x0041,0x0840,0x0041,0x0840,0x0041,0x0041,0x0840,0x0041,0x0041,0x0840,
  0x0840,0x0041,0x0041,0x0840,0x0840,0x0840,0x0041,0x0840,0x0840,0x0840,0x0840,0x0840,0x0840,0x0840,0x0840,0x0041,
  0x0041,0x0840,0x0840,0x0041,0x0840,0x0041,0x0840,0x0840,0x0840,0x0840,0x0840,0x0840,0x0840,0x0840,0x0840,0x0840,
  0x0840,0x0840,0x0840,0x0840,0x0840,0x0840,0x0840,0x0840,0x0041,0x0041,0x0041,0x0041,0x0041,0x0041,0x0041,0x0041,
  0x0041,0x0041,0x0041,0x0840,0x0041,0x0041,0x0041,0x0041,0x0041,0x0840,0x0840,0x0840,0x0041,0x0840,0x0840,0x0840,
  0x0840,0x0840,0x0041,0x0041,0x0041,0x0840,0x0840,0x0840,0x0840,0x0041,0x0840,0x0840,0x0840,0x0840,0x0840,0x0840,
  0x0840,0x0041,0x0041,0x0840,0x0041,0x0041,0x0840,0x0041,0x0041,0x0041,0x0041,0x0840,0x0021,0x0840,0x0840,0x0840,
  0x0840,0x0840,0x0840,0x0840,0x0840,0x0840,0x0840,0x0820,0x0820,0x0820,0x0820,0x0820,0x0820,0x0820,0x0820,0x0840,
  0x0000,0x2986,0x636E,0x4229,0x4A6A,0x4A8A,0x4229,0x0000,0x0840,0x0840,0x5B2D,0x5B4F,0x0840,0x0041,0x0841,0x0841,
  0x0861,0x0841,0x0861,0x0861,0x0861,0x0861,0x0861,0x0841,0x0861,0x0841,0x0841,0x0861,0x0841,0x0841,0x0861,0x0861,
  0x0861,0x0841,0x0841,0x0861,0x0861,0x0841,0x0841,0x0840,0x0840,0x0841,0x0041,0x0840,0x0841,0x0840,0x0861,0x0840,
  0x0841,0x0841,0x0861,0x0840,0x0840,0x0861,0x0840,0x0861,0x0840,0x0841,0x0841,0x0861,0x0861,0x0840,0x0840,0x0861,
  0x0840,0x0840,0x0840,0x0861,0x0840,0x0840,0x0840,0x0861,0x0840,0x0861,0x0840,0x0861,0x0861,0x0861,0x0840,0x0861,
  0x0861,0x0861,0x0840,0x0840,0x0861,0x0840,0x0840,0x0860,0x0861,0x0840,0x0840,0x0840,0x0840,0x0840,0x0840,0x0840,
  0x0840,0x0840,0x0840,0x0840,0x0840,0x0840,0x0840,0x0840,0x0840,0x0840,0x0840,0x0840,0x0000,0x2104,0x21A9,0x0000,
  0x4A49,0x4208,0x0000,0xBBA0,0xFCE0,0x1060,0x0000,0x0840,0x0820,0x0820,0x0820,0x0820,0x0820,0x0820,0x0820,0x0820,
  0x0820,0x0820,0x0820,0x0820,0x0820,0x0820,0x0820,0x0820,0x0820,0x0820,0x0820,0x0820,0x0020,0x0820,0x0820,0x0820,
  0x0820,0x0820,0x0820,0x0820,0x0820,0x0820,0x0820,0x0021,0x0820,0x0820,0x0820,0x0820,0x0820,0x0820,0x0820,0x0820,
  0x0820,0x0820,0x0840,0x0840,0x0840,0x0840,0x0840,0x0840,0x0840,0x0840,0x0840,0x0820,0x0820,0x0820,0x0840,0x0840,
  0x0840,0x0840,0x0820,0x0840,0x0840,0x0840,0x0840,0x0840,0x0840,0x0840,0x0840,0x0840,0x0840,0x0840,0x0041,0x0840,
  0x0840,0x0840,0x0840,0x0840,0x0840,0x0041,0x0840,0x0840,0x0840,0x0840,0x0041,0x0041,0x0041,0x0041,0x0840,0x0840,
  0x0041,0x0041,0x0840,0x0840,0x0041,0x0041,0x0840,0x0840,0x0840,0x0840,0x0840,0x0840,0x0840,0x0840,0x0840,0x0840,
  0x0840,0x0840,0x0840,0x0840,0x0041,0x0041,0x0840,0x0840,0x0840,0x0840,0x0041,0x0041,0x0840,0x0041,0x0041,0x0840,
  0x0840,0x0840,0x0840,0x0840,0x0840,0x0840,0x0840,0x0840,0x0041,0x0840,0x0840,0x0840,0x0840,0x0041,0x0840,0x0840,
  0x0041,0x0840,0x0041,0x0041,0x0041,0x0041,0x0041,0x0840,0x0041,0x0840,0x0840,0x0840,0x0840,0x0041,0x0840,0x0840,
  0x0840,0x0840,0x0840,0x0041,0x0041,0x0840,0x0840,0x0840,0x0840,0x0840,0x0840,0x0041,0x0840,0x0840,0x0840,0x0840,
  0x0840,0x0840,0x0840,0x0840,0x0041,0x0840,0x0840,0x0041,0x0041,0x0041,0x0840,0x0041,0x0041,0x0840,0x0840,0x0840,
  0x0840,0x0840,0x0840,0x0820,0x0840,0x0840,0x0021,0x0820,0x0820,0x0820,0x0820,0x0820,0x0820,0x0820,0x0820,0x0820,
  0x0000,0x634D,0x632D,0x424A,0x4A8A,0x4A8A,0x4229,0x0020,0x0000,0x0021,0x5B2D,0x5B70,0x0840,0x0041,0x0841,0x0841,
  0x0841,0x0841,0x0861,0x0841,0x0861,0x0861,0x0841,0x0841,0x0841,0x0841,0x0841,0x0840,0x0841,0x0841,0x0861,0x0861,
  0x0841,0x0840,0x0841,0x0861,0x0861,0x0841,0x0841,0x0840,0x0041,0x0840,0x0840,0x0840,0x0840,0x0840,0x0840,0x0840,
  0x0840,0x0840,0x0840,0x0840,0x0840,0x0861,0x0861,0x0861,0x0861,0x0861,0x0841,0x0861,0x0840,0x0840,0x0840,0x0840,
  0x0861,0x0861,0x0840,0x0840,0x0861,0x0840,0x0840,0x0840,0x0840,0x0840,0x0861,0x0861,0x0840,0x0840,0x0860,0x0861,
  0x0861,0x0840,0x0840,0x0840,0x0840,0x0860,0x0861,0x0861,0x0840,0x0840,0x0840,0x0840,0x0840,0x0840,0x0840,0x0840,
  0x0840,0x0840,0x0840,0x0840,0x0840,0x0840,0x0840,0x0840,0x0840,0x0840,0x0840,0x0840,0x0000,0x2125,0x29EA,0x0000,
  0x39C8,0x4A6A,0x39A7,0x0000,0xEC80,0xFCE0,0x0820,0x0020,0x0820,0x0820,0x0820,0x0820,0x0820,0x0820,0x0820,0x0820,
  0x0820,0x0820,0x0820,0x0820,0x0820,0x0820,0x0820,0x0820,0x0820,0x0820,0x0820,0x0820,0x0820,0x0820,0x0820,0x0820,
  0x0820,0x0820,0x0820,0x0820,0x0820,0x0820,0x0820,0x0820,0x0820,0x0820,0x0820,0x0820,0x0840,0x0820,0x0820,0x0820,
  0x0820,0x0820,0x0820,0x0840,0x0021,0x0840,0x0840,0x0820,0x0840,0x0820,0x0820,0x0840,0x0820,0x0820,0x0820,0x0820,
  0x0840,0x0840,0x0840,0x0840,0x0840,0x0840,0x0840,0x0840,0x0840,0x0840,0x0840,0x0041,0x0041,0x0041,0x0840,0x0840,
  0x0840,0x0840,0x0840,0x0840,0x0840,0x0840,0x0840,0x0840,0x0840,0x0840,0x0041,0x0840,0x0840,0x0041,0x0840,0x0840,
  0x0840,0x0840,0x0840,0x0840,0x0840,0x0840,0x0840,0x0840,0x0840,0x0840,0x0840,0x0840,0x0840,0x0840,0x0840,0x0840,
  0x0840,0x0840,0x0840,0x0840,0x0840,0x0840,0x0840,0x0840,0x0041,0x0840,0x0840,0x0840,0x0840,0x0041,0x0840,0x0840,
  0x0840,0x0840,0x0840,0x0840,0x0840,0x0840,0x0840,0x0041,0x0041,0x0840,0x0840,0x0840,0x0840,0x0840,0x0840,0x0840,
  0x0041,0x0041,0x0840,0x0840,0x0840,0x0041,0x0840,0x0840,0x0840,0x0840,0x0840,0x0840,0x0041,0x0840,0x0840,0x0840,
  0x0840,0x0840,0x0041,0x0840,0x0041,0x0840,0x0840,0x0840,0x0840,0x0041,0x0840,0x0840,0x0840,0x0041,0x0840,0x0840,
  0x0041,0x0041,0x0840,0x0021,0x0041,0x0041,0x0041,0x0840,0x0041,0x0840,0x0041,0x0840,0x0041,0x0840,0x0840,0x0840,
  0x0840,0x0840,0x0840,0x0840,0x0840,0x0820,0x0820,0x0820,0x0820,0x0820,0x0820,0x0820,0x0820,0x0820,0x0820,0x0000,
  0x6B4D,0x8431,0x4229,0x4A6A,0x4A6A,0x4A6A,0x4229,0x0020,0x0000,0x0820,0x5B2D,0x5B90,0x0860,0x0041,0x0841,0x0841,
  0x0841,0x0841,0x0861,0x0861,0x0841,0x0841,0x0841,0x0841,0x0841,0x0041,0x0840,0x0041,0x0840,0x0841,0x0840,0x0841,
  0x0841,0x0840,0x0841,0x0841,0x0841,0x0841,0x0840,0x0840,0x0840,0x0840,0x0841,0x0840,0x0840,0x0840,0x0840,0x0840,
  0x0861,0x0840,0x0861,0x0861,0x0861,0x0861,0x0861,0x0861,0x0861,0x0840,0x0841,0x0861,0x0840,0x0840,0x0840,0x0840,
  0x0861,0x0861,0x0840,0x0840,0x0840,0x0840,0x0840,0x0840,0x0840,0x0861,0x0840,0x0840,0x0840,0x0840,0x0861,0x0861,
  0x0861,0x0861,0x0840,0x0840,0x0840,0x0840,0x0840,0x0840,0x0840,0x0840,0x0840,0x0840,0x0840,0x0840,0x0840,0x0840,
  0x0840,0x0840,0x0840,0x0840,0x0840,0x0840,0x0840,0x0840,0x0840,0x0840,0x0840,0x0840,0x0000,0x2945,0x29EA,0x0000,
  0x31A6,0x3186,0x4A49,0x31A6,0x0000,0xFCE0,0xFCE0,0x0000,0x0020,0x0820,0x0820,0x0820,0x0820,0x0820,0x0820,0x0820,
  0x0820,0x0820,0x0820,0x0820,0x0820,0x0820,0x0820,0x0820,0x0820,0x0820,0x0820,0x0820,0x0820,0x0820,0x0820,0x0820,
  0x0820,0x0820,0x0820,0x0820,0x0820,0x0820,0x0820,0x0820,0x0820,0x0820,0x0820,0x0820,0x0820,0x0820,0x0820,0x0820,
  0x0840,0x0820,0x0820,0x0840,0x0840,0x0840,0x0840,0x0840,0x0840,0x0820,0x0820,0x0820,0x0820,0x0840,0x0840,0x0820,
  0x0840,0x0840,0x0840,0x0840,0x0840,0x0840,0x0840,0x0840,0x0840,0x0840,0x0840,0x0840,0x0840,0x0840,0x0840,0x0840,
  0x0840,0x0840,0x0840,0x0840,0x0840,0x0840,0x0840,0x0840,0x0840,0x0840,0x0840,0x0840,0x0840,0x0840,0x0840,0x0840,
  0x0840,0x0840,0x0840,0x0041,0x0840,0x0041,0x0840,0x0041,0x0840,0x0840,0x0840,0x0840,0x0840,0x0041,0x0041,0x0041,
  0x0840,0x0041,0x0041,0x0041,0x0840,0x0041,0x0041,0x0840,0x0840,0x0041,0x0840,0x0840,0x0840,0x0041,0x0840,0x0840,
  0x0840,0x0840,0x0840,0x0840,0x0840,0x0840,0x0840,0x0840,0x0041,0x0840,0x0840,0x0840,0x0840,0x0840,0x0840,0x0840,
  0x0840,0x0840,0x0840,0x0041,0x0840,0x0041,0x0041,0x0840,0x0041,0x0840,0x0840,0x0840,0x0840,0x0840,0x0840,0x0840,
  0x0041,0x0840,0x0840,0x0840,0x0041,0x0840,0x0840,0x0840,0x0041,0x0041,0x0840,0x0840,0x0840,0x0041,0x0840,0x0840,
  0x0840,0x0041,0x0041,0x0041,0x0041,0x0840,0x0041,0x0041,0x0041,0x0840,0x0041,0x0840,0x0041,0x0840,0x0021,0x0840,
  0x0840,0x0840,0x0840,0x0820,0x0820,0x0820,0x0820,0x0820,0x0820,0x0820,0x0820,0x0820,0x0820,0x0020,0x0000,0x6B4D,
  0x8431,0x4A6A,0x4A8B,0x424A,0x4A6A,0x4A8A,0x4229,0x0020,0x0840,0x0021,0x634E,0x63B1,0x0860,0x0041,0x0841,0x0841,
  0x0841,0x0841,0x0861,0x0861,0x0841,0x0841,0x0841,0x0841,0x0841,0x0041,0x0041,0x0841,0x0841,0x0041,0x0841,0x0841,
  0x0841,0x0841,0x0840,0x0841,0x0841,0x0841,0x0840,0x0840,0x0840,0x0841,0x0840,0x0840,0x0840,0x0840,0x0840,0x0840,
  0x0861,0x0841,0x0840,0x0861,0x0861,0x0861,0x0840,0x0841,0x0840,0x0840,0x0840,0x0840,0x0840,0x0840,0x0840,0x0861,
  0x0840,0x0840,0x0840,0x0840,0x0840,0x0840,0x0840,0x0840,0x0840,0x0840,0x0840,0x0840,0x0840,0x0840,0x0840,0x0840,
  0x0861,0x0861,0x0840,0x0840,0x0840,0x0840,0x0840,0x0840,0x0840,0x0840,0x0840,0x0840,0x0840,0x0840,0x0840,0x0840,
  0x0840,0x0840,0x0840,0x0840,0x0840,0x0840,0x0840,0x0840,0x0840,0x0840,0x0840,0x0840,0x0000,0x2945,0x31C9,0x0000,
  0x7282,0x31A6,0x31A7,0x4AAB,0x2944,0x0820,0xFCE0,0xDC20,0x0000,0x0820,0x0820,0x0820,0x0820,0x0820,0x0820,0x0820,
  0x0820,0x0820,0x0820,0x0820,0x0820,0x0820,0x0820,0x0820,0x0820,0x0820,0x0020,0x0820,0x0820,0x0820,0x0820,0x0820,
  0x0820,0x0820,0x0820,0x0820,0x0820,0x0820,0x0820,0x0820,0x0820,0x0820,0x0820,0x0820,0x0820,0x0840,0x0820,0x0820,
  0x0820,0x0820,0x0820,0x0820,0x0840,0x0840,0x0840,0x0840,0x0840,0x0820,0x0820,0x0840,0x0820,0x0840,0x0840,0x0840,
  0x0840,0x0840,0x0840,0x0840,0x0840,0x0840,0x0840,0x0840,0x0840,0x0041,0x0840,0x0840,0x0840,0x0840,0x0840,0x0840,
  0x0840,0x0840,0x0840,0x0840,0x0840,0x0840,0x0840,0x0840,0x0840,0x0840,0x0840,0x0840,0x0840,0x0840,0x0840,0x0840,
  0x0840,0x0840,0x0840,0x0840,0x0840,0x0840,0x0840,0x0041,0x0840,0x0840,0x0840,0x0840,0x0840,0x0041,0x0840,0x0840,
  0x0041,0x0041,0x0041,0x0041,0x0041,0x0041,0x0840,0x0840,0x0840,0x0840,0x0840,0x0840,0x0840,0x0840,0x0840,0x0840,
  0x0840,0x0840,0x0840,0x0840,0x0840,0x0840,0x0840,0x0840,0x0840,0x0840,0x0840,0x0840,0x0840,0x0840,0x0840,0x0840,
  0x0840,0x0041,0x0840,0x0840,0x0840,0x0041,0x0041,0x0840,0x0840,0x0840,0x0840,0x0840,0x0840,0x0041,0x0840,0x0840,
  0x0840,0x0840,0x0840,0x0840,0x0840,0x0840,0x0840,0x0840,0x0840,0x0041,0x0041,0x0840,0x0840,0x0041,0x0840,0x0041,
  0x0840,0x0840,0x0041,0x0840,0x0041,0x0041,0x0041,0x0041,0x0840,0x0840,0x0840,0x0840,0x0840,0x0840,0x0840,0x0840,
  0x0840,0x0840,0x0820,0x0840,0x0820,0x0820,0x0840,0x0820,0x0820,0x0820,0x0020,0x0820,0x0820,0x0000,0x6B4D,0x7C11,
  0x4A8B,0x52CC,0x4A8A,0x4A8B,0x4A6A,0x4A6A,0x3A08,0x0020,0x1881,0x0041,0x634E,0x5B90,0x0860,0x0021,0x0841,0x0841,
  0x0841,0x0841,0x0841,0x0841,0x0841,0x0841,0x0841,0x0041,0x0041,0x0041,0x0041,0x0041,0x0041,0x0041,0x0841,0x0841,
  0x0841,0x0841,0x0841,0x0841,0x0840,0x0840,0x0840,0x0840,0x0840,0x0041,0x0841,0x0861,0x0840,0x0840,0x0041,0x0840,
  0x0840,0x0861,0x0841,0x0840,0x0841,0x0840,0x0861,0x0861,0x0861,0x0840,0x0840,0x0840,0x0840,0x0840,0x0840,0x0861,
  0x0840,0x0840,0x0840,0x0840,0x0840,0x0840,0x0840,0x0840,0x0840,0x0840,0x0840,0x0840,0x0840,0x0840,0x0840,0x0861,
  0x0840,0x0840,0x0861,0x0840,0x0840,0x0840,0x0840,0x0840,0x0840,0x0840,0x0840,0x0840,0x0840,0x0840,0x0840,0x0840,
  0x0840,0x0840,0x0840,0x0840,0x0840,0x0840,0x0840,0x0840,0x0840,0x0840,0x0840,0x0840,0x0000,0x2965,0x3187,0x0000,
  0x92C0,0x92E0,0x31C7,0x31E9,0x4AAB,0x20E3,0x1880,0xFCE0,0xBB80,0x0000,0x0820,0x0820,0x0820,0x0820,0x0820,0x0820,
  0x0820,0x0820,0x0820,0x0820,0x0820,0x0820,0x0820,0x0820,0x0820,0x0820,0x0820,0x0820,0x0820,0x0820,0x0820,0x0820,
  0x0820,0x0820,0x0820,0x0820,0x0820,0x0820,0x0820,0x0820,0x0820,0x0820,0x0820,0x0820,0x0820,0x0820,0x0820,0x0820,
  0x0820,0x0820,0x0820,0x0820,0x0820,0x0820,0x0820,0x0820,0x0820,0x0820,0x0820,0x0820,0x0840,0x0840,0x0840,0x0840,
  0x0840,0x0840,0x0820,0x0840,0x0820,0x0840,0x0820,0x0840,0x0840,0x0840,0x0041,0x0840,0x0840,0x0840,0x0840,0x0840,
  0x0840,0x0840,0x0840,0x0840,0x0840,0x0840,0x0840,0x0840,0x0840,0x0840,0x0840,0x0840,0x0840,0x0840,0x0840,0x0840,
  0x0840,0x0840,0x0840,0x0840,0x0021,0x0840,0x0840,0x0840,0x0041,0x0840,0x0840,0x0840,0x0840,0x0041,0x0041,0x0041,
  0x0041,0x0041,0x0041,0x0041,0x0041,0x0840,0x0840,0x0840,0x0840,0x0840,0x0041,0x0840,0x0840,0x0840,0x0840,0x0840,
  0x0840,0x0840,0x0840,0x0840,0x0840,0x0840,0x0840,0x0041,0x0041,0x0840,0x0041,0x0041,0x0041,0x0041,0x0041,0x0041,
  0x0041,0x0041,0x0840,0x0840,0x0840,0x0840,0x0840,0x0840,0x0840,0x0840,0x0840,0x0840,0x0840,0x0840,0x0041,0x0840,
  0x0840,0x0840,0x0041,0x0840,0x0041,0x0041,0x0840,0x0840,0x0840,0x0840,0x0840,0x0840,0x0840,0x0041,0x0041,0x0041,
  0x0041,0x0840,0x0041,0x0840,0x0840,0x0840,0x0041,0x0041,0x0041,0x0840,0x0840,0x0840,0x0840,0x0840,0x0840,0x0840,
  0x0840,0x0820,0x0820,0x0820,0x0021,0x0820,0x0820,0x0820,0x0820,0x0820,0x0820,0x0820,0x0000,0x6B2C,0x8431,0x426A,
  0x52CC,0x52AB,0x52EC,0x4A8B,0x52AB,0x424A,0x0840,0x0841,0x2966,0x0841,0x6B6E,0x63B0,0x0860,0x0021,0x0041,0x0841,
  0x0041,0x0841,0x0841,0x0841,0x0841,0x0841,0x0841,0x0840,0x0841,0x0041,0x0041,0x0841,0x0041,0x0840,0x0840,0x0840,
  0x0841,0x0841,0x0841,0x0840,0x0840,0x0840,0x0840,0x0840,0x0840,0x0841,0x0840,0x0840,0x0041,0x0840,0x0041,0x0840,
  0x0840,0x0861,0x0841,0x0861,0x0861,0x0861,0x0840,0x0861,0x0841,0x0840,0x0840,0x0840,0x0840,0x0840,0x0840,0x0840,
  0x0840,0x0840,0x0840,0x0840,0x0840,0x0840,0x0840,0x0840,0x0840,0x0840,0x0840,0x0840,0x0840,0x0840,0x0840,0x0861,
  0x0840,0x0840,0x0840,0x0840,0x0840,0x0840,0x0840,0x0840,0x0840,0x0840,0x0840,0x0840,0x0840,0x0840,0x0840,0x0840,
  0x0840,0x0840,0x0840,0x0840,0x0840,0x0840,0x0840,0x0840,0x0840,0x0840,0x0820,0x0840,0x0000,0x2966,0x3186,0x0000,
  0x0000,0x8280,0xA300,0x3A09,0x2A2C,0x4AAC,0x18A2,0x3940,0xFCE0,0x92C0,0x0000,0x0840,0x0820,0x0820,0x0820,0x0820,
  0x0820,0x0820,0x0820,0x0820,0x0820,0x0820,0x0820,0x0820,0x0820,0x0820,0x0820,0x0820,0x0820,0x0820,0x0820,0x0820,
  0x0820,0x0820,0x0820,0x0820,0x0820,0x0820,0x0820,0x0820,0x0820,0x0820,0x0820,0x0820,0x0820,0x0820,0x0820,0x0820,
  0x0820,0x0820,0x0820,0x0820,0x0820,0x0820,0x0820,0x0820,0x0820,0x0820,0x0820,0x0820,0x0820,0x0840,0x0840,0x0840,
  0x0840,0x0840,0x0840,0x0840,0x0840,0x0840,0x0840,0x0840,0x0840,0x0840,0x0840,0x0840,0x0041,0x0840,0x0840,0x0840,
  0x0840,0x0840,0x0840,0x0840,0x0840,0x0840,0x0840,0x0840,0x0840,0x0820,0x0840,0x0840,0x0840,0x0840,0x0840,0x0840,
  0x0840,0x0820,0x0840,0x0840,0x0041,0x0041,0x0041,0x0041,0x0021,0x0041,0x0041,0x0041,0x0041,0x0041,0x0840,0x0840,
  0x0840,0x0041,0x0041,0x0840,0x0041,0x0840,0x0840,0x0041,0x0041,0x0840,0x0840,0x0840,0x0840,0x0840,0x0041,0x0840,
  0x0840,0x0840,0x0041,0x0840,0x0840,0x0840,0x0840,0x0840,0x0840,0x0041,0x0840,0x0041,0x0041,0x0840,0x0041,0x0840,
  0x0041,0x0840,0x0840,0x0840,0x0041,0x0840,0x0840,0x0840,0x0840,0x0840,0x0840,0x0840,0x0840,0x0840,0x0840,0x0840,
  0x0840,0x0840,0x0041,0x0041,0x0840,0x0840,0x0840,0x0840,0x0840,0x0840,0x0840,0x0840,0x0840,0x0041,0x0041,0x0041,
  0x0041,0x0041,0x0840,0x0840,0x0840,0x0840,0x0840,0x0840,0x0840,0x0840,0x0840,0x0840,0x0041,0x0840,0x0840,0x0840,
  0x0840,0x0840,0x0820,0x0820,0x0820,0x0820,0x0820,0x0820,0x0820,0x0820,0x0820,0x0000,0x6B4D,0x7C31,0x3A2A,0x4AAB,
  0x52CC,0x4AAB,0x4AAB,0x4AAB,0x52AB,0x1082,0x20A0,0x0861,0x4249,0x0862,0x6B6E,0x63B1,0x0860,0x0021,0x0841,0x0841,
  0x0841,0x0841,0x0841,0x0841,0x0841,0x0841,0x0841,0x0841,0x0841,0x0041,0x0840,0x0841,0x0041,0x0041,0x0041,0x0041,
  0x0841,0x0841,0x0840,0x0840,0x0840,0x0840,0x0840,0x0840,0x0041,0x0841,0x0841,0x0041,0x0041,0x0041,0x0041,0x0840,
  0x0840,0x0861,0x0840,0x0840,0x0840,0x0840,0x0840,0x0840,0x0840,0x0840,0x0840,0x0840,0x0840,0x0840,0x0840,0x0861,
  0x0840,0x0840,0x0840,0x0840,0x0840,0x0840,0x0840,0x0840,0x0840,0x0840,0x0840,0x0840,0x0840,0x0840,0x0840,0x0840,
  0x0840,0x0840,0x0840,0x0840,0x0840,0x0840,0x0840,0x0840,0x0840,0x0840,0x0840,0x0840,0x0840,0x0840,0x0840,0x0840,
  0x0840,0x0840,0x0840,0x0840,0x0840,0x0840,0x0840,0x0840,0x0840,0x0840,0x0820,0x0840,0x0000,0x3186,0x31A7,0x0000,
  0x0000,0x0000,0x92C0,0xAB40,0x31E9,0x72A4,0x52CC,0x1060,0x6A00,0xFCE0,0x6A00,0x0000,0x0840,0x0820,0x0820,0x0020,
  0x0020,0x0820,0x0820,0x0820,0x0820,0x0820,0x0820,0x0820,0x0820,0x0820,0x0020,0x0820,0x0820,0x0820,0x0820,0x0820,
  0x0820,0x0820,0x0820,0x0820,0x0820,0x0820,0x0820,0x0820,0x0820,0x0820,0x0820,0x0820,0x0820,0x0820,0x0820,0x0820,
  0x0820,0x0820,0x0820,0x0820,0x0820,0x0820,0x0820,0x0820,0x0820,0x0820,0x0820,0x0820,0x0840,0x0840,0x0840,0x0840,
  0x0840,0x0840,0x0840,0x0840,0x0840,0x0840,0x0840,0x0840,0x0840,0x0840,0x0840,0x0840,0x0840,0x0041,0x0840,0x0840,
  0x0840,0x0840,0x0820,0x0840,0x0820,0x0840,0x0840,0x0840,0x0840,0x0840,0x0840,0x0840,0x0840,0x0840,0x0840,0x0840,
  0x0840,0x0840,0x0840,0x0041,0x0041,0x0840,0x0041,0x0041,0x0840,0x0840,0x0041,0x0840,0x0041,0x0840,0x0840,0x0840,
  0x0840,0x0840,0x0840,0x0840,0x0840,0x0041,0x0041,0x0840,0x0840,0x0840,0x0840,0x0840,0x0041,0x0840,0x0041,0x0840,
  0x0840,0x0840,0x0840,0x0840,0x0840,0x0840,0x0840,0x0840,0x0840,0x0840,0x0840,0x0840,0x0041,0x0041,0x0840,0x0041,
  0x0041,0x0840,0x0840,0x0840,0x0041,0x0041,0x0840,0x0840,0x0840,0x0840,0x0840,0x0840,0x0840,0x0840,0x0840,0x0041,
  0x0041,0x0840,0x0840,0x0041,0x0840,0x0041,0x0840,0x0840,0x0840,0x0041,0x0041,0x0041,0x0840,0x0041,0x0041,0x0840,
  0x0041,0x0840,0x0840,0x0840,0x0840,0x0840,0x0041,0x0840,0x0840,0x0840,0x0840,0x0840,0x0840,0x0840,0x0840,0x0820,
  0x0820,0x0820,0x0820,0x0820,0x0820,0x0820,0x0820,0x0820,0x0820,0x0820,0x0000,0x632D,0x8432,0x4AAB,0x4AAB,0x4A6A,
  0x4A8B,0x4A8A,0x52CC,0x424A,0x0840,0x8280,0xE440,0x0000,0x10C3,0x0841,0x634E,0x63B0,0x0840,0x0021,0x0041,0x0841,
  0x0841,0x0841,0x0841,0x0841,0x0840,0x0841,0x0841,0x0841,0x0841,0x0041,0x0041,0x0041,0x0041,0x0841,0x0841,0x0041,
  0x0840,0x0841,0x0840,0x0041,0x0841,0x0841,0x0041,0x0841,0x0041,0x0041,0x0840,0x0041,0x0041,0x0840,0x0041,0x0840,
  0x0840,0x0861,0x0840,0x0840,0x0840,0x0840,0x0840,0x0840,0x0861,0x0840,0x0840,0x0840,0x0840,0x0840,0x0861,0x0840,
  0x0840,0x0840,0x0840,0x0840,0x0840,0x0840,0x0840,0x0840,0x0840,0x0840,0x0840,0x0840,0x0840,0x0840,0x0840,0x0840,
  0x0840,0x0840,0x0840,0x0840,0x0840,0x0840,0x0840,0x0840,0x0840,0x0840,0x0840,0x0840,0x0840,0x0840,0x0840,0x0840,
  0x0840,0x0840,0x0840,0x0840,0x0840,0x0840,0x0840,0x0840,0x0840,0x0840,0x0840,0x0840,0x0000,0x3186,0x31A6,0x0000,
  0x0000,0x0000,0x0000,0xAB20,0xAB40,0x322B,0x8AE3,0x52CC,0x1020,0x9AE0,0xFCE0,0x3100,0x0000,0x0840,0x0020,0x0820,
  0x0820,0x0020,0x0020,0x0820,0x0820,0x0820,0x0820,0x0820,0x0820,0x0820,0x0820,0x0820,0x0820,0x0820,0x0820,0x0820,
  0x0820,0x0820,0x0820,0x0820,0x0820,0x0820,0x0820,0x0820,0x0820,0x0820,0x0820,0x0820,0x0820,0x0020,0x0820,0x0820,
  0x0820,0x0820,0x0021,0x0820,0x0820,0x0820,0x0820,0x0820,0x0820,0x0820,0x0820,0x0820,0x0840,0x0840,0x0840,0x0820,
  0x0840,0x0840,0x0820,0x0840,0x0840,0x0840,0x0840,0x0840,0x0840,0x0840,0x0840,0x0840,0x0840,0x0021,0x0840,0x0840,
  0x0840,0x0820,0x0820,0x0820,0x0820,0x0840,0x0840,0x0820,0x0840,0x0840,0x0820,0x0820,0x0820,0x0840,0x0840,0x0820,
  0x0840,0x0840,0x0840,0x0840,0x0840,0x0840,0x0041,0x0840,0x0840,0x0840,0x0840,0x0840,0x0041,0x0840,0x0840,0x0840,
  0x0840,0x0041,0x0840,0x0041,0x0041,0x0840,0x0041,0x0041,0x0840,0x0041,0x0840,0x0840,0x0840,0x0840,0x0840,0x0840,
  0x0840,0x0840,0x0840,0x0840,0x0840,0x0840,0x0840,0x0041,0x0840,0x0041,0x0840,0x0840,0x0041,0x0041,0x0041,0x0840,
  0x0041,0x0840,0x0041,0x0840,0x0041,0x0041,0x0840,0x0840,0x0041,0x0840,0x0041,0x0840,0x0041,0x0840,0x0840,0x0041,
  0x0041,0x0041,0x0041,0x0041,0x0840,0x0041,0x0840,0x0840,0x0041,0x0840,0x0840,0x0041,0x0021,0x0041,0x0840,0x0041,
  0x0840,0x0840,0x0840,0x0840,0x0840,0x0840,0x0840,0x0840,0x0840,0x0840,0x0840,0x0840,0x0021,0x0021,0x0820,0x0820,
  0x0820,0x0820,0x0820,0x0820,0x0820,0x0820,0x0820,0x0820,0x0840,0x0000,0x6B4D,0x7C52,0x428B,0x52EC,0x4ACC,0x4A8B,
  0x4A8B,0x4A6B,0x426A,0x0820,0x7240,0xFCE0,0x9B00,0x0000,0x0021,0x0020,0x6B6E,0x6390,0x0840,0x0021,0x0041,0x0041,
  0x0841,0x0041,0x0041,0x0041,0x0841,0x0841,0x0841,0x0841,0x0840,0x0041,0x0041,0x0041,0x0041,0x0041,0x0841,0x0841,
  0x0041,0x0840,0x0840,0x0840,0x0041,0x0041,0x0041,0x0841,0x0041,0x0840,0x0840,0x0041,0x0041,0x0041,0x0041,0x0041,
  0x0840,0x0840,0x0840,0x0840,0x0840,0x0840,0x0840,0x0840,0x0840,0x0840,0x0840,0x0840,0x0840,0x0840,0x0840,0x0840,
  0x0840,0x0840,0x0840,0x0840,0x0840,0x0840,0x0840,0x0840,0x0840,0x0840,0x0840,0x0840,0x0840,0x0840,0x0840,0x0840,
  0x0840,0x0840,0x0840,0x0840,0x0840,0x0840,0x0840,0x0840,0x0840,0x0840,0x0840,0x0840,0x0840,0x0840,0x0840,0x0840,
  0x0840,0x0840,0x0840,0x0840,0x0840,0x0840,0x0840,0x0840,0x0840,0x0820,0x0820,0x0840,0x0000,0x3186,0x3186,0x0000,
  0x0841,0x0000,0x0000,0x0020,0xBB80,0xAB20,0x326D,0x9B43,0x4AAB,0x0800,0xBBA0,0xFCE0,0x20A0,0x0000,0x0820,0x0020,
  0x0020,0x0020,0x0820,0x0820,0x0020,0x0020,0x0020,0x0020,0x0020,0x0020,0x0820,0x0820,0x0820,0x0820,0x0820,0x0820,
  0x0820,0x0820,0x0820,0x0820,0x0820,0x0820,0x0820,0x0820,0x0820,0x0820,0x0820,0x0820,0x0820,0x0020,0x0820,0x0820,
  0x0820,0x0820,0x0820,0x0820,0x0820,0x0820,0x0820,0x0820,0x0820,0x0820,0x0820,0x0820,0x0840,0x0840,0x0840,0x0820,
  0x0840,0x0840,0x0820,0x0840,0x0840,0x0840,0x0840,0x0840,0x0840,0x0840,0x0840,0x0840,0x0840,0x0840,0x0840,0x0840,
  0x0840,0x0840,0x0840,0x0021,0x0820,0x0840,0x0840,0x0840,0x0820,0x0820,0x0820,0x0820,0x0820,0x0840,0x0840,0x0840,
  0x0840,0x0840,0x0840,0x0840,0x0840,0x0021,0x0840,0x0840,0x0840,0x0840,0x0840,0x0840,0x0041,0x0041,0x0840,0x0041,
  0x0840,0x0021,0x0840,0x0840,0x0041,0x0041,0x0041,0x0840,0x0840,0x0840,0x0041,0x0840,0x0840,0x0840,0x0840,0x0840,
  0x0840,0x0041,0x0041,0x0041,0x0840,0x0840,0x0041,0x0041,0x0840,0x0840,0x0840,0x0840,0x0840,0x0840,0x0840,0x0840,
  0x0041,0x0041,0x0840,0x0041,0x0041,0x0840,0x0840,0x0041,0x0041,0x0840,0x0041,0x0041,0x0840,0x0840,0x0840,0x0840,
  0x0041,0x0041,0x0840,0x0840,0x0041,0x0021,0x0840,0x0840,0x0840,0x0840,0x0041,0x0041,0x0021,0x0041,0x0840,0x0021,
  0x0840,0x0840,0x0840,0x0840,0x0840,0x0840,0x0840,0x0840,0x0840,0x0820,0x0820,0x0021,0x0820,0x0820,0x0820,0x0820,
  0x0820,0x0820,0x0820,0x0820,0x0820,0x0820,0x0820,0x0820,0x0000,0x6B6D,0x8493,0x42AC,0x530D,0x4AAC,0x52CC,0x4A8B,
  0x4AAC,0x426A,0x0820,0x7A40,0xFCE0,0xCBC0,0x0000,0x2965,0x2965,0x0020,0x73AF,0x63B0,0x0840,0x0021,0x0041,0x0041,
  0x0841,0x0041,0x0841,0x0841,0x0041,0x0041,0x0841,0x0041,0x0840,0x0041,0x0041,0x0041,0x0041,0x0041,0x0041,0x0840,
  0x0041,0x0041,0x0041,0x0841,0x0041,0x0041,0x0840,0x0041,0x0041,0x0041,0x0041,0x0041,0x0041,0x0840,0x0041,0x0840,
  0x0041,0x0840,0x0840,0x0840,0x0041,0x0840,0x0840,0x0041,0x0840,0x0840,0x0840,0x0840,0x0840,0x0840,0x0840,0x0840,
  0x0840,0x0840,0x0840,0x0840,0x0840,0x0840,0x0840,0x0840,0x0840,0x0840,0x0840,0x0840,0x0840,0x0840,0x0840,0x0840,
  0x0840,0x0840,0x0840,0x0840,0x0840,0x0840,0x0840,0x0840,0x0840,0x0840,0x0840,0x0840,0x0840,0x0840,0x0840,0x0840,
  0x0840,0x0840,0x0840,0x0840,0x0840,0x0840,0x0840,0x0840,0x0840,0x0820,0x0820,0x0840,0x0000,0x3186,0x3186,0x0000,
  0x0861,0x0000,0x0000,0x0000,0x0820,0xC3C0,0xAB40,0x7AC5,0xA362,0x4A8A,0x0000,0xDC20,0xFCE0,0x1060,0x0000,0x0820,
  0x0020,0x0020,0x0020,0x0820,0x0020,0x0020,0x0020,0x0020,0x0020,0x0020,0x0020,0x0820,0x0020,0x0020,0x0020,0x0820,
  0x0820,0x0820,0x0820,0x0820,0x0820,0x0820,0x0820,0x0020,0x0820,0x0820,0x0020,0x0820,0x0820,0x0820,0x0820,0x0820,
  0x0820,0x0820,0x0820,0x0820,0x0820,0x0820,0x0820,0x0820,0x0820,0x0820,0x0820,0x0820,0x0820,0x0840,0x0820,0x0840,
  0x0820,0x0840,0x0840,0x0820,0x0840,0x0840,0x0840,0x0840,0x0840,0x0820,0x0840,0x0840,0x0840,0x0840,0x0840,0x0840,
  0x0840,0x0840,0x0840,0x0820,0x0820,0x0820,0x0840,0x0820,0x0820,0x0840,0x0820,0x0820,0x0820,0x0820,0x0840,0x0840,
  0x0840,0x0840,0x0840,0x0840,0x0820,0x0840,0x0840,0x0840,0x0840,0x0840,0x0820,0x0840,0x0041,0x0840,0x0840,0x0840,
  0x0840,0x0840,0x0840,0x0840,0x0041,0x0041,0x0840,0x0840,0x0041,0x0041,0x0041,0x0041,0x0840,0x0840,0x0840,0x0840,
  0x0840,0x0041,0x0840,0x0840,0x0840,0x0840,0x0840,0x0041,0x0041,0x0840,0x0840,0x0041,0x0840,0x0840,0x0840,0x0840,
  0x0840,0x0840,0x0840,0x0041,0x0041,0x0041,0x0041,0x0840,0x0041,0x0840,0x0840,0x0041,0x0840,0x0840,0x0840,0x0840,
  0x0840,0x0840,0x0041,0x0041,0x0041,0x0840,0x0840,0x0840,0x0840,0x0840,0x0840,0x0840,0x0840,0x0840,0x0840,0x0840,
  0x0840,0x0840,0x0840,0x0840,0x0840,0x0840,0x0840,0x0021,0x0820,0x0840,0x0021,0x0820,0x0820,0x0840,0x0820,0x0820,
  0x0820,0x0820,0x0820,0x0820,0x0020,0x0820,0x0820,0x0000,0x632C,0x8452,0x3A6B,0x4AAC,0x4ACC,0x4A8B,0x4A6B,0x4A8B,
  0x4ACD,0x0840,0x8280,0xFCE0,0xC3C0,0x0000,0x10A2,0x5AEB,0x2986,0x0020,0x73AF,0x6BB0,0x0840,0x0021,0x0041,0x0041,
  0x0041,0x0841,0x0841,0x0041,0x0041,0x0041,0x0041,0x0041,0x0041,0x0041,0x0041,0x0041,0x0041,0x0041,0x0041,0x0041,
  0x0041,0x0041,0x0041,0x0841,0x0841,0x0840,0x0841,0x0041,0x0041,0x0041,0x0841,0x0041,0x0041,0x0041,0x0041,0x0041,
  0x0041,0x0041,0x0840,0x0840,0x0041,0x0041,0x0840,0x0840,0x0840,0x0840,0x0840,0x0840,0x0840,0x0840,0x0840,0x0840,
  0x0840,0x0840,0x0840,0x0840,0x0840,0x0840,0x0840,0x0041,0x0840,0x0840,0x0840,0x0840,0x0840,0x0840,0x0840,0x0840,
  0x0840,0x0840,0x0840,0x0840,0x0840,0x0840,0x0840,0x0840,0x0840,0x0840,0x0840,0x0840,0x0840,0x0840,0x0840,0x0840,
  0x0840,0x0840,0x0840,0x0840,0x0840,0x0820,0x0840,0x0840,0x0820,0x0820,0x0820,0x0820,0x0000,0x3186,0x3186,0x0000,
  0x2945,0x18C3,0x0020,0x0000,0x0000,0x1060,0xC3C0,0xAB40,0x9343,0xB3C3,0x4249,0x0000,0xFCE0,0xFCE0,0x0020,0x0020,
  0x0820,0x0020,0x0820,0x0020,0x0020,0x0820,0x0020,0x0020,0x0020,0x0820,0x0020,0x0020,0x0020,0x0020,0x0020,0x0020,
  0x0020,0x0820,0x0820,0x0820,0x0820,0x0820,0x0820,0x0820,0x0820,0x0820,0x0820,0x0820,0x0820,0x0820,0x0020,0x0820,
  0x0020,0x0820,0x0820,0x0820,0x0820,0x0820,0x0820,0x0820,0x0820,0x0820,0x0820,0x0820,0x0820,0x0840,0x0840,0x0820,
  0x0820,0x0820,0x0820,0x0820,0x0820,0x0820,0x0820,0x0820,0x0820,0x0820,0x0840,0x0840,0x0820,0x0820,0x0840,0x0840,
  0x0840,0x0820,0x0820,0x0820,0x0840,0x0840,0x0820,0x0820,0x0840,0x0840,0x0840,0x0820,0x0840,0x0840,0x0840,0x0840,
  0x0820,0x0820,0x0840,0x0840,0x0820,0x0820,0x0840,0x0840,0x0840,0x0840,0x0840,0x0840,0x0840,0x0820,0x0840,0x0840,
  0x0840,0x0840,0x0840,0x0840,0x0840,0x0840,0x0840,0x0840,0x0840,0x0041,0x0840,0x0840,0x0840,0x0840,0x0840,0x0840,
  0x0840,0x0840,0x0840,0x0840,0x0840,0x0840,0x0041,0x0041,0x0840,0x0041,0x0840,0x0840,0x0840,0x0840,0x0840,0x0840,
  0x0840,0x0840,0x0041,0x0840,0x0041,0x0041,0x0840,0x0840,0x0840,0x0041,0x0840,0x0840,0x0840,0x0840,0x0840,0x0840,
  0x0840,0x0041,0x0840,0x0840,0x0840,0x0840,0x0840,0x0840,0x0840,0x0840,0x0840,0x0820,0x0840,0x0840,0x0840,0x0840,
  0x0840,0x0840,0x0840,0x0840,0x0840,0x0840,0x0840,0x0840,0x0840,0x0820,0x0021,0x0820,0x0820,0x0820,0x0021,0x0820,
  0x0820,0x0820,0x0820,0x0820,0x0820,0x0820,0x0000,0x632C,0x7C11,0x428B,0x4AAB,0x426B,0x4AAC,0x426B,0x4ACC,0x42CD,
  0x0840,0x7A40,0xFCE0,0xCBE0,0x0000,0x0000,0x0862,0x2104,0x10A3,0x0841,0x738F,0x63B0,0x0840,0x0020,0x0041,0x0041,
  0x0041,0x0041,0x0041,0x0041,0x0041,0x0041,0x0041,0x0041,0x0041,0x0041,0x0041,0x0041,0x0041,0x0841,0x0041,0x0041,
  0x0041,0x0041,0x0041,0x0841,0x0041,0x0041,0x0041,0x0041,0x0041,0x0041,0x0840,0x0041,0x0041,0x0041,0x0840,0x0840,
  0x0840,0x0840,0x0840,0x0840,0x0840,0x0840,0x0041,0x0840,0x0041,0x0840,0x0840,0x0840,0x0840,0x0840,0x0840,0x0840,
  0x0840,0x0840,0x0840,0x0041,0x0840,0x0840,0x0840,0x0840,0x0840,0x0840,0x0840,0x0840,0x0840,0x0840,0x0840,0x0840,
  0x0840,0x0840,0x0840,0x0840,0x0840,0x0840,0x0840,0x0840,0x0840,0x0840,0x0840,0x0840,0x0840,0x0840,0x0840,0x0840,
  0x0840,0x0840,0x0840,0x0840,0x0840,0x0840,0x0840,0x0820,0x0820,0x0820,0x0820,0x0840,0x0000,0x3186,0x3186,0x0000,
  0x39C7,0x2945,0x18C3,0x1082,0x0000,0x0000,0x1060,0xCBE0,0xB381,0x9B01,0xA3A5,0x4228,0x0820,0xFCE0,0xF4A0,0x0000,
  0x0820,0x0820,0x0020,0x0020,0x0020,0x0020,0x0020,0x0020,0x0020,0x0020,0x0020,0x0020,0x0020,0x0820,0x0820,0x0020,
  0x0020,0x0820,0x0820,0x0820,0x0820,0x0820,0x0820,0x0820,0x0820,0x0820,0x0820,0x0820,0x0820,0x0820,0x0820,0x0820,
  0x0820,0x0820,0x0820,0x0820,0x0020,0x0020,0x0820,0x0820,0x0820,0x0820,0x0820,0x0820,0x0820,0x0840,0x0820,0x0840,
  0x0820,0x0820,0x0820,0x0820,0x0820,0x0820,0x0820,0x0840,0x0820,0x0820,0x0820,0x0820,0x0820,0x0820,0x0840,0x0021,
  0x0840,0x0820,0x0820,0x0820,0x0820,0x0840,0x0840,0x0820,0x0840,0x0820,0x0820,0x0820,0x0840,0x0840,0x0840,0x0820,
  0x0820,0x0840,0x0840,0x0840,0x0840,0x0840,0x0840,0x0840,0x0840,0x0840,0x0840,0x0840,0x0820,0x0840,0x0840,0x0840,
  0x0840,0x0840,0x0840,0x0840,0x0840,0x0840,0x0840,0x0840,0x0840,0x0840,0x0840,0x0041,0x0041,0x0840,0x0840,0x0840,
  0x0840,0x0840,0x0840,0x0041,0x0840,0x0840,0x0041,0x0840,0x0840,0x0840,0x0041,0x0840,0x0840,0x0840,0x0840,0x0840,
  0x0840,0x0840,0x0041,0x0041,0x0041,0x0041,0x0840,0x0840,0x0840,0x0041,0x0840,0x0840,0x0840,0x0840,0x0840,0x0840,
  0x0840,0x0840,0x0840,0x0840,0x0041,0x0840,0x0840,0x0840,0x0840,0x0820,0x0820,0x0840,0x0820,0x0840,0x0840,0x0820,
  0x0021,0x0840,0x0840,0x0820,0x0840,0x0840,0x0820,0x0840,0x0840,0x0820,0x0021,0x0820,0x0820,0x0820,0x0820,0x0820,
  0x0820,0x0820,0x0820,0x0820,0x0820,0x0000,0x630C,0x8452,0x428B,0x4ACC,0x4A8B,0x4AAC,0x4AAC,0x4AAC,0x42EE,0x0840,
  0x7220,0xFCE0,0xC3C0,0x0000,0x0841,0x0000,0x0000,0x0041,0x0841,0x0841,0x738E,0x63B1,0x0840,0x0020,0x0041,0x0041,
  0x0041,0x0041,0x0041,0x0041,0x0041,0x0041,0x0041,0x0041,0x0041,0x0041,0x0041,0x0041,0x0041,0x0041,0x0041,0x0041,
  0x0041,0x0041,0x0840,0x0840,0x0041,0x0041,0x0041,0x0041,0x0041,0x0041,0x0041,0x0840,0x0041,0x0041,0x0840,0x0840,
  0x0840,0x0840,0x0840,0x0840,0x0840,0x0041,0x0041,0x0840,0x0041,0x0840,0x0840,0x0041,0x0840,0x0840,0x0840,0x0840,
  0x0840,0x0840,0x0840,0x0840,0x0840,0x0840,0x0840,0x0840,0x0840,0x0840,0x0840,0x0840,0x0840,0x0840,0x0840,0x0840,
  0x0840,0x0840,0x0840,0x0840,0x0840,0x0840,0x0840,0x0840,0x0840,0x0840,0x0840,0x0840,0x0840,0x0840,0x0840,0x0840,
  0x0840,0x0840,0x0840,0x0840,0x0840,0x0840,0x0840,0x0820,0x0820,0x0820,0x0820,0x0840,0x0000,0x3186,0x31A6,0x0000,
  0x1082,0x18C3,0x2965,0x3186,0x0841,0x0000,0x0000,0x1880,0xD400,0xAB83,0x9B01,0x4394,0x39C7,0x1060,0xFCE0,0xD400,
  0x0000,0x0820,0x0820,0x0020,0x0020,0x0020,0x0020,0x0020,0x0020,0x0020,0x0020,0x0020,0x0020,0x0820,0x0820,0x0020,
  0x0820,0x0020,0x0820,0x0020,0x0820,0x0820,0x0820,0x0820,0x0820,0x0820,0x0820,0x0820,0x0840,0x0820,0x0820,0x0820,
  0x0820,0x0820,0x0020,0x0820,0x0820,0x0820,0x0820,0x0020,0x0020,0x0820,0x0820,0x0820,0x0820,0x0820,0x0820,0x0820,
  0x0820,0x0820,0x0820,0x0820,0x0820,0x0820,0x0820,0x0820,0x0820,0x0820,0x0820,0x0820,0x0820,0x0820,0x0840,0x0840,
  0x0820,0x0820,0x0840,0x0820,0x0820,0x0820,0x0820,0x0820,0x0820,0x0820,0x0840,0x0820,0x0820,0x0840,0x0840,0x0840,
  0x0840,0x0840,0x0840,0x0840,0x0820,0x0840,0x0840,0x0840,0x0840,0x0840,0x0840,0x0840,0x0840,0x0820,0x0820,0x0840,
  0x0840,0x0840,0x0840,0x0840,0x0840,0x0840,0x0840,0x0840,0x0840,0x0840,0x0840,0x0840,0x0840,0x0840,0x0840,0x0840,
  0x0840,0x0041,0x0840,0x0840,0x0840,0x0840,0x0041,0x0840,0x0840,0x0840,0x0840,0x0840,0x0840,0x0840,0x0840,0x0041,
  0x0041,0x0840,0x0041,0x0041,0x0840,0x0840,0x0840,0x0840,0x0840,0x0840,0x0840,0x0840,0x0840,0x0840,0x0840,0x0840,
  0x0840,0x0840,0x0840,0x0840,0x0840,0x0820,0x0820,0x0840,0x0840,0x0840,0x0820,0x0820,0x0820,0x0820,0x0021,0x0021,
  0x0820,0x0840,0x0021,0x0840,0x0021,0x0840,0x0820,0x0820,0x0820,0x0021,0x0820,0x0820,0x0820,0x0820,0x0820,0x0820,
  0x0820,0x0820,0x0820,0x0820,0x0000,0x630C,0x7C31,0x3A6B,0x4ACC,0x4AAC,0x4ACC,0x428C,0x42AC,0x42AC,0x0840,0x7A60,
  0xFCE0,0xC3A0,0x0000,0x2124,0x4208,0x0862,0x0841,0x0020,0x0841,0x0841,0x73AF,0x6BD1,0x0840,0x0020,0x0041,0x0041,
  0x0840,0x0041,0x0041,0x0041,0x0041,0x0041,0x0041,0x0041,0x0041,0x0041,0x0840,0x0840,0x0041,0x0840,0x0840,0x0041,
  0x0041,0x0041,0x0041,0x0041,0x0041,0x0041,0x0041,0x0041,0x0041,0x0041,0x0041,0x0041,0x0840,0x0840,0x0840,0x0840,
  0x0840,0x0840,0x0840,0x0840,0x0840,0x0840,0x0840,0x0840,0x0840,0x0840,0x0840,0x0840,0x0840,0x0840,0x0840,0x0840,
  0x0840,0x0840,0x0840,0x0840,0x0840,0x0840,0x0840,0x0840,0x0840,0x0840,0x0840,0x0840,0x0840,0x0840,0x0840,0x0840,
  0x0840,0x0840,0x0840,0x0840,0x0840,0x0840,0x0840,0x0840,0x0840,0x0840,0x0840,0x0840,0x0840,0x0840,0x0840,0x0840,
  0x0840,0x0840,0x0840,0x0840,0x0840,0x0840,0x0820,0x0820,0x0820,0x0820,0x0840,0x0000,0x0000,0x31C8,0x31A6,0x0000,
  0x0020,0x18E3,0x3186,0x18C3,0x0861,0x0861,0x0020,0x0000,0x20A0,0xBBA0,0x9B85,0x9B21,0x4BF7,0x3185,0x20A0,0xFCE0,
  0xAB40,0x0000,0x0820,0x0020,0x0020,0x0020,0x0020,0x0020,0x0020,0x0020,0x0020,0x0020,0x0020,0x0820,0x0020,0x0020,
  0x0020,0x0020,0x0020,0x0020,0x0820,0x0820,0x0820,0x0820,0x0820,0x0020,0x0820,0x0820,0x0820,0x0820,0x0820,0x0820,
  0x0820,0x0820,0x0820,0x0020,0x0820,0x0820,0x0820,0x0820,0x0021,0x0820,0x0820,0x0820,0x0820,0x0820,0x0820,0x0820,
  0x0820,0x0820,0x0820,0x0820,0x0820,0x0820,0x0820,0x0820,0x0820,0x0820,0x0820,0x0820,0x0820,0x0820,0x0820,0x0820,
  0x0820,0x0820,0x0820,0x0820,0x0820,0x0820,0x0820,0x0820,0x0820,0x0840,0x0840,0x0840,0x0820,0x0840,0x0820,0x0840,
  0x0820,0x0820,0x0820,0x0840,0x0820,0x0840,0x0840,0x0840,0x0840,0x0840,0x0840,0x0820,0x0820,0x0820,0x0840,0x0840,
  0x0820,0x0840,0x0840,0x0840,0x0840,0x0840,0x0840,0x0840,0x0840,0x0840,0x0840,0x0840,0x0840,0x0840,0x0840,0x0840,
  0x0840,0x0840,0x0840,0x0840,0x0041,0x0840,0x0840,0x0840,0x0840,0x0840,0x0840,0x0041,0x0041,0x0840,0x0840,0x0840,
  0x0041,0x0041,0x0840,0x0840,0x0840,0x0840,0x0820,0x0820,0x0840,0x0840,0x0840,0x0840,0x0840,0x0840,0x0041,0x0840,
  0x0840,0x0840,0x0820,0x0840,0x0840,0x0840,0x0840,0x0840,0x0820,0x0820,0x0820,0x0820,0x0820,0x0820,0x0820,0x0820,
  0x0840,0x0820,0x0840,0x0840,0x0820,0x0820,0x0820,0x0820,0x0820,0x0820,0x0820,0x0820,0x0820,0x0820,0x0820,0x0820,
  0x0820,0x0820,0x0021,0x0000,0x630C,0x7C52,0x42AC,0x4AAC,0x428C,0x428C,0x4AAC,0x42AD,0x328D,0x0840,0x59C0,0xFCE0,
  0xCBC0,0x0000,0x0020,0x3186,0x4A49,0x4228,0x2124,0x0861,0x0020,0x0841,0x73CF,0x6390,0x0840,0x0020,0x0041,0x0840,
  0x0041,0x0041,0x0041,0x0041,0x0840,0x0041,0x0041,0x0041,0x0840,0x0840,0x0840,0x0840,0x0840,0x0041,0x0041,0x0041,
  0x0041,0x0041,0x0041,0x0840,0x0041,0x0041,0x0041,0x0840,0x0840,0x0041,0x0041,0x0840,0x0840,0x0840,0x0840,0x0840,
  0x0840,0x0840,0x0840,0x0840,0x0840,0x0840,0x0840,0x0041,0x0840,0x0840,0x0840,0x0840,0x0840,0x0840,0x0840,0x0840,
  0x0840,0x0840,0x0840,0x0840,0x0840,0x0840,0x0840,0x0840,0x0840,0x0840,0x0840,0x0840,0x0840,0x0840,0x0840,0x0840,
  0x0840,0x0840,0x0840,0x0840,0x0840,0x0840,0x0840,0x0840,0x0840,0x0840,0x0840,0x0840,0x0840,0x0840,0x0840,0x0840,
  0x0840,0x0840,0x0840,0x0840,0x0840,0x0840,0x0840,0x0820,0x0820,0x0840,0x0000,0x0840,0xDC40,0x6A43,0x2924,0x0000,
  0x0841,0x2104,0x31A6,0x18C3,0x0841,0x18E3,0x10A2,0x0020,0x0000,0x20A0,0xCBE0,0xABA5,0xB3A3,0x53D4,0x2103,0x3940,
  0xFCE0,0x8280,0x0000,0x0840,0x0020,0x0020,0x0020,0x0020,0x0020,0x0020,0x0020,0x0020,0x0020,0x0020,0x0020,0x0020,
  0x0820,0x0020,0x0020,0x0020,0x0820,0x0020,0x0020,0x0820,0x0820,0x0820,0x0820,0x0820,0x0820,0x0820,0x0820,0x0820,
  0x0820,0x0820,0x0820,0x0020,0x0020,0x0020,0x0020,0x0820,0x0820,0x0820,0x0820,0x0820,0x0820,0x0820,0x0820,0x0820,
  0x0820,0x0820,0x0820,0x0820,0x0820,0x0820,0x0820,0x0820,0x0820,0x0820,0x0820,0x0820,0x0820,0x0820,0x0820,0x0820,
  0x0820,0x0820,0x0021,0x0820,0x0820,0x0820,0x0820,0x0820,0x0820,0x0820,0x0840,0x0840,0x0840,0x0820,0x0820,0x0820,
  0x0840,0x0820,0x0820,0x0820,0x0820,0x0840,0x0840,0x0840,0x0820,0x0840,0x0820,0x0840,0x0840,0x0820,0x0840,0x0820,
  0x0840,0x0840,0x0840,0x0840,0x0840,0x0840,0x0840,0x0840,0x0840,0x0840,0x0840,0x0840,0x0840,0x0840,0x0840,0x0840,
  0x0840,0x0840,0x0041,0x0840,0x0840,0x0840,0x0840,0x0840,0x0840,0x0840,0x0840,0x0840,0x0840,0x0840,0x0840,0x0840,
  0x0041,0x0840,0x0840,0x0840,0x0840,0x0840,0x0820,0x0840,0x0820,0x0820,0x0820,0x0820,0x0021,0x0840,0x0840,0x0820,
  0x0840,0x0840,0x0820,0x0840,0x0840,0x0840,0x0840,0x0840,0x0021,0x0840,0x0820,0x0820,0x0820,0x0820,0x0820,0x0820,
  0x0820,0x0820,0x0840,0x0820,0x0820,0x0820,0x0820,0x0820,0x0820,0x0021,0x0820,0x0820,0x0840,0x0820,0x0820,0x0820,
  0x0820,0x0840,0x0000,0x5AEB,0x7C31,0x42AD,0x532E,0x4ACD,0x426B,0x3A4B,0x428C,0x3ACF,0x0861,0x61E0,0xFCE0,0xC3C0,
  0x0000,0x0000,0x0041,0x2125,0x4228,0x526A,0x2104,0x0021,0x0000,0x0841,0x73AF,0x6390,0x0840,0x0820,0x0041,0x0041,
  0x0041,0x0840,0x0041,0x0041,0x0041,0x0840,0x0840,0x0840,0x0840,0x0840,0x0840,0x0840,0x0840,0x0840,0x0041,0x0041,
  0x0041,0x0041,0x0041,0x0041,0x0041,0x0041,0x0041,0x0840,0x0840,0x0840,0x0840,0x0840,0x0840,0x0840,0x0840,0x0840,
  0x0840,0x0840,0x0041,0x0840,0x0840,0x0840,0x0840,0x0840,0x0840,0x0840,0x0840,0x0840,0x0840,0x0840,0x0840,0x0840,
  0x0840,0x0840,0x0840,0x0840,0x0840,0x0840,0x0840,0x0840,0x0840,0x0840,0x0840,0x0840,0x0840,0x0840,0x0840,0x0840,
  0x0840,0x0840,0x0840,0x0840,0x0840,0x0840,0x0840,0x0840,0x0840,0x0840,0x0840,0x0840,0x0840,0x0840,0x0840,0x0840,
  0x0840,0x0840,0x0840,0x0840,0x0840,0x0820,0x0820,0x0820,0x0840,0x0000,0x1060,0xFCE0,0xEC60,0x39C7,0x1904,0x0000,
  0x0841,0x10A2,0x18E3,0x2104,0x2104,0x0861,0x0861,0x0020,0x0000,0x0000,0x3900,0xE440,0x3B12,0x9B64,0x5B92,0x20C2,
  0x61C0,0xFCE0,0x61E0,0x0000,0x0820,0x0020,0x0020,0x0020,0x0020,0x0020,0x0020,0x0020,0x0020,0x0020,0x0020,0x0020,
  0x0020,0x0020,0x0020,0x0020,0x0020,0x0020,0x0020,0x0820,0x0020,0x0020,0x0820,0x0820,0x0820,0x0820,0x0820,0x0820,
  0x0820,0x0820,0x0820,0x0820,0x0020,0x0020,0x0820,0x0820,0x0820,0x0820,0x0820,0x0820,0x0820,0x0820,0x0820,0x0820,
  0x0820,0x0820,0x0820,0x0820,0x0820,0x0820,0x0820,0x0820,0x0820,0x0820,0x0820,0x0820,0x0820,0x0820,0x0820,0x0820,
  0x0820,0x0820,0x0820,0x0820,0x0820,0x0820,0x0820,0x0820,0x0820,0x0840,0x0820,0x0820,0x0840,0x0840,0x0840,0x0820,
  0x0820,0x0820,0x0820,0x0820,0x0840,0x0840,0x0820,0x0840,0x0840,0x0840,0x0820,0x0840,0x0840,0x0840,0x0840,0x0820,
  0x0820,0x0820,0x0820,0x0820,0x0840,0x0840,0x0840,0x0840,0x0840,0x0840,0x0840,0x0820,0x0820,0x0840,0x0840,0x0840,
  0x0840,0x0840,0x0840,0x0840,0x0840,0x0840,0x0840,0x0840,0x0840,0x0840,0x0840,0x0840,0x0840,0x0840,0x0840,0x0840,
  0x0840,0x0840,0x0840,0x0840,0x0021,0x0840,0x0840,0x0840,0x0820,0x0820,0x0820,0x0820,0x0840,0x0820,0x0840,0x0840,
  0x0840,0x0840,0x0840,0x0840,0x0840,0x0840,0x0021,0x0840,0x0840,0x0840,0x0021,0x0840,0x0820,0x0820,0x0820,0x0820,
  0x0820,0x0820,0x0820,0x0820,0x0820,0x0820,0x0820,0x0820,0x0820,0x0020,0x0020,0x0820,0x0820,0x0820,0x0020,0x0820,
  0x0840,0x0000,0x5ACB,0x7C31,0x3A4A,0x428B,0x4AED,0x42CD,0x3A6B,0x3A4B,0x326C,0x0841,0x7220,0xFCE0,0xD3E0,0x0000,
  0x0020,0x0841,0x0021,0x1082,0x2124,0x4208,0x31A6,0x2104,0x0841,0x0020,0x73AF,0x6390,0x0840,0x0020,0x0041,0x0041,
  0x0840,0x0840,0x0840,0x0041,0x0840,0x0840,0x0840,0x0840,0x0840,0x0041,0x0840,0x0840,0x0840,0x0041,0x0041,0x0041,
  0x0041,0x0041,0x0041,0x0041,0x0041,0x0840,0x0840,0x0041,0x0840,0x0840,0x0041,0x0840,0x0840,0x0840,0x0041,0x0840,
  0x0041,0x0840,0x0840,0x0840,0x0041,0x0041,0x0041,0x0840,0x0840,0x0840,0x0840,0x0840,0x0840,0x0840,0x0840,0x0840,
  0x0840,0x0840,0x0840,0x0840,0x0840,0x0840,0x0840,0x0840,0x0840,0x0840,0x0840,0x0840,0x0840,0x0840,0x0840,0x0840,
  0x0840,0x0840,0x0840,0x0840,0x0840,0x0840,0x0840,0x0840,0x0840,0x0840,0x0840,0x0840,0x0840,0x0840,0x0840,0x0840,
  0x0840,0x0840,0x0840,0x0840,0x0840,0x0820,0x0820,0x0840,0x0000,0x1880,0xFCE0,0xF4A0,0x3166,0x8C72,0x10A2,0x0000,
  0x0861,0x1082,0x0020,0x2104,0x4208,0x2945,0x2103,0x0020,0x0000,0x0000,0x0000,0x4960,0xE460,0x42EF,0x9B63,0x5B92,
  0x1861,0x9AE0,0xFCE0,0x3920,0x0000,0x0820,0x0020,0x0020,0x0020,0x0020,0x0020,0x0020,0x0020,0x0020,0x0020,0x0020,
  0x0020,0x0020,0x0020,0x0020,0x0020,0x0020,0x0020,0x0020,0x0020,0x0020,0x0820,0x0820,0x0820,0x0820,0x0820,0x0820,
  0x0820,0x0820,0x0820,0x0820,0x0020,0x0820,0x0820,0x0020,0x0820,0x0820,0x0020,0x0820,0x0820,0x0020,0x0820,0x0820,
  0x0820,0x0820,0x0820,0x0820,0x0820,0x0820,0x0820,0x0820,0x0820,0x0820,0x0820,0x0820,0x0820,0x0820,0x0820,0x0820,
  0x0820,0x0820,0x0820,0x0840,0x0840,0x0820,0x0820,0x0820,0x0820,0x0021,0x0820,0x0820,0x0820,0x0820,0x0840,0x0820,
  0x0820,0x0820,0x0820,0x0820,0x0820,0x0820,0x0820,0x0820,0x0840,0x0840,0x0820,0x0820,0x0820,0x0820,0x0820,0x0820,
  0x0820,0x0840,0x0820,0x0820,0x0820,0x0840,0x0840,0x0840,0x0840,0x0820,0x0820,0x0820,0x0840,0x0820,0x0820,0x0840,
  0x0840,0x0840,0x0840,0x0840,0x0840,0x0840,0x0840,0x0840,0x0840,0x0820,0x0820,0x0840,0x0840,0x0840,0x0840,0x0840,
  0x0840,0x0840,0x0840,0x0820,0x0840,0x0820,0x0820,0x0021,0x0820,0x0820,0x0820,0x0820,0x0820,0x0820,0x0820,0x0820,
  0x0840,0x0840,0x0820,0x0820,0x0840,0x0840,0x0840,0x0840,0x0840,0x0840,0x0840,0x0840,0x0021,0x0820,0x0820,0x0820,
  0x0820,0x0820,0x0820,0x0820,0x0820,0x0820,0x0820,0x0820,0x0820,0x0820,0x0820,0x0820,0x0820,0x0020,0x0820,0x0840,
  0x0000,0x5ACB,0x7C52,0x3A8C,0x42AB,0x3A6B,0x428C,0x42AC,0x42AC,0x32D0,0x0840,0x59C0,0xFCE0,0xD3E0,0x0000,0x0862,
  0x39C7,0x2945,0x0861,0x0000,0x0861,0x31A7,0x4A8A,0x4A6A,0x18E3,0x0000,0x73AF,0x6BB0,0x0840,0x0020,0x0041,0x0041,
  0x0041,0x0041,0x0041,0x0041,0x0840,0x0840,0x0041,0x0840,0x0840,0x0840,0x0840,0x0840,0x0041,0x0840,0x0041,0x0041,
  0x0041,0x0840,0x0041,0x0041,0x0041,0x0840,0x0041,0x0840,0x0041,0x0840,0x0840,0x0840,0x0041,0x0041,0x0840,0x0840,
  0x0840,0x0840,0x0840,0x0041,0x0041,0x0840,0x0840,0x0041,0x0041,0x0041,0x0840,0x0840,0x0840,0x0840,0x0840,0x0840,
  0x0840,0x0840,0x0840,0x0840,0x0840,0x0840,0x0041,0x0840,0x0840,0x0840,0x0840,0x0840,0x0840,0x0840,0x0840,0x0840,
  0x0840,0x0840,0x0840,0x0840,0x0840,0x0840,0x0840,0x0840,0x0840,0x0840,0x0840,0x0840,0x0840,0x0840,0x0840,0x0840,
  0x0840,0x0840,0x0840,0x0840,0x0820,0x0820,0x0840,0x0000,0x1860,0xFCE0,0xE440,0x3165,0x94B2,0x3A2A,0x0862,0x0000,
  0x0000,0x0841,0x0020,0x1082,0x2124,0x2965,0x39E7,0x18E3,0x0000,0x0000,0x0020,0x0000,0x61E0,0xE440,0x42F0,0xB3E5,
  0x5B91,0x0820,0xBB80,0xFCE0,0x20A0,0x0000,0x0820,0x0020,0x0020,0x0020,0x0020,0x0020,0x0020,0x0020,0x0020,0x0020,
  0x0020,0x0020,0x0020,0x0020,0x0020,0x0020,0x0020,0x0820,0x0020,0x0820,0x0020,0x0820,0x0820,0x0820,0x0820,0x0820,
  0x0820,0x0820,0x0820,0x0820,0x0020,0x0020,0x0820,0x0020,0x0020,0x0820,0x0020,0x0820,0x0020,0x0820,0x0020,0x0020,
  0x0820,0x0820,0x0820,0x0820,0x0820,0x0820,0x0820,0x0820,0x0820,0x0820,0x0820,0x0820,0x0820,0x0820,0x0820,0x0820,
  0x0820,0x0820,0x0820,0x0840,0x0840,0x0820,0x0820,0x0820,0x0820,0x0820,0x0820,0x0820,0x0820,0x0820,0x0820,0x0820,
  0x0820,0x0820,0x0820,0x0820,0x0820,0x0820,0x0840,0x0840,0x0840,0x0820,0x0820,0x0820,0x0820,0x0820,0x0820,0x0840,
  0x0820,0x0840,0x0820,0x0820,0x0820,0x0820,0x0840,0x0820,0x0820,0x0820,0x0820,0x0820,0x0820,0x0820,0x0820,0x0840,
  0x0840,0x0840,0x0820,0x0840,0x0840,0x0840,0x0820,0x0840,0x0840,0x0820,0x0820,0x0820,0x0840,0x0840,0x0840,0x0840,
  0x0840,0x0840,0x0840,0x0820,0x0820,0x0820,0x0820,0x0820,0x0820,0x0820,0x0820,0x0820,0x0820,0x0820,0x0820,0x0820,
  0x0820,0x0820,0x0820,0x0840,0x0820,0x0820,0x0820,0x0820,0x0840,0x0840,0x0840,0x0820,0x0820,0x0021,0x0820,0x0820,
  0x0820,0x0820,0x0820,0x0820,0x0820,0x0820,0x0020,0x0820,0x0020,0x0820,0x0020,0x0020,0x0820,0x0820,0x0021,0x0000,
  0x5ACB,0x7C11,0x42CD,0x530E,0x428C,0x428C,0x3A6B,0x42AC,0x2AD0,0x0882,0x59A0,0xFCE0,0xCBE0,0x0000,0x0041,0x3186,
  0x52AA,0x4208,0x10A3,0x0000,0x0020,0x10A2,0x2945,0x39C7,0x10A2,0x0020,0x73AF,0x6BB0,0x0840,0x0020,0x0041,0x0041,
  0x0041,0x0041,0x0041,0x0041,0x0041,0x0041,0x0840,0x0041,0x0041,0x0041,0x0840,0x0041,0x0041,0x0840,0x0840,0x0041,
  0x0041,0x0041,0x0041,0x0840,0x0840,0x0840,0x0840,0x0840,0x0840,0x0840,0x0041,0x0840,0x0041,0x0041,0x0840,0x0840,
  0x0840,0x0840,0x0840,0x0041,0x0840,0x0840,0x0041,0x0041,0x0840,0x0041,0x0840,0x0840,0x0840,0x0840,0x0840,0x0840,
  0x0840,0x0840,0x0840,0x0840,0x0840,0x0840,0x0840,0x0840,0x0840,0x0840,0x0840,0x0840,0x0840,0x0840,0x0840,0x0840,
  0x0840,0x0840,0x0840,0x0840,0x0840,0x0840,0x0840,0x0840,0x0840,0x0840,0x0840,0x0840,0x0840,0x0840,0x0840,0x0840,
  0x0840,0x0840,0x0840,0x0840,0x0820,0x0840,0x0000,0x20A0,0xFCE0,0xE440,0x3165,0x8C71,0x31E9,0x31C8,0x10A3,0x0000,
  0x0861,0x0000,0x18C3,0x1082,0x0020,0x10A2,0x2965,0x3186,0x2124,0x1082,0x0000,0x0000,0x0000,0x8280,0xEC60,0x4B10,
  0xABE6,0x4B2F,0x0800,0xD400,0xFCE0,0x0840,0x0000,0x0820,0x0020,0x0020,0x0020,0x0020,0x0020,0x0020,0x0020,0x0020,
  0x0020,0x0020,0x0020,0x0020,0x0020,0x0020,0x0020,0x0020,0x0820,0x0020,0x0020,0x0020,0x0820,0x0820,0x0820,0x0820,
  0x0820,0x0820,0x0820,0x0820,0x0820,0x0820,0x0820,0x0820,0x0820,0x0820,0x0820,0x0820,0x0820,0x0820,0x0820,0x0020,
  0x0820,0x0820,0x0820,0x0820,0x0820,0x0820,0x0820,0x0820,0x0820,0x0820,0x0820,0x0820,0x0820,0x0820,0x0820,0x0820,
  0x0820,0x0820,0x0820,0x0820,0x0820,0x0840,0x0820,0x0820,0x0820,0x0820,0x0820,0x0820,0x0820,0x0820,0x0820,0x0820,
  0x0820,0x0820,0x0820,0x0820,0x0820,0x0820,0x0820,0x0820,0x0820,0x0820,0x0820,0x0820,0x0820,0x0820,0x0820,0x0820,
  0x0820,0x0820,0x0820,0x0840,0x0820,0x0820,0x0820,0x0820,0x0820,0x0820,0x0820,0x0840,0x0820,0x0820,0x0840,0x0840,
  0x0820,0x0840,0x0840,0x0820,0x0840,0x0840,0x0820,0x0820,0x0820,0x0820,0x0820,0x0820,0x0820,0x0820,0x0840,0x0840,
  0x0820,0x0820,0x0820,0x0820,0x0820,0x0820,0x0820,0x0020,0x0820,0x0820,0x0820,0x0820,0x0820,0x0820,0x0820,0x0820,
  0x0820,0x0820,0x0820,0x0021,0x0820,0x0820,0x0820,0x0820,0x0820,0x0820,0x0840,0x0820,0x0820,0x0820,0x0820,0x0820,
  0x0820,0x0020,0x0820,0x0020,0x0820,0x0020,0x0020,0x0020,0x0020,0x0820,0x0820,0x0020,0x0820,0x0840,0x0000,0x5AEB,
  0x7C52,0x324C,0x4AED,0x4AED,0x42AD,0x42AD,0x42AC,0x32F0,0x0861,0x59A0,0xFCE0,0xD400,0x0000,0x0000,0x0020,0x10A2,
  0x4208,0x4A49,0x2104,0x3165,0x10A2,0x0841,0x0861,0x1904,0x10A3,0x0841,0x73AF,0x638F,0x0041,0x0020,0x0041,0x0840,
  0x0041,0x0041,0x0041,0x0041,0x0041,0x0041,0x0041,0x0840,0x0840,0x0840,0x0840,0x0840,0x0041,0x0041,0x0041,0x0041,
  0x0041,0x0041,0x0041,0x0041,0x0840,0x0840,0x0041,0x0041,0x0041,0x0041,0x0840,0x0041,0x0041,0x0041,0x0840,0x0840,
  0x0840,0x0840,0x0840,0x0840,0x0840,0x0840,0x0840,0x0840,0x0840,0x0840,0x0840,0x0840,0x0840,0x0840,0x0840,0x0840,
  0x0840,0x0840,0x0840,0x0041,0x0840,0x0840,0x0840,0x0840,0x0840,0x0840,0x0840,0x0840,0x0840,0x0840,0x0840,0x0840,
  0x0840,0x0840,0x0840,0x0840,0x0840,0x0840,0x0840,0x0840,0x0840,0x0840,0x0840,0x0840,0x0840,0x0840,0x0820,0x0840,
  0x0840,0x0840,0x0820,0x0820,0x0840,0x0000,0x30E0,0xFCE0,0xD400,0x41E7,0x94D3,0x3209,0x2987,0x31C8,0x1083,0x0000,
  0x6B6D,0x10A2,0x0020,0x10A2,0x0000,0x0020,0x10A2,0x39C7,0x5269,0x3186,0x0020,0x0000,0x0020,0x0000,0x8AA0,0xDC20,
  0x4ACD,0xB3E5,0x4ACD,0x0000,0xF4A0,0xFCE0,0x0000,0x0020,0x0820,0x0020,0x0020,0x0020,0x0020,0x0020,0x0020,0x0020,
  0x0020,0x0020,0x0020,0x0020,0x0020,0x0020,0x0020,0x0020,0x0020,0x0020,0x0820,0x0020,0x0020,0x0020,0x0020,0x0820,
  0x0820,0x0820,0x0820,0x0020,0x0020,0x0820,0x0820,0x0820,0x0820,0x0820,0x0020,0x0020,0x0020,0x0820,0x0820,0x0820,
  0x0820,0x0820,0x0820,0x0820,0x0820,0x0820,0x0820,0x0020,0x0820,0x0820,0x0020,0x0020,0x0820,0x0820,0x0820,0x0820,
  0x0820,0x0820,0x0820,0x0820,0x0820,0x0820,0x0820,0x0820,0x0820,0x0820,0x0820,0x0820,0x0820,0x0820,0x0820,0x0820,
  0x0820,0x0820,0x0820,0x0820,0x0820,0x0820,0x0820,0x0820,0x0820,0x0820,0x0820,0x0820,0x0820,0x0820,0x0820,0x0820,
  0x0820,0x0820,0x0820,0x0820,0x0820,0x0820,0x0820,0x0820,0x0820,0x0820,0x0820,0x0820,0x0820,0x0820,0x0820,0x0820,
  0x0820,0x0820,0x0820,0x0820,0x0820,0x0840,0x0820,0x0820,0x0820,0x0820,0x0820,0x0820,0x0820,0x0820,0x0021,0x0820,
  0x0820,0x0820,0x0820,0x0820,0x0820,0x0820,0x0820,0x0820,0x0820,0x0820,0x0820,0x0820,0x0820,0x0820,0x0820,0x0820,
  0x0820,0x0820,0x0820,0x0820,0x0820,0x0820,0x0820,0x0820,0x0820,0x0820,0x0820,0x0820,0x0820,0x0020,0x0820,0x0020,
  0x0020,0x0820,0x0820,0x0020,0x0020,0x0020,0x0020,0x0020,0x0020,0x0020,0x0820,0x0820,0x0041,0x0000,0x5ACB,0x8493,
  0x3AAD,0x428C,0x42CD,0x42AD,0x3A8C,0x4AEE,0x9365,0x0882,0x61E0,0xFCE0,0xD400,0x0000,0x0000,0x0000,0x0000,0x0841,
  0x2945,0x39C7,0x4228,0x5ACB,0x2945,0x0841,0x0020,0x0841,0x0882,0x0841,0x73CF,0x6BB0,0x0041,0x0020,0x0041,0x0840,
  0x0041,0x0041,0x0041,0x0041,0x0840,0x0041,0x0840,0x0840,0x0840,0x0840,0x0041,0x0840,0x0840,0x0041,0x0840,0x0840,
  0x0041,0x0041,0x0840,0x0840,0x0840,0x0840,0x0840,0x0041,0x0840,0x0840,0x0840,0x0840,0x0840,0x0840,0x0840,0x0840,
  0x0840,0x0840,0x0041,0x0840,0x0840,0x0840,0x0840,0x0840,0x0840,0x0840,0x0840,0x0041,0x0041,0x0840,0x0840,0x0840,
  0x0840,0x0840,0x0840,0x0840,0x0840,0x0840,0x0840,0x0840,0x0840,0x0840,0x0840,0x0840,0x0840,0x0840,0x0840,0x0840,
  0x0840,0x0840,0x0840,0x0840,0x0840,0x0840,0x0840,0x0840,0x0840,0x0840,0x0840,0x0820,0x0840,0x0840,0x0840,0x0840,
  0x0840,0x0820,0x0840,0x0840,0x0000,0x4140,0xFCE0,0xC3A0,0x41E7,0x9CF3,0x3A2A,0x31E8,0x31C8,0x31C8,0x1082,0x0000,
  0x4208,0x634D,0x0881,0x0020,0x2104,0x0020,0x0020,0x1082,0x2124,0x39E7,0x31A6,0x2104,0x0020,0x0000,0x0000,0x9B00,
  0xD400,0x42AE,0xD484,0x4A8B,0x0000,0xFCE0,0xEC80,0x0000,0x0820,0x0840,0x0820,0x0820,0x0820,0x0820,0x0820,0x0840,
  0x0840,0x0820,0x0820,0x0820,0x0820,0x0840,0x0820,0x0820,0x0820,0x0820,0x0820,0x0820,0x0820,0x0820,0x0820,0x0820,
  0x0840,0x0820,0x0840,0x0840,0x0840,0x0840,0x0840,0x0840,0x0840,0x0840,0x0840,0x0840,0x0840,0x0840,0x0840,0x0820,
  0x0840,0x0840,0x0840,0x0840,0x0840,0x0840,0x0840,0x0840,0x0840,0x0840,0x0840,0x0820,0x0840,0x0840,0x0840,0x0840,
  0x0840,0x0840,0x0840,0x0840,0x0840,0x0840,0x0840,0x0840,0x0840,0x0840,0x0840,0x0840,0x0840,0x0840,0x0840,0x0840,
  0x0840,0x0840,0x0840,0x0840,0x0840,0x0840,0x0840,0x0840,0x0840,0x0840,0x0840,0x0840,0x0840,0x0840,0x0840,0x0840,
  0x0840,0x0840,0x0840,0x0840,0x0840,0x0840,0x0840,0x0840,0x0840,0x0840,0x0840,0x0840,0x0840,0x0840,0x0840,0x0840,
  0x0840,0x0840,0x0840,0x0820,0x0820,0x0820,0x0820,0x0840,0x0840,0x0840,0x0041,0x0840,0x0840,0x0840,0x0840,0x0840,
  0x0840,0x0840,0x0840,0x0840,0x0840,0x0840,0x0840,0x0041,0x0041,0x0041,0x0041,0x0041,0x0840,0x0840,0x0840,0x0041,
  0x0041,0x0041,0x0840,0x0840,0x0041,0x0840,0x0840,0x0840,0x0041,0x0840,0x0041,0x0041,0x0840,0x0840,0x0840,0x0840,
  0x0840,0x0840,0x0840,0x0840,0x0840,0x0840,0x0840,0x0840,0x0840,0x0840,0x0840,0x0840,0x0000,0x52AA,0x7C52,0x3AAD,
  0x4ACD,0x42CD,0x42CE,0x42CD,0x42AD,0x9344,0x0882,0x59C0,0xFCE0,0xDC20,0x0000,0x0841,0x2945,0x2924,0x10A2,0x0000,
  0x0020,0x10A2,0x4208,0x5ACB,0x39E7,0x18E3,0x0000,0x0000,0x0021,0x0841,0x73D0,0x636E,0x0020,0x0020,0x0840,0x0021,
  0x0041,0x0041,0x0041,0x0840,0x0041,0x0840,0x0041,0x0840,0x0041,0x0041,0x0041,0x0840,0x0840,0x0840,0x0840,0x0840,
  0x0840,0x0840,0x0840,0x0840,0x0840,0x0041,0x0840,0x0840,0x0041,0x0041,0x0840,0x0840,0x0840,0x0840,0x0840,0x0840,
  0x0840,0x0840,0x0840,0x0840,0x0840,0x0840,0x0840,0x0041,0x0840,0x0840,0x0840,0x0840,0x0840,0x0840,0x0840,0x0840,
  0x0840,0x0840,0x0840,0x0840,0x0840,0x0840,0x0840,0x0840,0x0840,0x0840,0x0840,0x0840,0x0840,0x0840,0x0840,0x0840,
  0x0840,0x0840,0x0840,0x0840,0x0840,0x0840,0x0840,0x0840,0x0840,0x0840,0x0840,0x0840,0x0820,0x0840,0x0840,0x0840,
  0x0820,0x0840,0x0840,0x0000,0x4980,0xFCE0,0xB360,0x41E6,0x94D3,0x31C8,0x31E9,0x3A09,0x31C8,0x31C8,0x0882,0x0000,
  0x3186,0x39E8,0x5AEB,0x0841,0x1082,0x10A2,0x0021,0x0000,0x0861,0x31A6,0x4208,0x2965,0x0841,0x0000,0x0000,0x0000,
  0xB360,0xD400,0x32F3,0xDC84,0x4249,0x0820,0xFCE0,0xCBE0,0x0000,0x0000,0x0000,0x0000,0x0000,0x0000,0x0000,0x0000,
  0x0000,0x0000,0x0000,0x0000,0x0000,0x0000,0x0000,0x0000,0x0000,0x0000,0x0000,0x0000,0x0000,0x0000,0x0000,0x0000,
  0x0000,0x0000,0x0000,0x0000,0x0000,0x0000,0x0000,0x0000,0x0000,0x0000,0x0000,0x0000,0x0000,0x0000,0x0000,0x0000,
  0x0000,0x0000,0x0000,0x0000,0x0000,0x0000,0x0000,0x0000,0x0000,0x0000,0x0000,0x0000,0x0000,0x0000,0x0000,0x0000,
  0x0000,0x0000,0x0000,0x0000,0x0000,0x0000,0x0000,0x0000,0x0000,0x0000,0x0000,0x0000,0x0000,0x0000,0x0000,0x0000,
  0x0000,0x0000,0x0000,0x0000,0x0000,0x0000,0x0000,0x0000,0x0000,0x0000,0x0000,0x0000,0x0000,0x0000,0x0000,0x0000,
  0x0000,0x0000,0x0000,0x0000,0x0000,0x0000,0x0000,0x0000,0x0000,0x0000,0x0000,0x0000,0x0000,0x0000,0x0000,0x0000,
  0x0000,0x0000,0x0000,0x0840,0x0820,0x0820,0x0840,0x0020,0x0000,0x0000,0x0000,0x0000,0x0000,0x0000,0x0000,0x0000,
  0x0000,0x0000,0x0000,0x0000,0x0000,0x0000,0x0000,0x0000,0x0000,0x0000,0x0000,0x0000,0x0000,0x0000,0x0000,0x0000,
  0x0000,0x0000,0x0000,0x0000,0x0000,0x0000,0x0000,0x0000,0x0000,0x0000,0x0000,0x0000,0x0000,0x0000,0x0000,0x0000,
  0x0000,0x0000,0x0000,0x0000,0x0000,0x0000,0x0000,0x0000,0x0000,0x0000,0x0000,0x0000,0x52AA,0x7411,0x324B,0x4AED,
  0x428C,0x42AD,0x42AD,0x42CD,0x9B64,0x0882,0x4140,0xFCE0,0xDC20,0x0000,0x0000,0x18E3,0x39E7,0x4208,0x2124,0x0020,
  0x0020,0x0841,0x2924,0x41E7,0x39E7,0x2945,0x1082,0x1082,0x0021,0x0841,0x6B8E,0x6B8F,0x1082,0x0000,0x0041,0x0840,
  0x0041,0x0840,0x0041,0x0840,0x0041,0x0840,0x0041,0x0840,0x0840,0x0041,0x0041,0x0840,0x0840,0x0840,0x0041,0x0840,
  0x0840,0x0041,0x0840,0x0840,0x0041,0x0041,0x0041,0x0041,0x0041,0x0840,0x0840,0x0840,0x0840,0x0840,0x0840,0x0840,
  0x0840,0x0840,0x0840,0x0840,0x0840,0x0840,0x0840,0x0840,0x0840,0x0840,0x0820,0x0840,0x0840,0x0840,0x0840,0x0840,
  0x0840,0x0840,0x0840,0x0840,0x0840,0x0840,0x0840,0x0840,0x0840,0x0840,0x0840,0x0840,0x0840,0x0840,0x0840,0x0840,
  0x0840,0x0840,0x0820,0x0820,0x0840,0x0840,0x0840,0x0840,0x0840,0x0820,0x0820,0x0820,0x0840,0x0820,0x0820,0x0820,
  0x0840,0x0840,0x0000,0x61E0,0xFCE0,0xAB40,0x4207,0x8CB3,0x31C9,0x39E9,0x3A09,0x31E8,0x31C8,0x31C8,0x0882,0x0000,
  0x39C7,0x3186,0x3A08,0x630C,0x0861,0x0861,0x3186,0x0861,0x0841,0x18E3,0x0882,0x2945,0x2965,0x0861,0x0000,0x0000,
  0x0000,0xC3A0,0xE460,0xABE6,0xDC84,0x31A6,0x1060,0xFCE0,0xEC60,0xBBA0,0xC3C0,0xC3A0,0xC3C0,0xC3C0,0xC3C0,0xC3C0,
  0xC3C0,0xC3C0,0xC3C0,0xC3C0,0xCBC0,0xB360,0x3900,0x30E0,0x28E0,0x3100,0x3100,0x3100,0x3100,0x3100,0x3100,0x3900,
  0x4960,0x59C0,0xBBA0,0xCBC0,0xC3C0,0xC3C0,0xC3C0,0xC3C0,0xC3C0,0xCBC0,0xCBC0,0xCBC0,0x92E0,0x7A40,0x8280,0x8280,
  0x8280,0x8A80,0x92C0,0xBB80,0xC3C0,0xC3C0,0xC3C0,0xC3A0,0xC3A0,0xC3A0,0xC3A0,0xC3A0,0xC3A0,0xC3A0,0xC3A0,0xC3A0,
  0xC3A0,0xC3A0,0xC3A0,0xC3A0,0xC3A0,0xC3A0,0xC3A0,0xC3A0,0xC3A0,0xC3A0,0xC3A0,0xC3A0,0xBBA0,0xBBA0,0xBBA0,0xBBA0,
  0xC3A0,0xC3A0,0xC3A0,0xC3A0,0xC3A0,0xC3A0,0xC3A0,0xC3A0,0xC3A0,0xC3A0,0xC3A0,0xC3A0,0xC3A0,0xC3A0,0xC3A0,0xC3C0,
  0xC3A0,0xC3A0,0xC3A0,0xC3A0,0xC3A0,0xC3A0,0xC3A0,0xC3A0,0xC3A0,0xC3A0,0xC3A0,0xC3A0,0xC3C0,0xC3C0,0xBBA0,0xC3A0,
  0xC3C0,0xCBC0,0x3900,0x0000,0x0840,0x0840,0x0000,0x18E4,0x52CC,0x4A8A,0x52AB,0x52AB,0x4A8A,0x52AB,0x3A08,0x2966,
  0x31A6,0x3A08,0x3A08,0x3A08,0x4A69,0x52AA,0x4A8A,0x4A8A,0x5ACB,0x5ACB,0x5AEB,0x5B0C,0x5AEC,0x5AEB,0x5AEC,0x5B0C,
  0x630C,0x632C,0x5AEC,0x5AEB,0x5ACB,0x52CB,0x5AEC,0x630C,0x632D,0x632C,0x6B4D,0x6B6E,0x634D,0x634D,0x632D,0x5B0C,
  0x634D,0x634D,0x6B6E,0x6B6E,0x6B6D,0x636D,0x6B6E,0x634D,0x634D,0x6B6D,0x634D,0x73AF,0x7C52,0x328C,0x42AC,0x42EE,
  0x3ACE,0x32AE,0x32AE,0x9B21,0x18C1,0x5180,0xFCE0,0xE440,0x0000,0x0020,0x0841,0x0841,0x1082,0x2965,0x4A69,0x31A6,
  0x2104,0x1082,0x0841,0x10A2,0x20E3,0x39E7,0x2986,0x18E4,0x0841,0x0000,0x39C7,0x6B6F,0x7C11,0x1082,0x0000,0x0041,
  0x0840,0x0840,0x0840,0x0840,0x0840,0x0840,0x0840,0x0840,0x0840,0x0840,0x0041,0x0840,0x0840,0x0840,0x0840,0x0041,
  0x0041,0x0041,0x0840,0x0041,0x0840,0x0840,0x0840,0x0041,0x0840,0x0840,0x0840,0x0840,0x0840,0x0820,0x0820,0x0840,
  0x0840,0x0840,0x0840,0x0840,0x0840,0x0840,0x0840,0x0840,0x0840,0x0840,0x0840,0x0840,0x0840,0x0840,0x0840,0x0840,
  0x0840,0x0840,0x0840,0x0840,0x0840,0x0840,0x0840,0x0840,0x0840,0x0840,0x0840,0x0840,0x0840,0x0840,0x0840,0x0840,
  0x0840,0x0840,0x0840,0x0840,0x0840,0x0840,0x0840,0x0840,0x0840,0x0840,0x0840,0x0840,0x0820,0x0840,0x0840,0x0840,
  0x0840,0x0000,0x8280,0xFCE0,0x9B00,0x4207,0x94D3,0x3A09,0x3A09,0x3A09,0x31E8,0x31E8,0x31E8,0x31C8,0x1082,0x0000,
  0x31A7,0x31C7,0x3186,0x4A49,0x6B4D,0x0841,0x10A2,0x18C3,0x0000,0x0000,0x0861,0x39A6,0x4228,0x2124,0x0841,0x0000,
  0x0000,0x0820,0xDC20,0xE460,0x9B86,0xC423,0x2124,0x20A0,0xFCE0,0xFCE0,0xFCE0,0xFCE0,0xFCE0,0xFCE0,0xFCE0,0xFCE0,
  0xFCE0,0xFCE0,0xFCE0,0xFCE0,0xFCE0,0xFCE0,0xFCE0,0xFCE0,0xFCE0,0xFCE0,0xFCE0,0xFCE0,0xFCE0,0xFCE0,0xFCE0,0xFCE0,
  0xFCE0,0xFCE0,0xFCE0,0xFCE0,0xFCE0,0xFCE0,0xFCE0,0xFCE0,0xFCE0,0xFCE0,0xFCE0,0xFCE0,0xFCE0,0xFCE0,0xFCE0,0xFCE0,
  0xFCE0,0xFCE0,0xFCE0,0xFCE0,0xFCE0,0xFCE0,0xFCE0,0xFCE0,0xFCE0,0xFCE0,0xFCE0,0xFCE0,0xFCE0,0xFCE0,0xFCE0,0xFCE0,
  0xFCE0,0xFCE0,0xFCE0,0xFCE0,0xFCE0,0xFCE0,0xFCE0,0xFCE0,0xFCE0,0xFCE0,0xFCE0,0xFCE0,0xFCE0,0xFCE0,0xFCE0,0xFCE0,
  0xFCE0,0xFCE0,0xFCE0,0xFCE0,0xFCE0,0xFCE0,0xFCE0,0xFCE0,0xFCE0,0xFCE0,0xFCE0,0xFCE0,0xFCE0,0xFCE0,0xFCE0,0xFCE0,
  0xFCE0,0xFCE0,0xFCE0,0xFCE0,0xFCE0,0xFCE0,0xFCE0,0xFCE0,0xFCE0,0xFCE0,0xFCE0,0xFCE0,0xFCE0,0xFCE0,0xFCE0,0xFCE0,
  0xFCE0,0xFCE0,0xFCE0,0x20A0,0x0020,0x0840,0x0020,0x0020,0x51E3,0x3A09,0x39C7,0x39E8,0x31A7,0x29A7,0x2986,0x2966,
  0x2986,0x2966,0x2966,0x3187,0x31A7,0x31C8,0x31A7,0x39E8,0x39E8,0x31C7,0x3A08,0x4229,0x3A08,0x3A09,0x3A09,0x4229,
  0x4229,0x424A,0x4A6A,0x424A,0x4229,0x4229,0x4229,0x4A6B,0x4AAB,0x4A8B,0x4AAB,0x4A8B,0x424A,0x426A,0x4A8B,0x428B,
  0x4AAC,0x4ACC,0x52ED,0x52ED,0x52ED,0x530E,0x4B0E,0x4AEE,0x530E,0x532F,0x532F,0x5370,0x3ACE,0x42AC,0x3A8C,0x42AD,
  0x3AAD,0x3A8D,0x9B22,0x18A1,0x4980,0xFCE0,0xEC60,0x0000,0x0021,0x2105,0x18C3,0x0841,0x0000,0x18C3,0x4208,0x528A,
  0x39C7,0x10A2,0x0020,0x0000,0x1082,0x39C7,0x4248,0x39E7,0x10A2,0x0000,0x0000,0x31C7,0x7C12,0x8431,0x1082,0x0000,
  0x0041,0x0840,0x0840,0x0021,0x0840,0x0840,0x0840,0x0840,0x0840,0x0840,0x0041,0x0041,0x0840,0x0840,0x0041,0x0840,
  0x0840,0x0840,0x0840,0x0840,0x0840,0x0840,0x0840,0x0840,0x0840,0x0840,0x0840,0x0820,0x0820,0x0820,0x0840,0x0020,
  0x0000,0x0000,0x0000,0x0000,0x0000,0x0000,0x0000,0x0000,0x0000,0x0000,0x0000,0x0020,0x0000,0x0000,0x0000,0x0000,
  0x0000,0x0000,0x0000,0x0000,0x0000,0x0000,0x0000,0x0000,0x0000,0x0020,0x0000,0x0000,0x0000,0x0000,0x0000,0x0000,
  0x0000,0x0000,0x0000,0x0000,0x0020,0x0020,0x0020,0x0020,0x0020,0x0020,0x0020,0x0020,0x0020,0x0020,0x0020,0x0020,
  0x0000,0x8AA0,0xFCE0,0x9AE0,0x4A27,0x94D3,0x31E9,0x424A,0x3A2A,0x3A09,0x39E8,0x31C8,0x31C8,0x31E8,0x1082,0x0000,
  0x39E8,0x31C7,0x39E8,0x31A7,0x4A6A,0x632C,0x0020,0x0841,0x18E3,0x0020,0x0000,0x1082,0x2104,0x2965,0x4208,0x18C3,
  0x0000,0x0000,0x0820,0xE460,0xDC20,0xBB80,0xE440,0x1904,0x0020,0x20A0,0x1880,0x20A0,0x1880,0x1880,0x1880,0x1880,
  0x18A0,0x20A0,0x18A0,0x1880,0x1880,0x1880,0x1880,0x1880,0x1880,0x1880,0x1880,0x1880,0x1880,0x1880,0x18A0,0x20A0,
  0x18A0,0x1880,0x1880,0x20A0,0x20A0,0x20A0,0x20A0,0x20A0,0x20A0,0x20A0,0x20A0,0x20A0,0x20A0,0x20A0,0x20A0,0x20A0,
  0x20A0,0x20C0,0x20C0,0x20A0,0x20A0,0x20A0,0x20A0,0x20A0,0x28C0,0x28E0,0x28E0,0x28E0,0x28C0,0x28C0,0x28C0,0x28C0,
  0x28E0,0x28E0,0x28E0,0x28E0,0x28C0,0x28C0,0x20C0,0x28C0,0x28C0,0x20C0,0x20A0,0x20A0,0x20A0,0x20A0,0x20C0,0x20A0,
  0x20A0,0x20A0,0x20C0,0x28C0,0x20A0,0x20A0,0x20A0,0x20A0,0x20A0,0x20A0,0x20A0,0x20A0,0x20A0,0x20A0,0x20A0,0x20A0,
  0x20A0,0x20A0,0x28C0,0x28C0,0x20C0,0x28C0,0x20C0,0x20A0,0x20A0,0x20A0,0x20A0,0x30E0,0x28E0,0x61E0,0xFCE0,0xFCE0,
  0xFCE0,0xFCE0,0xFCE0,0xFCE0,0x1060,0x0820,0x0840,0x0820,0x0820,0x4161,0x2146,0x2125,0x1904,0x2125,0x2125,0x2125,
  0x2125,0x2125,0x2125,0x2125,0x2125,0x2125,0x2125,0x2145,0x2125,0x2946,0x2966,0x2146,0x2986,0x3187,0x2966,0x2987,
  0x31A7,0x2986,0x2987,0x31A7,0x29A7,0x31A7,0x29A7,0x31C8,0x31A8,0x31C8,0x31C8,0x31C8,0x31C8,0x31C8,0x31E8,0x31E9,
  0x31E9,0x3A2A,0x31E9,0x3209,0x3A2A,0x320A,0x322A,0x3A6B,0x3A6B,0x3A8C,0x3A8C,0x3A6C,0x42AC,0x3A6B,0x3A4B,0x3A8C,
  0x3AAD,0x9B42,0x20E1,0x4120,0xFCE0,0xEC80,0x0000,0x0020,0x3186,0x528A,0x18C3,0x0841,0x0020,0x0841,0x18E4,0x2966,
  0x39C7,0x3185,0x0841,0x0841,0x0841,0x10A2,0x3186,0x31A6,0x3185,0x20E3,0x0020,0x0000,0x3A08,0x7C11,0x7C10,0x0861,
  0x0000,0x0840,0x0840,0x0840,0x0041,0x0840,0x0840,0x0840,0x0840,0x0840,0x0840,0x0041,0x0840,0x0840,0x0840,0x0840,
  0x0840,0x0840,0x0840,0x0840,0x0840,0x0840,0x0840,0x0840,0x0840,0x0840,0x0820,0x0840,0x0840,0x0840,0x0000,0x0840,
  0x3900,0x30E0,0x30E0,0x28E0,0x28E0,0x28E0,0x28E0,0x28E0,0x28E0,0x28E0,0x28E0,0x28E0,0x28E0,0x28E0,0x28E0,0x28E0,
  0x30E0,0x30E0,0x3100,0x3100,0x3100,0x3100,0x30E0,0x30E0,0x30E0,0x30E0,0x28E0,0x28E0,0x28E0,0x28E0,0x28E0,0x28E0,
  0x28E0,0x28E0,0x28E0,0x28E0,0x28C0,0x28C0,0x28C0,0x28C0,0x28C0,0x28C0,0x28C0,0x28C0,0x28C0,0x28C0,0x28C0,0x20A0,
  0x9AE0,0xFCE0,0x7240,0x41E6,0x94D4,0x424A,0x3A29,0x424A,0x3A29,0x3A09,0x39E9,0x31E8,0x31A7,0x31C8,0x0882,0x0000,
  0x4229,0x39E8,0x3A08,0x4208,0x31C7,0x4A8A,0x5AEB,0x0020,0x1082,0x0882,0x0021,0x0020,0x0020,0x2104,0x528A,0x31A6,
  0x1081,0x0000,0x0000,0x0840,0xC3C0,0xE460,0xEC80,0xFCC0,0x634D,0x83CE,0x7BAE,0x7BAE,0x6B4C,0x632C,0x62EB,0x62EB,
  0x5ACA,0x5269,0x5269,0x5269,0x4A49,0x5269,0x5ACB,0x5AAA,0x5ACA,0x5AAA,0x5AAA,0x52AA,0x5269,0x4A49,0x4228,0x4208,
  0x41E7,0x39C6,0x3165,0x2944,0x2944,0x2944,0x2944,0x2924,0x2103,0x2103,0x2103,0x2924,0x2924,0x2104,0x2103,0x2103,
  0x2103,0x2103,0x2124,0x2104,0x2924,0x2104,0x2924,0x2103,0x20E3,0x18E3,0x18C3,0x18E3,0x20E3,0x18E3,0x18C2,0x20E3,
  0x18C2,0x18C2,0x20E3,0x20E3,0x2103,0x2124,0x2924,0x2924,0x2965,0x3185,0x3186,0x4208,0x4A28,0x4228,0x4207,0x5269,
  0x4A49,0x5289,0x5ACA,0x5AAA,0x52AA,0x5AEB,0x5AEB,0x630B,0x630B,0x630B,0x5AEB,0x5AAA,0x5AAA,0x5ACA,0x5ACB,0x5ACA,
  0x5ACA,0x528A,0x5289,0x52AA,0x52AA,0x5AAA,0x5AAA,0x528A,0x52AA,0x52AA,0x62EB,0x20E3,0x0000,0x0000,0x6A00,0xFCE0,
  0xFCE0,0xFCE0,0xFCE0,0xFCE0,0xFCC0,0x0820,0x0840,0x0840,0x0020,0x0020,0x3941,0x2146,0x2125,0x2125,0x2125,0x2125,
  0x2145,0x2125,0x2125,0x2145,0x2125,0x2145,0x2125,0x2125,0x2966,0x2966,0x2946,0x2966,0x31A7,0x2987,0x31A7,0x31C8,
  0x31A7,0x29A7,0x31C8,0x31C8,0x31C8,0x31C8,0x31C8,0x31E8,0x31C8,0x31E8,0x31C8,0x31C8,0x39E9,0x31E9,0x3A2A,0x3A2A,
  0x3A4A,0x3A2A,0x3A4A,0x3A4A,0x3A4A,0x3A4B,0x3A6B,0x3A6C,0x3A6C,0x428C,0x3A6C,0x3A6B,0x3A6B,0x3A6B,0x3A4B,0x3A6B,
  0x9B42,0x28E1,0x4140,0xFCE0,0xF4A0,0x0020,0x0000,0x0841,0x2125,0x39C7,0x2145,0x2945,0x18E3,0x0841,0x0000,0x1082,
  0x3A07,0x4228,0x2924,0x2124,0x0861,0x0000,0x0861,0x10A2,0x3186,0x39E7,0x1082,0x0021,0x0000,0x39E8,0x73F1,0x73CF,
  0x0861,0x0000,0x0840,0x0840,0x0840,0x0840,0x0840,0x0840,0x0840,0x0840,0x0840,0x0840,0x0840,0x0840,0x0840,0x0840,
  0x0840,0x0840,0x0840,0x0840,0x0840,0x0840,0x0840,0x0840,0x0840,0x0840,0x0840,0x0840,0x0840,0x0000,0x1860,0xFCE0,
  0xFCC0,0xFCC0,0xFCE0,0xFCC0,0xF4A0,0xECA0,0xFD23,0xFD23,0xFD23,0xFD23,0xFD22,0xFD01,0xFD01,0xFD01,0xFD22,0xFD22,
  0xFD02,0xFD01,0xF4A0,0xEC80,0xE460,0xF4A0,0xFCC0,0xFCC0,0xFCC0,0xFCE0,0xFCE0,0xFCE0,0xFCE0,0xFCE0,0xFCE0,0xFCE0,
  0xFCE0,0xFCE0,0xFCE0,0xFCE0,0xFCE0,0xFCE0,0xFCE0,0xFCE0,0xFD01,0xFCE1,0xFD01,0xFD01,0xFD02,0xFD02,0xFD02,0xFD01,
  0xFCE0,0xDD08,0x6B2B,0x7C31,0x3A09,0x3A29,0x424A,0x3A29,0x3A09,0x422A,0x3A29,0x31E9,0x31C8,0x31E8,0x10A3,0x0000,
  0x4229,0x4249,0x4208,0x4208,0x4208,0x39C7,0x52CB,0x632C,0x0000,0x0841,0x18C3,0x0862,0x0020,0x1082,0x39C7,0x4A49,
  0x2945,0x0821,0x0000,0x0000,0x0020,0xC3A0,0xFCE0,0xECE4,0x9CF4,0x9493,0x8C72,0x8451,0x8C51,0x7BF0,0x7BCF,0x73AF,
  0x6B4D,0x6B6E,0x634D,0x6B4D,0x6B4D,0x6B4D,0x632D,0x5B0C,0x632D,0x632D,0x632D,0x632D,0x5B0C,0x5AEC,0x52AB,0x52CB,
  0x52AA,0x528A,0x4A8A,0x528A,0x528A,0x528A,0x4A8A,0x4A49,0x4229,0x4A49,0x4A49,0x4A49,0x4A49,0x4229,0x4208,0x4228,
  0x4229,0x4208,0x4208,0x4208,0x4208,0x3A08,0x4229,0x3A08,0x39E8,0x39E8,0x39C8,0x39C7,0x39E8,0x39C7,0x31C7,0x31C7,
  0x31A7,0x31C7,0x31A7,0x3186,0x31A7,0x31A7,0x31C7,0x31A7,0x39E8,0x31C7,0x31C7,0x31A7,0x31A7,0x39C7,0x31A7,0x39E8,
  0x39C7,0x39E8,0x39E8,0x39E8,0x31C7,0x31C7,0x31C7,0x39E8,0x39E8,0x39E8,0x31C7,0x31A7,0x31A7,0x31C7,0x39E8,0x31C7,
  0x31C7,0x31A7,0x31A7,0x31A7,0x29A7,0x31A7,0x31A7,0x2986,0x2987,0x31A7,0x31A7,0x31A7,0x10A2,0x0000,0x0000,0x8280,
  0xFCE0,0xFCE0,0xFCE0,0xFCE0,0xFCE0,0xE440,0x0000,0x0820,0x0820,0x0000,0x0840,0x4161,0x2145,0x2125,0x2145,0x2125,
  0x2125,0x2145,0x2125,0x2125,0x2145,0x2145,0x2945,0x2966,0x2966,0x2146,0x2966,0x31A7,0x2986,0x31A7,0x31C7,0x31A7,
  0x31A7,0x31C8,0x31A7,0x29A7,0x31E8,0x31C7,0x31C8,0x31C8,0x31C8,0x31C8,0x31E8,0x31E8,0x31E8,0x3A09,0x3A09,0x3A2A,
  0x3A09,0x3A4A,0x3A4A,0x3A2A,0x3A2A,0x3A2A,0x3A4A,0x3A4A,0x3A4B,0x3A6B,0x3A6B,0x428B,0x3A6B,0x426B,0x424A,0x9302,
  0x28E1,0x3920,0xFCE0,0xFCC0,0x0020,0x0000,0x0840,0x0000,0x0841,0x1082,0x4A49,0x5AEB,0x39E7,0x2104,0x0000,0x0020,
  0x18C3,0x31A6,0x5AEB,0x4228,0x10A2,0x0000,0x0000,0x0841,0x2965,0x39E7,0x31A6,0x18C3,0x0000,0x0000,0x39E8,0x7C11,
  0x7C11,0x0861,0x0000,0x0041,0x0020,0x0020,0x0020,0x0020,0x0020,0x0020,0x0020,0x0020,0x0020,0x0020,0x0020,0x0020,
  0x0020,0x0020,0x0020,0x0020,0x0020,0x0020,0x0020,0x0020,0x0020,0x0020,0x0020,0x0820,0x0020,0x1880,0xFCE0,0xCBE0,
  0x5A47,0x732B,0x5227,0x5A68,0x5247,0x5247,0x5A68,0x5A88,0x5A88,0x5247,0x4A07,0x4A06,0x4A07,0x4A07,0x4A06,0x4A07,
  0x4A27,0x4A06,0x41C6,0x41E6,0x41E6,0x4A27,0x4A48,0x4A27,0x4A07,0x4A27,0x4A27,0x4A48,0x4A28,0x4207,0x4207,0x4A28,
  0x4A28,0x4A28,0x4A48,0x4A48,0x4A49,0x5289,0x4A69,0x52AA,0x5ACB,0x5ACB,0x52AA,0x52CB,0x5AEB,0x5B0C,0x632C,0x6B4D,
  0x630C,0x5B0C,0x634E,0x3A09,0x3A09,0x3A29,0x424A,0x3A2A,0x3A2A,0x3A09,0x3A09,0x39E8,0x31C8,0x31E9,0x1082,0x0000,
  0x4229,0x3A08,0x4208,0x4229,0x4208,0x4208,0x39C7,0x5AEB,0x630C,0x0000,0x18E3,0x39E7,0x0841,0x0000,0x0862,0x10A2,
  0x10A2,0x18E3,0x10A2,0x0021,0x0000,0x1040,0xD420,0x94B3,0x73CF,0x6B6E,0x6B6E,0x632D,0x6B8E,0x6B4D,0x632D,0x630C,
  0x5AEB,0x5AEC,0x5ACB,0x630C,0x5AEC,0x52AB,0x4A6A,0x52AB,0x5ACB,0x4A8A,0x52AB,0x52AA,0x4A8A,0x4A69,0x4A49,0x4228,
  0x4208,0x4A69,0x4A49,0x4A49,0x4A49,0x4A49,0x4228,0x4228,0x4A49,0x4229,0x4228,0x4228,0x4208,0x39E7,0x39E7,0x3A08,
  0x39E7,0x3A08,0x31C7,0x31A7,0x39C7,0x31C7,0x39E7,0x39E7,0x31C7,0x31C7,0x39C7,0x39C7,0x31A7,0x31A7,0x31A7,0x31A7,
  0x2986,0x31A7,0x3186,0x31A6,0x31A6,0x3186,0x2986,0x3186,0x31A6,0x2966,0x2945,0x2945,0x2965,0x2145,0x2145,0x2145,
  0x2945,0x2945,0x2125,0x2145,0x2125,0x2104,0x2124,0x2124,0x2104,0x1904,0x2104,0x2104,0x2104,0x2104,0x1904,0x18E4,
  0x2104,0x1904,0x1904,0x1904,0x1904,0x18E4,0x18E4,0x18E4,0x18E3,0x18C3,0x18C3,0x18C3,0x2986,0x10A2,0x0000,0x0000,
  0xAB20,0xFCE0,0xFCE0,0xFCE0,0xFCE0,0xFCE0,0xB360,0x0000,0x0840,0x0840,0x0020,0x1880,0x4182,0x3143,0x2923,0x2923,
  0x1905,0x1905,0x1905,0x3143,0x3143,0x1926,0x3163,0x1926,0x1927,0x3983,0x41A3,0x41C4,0x41C4,0x2168,0x49E4,0x49C4,
  0x51E4,0x49E4,0x49C4,0x49E4,0x21A9,0x49C4,0x5204,0x51E4,0x5204,0x5204,0x5A24,0x5A24,0x5A44,0x5A44,0x5A24,0x6244,
  0x5204,0x29CB,0x5A24,0x6244,0x6A84,0x6243,0x6243,0x6A63,0x6A84,0x72A4,0x7283,0x7AA3,0x7A82,0x7A82,0x92C0,0x3121,
  0x3100,0xFCE0,0xEC80,0x0020,0x0861,0x2945,0x2125,0x0862,0x0021,0x0000,0x2945,0x4A49,0x39E7,0x18E3,0x1082,0x0000,
  0x0000,0x18C3,0x2965,0x4A69,0x39E7,0x10A2,0x1082,0x0020,0x0861,0x18E3,0x2965,0x31A6,0x18C3,0x0020,0x0000,0x4229,
  0x8452,0x7BF0,0x0841,0x0000,0x1060,0x1080,0x1060,0x1880,0x1880,0x1880,0x1880,0x1880,0x1880,0x1880,0x1880,0x1880,
  0x1880,0x1860,0x1880,0x1880,0x1880,0x1880,0x1880,0x1880,0x1880,0x1060,0x20A0,0x0820,0x1060,0xFCE0,0xDC20,0x5247,
  0x52CB,0x10A3,0x18C3,0x10C3,0x10C3,0x18C3,0x18C3,0x18C3,0x18C3,0x18C3,0x2104,0x2124,0x2124,0x2125,0x2125,0x2125,
  0x2145,0x2965,0x2966,0x2986,0x2986,0x31A7,0x2986,0x2986,0x2986,0x2966,0x2986,0x2986,0x2145,0x2146,0x2966,0x2966,
  0x2987,0x2987,0x2987,0x2987,0x2987,0x31C8,0x31A8,0x2987,0x31C8,0x31E9,0x31E9,0x31C9,0x31E9,0x31E9,0x3A09,0x3A09,
  0x3A2A,0x3A2A,0x3A09,0x424A,0x422A,0x3A29,0x422A,0x3A29,0x3A09,0x3A09,0x31C8,0x31E8,0x31C7,0x31E8,0x0883,0x0000,
  0x4208,0x3A08,0x4228,0x4249,0x39E8,0x3A08,0x4A49,0x39C7,0x5ACB,0x5ACB,0x0000,0x18E3,0x10A2,0x0021,0x0000,0x0000,
  0x10C3,0x3A08,0x31A6,0x18A2,0x0020,0x0000,0x1061,0x7BF0,0x8431,0x6B8E,0x73AF,0x73AE,0x738E,0x73AF,0x634D,0x6B4D,
  0x634D,0x630C,0x630C,0x630C,0x52AB,0x52AA,0x5AEC,0x630C,0x5ACB,0x52AB,0x5AEC,0x52AB,0x4A6A,0x4A6A,0x528A,0x4229,
  0x4A69,0x4A6A,0x4A6A,0x4A8A,0x4A49,0x4208,0x4229,0x4A49,0x4A49,0x4229,0x4229,0x4229,0x39E8,0x4228,0x4208,0x3A08,
  0x4208,0x39E8,0x39C7,0x39E7,0x3A08,0x39C7,0x39C7,0x3A08,0x39E8,0x39E8,0x39E8,0x39E8,0x31C7,0x31A7,0x31A7,0x31A6,
  0x3186,0x31C7,0x3186,0x31C7,0x31A6,0x3186,0x31A6,0x31A6,0x2986,0x3186,0x2986,0x2986,0x2966,0x2966,0x2945,0x2965,
  0x2966,0x2945,0x2945,0x2966,0x2945,0x2145,0x2125,0x2124,0x2124,0x2104,0x2104,0x2125,0x2145,0x2125,0x2125,0x2124,
  0x2125,0x2124,0x2125,0x2104,0x2104,0x1904,0x18E4,0x1904,0x1904,0x1904,0x18E4,0x18E4,0x18E3,0x2986,0x0841,0x0000,
  0x0000,0xD400,0xFCE0,0xFCE0,0xFCE0,0xFCE0,0xFCE0,0x92E0,0x0000,0x1040,0x0840,0x0820,0x0840,0x0840,0x0820,0x0820,
  0x0820,0x0820,0x0840,0x0820,0x0820,0x0840,0x0840,0x0820,0x0840,0x0840,0x1040,0x0840,0x1040,0x0840,0x0840,0x0840,
  0x1060,0x1060,0x1040,0x1040,0x0840,0x0840,0x0840,0x1040,0x1040,0x1060,0x1060,0x1060,0x1060,0x1040,0x1060,0x1040,
  0x1040,0x0840,0x0840,0x1040,0x1040,0x0840,0x0840,0x0840,0x0840,0x0840,0x1040,0x1040,0x0840,0x1040,0x0020,0x4980,
  0xFCE0,0xF4A0,0x0020,0x0820,0x39C7,0x4A49,0x4208,0x18C3,0x0862,0x0000,0x0841,0x2124,0x3186,0x31A6,0x2965,0x0862,
  0x0020,0x0020,0x0020,0x2965,0x39E8,0x3186,0x2104,0x0861,0x0000,0x0841,0x0861,0x2965,0x3185,0x18C2,0x0000,0x0000,
  0x3A08,0x8431,0x7BF0,0x0861,0x20A0,0xE440,0xFCE0,0xFCE0,0xFCE0,0xFCE0,0xFCE0,0xFCE0,0xFCE0,0xFCE0,0xFCE0,0xFCE0,
  0xFCE0,0xFCE0,0xFCE0,0xFCE0,0xFCE0,0xFCE0,0xFCE0,0xFCE0,0xFCE0,0xFCE0,0xCBC0,0x20A0,0xFCE0,0xD400,0x6288,0x52CB,
  0x10A2,0x2103,0x2104,0x2104,0x2104,0x2124,0x2124,0x2124,0x2124,0x2124,0x2945,0x2945,0x2945,0x2965,0x2965,0x2945,
  0x2945,0x2966,0x2966,0x3186,0x31A7,0x31A7,0x31A6,0x31A7,0x31C7,0x31A7,0x31A7,0x3186,0x2986,0x3187,0x3186,0x3187,
  0x3187,0x31A7,0x31A7,0x31A7,0x31A7,0x31A7,0x31C8,0x31C8,0x31C8,0x39E9,0x39E8,0x3A09,0x3A09,0x3A29,0x3A29,0x4229,
  0x422A,0x3A29,0x3A09,0x424A,0x3A09,0x3A09,0x3A09,0x3A09,0x31C8,0x31E9,0x31E8,0x31C8,0x31C8,0x31C8,0x10A3,0x0000,
  0x3A08,0x39E8,0x4229,0x4229,0x4228,0x4A69,0x4249,0x4208,0x39C7,0x52AA,0x52AA,0x0000,0x0021,0x18E3,0x0841,0x0020,
  0x18E4,0x31A7,0x2945,0x2104,0x0841,0x0000,0x0000,0x1082,0x94B2,0x9492,0x73AF,0x7C10,0x7BCF,0x738E,0x634D,0x6B4D,
  0x6B4D,0x632D,0x632C,0x5ACB,0x5AEB,0x5AEB,0x630C,0x5AEB,0x5AEB,0x5ACB,0x5ACB,0x528A,0x4A6A,0x4A8A,0x4A6A,0x4A49,
  0x4A49,0x4249,0x4A6A,0x4A69,0x4A49,0x4228,0x4A49,0x4A49,0x4229,0x4229,0x4228,0x4249,0x3A08,0x4208,0x4228,0x3A08,
  0x4208,0x3A08,0x39E8,0x4208,0x3A08,0x39E7,0x39C7,0x39E8,0x39E8,0x39E7,0x39C7,0x39E7,0x31A7,0x3186,0x3186,0x3186,
  0x3186,0x3186,0x31A6,0x31A7,0x3186,0x3186,0x31A6,0x2986,0x2966,0x2986,0x2986,0x2966,0x2986,0x2965,0x2145,0x2945,
  0x2966,0x2945,0x2145,0x2965,0x2145,0x2125,0x2125,0x2104,0x1904,0x2104,0x2124,0x2125,0x2125,0x2124,0x2104,0x2124,
  0x2104,0x2104,0x1904,0x2104,0x1904,0x1904,0x1904,0x1904,0x18E4,0x18E4,0x18E4,0x18E4,0x18C3,0x18E4,0x2965,0x0021,
  0x0000,0x0000,0xD400,0xFCE0,0xFCE0,0xFCE0,0xFCE0,0xFCE0,0x6A00,0x0000,0x0000,0x0000,0x0000,0x0000,0x0000,0x0000,
  0x0000,0x0000,0x0000,0x0000,0x0000,0x0000,0x0000,0x0000,0x0000,0x0000,0x0000,0x0000,0x0000,0x0000,0x0000,0x0000,
  0x0000,0x0000,0x0000,0x0000,0x0000,0x0000,0x0000,0x0000,0x0000,0x0000,0x0000,0x0000,0x0000,0x0000,0x0000,0x0000,
  0x0000,0x0000,0x0000,0x0000,0x0000,0x0000,0x0000,0x0000,0x0000,0x0000,0x0000,0x0000,0x0000,0x0000,0x4140,0xFCE0,
  0xFCC0,0x0020,0x0000,0x1082,0x31A6,0x31A6,0x31A6,0x2104,0x18A3,0x0861,0x0020,0x10A2,0x2104,0x31A6,0x31C7,0x18C3,
  0x0841,0x0000,0x0020,0x18C3,0x3186,0x31A6,0x2965,0x1082,0x0000,0x0020,0x0020,0x18C3,0x2945,0x2945,0x0861,0x0000,
  0x0000,0x39E8,0x8451,0x8451,0x1061,0x0840,0x20A0,0x1880,0x1880,0x18A0,0x20A0,0x20A0,0x20A0,0x20A0,0x20A0,0x20A0,
  0x20A0,0x20A0,0x20A0,0x20A0,0x20A0,0x20A0,0x20A0,0x20A0,0x20A0,0x20A0,0x3100,0xFCE0,0xC3C0,0x62A9,0x5AEC,0x10A2,
  0x18E3,0x2104,0x18E3,0x2104,0x20E3,0x2104,0x2124,0x2124,0x2124,0x2124,0x2945,0x2945,0x2945,0x2965,0x2945,0x2945,
  0x2945,0x2965,0x2965,0x2966,0x31A6,0x31A7,0x31A7,0x31A7,0x39C7,0x31A7,0x2986,0x2986,0x2986,0x3186,0x3186,0x3186,
  0x2986,0x31A7,0x31A7,0x31A7,0x31C7,0x31C7,0x31C7,0x31A7,0x31C8,0x31E8,0x31E8,0x39E8,0x3A09,0x3A09,0x3A09,0x3A09,
  0x39E8,0x3A29,0x4229,0x3A09,0x39E8,0x3A09,0x3A08,0x39E8,0x31C7,0x31C8,0x31C8,0x31C8,0x31A7,0x31E8,0x10A3,0x0000,
  0x39E8,0x39E8,0x3A08,0x3A08,0x4A69,0x4A49,0x4229,0x4228,0x4228,0x31A7,0x528A,0x4A69,0x0000,0x2124,0x2965,0x1082,
  0x0000,0x0861,0x3186,0x4208,0x3186,0x0882,0x0000,0x0000,0x18E3,0x9D14,0x8C92,0x8431,0x7BF0,0x73AF,0x73AF,0x6B8E,
  0x7BCF,0x6B8E,0x5B0C,0x634D,0x632D,0x632C,0x632D,0x632C,0x5AEB,0x5ACB,0x5AEC,0x5AEC,0x52AB,0x52AB,0x5B0C,0x52AB,
  0x528A,0x4A6A,0x4A8A,0x4A6A,0x52AA,0x4249,0x4A49,0x4A6A,0x4A49,0x4A49,0x4249,0x4A49,0x4249,0x4228,0x4249,0x4228,
  0x4249,0x4228,0x3A08,0x4229,0x4229,0x3A08,0x39E8,0x39E8,0x39E7,0x3A08,0x39C7,0x31A7,0x31A7,0x31A7,0x3186,0x31C7,
  0x31A6,0x31C7,0x39C7,0x31A7,0x31A7,0x31A7,0x31A7,0x3186,0x3186,0x3186,0x3186,0x31A6,0x2986,0x2966,0x2986,0x2966,
  0x2986,0x2966,0x2966,0x2966,0x2966,0x2965,0x2145,0x2125,0x2104,0x2104,0x2145,0x2145,0x2125,0x2124,0x2125,0x2124,
  0x2124,0x2125,0x2104,0x1904,0x1904,0x2104,0x1904,0x2125,0x2125,0x18E4,0x18E4,0x18E4,0x18E4,0x1904,0x2125,0x2166,
  0xC3C0,0xEC60,0xEC80,0xFCE0,0xFCE0,0xFCE0,0xFCE0,0xFCE0,0xFCE0,0xDC40,0xDC20,0xDC20,0xE440,0xDC20,0xDC20,0xDC20,
  0xDC20,0xDC20,0xDC20,0xE440,0xE440,0xE440,0xE440,0xDC40,0xDC40,0xE440,0xE440,0xE440,0xE440,0xE440,0xE460,0xE460,
  0xE460,0xEC60,0xEC80,0xEC80,0xEC60,0xE440,0xE440,0xE460,0xE460,0xEC80,0xEC80,0xEC60,0xEC60,0xE460,0xE460,0xEC60,
  0xEC60,0xEC80,0xEC80,0xEC80,0xE460,0xE460,0xE440,0xE440,0xE440,0xE440,0xE440,0xE440,0xE440,0xE460,0xFCE0,0xFCE0,
  0x0820,0x0020,0x0021,0x0841,0x1082,0x10A2,0x31A6,0x528A,0x4A6A,0x39C7,0x1082,0x0000,0x0000,0x2124,0x4A69,0x4A29,
  0x2945,0x10A2,0x0020,0x10A2,0x10A2,0x18C3,0x4A29,0x31A6,0x1082,0x0000,0x0841,0x2965,0x20E3,0x18C3,0x2104,0x18E3,
  0x0841,0x0000,0x4209,0x8431,0x8451,0x73AE,0x738D,0x738D,0x738D,0x738D,0x73AE,0x73AE,0x73AE,0x738D,0x73AE,0x738D,
  0x6B6D,0x6B6D,0x736D,0x6B6D,0x738D,0x738D,0x73AE,0x73AE,0x6B6D,0x62EB,0xFD02,0xB381,0x6288,0x630C,0x18C3,0x2104,
  0x20E3,0x18E3,0x18E3,0x18E3,0x2104,0x2104,0x2104,0x2124,0x2124,0x2124,0x2945,0x2945,0x2945,0x2145,0x2945,0x2945,
  0x2945,0x2945,0x2965,0x2965,0x2986,0x31A7,0x31A7,0x3186,0x31C7,0x2986,0x2986,0x2986,0x2986,0x2986,0x2986,0x2986,
  0x2986,0x2986,0x3187,0x31C7,0x31A7,0x31A7,0x31A7,0x31A7,0x31C8,0x31E8,0x31E8,0x31C8,0x39E8,0x3A08,0x3A09,0x3A08,
  0x3A09,0x3A09,0x39E8,0x39E8,0x31C8,0x31C8,0x31E8,0x39E8,0x31C8,0x31C8,0x31A7,0x2987,0x31A7,0x2987,0x0820,0x1082,
  0x4208,0x3A08,0x39E8,0x4229,0x4208,0x4208,0x4A49,0x4228,0x3A08,0x4229,0x39C7,0x52AA,0x4A49,0x0000,0x1082,0x0861,
  0x0000,0x0020,0x0861,0x1082,0x10C3,0x1082,0x0000,0x0000,0x0000,0x2104,0x8451,0x738E,0x6B6D,0x634D,0x5B0C,0x630C,
  0x632D,0x5AEB,0x52AA,0x52AA,0x52AB,0x5ACB,0x52AB,0x4A6A,0x4A69,0x4A6A,0x4A6A,0x4A6A,0x4249,0x4A8A,0x4A49,0x4229,
  0x4A69,0x4249,0x39E7,0x3A08,0x4228,0x3A08,0x3A08,0x39E7,0x39E7,0x39C7,0x31A7,0x31C7,0x31A7,0x3186,0x3186,0x31C7,
  0x31A6,0x2986,0x3186,0x31A7,0x3186,0x2965,0x2966,0x3186,0x3186,0x2966,0x2945,0x2965,0x2966,0x2125,0x2966,0x2966,
  0x2945,0x2945,0x2945,0x2945,0x2145,0x2945,0x2945,0x2125,0x2125,0x2145,0x2124,0x2104,0x2104,0x2104,0x1904,0x2124,
  0x2104,0x1904,0x18E4,0x2104,0x2104,0x1904,0x18E4,0x18E3,0x18C3,0x18E3,0x18E3,0x18E3,0x18C3,0x18C3,0x18C3,0x18C3,
  0x18E3,0x18C3,0x10C3,0x10A3,0x10A3,0x10C3,0x10C3,0x10A3,0x10C3,0x10A3,0x10A2,0x10A3,0x10C3,0x10C3,0x10A3,0x10A2,
  0x92C0,0xFCE0,0xFCE0,0xFCE0,0xFCE0,0xFCC0,0xFCE0,0xFCE0,0xFCE0,0xFCE0,0xFCE0,0xFCE0,0xFCE0,0xFCE0,0xFCE0,0xFCE0,
  0xFCE0,0xFCE0,0xFCE0,0xFCE0,0xFCE0,0xFCE0,0xFCE0,0xFCE0,0xFCE0,0xFCE0,0xFCE0,0xFCE0,0xFCE0,0xFCE0,0xFCE0,0xFCE0,
  0xFCE0,0xFCE0,0xFCE0,0xFCE0,0xFCE0,0xFCE0,0xFCE0,0xFCE0,0xFCE0,0xFCE0,0xFCE0,0xFCE0,0xFCE0,0xFCE0,0xFCE0,0xFCE0,
  0xFCE0,0xFCE0,0xFCE0,0xFCE0,0xFCE0,0xFCE0,0xFCE0,0xFCE0,0xFCE0,0xFCE0,0xFCE0,0xFCE0,0xFCE0,0xFCE0,0xEC80,0x1040,
  0x0000,0x1082,0x0841,0x0020,0x0841,0x0020,0x1082,0x2124,0x2124,0x18E3,0x0841,0x0000,0x0000,0x0021,0x10A2,0x18E3,
  0x10C3,0x0861,0x0020,0x0820,0x0020,0x0841,0x18E3,0x2124,0x0861,0x0000,0x0020,0x1082,0x18C3,0x18C3,0x10A2,0x18C3,
  0x0841,0x0000,0x0020,0x4249,0x73F0,0x8432,0x7C11,0x7BF1,0x7C31,0x7BF0,0x7C11,0x7BF0,0x6BAF,0x636E,0x5B0D,0x5AEC,
  0x52CC,0x4AAB,0x4AAB,0x4A8B,0x4A8B,0x4A6A,0x4A6A,0x4A6A,0x4249,0x3A08,0x39A6,0x5269,0x52AB,0x10A2,0x2104,0x2104,
  0x2104,0x2124,0x2104,0x2104,0x2104,0x2104,0x2124,0x2945,0x2945,0x2965,0x2965,0x2965,0x2945,0x2945,0x2986,0x3186,
  0x3186,0x3186,0x3186,0x3186,0x31A6,0x31A7,0x31A7,0x31A7,0x31A7,0x2986,0x31A7,0x3186,0x31A7,0x31A7,0x31A7,0x31A7,
  0x31C7,0x31C7,0x31C8,0x39E8,0x31C8,0x31C8,0x31C8,0x31C8,0x31C8,0x39E8,0x3A08,0x39E8,0x3A09,0x3A29,0x4229,0x4229,
  0x424A,0x4229,0x3A09,0x3A08,0x3A09,0x31C8,0x39E8,0x39E8,0x39E8,0x39E9,0x31C8,0x31C8,0x2986,0x0020,0x0841,0x2104,
  0x4208,0x4228,0x3A08,0x4228,0x4208,0x3A08,0x4229,0x4228,0x4229,0x4229,0x4249,0x3A08,0x5AEC,0x4228,0x0000,0x0000,
  0x0000,0x0000,0x0000,0x0000,0x0000,0x0000,0x0000,0x0000,0x0000,0x0000,0x0000,0x0020,0x0000,0x0000,0x0000,0x0020,
  0x0000,0x0000,0x0000,0x0000,0x0000,0x0000,0x0000,0x0000,0x0000,0x0000,0x0000,0x0000,0x0000,0x0000,0x0000,0x0000,
  0x0000,0x0000,0x0000,0x0000,0x0000,0x0000,0x0000,0x0000,0x0000,0x0000,0x0000,0x0000,0x0000,0x0000,0x0000,0x0000,
  0x0000,0x0000,0x0000,0x0000,0x0000,0x0000,0x0000,0x0000,0x0000,0x0000,0x0000,0x0000,0x0000,0x0000,0x0000,0x0000,
  0x0000,0x0000,0x0000,0x0000,0x0000,0x0000,0x0000,0x0000,0x0000,0x0000,0x0000,0x0000,0x0000,0x0000,0x0000,0x0000,
  0x0000,0x0000,0x0000,0x0000,0x0000,0x0000,0x0000,0x0000,0x0000,0x0000,0x0000,0x0000,0x0000,0x0000,0x0000,0x0000,
  0x0000,0x0000,0x0000,0x0000,0x0000,0x0000,0x0000,0x0000,0x0000,0x0000,0x0000,0x0000,0x0000,0x0000,0x0000,0x0000,
  0x0000,0x0000,0x0000,0x0000,0x0000,0x0000,0x0000,0x0020,0x0000,0x0000,0x0000,0x0000,0x0000,0x0000,0x0000,0x0000,
  0x0000,0x0000,0x0000,0x0000,0x0000,0x0000,0x0000,0x0000,0x0000,0x0000,0x0000,0x0000,0x0000,0x0000,0x0000,0x0000,
  0x0000,0x0000,0x0000,0x0000,0x0000,0x0000,0x0000,0x0000,0x0000,0x0000,0x0000,0x0000,0x0000,0x0000,0x0000,0x0000,
  0x0000,0x0000,0x0000,0x0000,0x0000,0x0000,0x0000,0x0000,0x0000,0x0000,0x0000,0x0000,0x0000,0x0000,0x0000,0x0000,
  0x0000,0x0000,0x0020,0x0000,0x0000,0x0000,0x0000,0x0000,0x0000,0x0000,0x0000,0x0000,0x0000,0x0000,0x0000,0x0000,
  0x0000,0x0000,0x0000,0x0000,0x0000,0x0000,0x0000,0x0000,0x0000,0x0000,0x0000,0x0000,0x0000,0x0020,0x0000,0x1082,
  0x2124,0x1082,0x0000,0x0020,0x18E3,0x10A2,0x1082,0x1082,0x10A3,0x10A2,0x1082,0x1082,0x0861,0x0861,0x0020,0x0020,
  0x0020,0x0020,0x0020,0x0041,0x0021,0x0000,0x0000,0x0000,0x0000,0x0000,0x0020,0x2945,0x0020,0x0841,0x0841,0x0861,
  0x0861,0x0841,0x0841,0x0841,0x0841,0x0841,0x0861,0x0861,0x0861,0x0861,0x0862,0x0861,0x0861,0x0861,0x1081,0x1082,
  0x1082,0x0862,0x1082,0x1082,0x1082,0x0862,0x1082,0x1082,0x0862,0x0862,0x1082,0x1082,0x0882,0x0882,0x0882,0x0862,
  0x1082,0x1082,0x1082,0x10A2,0x1082,0x10A2,0x1082,0x1082,0x0882,0x1082,0x1082,0x1082,0x10A2,0x10A3,0x10C3,0x10A2,
  0x10A2,0x10A3,0x10A3,0x1082,0x1082,0x1082,0x1082,0x0882,0x1082,0x1082,0x0862,0x1082,0x0041,0x0020,0x18C3,0x2945,
  0x39E8,0x4208,0x4208,0x4228,0x4229,0x4229,0x4228,0x4249,0x4A49,0x4249,0x4249,0x4A69,0x4249,0x52CB,0x5ACB,0x52AA,
  0x52AA,0x4A6A,0x4249,0x4229,0x4A49,0x4229,0x4A49,0x4A49,0x4208,0x3186,0x2965,0x2945,0x2124,0x2124,0x2124,0x2124,
  0x2104,0x18C3,0x18C3,0x1903,0x18E3,0x18E3,0x18E3,0x0000,0x0000,0x0820,0x0000,0x0000,0x0000,0x0000,0x0841,0x0861,
  0x0020,0x0020,0x0000,0x0000,0x0020,0x1082,0x18C3,0x0841,0x0020,0x0000,0x0000,0x0000,0x0820,0x0861,0x18C3,0x1082,
  0x0841,0x0020,0x0000,0x0000,0x0020,0x0861,0x18C3,0x1082,0x0841,0x0000,0x0000,0x0000,0x0841,0x10A2,0x18C3,0x1082,
  0x0861,0x0020,0x0000,0x0000,0x0840,0x1082,0x0861,0x1082,0x0861,0x0000,0x0000,0x0020,0x0861,0x0861,0x1082,0x18C3,
  0x0861,0x0020,0x0000,0x0000,0x0000,0x0841,0x1082,0x18C2,0x10A2,0x1081,0x0020,0x0000,0x0000,0x0841,0x1082,0x0861,
  0x1082,0x0861,0x0020,0x0000,0x0000,0x0020,0x0841,0x18A2,0x18C3,0x0861,0x0841,0x0000,0x0000,0x0000,0x0841,0x0861,
  0x0862,0x1082,0x0841,0x0000,0x0000,0x0020,0x0861,0x1082,0x10C3,0x1082,0x0020,0x0000,0x0000,0x0020,0x0841,0x0861,
  0x18C3,0x1082,0x0841,0x0020,0x0000,0x0000,0x0020,0x1061,0x10A2,0x1082,0x1082,0x0020,0x0000,0x0000,0x0020,0x0841,
  0x10A3,0x18C3,0x1082,0x0000,0x0000,0x0000,0x0000,0x0020,0x1082,0x18C3,0x0861,0x0861,0x0020,0x0000,0x0000,0x0020,
  0x0841,0x0000,0x10A2,0x18C3,0x0861,0x1082,0x1082,0x1082,0x10A2,0x10A2,0x18C3,0x18C3,0x18E3,0x2104,0x2124,0x2945,
  0x2945,0x3186,0x31A6,0x3186,0x3186,0x39C7,0x3A07,0x4A49,0x4A49,0x4228,0x4228,0x4228,0x4A49,0x5ACA,0x5AEB,0x632C,
  0x6B4D,0x738E,0x73AE,0x73AE,0x7BCF,0x73AE,0x73AE,0x7BCF,0x7BEF,0x73CF,0x73AE,0x7BEF,0x3186,0x0000,0x0000,0x0861,
  0x18E3,0x1082,0x0861,0x1082,0x0000,0x0000,0x0000,0x0000,0x0000,0x0020,0x0861,0x0841,0x0000,0x0000,0x0000,0x0000,
  0x0020,0x1082,0x18C3,0x10A2,0x0841,0x0000,0x0000,0x0000,0x0020,0x1082,0x10A2,0x0000,0x0000,0x0000,0x0000,0x0000,
  0x0841,0x1082,0x0841,0x0000,0x0000,0x0000,0x0000,0x0020,0x0861,0x1082,0x0021,0x0000,0x0000,0x0000,0x0000,0x0020,
  0x0841,0x0862,0x0841,0x0021,0x0020,0x0000,0x0000,0x0000,0x0020,0x0841,0x0840,0x0021,0x0000,0x0000,0x0000,0x0021,
  0x0862,0x0840,0x0840,0x0020,0x0000,0x0000,0x0000,0x0840,0x0862,0x0862,0x0841,0x0020,0x0000,0x0000,0x0000,0x0840,
  0x0840,0x0021,0x0020,0x0000,0x0000,0x0000,0x0000,0x0020,0x0020,0x0021,0x0841,0x0820,0x0020,0x0020,0x10A3,0x2925,
  0x39E8,0x39E8,0x4208,0x39E7,0x4208,0x4249,0x4229,0x4A49,0x4229,0x4229,0x4A49,0x4229,0x4249,0x4A49,0x4249,0x4208,
  0x4228,0x4249,0x4249,0x4208,0x4208,0x4228,0x39E7,0x3A08,0x3A08,0x39E7,0x39C7,0x39E7,0x39C7,0x31C6,0x3186,0x3186,
  0x3186,0x3186,0x2986,0x3186,0x2965,0x2966,0x31A6,0x2965,0x0000,0x0861,0x0861,0x0000,0x0000,0x0020,0x18E3,0x2945,
  0x18E3,0x10A2,0x0000,0x0000,0x0020,0x10A2,0x2124,0x2104,0x18C2,0x0841,0x0000,0x0000,0x0020,0x10A2,0x3186,0x2945,
  0x10C2,0x1082,0x0820,0x0000,0x0020,0x0862,0x2945,0x2925,0x18A2,0x0841,0x0000,0x0000,0x0841,0x18C3,0x2945,0x2945,
  0x20E3,0x0841,0x0000,0x0000,0x0020,0x10A2,0x2924,0x3186,0x20E3,0x0020,0x0020,0x0020,0x0861,0x1082,0x2124,0x31A6,
  0x18C3,0x0861,0x0841,0x0000,0x0000,0x0841,0x18A2,0x2965,0x3186,0x18E3,0x0861,0x0000,0x0000,0x0841,0x1082,0x2104,
  0x3186,0x2124,0x0861,0x0020,0x0000,0x0000,0x0841,0x2104,0x2965,0x18C3,0x10A2,0x0841,0x0000,0x0000,0x0841,0x10A2,
  0x2104,0x2925,0x18E3,0x0841,0x0020,0x0020,0x0841,0x10A2,0x2124,0x2124,0x0861,0x0020,0x0000,0x0020,0x0841,0x18A2,
  0x3186,0x2945,0x1082,0x0020,0x0000,0x0000,0x0020,0x1082,0x2104,0x2965,0x2104,0x0861,0x0000,0x0000,0x0020,0x0021,
  0x0882,0x10A2,0x10A2,0x0841,0x0000,0x0000,0x0000,0x0020,0x0861,0x1082,0x10A2,0x18C3,0x1082,0x0020,0x0000,0x0021,
  0x0841,0x0020,0x0000,0x2104,0x2124,0x2104,0x18E3,0x18C3,0x18E3,0x2103,0x2104,0x2124,0x2924,0x2945,0x2124,0x2945,
  0x2945,0x2965,0x2945,0x2965,0x2965,0x31A6,0x39C7,0x39C7,0x39E7,0x39C7,0x39C7,0x39E7,0x4208,0x4228,0x4A69,0x4A48,
  0x4A48,0x4A69,0x528A,0x5ACB,0x5ACA,0x52AA,0x5ACB,0x5AEB,0x632C,0x632C,0x630C,0x5ACB,0x7BEF,0x3186,0x0000,0x0020,
  0x0020,0x0862,0x2965,0x39C7,0x2104,0x1082,0x0020,0x0020,0x0020,0x18C3,0x2965,0x3186,0x18C3,0x0021,0x0020,0x0020,
  0x0841,0x2945,0x4208,0x3A08,0x18E4,0x0021,0x0000,0x0000,0x0861,0x2145,0x31A7,0x2145,0x10A2,0x0840,0x0020,0x0840,
  0x10A3,0x3186,0x2966,0x18C3,0x10A3,0x0020,0x0020,0x0862,0x1904,0x39E7,0x2124,0x10A2,0x0862,0x0020,0x0000,0x0841,
  0x18E3,0x31A6,0x3166,0x2145,0x10A3,0x0840,0x0000,0x0020,0x10A3,0x2966,0x31A7,0x2145,0x0862,0x0820,0x0820,0x0862,
  0x18E4,0x2945,0x31A7,0x2104,0x0840,0x0840,0x0840,0x1061,0x18E4,0x39C7,0x39C7,0x2104,0x1061,0x0820,0x0840,0x0840,
  0x10C3,0x2946,0x2986,0x18E4,0x0840,0x0000,0x0000,0x0820,0x1082,0x2945,0x3187,0x18C4,0x1081,0x0000,0x0020,0x1082,
  0x39E7,0x39E8,0x4208,0x39E8,0x3A08,0x4229,0x4208,0x4229,0x4228,0x4208,0x4A49,0x4229,0x4A6A,0x4208,0x3A08,0x39E8,
  0x4229,0x4A49,0x4228,0x4A49,0x4228,0x4208,0x39E7,0x3A08,0x39E8,0x39E7,0x4228,0x4228,0x39E7,0x39C7,0x39C7,0x3186,
  0x3186,0x3186,0x31A6,0x31A6,0x3186,0x2966,0x3186,0x4208,0x3186,0x0000,0x0020,0x0861,0x0020,0x0000,0x1082,0x10A2,
  0x1081,0x2124,0x18A2,0x0841,0x0000,0x0020,0x10A2,0x0861,0x1082,0x2104,0x18C3,0x0841,0x0000,0x0841,0x2104,0x10A2,
  0x18C3,0x2945,0x10A2,0x0841,0x0000,0x0020,0x10A2,0x0861,0x10A2,0x2104,0x1082,0x0841,0x0000,0x0861,0x10A2,0x1082,
  0x2104,0x1082,0x0841,0x0000,0x0000,0x0020,0x10A2,0x2104,0x18E3,0x2104,0x18E3,0x0841,0x0000,0x0020,0x10A2,0x2103,
  0x0861,0x18E3,0x18E3,0x0841,0x0020,0x0000,0x0841,0x10A2,0x1081,0x18E3,0x2104,0x1082,0x0020,0x0000,0x0020,0x18E3,
  0x2945,0x18C3,0x18C3,0x18C3,0x0020,0x0000,0x0020,0x10A2,0x10A2,0x1082,0x2124,0x18E3,0x0861,0x0000,0x0000,0x0820,
  0x1082,0x2104,0x18C3,0x2104,0x18C3,0x0841,0x0000,0x0841,0x10A2,0x1082,0x10A2,0x2104,0x1082,0x0020,0x0000,0x0861,
  0x18E3,0x1062,0x18C3,0x18C3,0x0861,0x0841,0x0000,0x0020,0x1082,0x18E3,0x10A2,0x0000,0x0000,0x0000,0x0000,0x0000,
  0x0000,0x0000,0x0000,0x0000,0x0000,0x0000,0x0000,0x0000,0x0000,0x0000,0x0000,0x0000,0x0000,0x0000,0x0000,0x0000,
  0x0000,0x0020,0x0841,0x0000,0x18E3,0x2124,0x18E3,0x18C3,0x18E3,0x20E3,0x20E3,0x18E3,0x2104,0x2124,0x2124,0x2124,
  0x2945,0x2965,0x2945,0x2945,0x3186,0x31A6,0x3186,0x39C7,0x39C7,0x39C6,0x39C7,0x39E7,0x39E7,0x39E7,0x4A48,0x4228,
  0x4208,0x4A49,0x4A69,0x4A69,0x528A,0x5289,0x5289,0x52CA,0x5ACB,0x630C,0x5AEB,0x5ACB,0x4A69,0x6B6D,0x2944,0x0000,
  0x0020,0x0020,0x18E3,0x2965,0x1082,0x2124,0x2124,0x1082,0x0021,0x0020,0x18E3,0x18E3,0x1082,0x2945,0x18E4,0x1082,
  0x0841,0x1082,0x2145,0x18C3,0x18E4,0x2945,0x1082,0x0841,0x0020,0x10A2,0x18E3,0x1082,0x31A6,0x2945,0x0861,0x0041,
  0x0840,0x18E4,0x10A3,0x18E3,0x39C7,0x10A3,0x0862,0x0820,0x0861,0x2104,0x1082,0x3186,0x31A6,0x0862,0x0841,0x0000,
  0x1082,0x2124,0x18A3,0x39C7,0x2966,0x10C3,0x0841,0x0000,0x0021,0x18C3,0x18E4,0x2125,0x2145,0x18E4,0x0841,0x0000,
  0x0020,0x18C3,0x2966,0x2104,0x18E3,0x1904,0x1061,0x0000,0x0021,0x18E3,0x2966,0x18E4,0x2125,0x2104,0x0840,0x0000,
  0x0841,0x18E4,0x2145,0x18E4,0x2966,0x18C3,0x0840,0x0000,0x0861,0x2104,0x2124,0x2966,0x39C7,0x10A2,0x0000,0x0000,
  0x31C7,0x39E7,0x4208,0x3A08,0x4208,0x3A08,0x39E8,0x4249,0x4A49,0x4229,0x4A49,0x4A49,0x4A6A,0x4208,0x4A49,0x4A69,
  0x4249,0x4A49,0x4A69,0x4A49,0x4229,0x4229,0x4208,0x39E8,0x4208,0x4229,0x4208,0x39E8,0x39E7,0x39E7,0x39C7,0x31C7,
  0x39C7,0x39C7,0x39C7,0x31A6,0x3186,0x3186,0x31A6,0x2965,0x39C7,0x2945,0x0000,0x1061,0x0861,0x0000,0x0820,0x0861,
  0x2124,0x39C7,0x2945,0x10A2,0x0020,0x0000,0x0841,0x0861,0x2124,0x4207,0x3186,0x18C3,0x0020,0x0020,0x0861,0x1082,
  0x3186,0x4208,0x2945,0x10A2,0x0020,0x0000,0x0841,0x1082,0x2986,0x39C7,0x2945,0x10A2,0x0020,0x0000,0x0020,0x0861,
  0x2945,0x3185,0x20E3,0x10A2,0x0861,0x0020,0x0020,0x1082,0x2104,0x31A6,0x2965,0x1082,0x0020,0x0000,0x0841,0x0861,
  0x2104,0x39C7,0x3186,0x18C3,0x0861,0x0020,0x0820,0x0020,0x0861,0x31A6,0x39E7,0x2944,0x10A2,0x0841,0x0020,0x0861,
  0x0861,0x10A2,0x2965,0x2965,0x10A2,0x0841,0x0000,0x0841,0x1082,0x2965,0x4208,0x2965,0x18C3,0x0841,0x0020,0x0000,
  0x0841,0x18E3,0x2945,0x31A6,0x2124,0x1082,0x0000,0x0000,0x0020,0x1082,0x2945,0x3186,0x2924,0x1082,0x0000,0x0020,
  0x0020,0x1082,0x3186,0x39C7,0x2124,0x10A2,0x0020,0x0000,0x0020,0x1061,0x18E3,0x0841,0x0000,0x0020,0x51A0,0x4980,
  0x4140,0x4960,0x3900,0x0000,0x0020,0x4980,0x4980,0x5180,0x59A0,0x3940,0x0000,0x0000,0x4140,0x4960,0x4140,0x4980,
  0x4140,0x0000,0x1062,0x1061,0x0000,0x18E3,0x2104,0x18C3,0x18E3,0x2104,0x2124,0x2104,0x18E3,0x2124,0x2124,0x2124,
  0x2945,0x2965,0x2945,0x2945,0x3186,0x3186,0x31A6,0x39C7,0x39C6,0x31A6,0x39C7,0x39E7,0x39C7,0x39E7,0x4228,0x4228,
  0x4A49,0x4A69,0x4A69,0x4A69,0x528A,0x52AA,0x5ACA,0x5ACB,0x5AEB,0x5AEB,0x5AEB,0x5AEB,0x528A,0x5269,0x6B6D,0x2104,
  0x0000,0x0000,0x0820,0x1082,0x2104,0x4A69,0x4A69,0x2104,0x0861,0x0000,0x0020,0x0861,0x3186,0x52AA,0x4208,0x2145,
  0x0862,0x0020,0x0041,0x1082,0x39E7,0x526A,0x3186,0x18C3,0x0840,0x0841,0x0861,0x18C3,0x4A49,0x4228,0x2104,0x0861,
  0x0000,0x0021,0x0841,0x2965,0x4A69,0x39C7,0x2124,0x0861,0x0020,0x0021,0x18C3,0x4A49,0x4A69,0x2965,0x10A3,0x0020,
  0x0041,0x0882,0x2125,0x4A69,0x4A69,0x31A7,0x18E4,0x0841,0x0820,0x0840,0x0862,0x3186,0x39E8,0x3186,0x10A3,0x0861,
  0x0000,0x0861,0x10C3,0x2945,0x3A08,0x4208,0x1904,0x0840,0x0000,0x0021,0x10A3,0x2945,0x4249,0x4208,0x18E4,0x0862,
  0x0020,0x0041,0x0862,0x2966,0x4A49,0x39E7,0x1904,0x0882,0x0840,0x0841,0x0862,0x2945,0x39E7,0x2124,0x0862,0x0020,
  0x39C7,0x39E7,0x3A08,0x4208,0x39E8,0x39E8,0x39E8,0x4208,0x4208,0x4208,0x4A49,0x4249,0x4A6A,0x4A6A,0x528A,0x4A69,
  0x4A6A,0x4A6A,0x4229,0x4228,0x4249,0x4229,0x4A49,0x4A49,0x4229,0x4A49,0x4208,0x4228,0x4228,0x3A08,0x39E8,0x31A7,
  0x39C7,0x39C7,0x31A7,0x31A6,0x3186,0x31A6,0x31A6,0x3186,0x2966,0x4208,0x3186,0x0000,0x0020,0x0020,0x0000,0x0841,
  0x2124,0x31A6,0x2104,0x10A2,0x0861,0x0020,0x0000,0x0841,0x2924,0x39E7,0x2965,0x18C3,0x1082,0x0841,0x0020,0x0841,
  0x2104,0x2965,0x2945,0x20E3,0x10A2,0x0020,0x0020,0x10A2,0x2965,0x3186,0x2944,0x18E3,0x0861,0x0020,0x0000,0x0841,
  0x2104,0x2965,0x3185,0x2945,0x18C3,0x0861,0x0020,0x0000,0x10A2,0x3186,0x2965,0x10A2,0x1082,0x0841,0x0020,0x0020,
  0x2104,0x3186,0x2945,0x18E3,0x18C3,0x10A2,0x0841,0x0000,0x0861,0x2945,0x3186,0x2104,0x18E3,0x18C3,0x0861,0x0020,
  0x0000,0x10A2,0x3165,0x2965,0x18C3,0x18C3,0x0861,0x0000,0x0841,0x2124,0x3186,0x2124,0x18C3,0x18C3,0x1082,0x0020,
  0x0000,0x0861,0x2924,0x31A6,0x2124,0x1082,0x0841,0x0020,0x0000,0x0861,0x2945,0x3186,0x2124,0x18A2,0x0841,0x0000,
  0x0000,0x10A2,0x2965,0x3186,0x2124,0x18C3,0x0841,0x0020,0x0000,0x0020,0x10A2,0x2104,0x0841,0x0000,0x92E0,0xFCE0,
  0xFCE0,0xFCE0,0xFCE0,0x8280,0x0000,0x9AE0,0xFCE0,0xFCE0,0xFCE0,0xFCE0,0x8AA0,0x0000,0x8A80,0xFCE0,0xFCE0,0xFCE0,
  0xFCE0,0xA300,0x0000,0x10A2,0x0861,0x0000,0x10A2,0x18E3,0x20E3,0x2104,0x2104,0x2124,0x2124,0x2124,0x2124,0x2945,
  0x2965,0x2965,0x2945,0x2965,0x39C6,0x39C7,0x39C7,0x39C6,0x39C7,0x39E7,0x39E7,0x4208,0x4228,0x4208,0x4208,0x4228,
  0x4228,0x4A49,0x4A49,0x4A49,0x52AA,0x528A,0x52AA,0x52AA,0x52AA,0x5ACB,0x5ACA,0x5ACA,0x5ACB,0x5ACB,0x52AA,0x632C,
  0x2104,0x0000,0x0020,0x0820,0x2104,0x4228,0x4A48,0x2945,0x18C3,0x0020,0x0000,0x0861,0x3186,0x4A49,0x39E7,0x2965,
  0x18C3,0x0020,0x0000,0x10A2,0x39C7,0x4228,0x3186,0x2945,0x10A3,0x0041,0x0021,0x18E3,0x39E7,0x3A08,0x2986,0x18C3,
  0x0020,0x0020,0x0862,0x3186,0x4228,0x39E7,0x2966,0x10A2,0x0000,0x0000,0x18C3,0x39E7,0x4228,0x31A6,0x2125,0x1082,
  0x0840,0x0840,0x2104,0x31A6,0x39C7,0x31A6,0x2965,0x18C3,0x0841,0x0000,0x0861,0x31A6,0x39E8,0x39C7,0x2125,0x10C3,
  0x0841,0x0820,0x0820,0x2124,0x4A49,0x4A6A,0x2125,0x0862,0x0021,0x0840,0x0840,0x2966,0x4A69,0x4A8A,0x2125,0x10A3,
  0x0021,0x0000,0x0000,0x2945,0x4229,0x4208,0x2945,0x18E4,0x0021,0x0000,0x0020,0x1904,0x2965,0x2945,0x2125,0x18E3,
  0x3A08,0x39E8,0x39C7,0x39E8,0x39E7,0x39C7,0x39E7,0x39C7,0x39C7,0x39C7,0x4A49,0x4249,0x4A6A,0x4A8A,0x4A6A,0x4249,
  0x4229,0x4A49,0x4229,0x4229,0x4A49,0x4249,0x4208,0x4228,0x4228,0x4A49,0x4228,0x3A08,0x39E7,0x39C7,0x3A08,0x39E7,
  0x31A7,0x39C7,0x31A7,0x39C7,0x31C7,0x31C7,0x31A6,0x31A6,0x31A6,0x31A6,0x4A69,0x39C7,0x0000,0x0841,0x0861,0x0000,
  0x0841,0x1082,0x0821,0x18E3,0x2124,0x1082,0x0841,0x0020,0x18C3,0x10A2,0x0841,0x18E3,0x2945,0x18E3,0x0841,0x0000,
  0x0841,0x0861,0x1082,0x3186,0x31A6,0x18C3,0x0861,0x0821,0x10A2,0x0861,0x10A2,0x3186,0x2104,0x1082,0x0841,0x0020,
  0x0861,0x0841,0x2945,0x3185,0x18E3,0x18C3,0x0861,0x0000,0x0020,0x0861,0x1082,0x18E3,0x2965,0x18E3,0x1082,0x0020,
  0x0841,0x1082,0x1082,0x18C3,0x31A6,0x2965,0x18C3,0x0841,0x0020,0x0861,0x0020,0x10A2,0x3186,0x31A6,0x2104,0x1082,
  0x0000,0x0020,0x0861,0x0861,0x18E3,0x31A6,0x18E3,0x0861,0x0020,0x0861,0x1082,0x0841,0x2124,0x39C7,0x2104,0x1082,
  0x0000,0x0020,0x0861,0x1082,0x18C3,0x18E3,0x2124,0x10A2,0x0841,0x0841,0x10A2,0x1082,0x10A2,0x2944,0x2104,0x0861,
  0x0020,0x0861,0x10A2,0x1082,0x18C2,0x2945,0x18E3,0x1082,0x0841,0x0000,0x0841,0x18E3,0x18C3,0x0020,0x0000,0x8AA0,
  0xFCE0,0xFCE0,0xFCE0,0xFCE0,0x7220,0x0000,0x8AA0,0xFCE0,0xFCE0,0xFCE0,0xFCE0,0x6A00,0x0000,0x8280,0xFCE0,0xFCE0,
  0xFCE0,0xFCE0,0x8A80,0x0000,0x0841,0x0000,0x0000,0x0841,0x0020,0x0020,0x0020,0x0020,0x0020,0x0020,0x0841,0x0861,
  0x0861,0x0020,0x0020,0x0841,0x0861,0x0841,0x0861,0x0861,0x0861,0x0841,0x0861,0x1082,0x1082,0x1082,0x0861,0x18C3,
  0x4208,0x4A69,0x4A49,0x4A69,0x4A69,0x4A69,0x52AA,0x528A,0x528A,0x52AA,0x52AA,0x52AA,0x52AA,0x528A,0x52AA,0x5ACB,
  0x6B4C,0x2124,0x0000,0x0841,0x0841,0x18C3,0x18C3,0x2945,0x39E7,0x2124,0x10A2,0x0861,0x10A3,0x18E3,0x18C3,0x3186,
  0x39E7,0x10A3,0x0841,0x0020,0x10A3,0x2104,0x2124,0x528A,0x39C7,0x10A3,0x0841,0x0841,0x18C3,0x10A3,0x2965,0x4228,
  0x2125,0x1082,0x0041,0x18C3,0x1904,0x10A2,0x39C6,0x3186,0x10A2,0x0861,0x0862,0x18C3,0x1082,0x18C3,0x4A49,0x31A7,
  0x18C3,0x0861,0x0841,0x10A2,0x0861,0x2104,0x39C7,0x2945,0x18E3,0x0841,0x0840,0x10A3,0x10A3,0x2945,0x3186,0x2965,
  0x18E4,0x0862,0x0820,0x0862,0x1904,0x2145,0x18C3,0x2945,0x2125,0x0882,0x0840,0x10C3,0x2145,0x2965,0x18C3,0x2124,
  0x18C3,0x0841,0x0021,0x10A3,0x2124,0x2104,0x2125,0x31A6,0x10A3,0x0041,0x0020,0x0882,0x18C3,0x18E4,0x4208,0x39E7,
  0x39E8,0x39E8,0x39E8,0x39E7,0x4208,0x4208,0x39C7,0x3A08,0x39E8,0x39E8,0x4229,0x4A8A,0x528A,0x4A6A,0x4A6A,0x4A6A,
  0x4249,0x4229,0x4229,0x4228,0x4229,0x4229,0x4A49,0x4208,0x4208,0x4228,0x4208,0x39E7,0x39E8,0x3A08,0x39E8,0x39E7,
  0x39E7,0x31A7,0x31A6,0x39C7,0x39E7,0x39E7,0x39E7,0x39E7,0x39C7,0x39E8,0x31A6,0x5ACB,0x4A49,0x0000,0x0861,0x0020,
  0x0000,0x0000,0x0841,0x2945,0x31A6,0x18E3,0x1082,0x0000,0x0020,0x0841,0x18E3,0x39E7,0x39C7,0x2124,0x0841,0x0000,
  0x0000,0x0000,0x2104,0x39E7,0x39C7,0x2945,0x1082,0x0000,0x0000,0x0021,0x2124,0x39C7,0x31A6,0x2104,0x0861,0x0000,
  0x0020,0x0861,0x18E3,0x2965,0x2965,0x2124,0x0861,0x0000,0x0000,0x0000,0x0861,0x3186,0x39C7,0x2965,0x18A3,0x0000,
  0x0000,0x0020,0x1082,0x2965,0x39E7,0x31A6,0x2104,0x0841,0x0000,0x0000,0x0020,0x2945,0x39E7,0x39E7,0x2965,0x10A2,
  0x0000,0x0000,0x0000,0x0861,0x3186,0x4208,0x2965,0x10A2,0x0020,0x0020,0x0000,0x1082,0x3166,0x39C7,0x2925,0x18A2,
  0x0021,0x0000,0x0020,0x0020,0x10A2,0x3186,0x31A6,0x20E3,0x0861,0x0000,0x0000,0x0000,0x18E3,0x3186,0x2965,0x18C3,
  0x0841,0x0000,0x0000,0x0861,0x2104,0x2965,0x2104,0x1082,0x0841,0x0020,0x0020,0x0841,0x0861,0x10A2,0x0020,0x0000,
  0xA320,0xFCE0,0xFCE0,0xFCE0,0xFCE0,0x4980,0x0000,0xA320,0xFCE0,0xFCE0,0xFCE0,0xFCE0,0x61C0,0x0000,0xA320,0xFCE0,
  0xFCE0,0xFCE0,0xFCE0,0x6A00,0x0000,0x0021,0x0000,0x0000,0x2104,0x2144,0x2104,0x2104,0x2104,0x2124,0x0841,0x0000,
  0x0861,0x2104,0x18E3,0x18E3,0x18C3,0x18C2,0x0020,0x0000,0x0841,0x2104,0x18E3,0x18E3,0x18E3,0x2104,0x18C3,0x0000,
  0x18C3,0x4A49,0x4A69,0x4A49,0x4A49,0x4A69,0x52AA,0x528A,0x5289,0x528A,0x528A,0x528A,0x52AA,0x5ACA,0x52AA,0x5AAA,
  0x52AA,0x632C,0x2124,0x0000,0x0000,0x0020,0x10A2,0x39E7,0x52AA,0x31A6,0x18C3,0x0020,0x0000,0x0020,0x18E4,0x39E7,
  0x4208,0x2104,0x0861,0x0000,0x0021,0x1082,0x31A6,0x528A,0x39E7,0x18C3,0x0020,0x0000,0x0021,0x10A3,0x39C7,0x4A8A,
  0x3186,0x1082,0x0000,0x0000,0x0020,0x2104,0x4A49,0x4228,0x2125,0x1082,0x0000,0x0000,0x0041,0x2965,0x528A,0x4228,
  0x2125,0x0841,0x0000,0x0000,0x0862,0x3186,0x39E8,0x3186,0x18E4,0x0861,0x0840,0x0820,0x0862,0x18C3,0x3186,0x4208,
  0x2125,0x10A3,0x0841,0x0820,0x0862,0x1082,0x2945,0x4208,0x39C7,0x1083,0x0840,0x0840,0x0862,0x0862,0x2965,0x39E7,
  0x2104,0x0882,0x0840,0x0840,0x0841,0x18C3,0x31A7,0x3A08,0x18E4,0x0882,0x0840,0x0020,0x0841,0x18E3,0x3186,0x2965,
  0x31A7,0x31A7,0x31A7,0x31A7,0x39E8,0x3A08,0x39E8,0x39E8,0x39C7,0x39E8,0x39E7,0x4208,0x4249,0x4229,0x4229,0x4208,
  0x39E8,0x39E7,0x39E8,0x39E8,0x4208,0x4208,0x4229,0x4208,0x39E7,0x39C7,0x39C7,0x31C7,0x31C7,0x39E7,0x3A08,0x3A08,
  0x39C7,0x31A7,0x31A6,0x31C7,0x39C7,0x39C7,0x39C7,0x39C7,0x39E7,0x31C7,0x39E8,0x39E8,0x6B6D,0x39C7,0x0000,0x0861,
  0x0861,0x0020,0x0020,0x18C3,0x18E3,0x10A2,0x2124,0x10A2,0x0841,0x0020,0x10A2,0x2965,0x18C3,0x10A2,0x2103,0x1082,
  0x0861,0x0020,0x1082,0x2104,0x18E3,0x18E3,0x2124,0x18C3,0x1082,0x0820,0x10A2,0x2124,0x2104,0x2124,0x2124,0x18C3,
  0x1082,0x0020,0x0841,0x18C3,0x2104,0x18A2,0x2124,0x10A2,0x0861,0x0020,0x0020,0x18E3,0x2104,0x2103,0x2104,0x10A2,
  0x0861,0x0841,0x0841,0x18C3,0x2124,0x18C3,0x18C3,0x2104,0x10A2,0x0861,0x0821,0x18C3,0x2944,0x2945,0x18C2,0x2104,
  0x2103,0x0861,0x0000,0x0841,0x2104,0x2124,0x18E3,0x2965,0x2924,0x1082,0x0020,0x0000,0x18C3,0x18E3,0x10A2,0x2104,
  0x2124,0x10A2,0x0841,0x0000,0x0861,0x2124,0x2124,0x10A2,0x2104,0x10A2,0x0020,0x0000,0x0861,0x18C3,0x18C3,0x20E3,
  0x2945,0x1082,0x0020,0x0020,0x0861,0x10A2,0x10A2,0x2104,0x2124,0x10A2,0x0840,0x0000,0x0020,0x1082,0x0020,0x0000,
  0x0000,0xBB80,0xFCE0,0xFCE0,0xFCE0,0xFCE0,0x4980,0x0000,0xB360,0xFCE0,0xFCE0,0xFCE0,0xFCE0,0x61C0,0x0000,0xB360,
  0xFCE0,0xFCE0,0xFCE0,0xFCE0,0x59A0,0x0000,0x0861,0x0841,0x1082,0x3186,0x31A6,0x3186,0x31A6,0x39A7,0x2965,0x0020,
  0x0000,0x2104,0x39C7,0x31A6,0x3165,0x2945,0x2124,0x0861,0x0020,0x2104,0x31A6,0x3186,0x3185,0x3165,0x31A6,0x18E3,
  0x0000,0x18C2,0x4A49,0x4A49,0x5289,0x4A69,0x4A69,0x4A49,0x4A49,0x5ACB,0x5ACB,0x5ACA,0x5AEB,0x5AEB,0x5ACA,0x52AA,
  0x52AA,0x5289,0x62EB,0x2965,0x0000,0x0020,0x0841,0x2104,0x2965,0x31A7,0x39C7,0x2104,0x0841,0x0000,0x0841,0x18C3,
  0x2104,0x39E8,0x4249,0x2145,0x1081,0x0841,0x1082,0x18C3,0x2124,0x4208,0x39C7,0x10C4,0x1060,0x0840,0x10A3,0x1904,
  0x31A7,0x39E8,0x2125,0x1081,0x0840,0x10A3,0x2125,0x2945,0x39E8,0x3A08,0x18C4,0x1061,0x0840,0x10A3,0x2125,0x2945,
  0x31C7,0x31A7,0x10C3,0x0862,0x0820,0x0862,0x10A3,0x18C3,0x31A7,0x4209,0x2125,0x18A1,0x0840,0x0840,0x10A3,0x2125,
  0x3186,0x39C8,0x2146,0x1081,0x0020,0x0840,0x10C3,0x2945,0x31A7,0x39C8,0x2125,0x1081,0x0840,0x0020,0x10A3,0x2124,
  0x3186,0x31A7,0x2105,0x18C2,0x0840,0x0021,0x10A3,0x1904,0x31A7,0x2987,0x18E4,0x1081,0x0820,0x0841,0x10A3,0x2124,
  0x0000,0x0000,0x0000,0x0000,0x0020,0x0020,0x0020,0x0000,0x0000,0x0000,0x0020,0x0000,0x0000,0x0000,0x0000,0x0000,
  0x0000,0x0000,0x0000,0x0020,0x0020,0x0020,0x0000,0x0000,0x0000,0x0000,0x0000,0x0020,0x0020,0x0020,0x0020,0x0000,
  0x0000,0x0000,0x0000,0x0000,0x0000,0x0000,0x0000,0x0000,0x0000,0x0020,0x0820,0x0820,0x0020,0x0841,0x0000,0x10A2,
  0x2104,0x0861,0x0000,0x0841,0x0841,0x18E3,0x4208,0x2965,0x10A2,0x0020,0x0020,0x1082,0x0020,0x18C3,0x4207,0x2965,
  0x18E3,0x0841,0x0020,0x0841,0x0020,0x2104,0x4228,0x3186,0x18E3,0x0841,0x0020,0x0841,0x1082,0x2965,0x39C7,0x2945,
  0x18C3,0x0020,0x0000,0x0841,0x0020,0x18E3,0x39E7,0x2965,0x18C3,0x0841,0x0000,0x0841,0x0020,0x1082,0x31A6,0x39C6,
  0x2104,0x1082,0x0020,0x0841,0x0841,0x0020,0x2124,0x39E7,0x2965,0x18C3,0x0841,0x0841,0x0862,0x0861,0x10A2,0x39C6,
  0x39C7,0x2103,0x0841,0x0020,0x0861,0x0841,0x18A3,0x4208,0x39C7,0x10A2,0x0841,0x0000,0x0861,0x0861,0x10A2,0x3186,
  0x39C7,0x2104,0x1061,0x0000,0x0020,0x1082,0x1082,0x18E3,0x31A6,0x2945,0x0861,0x0000,0x0020,0x0861,0x10A2,0x31A6,
  0x4228,0x2104,0x0841,0x0000,0x0020,0x0020,0x18C3,0x31A6,0x39C7,0x2104,0x1082,0x0020,0x0000,0x0020,0x1081,0x1082,
  0x0020,0x0000,0xC3A0,0xFCE0,0xFCE0,0xFCE0,0xFCE0,0x3920,0x0000,0xBB80,0xFCE0,0xFCE0,0xFCE0,0xFCE0,0x4960,0x0000,
  0xBB80,0xFCE0,0xFCE0,0xFCE0,0xFCE0,0x59A0,0x0000,0x1082,0x0000,0x0000,0x2945,0x2965,0x2945,0x2965,0x2965,0x2945,
  0x0840,0x0000,0x18E3,0x2965,0x2124,0x2924,0x2945,0x2965,0x1082,0x0020,0x10A2,0x2965,0x2945,0x2945,0x2965,0x3185,
  0x18C3,0x0000,0x18C3,0x528A,0x52AA,0x4A69,0x4A49,0x4A49,0x528A,0x52AA,0x5ACB,0x5ACB,0x52AA,0x5ACB,0x52AA,0x528A,
  0x52AA,0x528A,0x4A69,0x738D,0x3186,0x0000,0x0000,0x0000,0x0020,0x10A2,0x18E4,0x10A3,0x0841,0x0000,0x0000,0x0020,
  0x0841,0x18E4,0x2965,0x18E3,0x0841,0x0000,0x0000,0x0000,0x0841,0x2125,0x2125,0x18A1,0x0840,0x0000,0x0000,0x0000,
  0x18C3,0x2945,0x18E4,0x1081,0x0840,0x0020,0x0820,0x0841,0x18E4,0x2125,0x1082,0x0840,0x0020,0x0000,0x0020,0x0021,
  0x18C3,0x2104,0x0882,0x0840,0x0000,0x0000,0x0000,0x0020,0x18E3,0x2125,0x10A3,0x0861,0x0000,0x0000,0x0000,0x0000,
  0x10A2,0x18E3,0x1083,0x0840,0x0000,0x0000,0x0020,0x0841,0x1082,0x18E4,0x1082,0x0840,0x0020,0x0000,0x0000,0x0021,
  0x10A3,0x18E4,0x10A3,0x0841,0x0020,0x0000,0x0000,0x0000,0x18C3,0x18E4,0x0883,0x1060,0x0020,0x0000,0x0020,0x0841,
  0x0000,0x0000,0x0000,0x0000,0x0000,0x0841,0x1061,0x0861,0x0841,0x0020,0x0000,0x0000,0x0000,0x0000,0x0841,0x0861,
  0x0841,0x0841,0x0000,0x0000,0x0000,0x0000,0x0020,0x0841,0x0841,0x0000,0x0000,0x0000,0x0000,0x0020,0x0841,0x0861,
  0x0861,0x0000,0x0000,0x0000,0x0000,0x0000,0x0040,0x0841,0x0020,0x0000,0x0000,0x0000,0x0000,0x0841,0x18C3,0x2944,
  0x18C3,0x0861,0x0000,0x0000,0x0020,0x2124,0x4208,0x2945,0x18C3,0x0841,0x0000,0x0000,0x0000,0x2104,0x4228,0x2965,
  0x18E3,0x1082,0x0000,0x0000,0x0020,0x2945,0x4228,0x2965,0x20E3,0x0861,0x0000,0x0000,0x1082,0x2945,0x2965,0x2104,
  0x18C3,0x0841,0x0000,0x0000,0x0000,0x18E3,0x39C7,0x31A6,0x18E4,0x0841,0x0000,0x0000,0x0000,0x18C3,0x39E7,0x39E7,
  0x2104,0x1082,0x0000,0x0000,0x0000,0x0020,0x2944,0x39C7,0x2924,0x18C3,0x0841,0x0020,0x0000,0x0000,0x10A2,0x39A6,
  0x39E7,0x18E3,0x0841,0x0020,0x0020,0x0000,0x18C3,0x31A6,0x2965,0x18A2,0x1082,0x0020,0x0000,0x0020,0x10A2,0x3186,
  0x2965,0x2104,0x1082,0x0841,0x0020,0x0020,0x0020,0x2104,0x39A6,0x2124,0x1081,0x0841,0x0840,0x0000,0x1082,0x3185,
  0x39C7,0x18C3,0x0861,0x0020,0x0000,0x0000,0x18C3,0x2965,0x2945,0x18E3,0x18A2,0x0020,0x0000,0x0000,0x1061,0x2103,
  0x0821,0x0000,0x0000,0xD400,0xFCE0,0xFCE0,0xFCE0,0xFCE0,0x28E0,0x0000,0xCBE0,0xFCE0,0xFCE0,0xFCE0,0xFCE0,0x3900,
  0x0000,0xC3A0,0xFCE0,0xFCE0,0xFCE0,0xFCE0,0x4140,0x0000,0x0841,0x0020,0x0020,0x2124,0x3186,0x2965,0x2945,0x2965,
  0x2965,0x0841,0x0000,0x18C3,0x2965,0x2945,0x2945,0x2965,0x2965,0x0861,0x0000,0x18C3,0x3186,0x2945,0x2945,0x2924,
  0x2965,0x18C3,0x0000,0x18C3,0x4A49,0x4A69,0x4A49,0x4228,0x528A,0x52AA,0x52AA,0x4A69,0x528A,0x52AA,0x5ACB,0x5AAB,
  0x52AA,0x52AA,0x52AA,0x4A49,0x630C,0x2945,0x0000,0x0000,0x0000,0x0000,0x0000,0x0000,0x0000,0x0000,0x0020,0x0020,
  0x0000,0x0000,0x0000,0x0000,0x0000,0x0000,0x0000,0x0000,0x0000,0x0000,0x0000,0x0000,0x0000,0x0000,0x0000,0x0000,
  0x0000,0x0000,0x0000,0x0000,0x0000,0x0000,0x0000,0x0000,0x0000,0x0000,0x0000,0x0000,0x0000,0x0000,0x0000,0x0000,
  0x0000,0x0000,0x0000,0x0000,0x0000,0x0000,0x0000,0x0000,0x0000,0x0000,0x0000,0x0000,0x0000,0x0000,0x0000,0x0000,
  0x0000,0x0000,0x0000,0x0000,0x0000,0x0820,0x0820,0x0020,0x0000,0x0000,0x0000,0x0000,0x0000,0x0000,0x0020,0x0020,
  0x0000,0x0000,0x0000,0x0000,0x0000,0x0020,0x0020,0x0020,0x0000,0x0000,0x0000,0x0000,0x0000,0x0000,0x0000,0x0000,
  0x2104,0x2945,0x18C3,0x0020,0x0020,0x0020,0x1082,0x0881,0x0861,0x18C3,0x1082,0x0841,0x0000,0x0020,0x0861,0x0861,
  0x1082,0x18E3,0x0861,0x0861,0x0020,0x0000,0x0000,0x0841,0x18E3,0x1082,0x0861,0x0861,0x0000,0x0000,0x0000,0x1082,
  0x18E3,0x0861,0x1082,0x0841,0x0000,0x0000,0x0841,0x18C3,0x1061,0x0861,0x1082,0x0020,0x0000,0x0020,0x2104,0x2103,
  0x0000,0x1082,0x18A2,0x0861,0x0000,0x1082,0x2104,0x1082,0x2104,0x2104,0x0841,0x0020,0x0000,0x0861,0x18E3,0x0861,
  0x18C3,0x31A6,0x2944,0x10A2,0x0020,0x0861,0x18C3,0x1061,0x2945,0x2945,0x0861,0x0841,0x0020,0x0861,0x0861,0x0861,
  0x2965,0x2945,0x2104,0x1082,0x0020,0x0841,0x1082,0x2104,0x18E3,0x2104,0x2103,0x0861,0x0020,0x0861,0x18C3,0x18C3,
  0x1081,0x2104,0x18E3,0x0861,0x0020,0x0000,0x1082,0x1082,0x0861,0x2945,0x2124,0x18E3,0x0861,0x0000,0x0000,0x10A2,
  0x18E3,0x1061,0x2124,0x3185,0x18E3,0x0841,0x0020,0x0020,0x0020,0x2124,0x39C7,0x10A2,0x1082,0x0841,0x0000,0x1081,
  0x0841,0x18E3,0x2945,0x2124,0x18C3,0x0820,0x0000,0x0861,0x18C3,0x0861,0x18E3,0x2965,0x18C3,0x0841,0x0000,0x0861,
  0x1082,0x0841,0x2104,0x2124,0x10A2,0x0821,0x0841,0x1082,0x0861,0x0861,0x2124,0x10A2,0x1082,0x0861,0x0000,0x0020,
  0x0861,0x0861,0x0000,0x0000,0xE440,0xFCE0,0xFCE0,0xFCE0,0xFCC0,0x1860,0x0000,0xDC20,0xFCE0,0xFCE0,0xFCE0,0xFCE0,
  0x20A0,0x0000,0xD400,0xFCE0,0xFCE0,0xFCE0,0xFCE0,0x20A0,0x0000,0x0841,0x0000,0x0020,0x2945,0x3186,0x2965,0x2945,
  0x2965,0x2945,0x0841,0x0000,0x18C3,0x3185,0x2945,0x2945,0x2944,0x2945,0x0881,0x0000,0x10A2,0x2945,0x2924,0x2944,
  0x2944,0x3185,0x18E3,0x0000,0x0861,0x4228,0x4A49,0x4228,0x4248,0x4A69,0x528A,0x4A49,0x528A,0x528A,0x52AA,0x52AA,
  0x5ACB,0x52AA,0x4A49,0x4A49,0x4A49,0x5AEB,0x32AF,0x92C0,0x7A80,0x8280,0xA320,0xBB80,0xD3E0,0xDC20,0xE440,0xE440,
  0xCBC0,0xBB80,0xBB80,0xC3A0,0xD400,0xE440,0xEC60,0xE460,0xE440,0xE440,0xDC20,0xE440,0xEC80,0xFCC0,0xF4A0,0xF4A0,
  0xFCC0,0xF4A0,0xF4A0,0xFCC0,0xFCE0,0xFCE0,0xFCE0,0xFCE0,0xFCE0,0xFCE0,0xFCE0,0xFCE0,0xFCE0,0xFCE0,0xFCE0,0xFCE0,
  0xFCE0,0xFCE0,0xFCE0,0xFCE0,0xFCE0,0xFCE0,0xFCE0,0xFCE0,0xFCE0,0xFCE0,0xFCE0,0xFCE0,0xFCE0,0xFCE0,0xFCE0,0xFCE0,
  0xFCE0,0xFCE0,0xFCE0,0xFCE0,0xFCE0,0xFCE0,0xFCE0,0xFCE0,0xFCE0,0xFCE0,0xFCE0,0xFCE0,0xFCE0,0xFCE0,0xFCE0,0xFCE0,
  0xFCE0,0xFCE0,0xFCE0,0xFCE0,0xFCE0,0xFCE0,0xFCE0,0xFCE0,0xFCE0,0xFCE0,0xFCE0,0xFCE0,0xFCE0,0xFCE0,0xFCE0,0xFCE0,
  0x2124,0x31A6,0x2945,0x1082,0x0841,0x0000,0x0020,0x0820,0x18E3,0x39C7,0x2965,0x18C3,0x0820,0x0000,0x0020,0x0841,
  0x2104,0x3186,0x18C3,0x18C3,0x0841,0x0000,0x0000,0x0841,0x2104,0x2124,0x2124,0x2104,0x0841,0x0000,0x0000,0x0841,
  0x18E3,0x2945,0x3186,0x20E3,0x0820,0x0000,0x0020,0x0861,0x10A2,0x2945,0x3186,0x18E3,0x0861,0x0000,0x0861,0x1082,
  0x1082,0x3186,0x3165,0x18C3,0x0020,0x0020,0x0841,0x0861,0x2965,0x39A6,0x18E3,0x1082,0x0000,0x0000,0x0020,0x0841,
  0x2124,0x4A49,0x4228,0x2124,0x0841,0x0000,0x0020,0x1082,0x31A6,0x31A6,0x2104,0x0861,0x0000,0x0000,0x0020,0x10A2,
  0x3186,0x41E7,0x31A6,0x20E3,0x0020,0x0000,0x0020,0x0861,0x2104,0x39C7,0x31A6,0x10A2,0x0020,0x0000,0x0020,0x0020,
  0x18E3,0x39C7,0x39C6,0x18E3,0x0861,0x0000,0x0000,0x0020,0x18C3,0x39C7,0x4208,0x39A6,0x18E3,0x0840,0x0000,0x0020,
  0x0840,0x18C3,0x4208,0x4228,0x2104,0x0841,0x0000,0x0000,0x0020,0x2104,0x39C7,0x2945,0x2104,0x1082,0x0000,0x0000,
  0x0020,0x18E3,0x31A6,0x39C6,0x2124,0x0841,0x0000,0x0020,0x0861,0x1082,0x3186,0x39E7,0x2124,0x1082,0x0000,0x0020,
  0x0020,0x1082,0x31A6,0x39E7,0x2945,0x0861,0x0000,0x0000,0x0020,0x18C3,0x2965,0x2945,0x2124,0x18C3,0x0020,0x0000,
  0x0020,0x0861,0x0861,0x0020,0x0000,0x1860,0x1060,0x1040,0x1060,0x0820,0x0000,0x0000,0x1040,0x0840,0x1040,0x1880,
  0x0840,0x0000,0x0000,0x1860,0x1060,0x0840,0x1880,0x0840,0x0000,0x0020,0x10A2,0x0020,0x0020,0x2124,0x2965,0x2945,
  0x2945,0x2945,0x2124,0x0841,0x0000,0x18E3,0x2965,0x2144,0x2104,0x2104,0x2124,0x0861,0x0000,0x1082,0x2124,0x2924,
  0x2945,0x2945,0x2945,0x18C2,0x0000,0x10A2,0x4228,0x4A49,0x4228,0x4A49,0x4A69,0x528A,0x5AEB,0x5AEB,0x5AAA,0x52AA,
  0x52AA,0x5289,0x4A49,0x4A48,0x4A49,0x4A28,0x5ACB,0x4A8A,0x4A49,0x4A69,0x52AB,0x5B0D,0x634E,0x5B2E,0x5B2E,0x5B4F,
  0x52ED,0x52ED,0x52EC,0x52ED,0x4B2F,0x4B71,0x4352,0x4352,0x9365,0xA383,0xA362,0xABA2,0xB381,0xB380,0xAB40,0xAB40,
  0xBB80,0xC3A0,0xC3A0,0xC3A0,0xC3A0,0xC3C0,0xCBE0,0xCBC0,0xD400,0xEC60,0xEC80,0xEC80,0xEC60,0xE460,0xE440,0xE440,
  0xEC60,0xEC60,0xE460,0xE440,0xE440,0xE440,0xE440,0xE440,0xE440,0xE440,0xE440,0xE440,0xE440,0xE440,0xE440,0xE460,
  0xE440,0xE440,0xE440,0xE460,0xE460,0xE440,0xDC40,0xDC20,0xDC20,0xE440,0xE460,0xEC60,0xE440,0xE440,0xE460,0xE440,
  0xE440,0xDC40,0xDC20,0xE440,0xE440,0xE440,0xE460,0xE440,0xDC40,0xDC20,0xDC20,0xDC20,0xDC20,0xDC40,0xE440,0xE440,
  0x10A2,0x2945,0x31A6,0x2945,0x2104,0x0000,0x0000,0x0020,0x18E3,0x31A6,0x3185,0x2965,0x10A2,0x0020,0x0020,0x0020,
  0x18A2,0x2104,0x2124,0x2945,0x1082,0x0861,0x0020,0x0020,0x1081,0x18E3,0x3186,0x2965,0x10A2,0x1082,0x0020,0x0000,
  0x0861,0x2945,0x3186,0x2104,0x1082,0x0861,0x0000,0x0000,0x0861,0x2945,0x3186,0x2104,0x18E3,0x0020,0x0000,0x0000,
  0x18C3,0x39C7,0x2124,0x2124,0x18C3,0x0000,0x0000,0x0020,0x18E3,0x2965,0x2924,0x2945,0x10A2,0x0861,0x0841,0x0821,
  0x18C3,0x31A6,0x2965,0x2124,0x1082,0x0841,0x0020,0x0841,0x18C3,0x2104,0x2104,0x18E3,0x0841,0x0020,0x0020,0x0861,
  0x18E3,0x2965,0x2965,0x2104,0x1082,0x0841,0x0020,0x0000,0x1082,0x2124,0x2945,0x10A2,0x1082,0x0841,0x0020,0x0000,
  0x10A2,0x2124,0x2945,0x2924,0x18E3,0x1082,0x0841,0x0020,0x1082,0x2965,0x3186,0x39A6,0x2104,0x1082,0x0841,0x0020,
  0x0000,0x18C3,0x39C6,0x31A6,0x18E3,0x0861,0x1061,0x0841,0x0000,0x1061,0x2104,0x2945,0x2965,0x18C3,0x0841,0x0020,
  0x0000,0x1082,0x2965,0x31A6,0x2945,0x18C2,0x0861,0x0000,0x0000,0x0861,0x2124,0x39A6,0x2924,0x18C3,0x0841,0x0000,
  0x0000,0x1082,0x3186,0x31A6,0x2104,0x18A2,0x0841,0x0000,0x0000,0x0861,0x18E3,0x2104,0x2124,0x18E3,0x0841,0x0020,
  0x0000,0x0000,0x1082,0x18C3,0x0841,0x0000,0x0000,0x0000,0x0000,0x0000,0x0000,0x0020,0x0000,0x0820,0x0000,0x0000,
  0x0000,0x0000,0x0000,0x0000,0x0000,0x0020,0x0000,0x0000,0x0000,0x0000,0x0841,0x0841,0x0000,0x0000,0x0020,0x0020,
  0x0841,0x0020,0x0020,0x0020,0x0020,0x0020,0x0020,0x0020,0x0020,0x0020,0x0020,0x0020,0x0020,0x0000,0x0020,0x0020,
  0x0820,0x0020,0x0020,0x0020,0x0841,0x0841,0x0020,0x0841,0x0841,0x0861,0x0861,0x1061,0x1082,0x0881,0x1082,0x0861,
  0x0861,0x0841,0x0861,0x0861,0x0841,0x0020,0x0020,0x0020,0x0020,0x0020,0x0841,0x0861,0x0861,0x0841,0x0841,0x0840,
  0x0000,0x0000,0x0000,0x0000,0x0000,0x0000,0x0000,0x0000,0x0000,0x0820,0x0820,0x0820,0x0000,0x0000,0x0000,0x0000,
  0x0800,0x0820,0x0000,0x0000,0x0000,0x0000,0x0000,0x0000,0x0000,0x0000,0x0000,0x0000,0x0000,0x0000,0x0000,0x0000,
  0x0000,0x0000,0x0000,0x0000,0x0000,0x0000,0x0000,0x0000,0x0000,0x0000,0x0000,0x0000,0x0000,0x0000,0x0000,0x0000,
  0x0000,0x0000,0x0000,0x0000,0x0800,0x0800,0x0000,0x0000,0x0000,0x0000,0x0000,0x0000,0x0000,0x0000,0x0000,0x0000,
  0x0000,0x0000,0x0000,0x0000,0x0000,0x0000,0x0000,0x0000,0x0000,0x0000,0x0000,0x0000,0x0000,0x0000,0x0000,0x0000,
  0x0020,0x18C3,0x2945,0x2966,0x3186,0x10A2,0x0861,0x0820,0x0840,0x0861,0x18E3,0x39C7,0x2945,0x18C3,0x10A2,0x0820,
  0x0000,0x0000,0x18E3,0x2945,0x18C3,0x2104,0x1082,0x0000,0x0000,0x0840,0x18C3,0x18E3,0x2104,0x2965,0x0861,0x0000,
  0x0000,0x0841,0x18C3,0x10A2,0x2104,0x2945,0x0841,0x0020,0x0000,0x0861,0x10A2,0x18C3,0x2965,0x10A2,0x0861,0x0000,
  0x0861,0x18E3,0x1082,0x2965,0x2945,0x1082,0x0841,0x0000,0x0000,0x0841,0x18E3,0x31A6,0x2965,0x2945,0x18C3,0x0000,
  0x0020,0x0861,0x0841,0x2104,0x2124,0x2124,0x1082,0x0000,0x0000,0x0000,0x10A2,0x2965,0x2104,0x18C3,0x0861,0x0000,
  0x0000,0x1081,0x2124,0x2104,0x2104,0x2103,0x1062,0x0020,0x0000,0x0020,0x0861,0x18E3,0x2965,0x2104,0x10A2,0x0020,
  0x0000,0x0000,0x0861,0x2124,0x3186,0x2965,0x2104,0x0861,0x0000,0x0841,0x0861,0x2124,0x18E3,0x2104,0x18C3,0x0861,
  0x0000,0x0841,0x18C3,0x2104,0x2104,0x2104,0x2945,0x10A2,0x0020,0x0000,0x0020,0x18E3,0x3186,0x18E3,0x18E3,0x10A2,
  0x0000,0x0000,0x1082,0x18E3,0x18C3,0x2104,0x2124,0x0861,0x0841,0x0000,0x0841,0x10A2,0x18C3,0x2945,0x2103,0x0841,
  0x0000,0x0020,0x10A2,0x10A2,0x1082,0x2945,0x18C3,0x0861,0x0000,0x0000,0x0020,0x0861,0x2104,0x2124,0x10A2,0x1082,
  0x0020,0x0000,0x0020,0x10A2,0x18C3,0x0861,0x1082,0x0841,0x0000,0x0000,0x0020,0x0841,0x1082,0x18E3,0x18C3,0x0020,
  0x0020,0x0000,0x0000,0x0000,0x0841,0x18C3,0x1082,0x1082,0x0841,0x0000,0x0000,0x0020,0x0841,0x0000,0x0000,0x0020,
  0x0000,0x0000,0x0000,0x0000,0x0020,0x0000,0x0020,0x0020,0x0000,0x0000,0x0000,0x0000,0x0000,0x0020,0x1082,0x0840,
  0x0000,0x0000,0x0000,0x0000,0x0000,0x0840,0x0841,0x0000,0x0020,0x0000,0x0000,0x0000,0x0000,0x0841,0x0841,0x0020,
  0x0020,0x0000,0x0000,0x0000,0x0000,0x0841,0x0841,0x0020,0x0841,0x0020,0x0000,0x0000,0x0021,0x1082,0x0020,0x0841,
  0x0861,0x0000,0x0000,0x0000,0x0841,0x1082,0x0021,0x1082,0x0862,0x0840,0x0000,0x0020,0x0862,0x0862,0x0882,0x10C3,
  0x0840,0x0820,0x0000,0x0861,0x10A3,0x1082,0x18E4,0x10A2,0x0840,0x0041,0x0820,0x10A3,0x18E3,0x1904,0x2966,0x0862,
  0x0840,0x0020,0x0820,0x1061,0x1082,0x2966,0x2966,0x0862,0x0862,0x0020,0x0820,0x0020,0x18C3,0x3186,0x1904,0x18A1,
  0x0840,0x0020,0x0820,0x0862,0x2145,0x2966,0x10C3,0x1083,0x1061,0x0840,0x0820,0x1081,0x2125,0x2125,0x0840,0x0840,
  0x0840,0x0840,0x0820,0x18C2,0x2946,0x2105,0x1061,0x1081,0x0020,0x0000,0x0020,0x0882,0x2125,0x2125,0x18E4,0x0862,
  0x0000,0x0861,0x1082,0x2104,0x2945,0x3186,0x2944,0x0861,0x0020,0x0020,0x1082,0x18E3,0x2124,0x3186,0x18E3,0x0020,
  0x0000,0x0000,0x0861,0x18A2,0x2124,0x31A6,0x18E3,0x0861,0x0820,0x0020,0x0861,0x10A2,0x2924,0x39C7,0x2103,0x0861,
  0x0020,0x0020,0x1082,0x18C3,0x2924,0x39C6,0x2104,0x0861,0x0020,0x0020,0x0841,0x18C3,0x3186,0x2945,0x10A2,0x0020,
  0x0020,0x0841,0x10A2,0x2124,0x2965,0x18A2,0x0020,0x0000,0x0000,0x0821,0x1082,0x2945,0x2965,0x2965,0x10A2,0x0000,
  0x0000,0x0000,0x0861,0x2104,0x2965,0x31A6,0x18E3,0x0020,0x0000,0x0020,0x1082,0x18E3,0x3186,0x31A6,0x18C3,0x0020,
  0x0000,0x1062,0x18E3,0x18E3,0x2945,0x2945,0x10A2,0x0000,0x0000,0x0020,0x10A2,0x2103,0x2965,0x3186,0x2124,0x0841,
  0x0000,0x0000,0x0841,0x18C3,0x2945,0x31A6,0x2124,0x0861,0x0000,0x0000,0x0861,0x10A2,0x2124,0x39A6,0x2124,0x1082,
  0x0020,0x0020,0x10A2,0x18C3,0x18E3,0x3186,0x2965,0x10A2,0x0020,0x0000,0x0020,0x18C3,0x2104,0x18C3,0x2945,0x18C2,
  0x0000,0x0000,0x0821,0x0861,0x10A2,0x2124,0x3186,0x2104,0x10A2,0x0020,0x0000,0x0020,0x18A2,0x2124,0x2945,0x18C2,
  0x0820,0x0000,0x0840,0x0841,0x1082,0x2104,0x2945,0x18E3,0x0020,0x0000,0x0020,0x0861,0x18E3,0x2104,0x2124,0x2104,
  0x0841,0x0000,0x0000,0x0020,0x0861,0x18C3,0x2945,0x2103,0x1081,0x0841,0x0000,0x0000,0x0861,0x18E3,0x2104,0x18C3,
  0x0841,0x0000,0x0000,0x0000,0x0841,0x10A2,0x10A2,0x2104,0x18C3,0x0841,0x0000,0x0000,0x0841,0x0861,0x18C3,0x2104,
  0x1082,0x0020,0x0000,0x0000,0x0020,0x0841,0x10A2,0x18C3,0x0881,0x0020,0x0000,0x0000,0x0000,0x0861,0x2104,0x2124,
  0x18C2,0x0820,0x0000,0x0000,0x0000,0x0861,0x18E3,0x2104,0x18E3,0x0861,0x0000,0x0000,0x0020,0x1082,0x18E3,0x2945,
  0x2124,0x0841,0x0000,0x0000,0x0841,0x18E3,0x2124,0x2145,0x2104,0x10A2,0x0020,0x0000,0x0861,0x18E3,0x10A2,0x2124,
  0x2945,0x0841,0x0000,0x0000,0x0861,0x18C3,0x2945,0x39E7,0x2986,0x1082,0x0000,0x0000,0x0861,0x18E4,0x3186,0x4208,
  0x18E4,0x0841,0x0000,0x0020,0x1082,0x18E3,0x31A6,0x39C7,0x2124,0x10A2,0x0020,0x0021,0x0861,0x18E4,0x3186,0x2125,
  0x2104,0x0882,0x0020,0x0820,0x0841,0x2104,0x2966,0x2965,0x18E4,0x0020,0x0000,0x0000,0x18C3,0x2945,0x2965,0x2965,
  0x10A3,0x0862,0x0840,0x0840,0x10A3,0x18C3,0x2986,0x31A7,0x18E4,0x1061,0x0000,0x0020,0x10A3,0x18E4,0x1904,0x31A6,
  0x18C4,0x1060,0x0840,0x0882,0x18E4,0x18C3,0x2104,0x2945,0x0862,0x0840,0x0820,0x0041,0x10A2,0x2124,0x31A6,0x2945,
  0x0861,0x0000,0x0020,0x10A2,0x18E3,0x2104,0x3186,0x2965,0x10A2,0x0020,0x0020,0x1082,0x1082,0x2104,0x31A6,0x2945,
  0x10A2,0x0020,0x0000,0x0841,0x18E3,0x2965,0x2965,0x2945,0x18E3,0x0841,0x0000,0x0020,0x2104,0x31A6,0x2945,0x2104,
  0x18A3,0x0841,0x0000,0x0861,0x2104,0x2945,0x2945,0x3186,0x18C3,0x0020,0x0000,0x1082,0x18E3,0x2104,0x2965,0x2104,
  0x0861,0x0020,0x0861,0x18C3,0x18C3,0x2104,0x2945,0x18C3,0x0841,0x0020,0x0861,0x18C3,0x18C3,0x2104,0x2965,0x18C3,
  0x0861,0x0000,0x0020,0x1082,0x10A2,0x2103,0x2965,0x18E3,0x1082,0x0841,0x0020,0x1082,0x2104,0x2965,0x2945,0x18C3,
  0x0861,0x0020,0x0000,0x0861,0x2104,0x2104,0x10A2,0x18C3,0x0861,0x0020,0x0841,0x18C3,0x2104,0x18E3,0x18E3,0x18E3,
  0x1082,0x0020,0x0000,0x0881,0x18E3,0x2104,0x2965,0x2924,0x18C2,0x0841,0x0000,0x0020,0x10A2,0x2945,0x3186,0x2124,
  0x1903,0x1082,0x0841,0x0020,0x1082,0x18C3,0x10A2,0x2104,0x2124,0x10A2,0x0820,0x0020,0x1082,0x1082,0x18E3,0x2965,
  0x18E3,0x1082,0x0020,0x0000,0x1082,0x2124,0x2124,0x18C3,0x18E3,0x1082,0x0020,0x0000,0x0861,0x18E3,0x18E3,0x2104,
  0x2945,0x18C3,0x0841,0x0000,0x0861,0x18C3,0x10A2,0x18E3,0x2104,0x18C3,0x0841,0x0020,0x0861,0x1061,0x10A2,0x2124,
  0x2924,0x18C3,0x0841,0x0000,0x0000,0x10A2,0x2944,0x2104,0x2104,0x18C3,0x0841,0x0000,0x0020,0x1082,0x10A2,0x10A2,
  0x2104,0x18C2,0x0841,0x0000,0x0000,0x0841,0x10A2,0x2104,0x2103,0x18E3,0x1082,0x0000,0x0000,0x0841,0x18C2,0x2124,
  0x10A2,0x10A2,0x10A2,0x0841,0x0000,0x0020,0x1082,0x1082,0x1082,0x18E3,0x1082,0x0020,0x0000,0x0861,0x18C3,0x10A2,
  0x18E3,0x18E3,0x1082,0x0841,0x0000,0x0841,0x10A2,0x10A2,0x18E3,0x2104,0x1082,0x0841,0x0000,0x0020,0x1081,0x1903,
  0x2945,0x20E3,0x1082,0x0861,0x0020,0x0841,0x10A2,0x2124,0x2965,0x18C3,0x10A2,0x0861,0x0000,0x0020,0x0861,0x2104,
  0x2965,0x18E3,0x18E3,0x1082,0x0020,0x0841,0x2104,0x39A6,0x2945,0x18C3,0x18C3,0x0861,0x0021,0x1082,0x2965,0x31A6,
  0x2124,0x2945,0x10A2,0x0841,0x0000,0x10A2,0x3185,0x2965,0x2965,0x31A6,0x10A2,0x0020,0x0000,0x10A2,0x2104,0x18E3,
  0x31A6,0x39C7,0x18C3,0x0021,0x0020,0x1082,0x18C3,0x18E3,0x2965,0x2945,0x10C3,0x0861,0x0841,0x0861,0x1082,0x2124,
  0x3186,0x2965,0x2104,0x0882,0x0020,0x0000,0x18E3,0x3186,0x31A7,0x2124,0x10A2,0x0021,0x0020,0x0041,0x2104,0x39C7,
  0x3186,0x2104,0x10C3,0x0841,0x0000,0x0021,0x18C3,0x2965,0x2145,0x2124,0x10A3,0x0041,0x0000,0x1082,0x2104,0x2965,
  0x10A2,0x0020,0x0000,0x0841,0x0861,0x10A2,0x3186,0x39C7,0x2104,0x0841,0x0000,0x0841,0x0841,0x18C3,0x3A07,0x39E7,
  0x2104,0x0861,0x0020,0x0000,0x0861,0x10A2,0x2944,0x3186,0x2944,0x1082,0x0020,0x0000,0x1082,0x18C3,0x2944,0x2965,
  0x2124,0x1082,0x0000,0x0020,0x1082,0x1082,0x2945,0x39E7,0x2104,0x0841,0x0000,0x0020,0x0841,0x18C3,0x31A6,0x3186,
  0x18C3,0x0841,0x0020,0x0841,0x0861,0x2124,0x39C6,0x2945,0x10A2,0x0020,0x0020,0x0841,0x0020,0x18C3,0x31A6,0x2945,
  0x18C3,0x0841,0x0000,0x0020,0x0841,0x10A2,0x3165,0x3186,0x2104,0x0861,0x0000,0x0841,0x1061,0x18C3,0x2945,0x2944,
  0x10A2,0x0000,0x0000,0x0020,0x1082,0x10A2,0x2104,0x2945,0x18E3,0x0841,0x0020,0x0861,0x0861,0x1082,0x2945,0x3186,
  0x18E3,0x0861,0x0000,0x0841,0x0861,0x10A2,0x2945,0x3186,0x2104,0x0861,0x0020,0x0000,0x0841,0x18A2,0x2965,0x2945,
  0x2124,0x18C2,0x0841,0x0000,0x0841,0x0841,0x0861,0x2965,0x39C7,0x2104,0x0861,0x0000,0x0020,0x0841,0x18C2,0x3186,
  0x2965,0x18E3,0x0841,0x0000,0x0841,0x1082,0x0861,0x18C3,0x2945,0x2104,0x0861,0x0000,0x0821,0x0861,0x1082,0x2124,
  0x39A6,0x2104,0x0861,0x0000,0x0020,0x0841,0x0861,0x2104,0x3186,0x2104,0x0841,0x0000,0x0020,0x0020,0x0841,0x2104,
  0x31A6,0x2104,0x1081,0x0020,0x0000,0x0861,0x10A2,0x18E3,0x2945,0x18E3,0x0861,0x0000,0x0000,0x0841,0x0861,0x18C3,
  0x3186,0x2104,0x1082,0x0020,0x0000,0x0000,0x0861,0x10A2,0x18C3,0x2124,0x18C3,0x0841,0x0000,0x0020,0x0861,0x18C3,
  0x18C2,0x2104,0x18E3,0x0841,0x0000,0x0000,0x0841,0x0841,0x10A2,0x2965,0x2103,0x0861,0x0020,0x0020,0x0841,0x0020,
  0x18C3,0x2965,0x2104,0x1082,0x0000,0x0000,0x0020,0x0020,0x18C2,0x2965,0x2124,0x10A2,0x0020,0x0000,0x0020,0x0861,
  0x2104,0x2965,0x2944,0x18E3,0x0841,0x0000,0x0020,0x1082,0x2124,0x2104,0x2124,0x18C3,0x0020,0x0000,0x0841,0x18C3,
  0x2104,0x2965,0x31A6,0x2104,0x0861,0x0020,0x0861,0x18C3,0x18C3,0x2965,0x31A6,0x10A3,0x0841,0x0020,0x10A2,0x18C3,
  0x2965,0x4208,0x2945,0x1082,0x0020,0x0841,0x18C3,0x10A2,0x2965,0x4228,0x1904,0x0861,0x0000,0x0841,0x1082,0x1082,
  0x31A6,0x4A48,0x2124,0x0861,0x0000,0x0841,0x0021,0x0861,0x3186,0x4208,0x3186,0x18C3,0x0820,0x0000,0x0000,0x18C3,
  0x39C7,0x39E7,0x2965,0x10A2,0x0020,0x0000,0x0861,0x1904,0x39C7,0x31A6,0x2104,0x0862,0x0820,0x0020,0x0862,0x18E4,
  0x3186,0x3186,0x2104,0x0862,0x0020,0x0020,0x0861,0x18E3,0x3186,0x31A6,0x2124,0x0882,0x0020,0x0020,0x0861,0x18C3,
  0x18A2,0x0020,0x0000,0x0000,0x0000,0x10A2,0x2945,0x2965,0x18E3,0x0041,0x0000,0x0000,0x0000,0x1082,0x2965,0x3186,
  0x20E3,0x0861,0x0000,0x0000,0x0000,0x0840,0x18A2,0x3186,0x2965,0x10A2,0x0020,0x0000,0x0020,0x0020,0x18E3,0x3186,
  0x2965,0x1082,0x0000,0x0000,0x0020,0x0020,0x2104,0x3186,0x2104,0x0841,0x0000,0x0000,0x0020,0x18C3,0x3186,0x3186,
  0x10A2,0x0020,0x0000,0x0000,0x0020,0x18E3,0x2965,0x2945,0x10A2,0x0000,0x0000,0x0000,0x0000,0x10A2,0x2945,0x2924,
  0x10A2,0x0841,0x0000,0x0000,0x0020,0x10A2,0x3165,0x2945,0x18C3,0x0841,0x0000,0x0000,0x0020,0x1082,0x2104,0x2124,
  0x1082,0x0000,0x0000,0x0000,0x0020,0x1061,0x2945,0x3186,0x2104,0x0841,0x0000,0x0000,0x0000,0x1082,0x2945,0x3186,
  0x18C3,0x0861,0x0000,0x0000,0x0000,0x0861,0x2104,0x2124,0x10A2,0x0020,0x0000,0x0000,0x0000,0x0861,0x18E3,0x2104,
  0x2945,0x18C3,0x0020,0x0000,0x0000,0x0000,0x1082,0x2945,0x31A6,0x2104,0x0861,0x0000,0x0000,0x0020,0x1082,0x2945,
  0x2124,0x10A2,0x0020,0x0000,0x0000,0x0000,0x0000,0x18E3,0x3165,0x2104,0x0841,0x0000,0x0000,0x0000,0x0840,0x18E3,
  0x2945,0x18C3,0x0841,0x0000,0x0000,0x0000,0x0841,0x2104,0x2965,0x18C3,0x0861,0x0000,0x0000,0x0000,0x0841,0x18C2,
  0x2945,0x2104,0x0861,0x0020,0x0000,0x0020,0x0020,0x10A2,0x2124,0x2103,0x0841,0x0000,0x0000,0x0000,0x0020,0x10A2,
  0x2945,0x18E3,0x0861,0x0020,0x0000,0x0000,0x0000,0x0020,0x10A2,0x2944,0x2104,0x0861,0x0000,0x0000,0x0020,0x0020,
  0x18A2,0x2944,0x2103,0x0841,0x0000,0x0000,0x0000,0x0020,0x10A2,0x2965,0x2104,0x0861,0x0000,0x0000,0x0000,0x0020,
  0x18C3,0x2945,0x2124,0x10A2,0x0000,0x0000,0x0000,0x0000,0x1082,0x2924,0x2124,0x18C3,0x0840,0x0000,0x0000,0x0020,
  0x10A2,0x2945,0x31A6,0x2104,0x0841,0x0000,0x0000,0x0020,0x10A2,0x2124,0x2945,0x18E3,0x0000,0x0000,0x0020,0x0861,
  0x10A2,0x3186,0x4207,0x2945,0x0841,0x0000,0x0000,0x0000,0x1081,0x3186,0x39C6,0x18C3,0x0021,0x0000,0x0020,0x0021,
  0x2924,0x39E7,0x2945,0x0861,0x0020,0x0000,0x0020,0x0841,0x2104,0x4207,0x2124,0x0861,0x0000,0x0000,0x0000,0x1082,
  0x3186,0x4228,0x2104,0x0861,0x0000,0x0000,0x0000,0x1082,0x3165,0x39E7,0x2965,0x1082,0x0000,0x0000,0x0000,0x0861,
  0x2965,0x31A6,0x3186,0x10A3,0x0020,0x0000,0x0021,0x1082,0x2125,0x31A7,0x2925,0x0882,0x0820,0x0000,0x0020,0x0861,
  0x2125,0x39C7,0x3186,0x1082,0x0000,0x0000,0x0021,0x0861,0x2986,0x4208,0x31A6,0x10A3,0x0000,0x0000,0x0000,0x0841,
  0x2104,0x2945,0x2104,0x0841,0x0000,0x0841,0x10A2,0x1082,0x10A2,0x31A6,0x2124,0x1082,0x0841,0x0020,0x0020,0x0861,
  0x18C3,0x2124,0x18E3,0x18C3,0x0841,0x0000,0x0020,0x18C3,0x2124,0x18C3,0x2124,0x2104,0x0861,0x0000,0x0861,0x20E3,
  0x2104,0x18C3,0x2965,0x18C3,0x0820,0x0000,0x0861,0x18C3,0x1082,0x2124,0x2945,0x1082,0x0020,0x0020,0x10A2,0x10A2,
  0x1082,0x2944,0x18C3,0x0861,0x0000,0x0840,0x10C2,0x0861,0x18C3,0x2965,0x18E3,0x0861,0x0020,0x0020,0x1082,0x1082,
  0x2104,0x2945,0x2104,0x1082,0x0020,0x0020,0x10A2,0x1082,0x18E3,0x2124,0x18E3,0x1082,0x0020,0x0000,0x0020,0x1082,
  0x2945,0x18E3,0x10A2,0x0861,0x0020,0x0020,0x10A2,0x2125,0x2104,0x2124,0x2104,0x0861,0x0000,0x0020,0x1082,0x18C2,
  0x0861,0x2124,0x2945,0x10A2,0x0861,0x0020,0x0841,0x0841,0x10A2,0x2965,0x2945,0x18C3,0x0841,0x0000,0x0020,0x10A2,
  0x2104,0x2104,0x2124,0x18C3,0x0861,0x0000,0x0020,0x10A2,0x18C3,0x1082,0x2104,0x2124,0x0861,0x0020,0x0000,0x0861,
  0x0841,0x10A2,0x2124,0x2945,0x18A3,0x0020,0x0000,0x0861,0x10A2,0x1082,0x18C3,0x2104,0x1082,0x0020,0x0000,0x0841,
  0x10A2,0x0861,0x18E3,0x2104,0x10A2,0x0841,0x0000,0x0020,0x0841,0x10A2,0x2124,0x18E3,0x1082,0x0841,0x0020,0x0000,
  0x0861,0x18C3,0x18E3,0x18E3,0x1082,0x0841,0x0000,0x0000,0x0861,0x18C3,0x18C2,0x2124,0x18C3,0x0841,0x0000,0x0000,
  0x1082,0x1082,0x0861,0x18E3,0x10A2,0x0841,0x0000,0x0000,0x0841,0x18E3,0x18E3,0x0861,0x18E3,0x1082,0x0020,0x0000,
  0x0841,0x18C3,0x1082,0x10A2,0x2124,0x10A2,0x0841,0x0000,0x0020,0x1082,0x0861,0x18C3,0x18E3,0x1082,0x0841,0x0000,
  0x0020,0x0861,0x0841,0x18E3,0x2124,0x10A2,0x1082,0x0020,0x0000,0x0841,0x0861,0x2944,0x2945,0x18C3,0x1082,0x0020,
  0x0000,0x0841,0x18C3,0x2124,0x18E3,0x18C3,0x1061,0x0000,0x0000,0x0841,0x18E3,0x2945,0x2104,0x2104,0x0861,0x0000,
  0x0020,0x18C3,0x2965,0x18E3,0x18E3,0x20E3,0x0841,0x0000,0x0020,0x18E3,0x18E3,0x18A2,0x3186,0x2104,0x0841,0x0000,
  0x0840,0x18E3,0x18C3,0x18E3,0x3186,0x18C3,0x0020,0x0000,0x1082,0x2104,0x10A2,0x2945,0x31A6,0x18C3,0x0841,0x0020,
  0x18E3,0x2104,0x1082,0x2965,0x2965,0x18C3,0x0841,0x0020,0x0861,0x1082,0x18C3,0x3186,0x2124,0x10A2,0x0021,0x0020,
  0x0841,0x10A3,0x2965,0x2965,0x2104,0x18E3,0x0841,0x0020,0x0021,0x18C3,0x2965,0x2124,0x2125,0x18E3,0x0841,0x0000,
  0x0841,0x18E3,0x2965,0x2104,0x2945,0x18C3,0x0021,0x0000,0x1082,0x2945,0x2965,0x2124,0x2965,0x10A2,0x0021,0x0000,
  0x2124,0x39E7,0x31A6,0x18C3,0x0841,0x0020,0x0820,0x0841,0x18C3,0x39C7,0x3186,0x2103,0x10A2,0x0841,0x0000,0x0840,
  0x18C3,0x2945,0x2945,0x2124,0x10A2,0x0020,0x0000,0x0861,0x10A2,0x2124,0x39C7,0x3186,0x10A2,0x0020,0x0020,0x0861,
  0x1082,0x2945,0x41E7,0x2945,0x0861,0x0000,0x0020,0x0861,0x1082,0x3185,0x31A6,0x18C3,0x0861,0x0000,0x0020,0x0841,
  0x18E3,0x39C7,0x2945,0x18A2,0x0020,0x0000,0x0841,0x0861,0x2124,0x41E7,0x2945,0x18C3,0x0841,0x0000,0x0020,0x1081,
  0x2104,0x3186,0x2965,0x18E3,0x0861,0x0000,0x0020,0x0861,0x2104,0x3186,0x2965,0x18E3,0x0861,0x0000,0x0000,0x1082,
  0x2944,0x2965,0x2924,0x18C3,0x0861,0x0000,0x0841,0x1082,0x18E3,0x31A6,0x3165,0x18A2,0x0841,0x0000,0x0840,0x0841,
  0x10A2,0x3186,0x31A6,0x2104,0x18C3,0x0841,0x0000,0x0821,0x18C3,0x3186,0x39C7,0x2945,0x18C2,0x0840,0x0000,0x0841,
  0x0861,0x18E3,0x31A6,0x2104,0x10A2,0x0861,0x0020,0x0020,0x0820,0x1082,0x31A6,0x31A6,0x18C3,0x0861,0x0000,0x0000,
  0x0841,0x18E3,0x3186,0x3186,0x2104,0x0861,0x0000,0x0020,0x0841,0x10A2,0x2945,0x2965,0x2104,0x1082,0x0020,0x0000,
  0x0020,0x1082,0x2124,0x3165,0x2104,0x1082,0x0841,0x0000,0x0000,0x1082,0x2104,0x2965,0x2104,0x10A2,0x0841,0x0000,
  0x0020,0x1082,0x2103,0x2965,0x18E3,0x1081,0x0020,0x0000,0x0841,0x1082,0x18E3,0x2985,0x2104,0x0861,0x0020,0x0000,
  0x0841,0x0861,0x1082,0x2945,0x2124,0x10A2,0x0841,0x0000,0x0020,0x0861,0x1081,0x18C3,0x3186,0x18E3,0x0841,0x0000,
  0x0020,0x0841,0x0861,0x2104,0x2965,0x2104,0x1082,0x0020,0x0000,0x0020,0x0861,0x20E3,0x2945,0x2104,0x10A2,0x0040,
  0x0000,0x0000,0x0841,0x2104,0x3165,0x2124,0x18C3,0x0861,0x0000,0x0000,0x0861,0x2124,0x3165,0x2124,0x18E3,0x0841,
  0x0000,0x0000,0x1081,0x18E3,0x2945,0x2945,0x18C3,0x0840,0x0000,0x0020,0x10A2,0x2945,0x3186,0x2945,0x18C3,0x0841,
  0x0020,0x0841,0x1082,0x2103,0x39A6,0x3186,0x10A2,0x0841,0x0020,0x0861,0x1061,0x18E3,0x4208,0x2965,0x1082,0x0020,
  0x0020,0x1082,0x10A2,0x2945,0x39E7,0x2945,0x10A2,0x0020,0x0841,0x0861,0x10A2,0x39C6,0x4228,0x2945,0x1082,0x0020,
  0x0841,0x0861,0x1082,0x31A6,0x3A08,0x2124,0x10A2,0x0021,0x0000,0x0821,0x2103,0x4207,0x3186,0x2104,0x10A2,0x0841,
  0x0000,0x0861,0x2104,0x3186,0x31A7,0x2966,0x10A2,0x0020,0x0000,0x1082,0x2124,0x2965,0x39C7,0x2965,0x0862,0x0000,
  0x0020,0x1082,0x2104,0x2965,0x39E7,0x2945,0x0862,0x0021,0x0021,0x1082,0x18C3,0x3186,0x4A69,0x2945,0x1082,0x0020,
  0x18E3,0x39C6,0x39C7,0x2104,0x1082,0x0000,0x0000,0x0000,0x1062,0x18E3,0x3186,0x3186,0x18C3,0x0820,0x0000,0x0020,
  0x1061,0x2104,0x31A6,0x3186,0x18C3,0x0841,0x0000,0x0020,0x0840,0x2124,0x39C7,0x31A6,0x18C3,0x0841,0x0000,0x0000,
  0x0020,0x2124,0x39C6,0x2965,0x18C3,0x0841,0x0000,0x0000,0x0861,0x2124,0x3186,0x2124,0x1082,0x0000,0x0000,0x0840,
  0x18E3,0x3186,0x31A6,0x2104,0x0861,0x0000,0x0000,0x0841,0x20E3,0x39A7,0x2965,0x18C3,0x1082,0x0020,0x0000,0x0840,
  0x1061,0x18E3,0x3186,0x2124,0x10A2,0x0020,0x0000,0x0020,0x10A2,0x2945,0x2965,0x2104,0x0861,0x0020,0x0000,0x0841,
  0x10A2,0x3186,0x31A6,0x2124,0x0861,0x0000,0x0000,0x0000,0x10A2,0x3186,0x2965,0x18C3,0x0861,0x0000,0x0000,0x0000,
  0x1061,0x2124,0x3186,0x2945,0x18E3,0x0861,0x0000,0x0000,0x0861,0x18E3,0x39A6,0x2965,0x18C3,0x0841,0x0000,0x0000,
  0x0000,0x10A2,0x2965,0x2104,0x2104,0x10A2,0x0841,0x0000,0x0000,0x18C3,0x31A6,0x3186,0x18E3,0x1082,0x0000,0x0000,
  0x0020,0x1082,0x2945,0x2965,0x2124,0x18C2,0x0861,0x0000,0x0000,0x1082,0x2945,0x2965,0x2124,0x10A2,0x0020,0x0000,
  0x0000,0x0861,0x10A2,0x2945,0x2965,0x18C3,0x0841,0x0000,0x0000,0x0841,0x1082,0x2945,0x2124,0x18C3,0x0841,0x0000,
  0x0000,0x0020,0x10A2,0x2945,0x2124,0x10A2,0x0841,0x0000,0x0000,0x0020,0x18C3,0x2965,0x2125,0x1082,0x0841,0x0000,
  0x0000,0x0020,0x1082,0x2124,0x2945,0x18C3,0x0841,0x0000,0x0000,0x0000,0x0840,0x2104,0x3186,0x18E3,0x0861,0x0020,
  0x0000,0x0000,0x0841,0x18E3,0x2124,0x2124,0x10A2,0x0841,0x0000,0x0000,0x0020,0x10A2,0x2124,0x2945,0x18E3,0x0861,
  0x0000,0x0000,0x0020,0x1082,0x2104,0x2965,0x2104,0x1082,0x0000,0x0000,0x0820,0x1082,0x2924,0x3186,0x2945,0x0861,
  0x0000,0x0000,0x0020,0x1061,0x2965,0x2965,0x18C3,0x0841,0x0000,0x0000,0x0841,0x18C3,0x2945,0x2124,0x2104,0x10A2,
  0x0020,0x0000,0x0000,0x18E3,0x31A6,0x3186,0x20E4,0x10A2,0x0020,0x0000,0x0841,0x18E3,0x3186,0x3186,0x18E3,0x0841,
  0x0000,0x0020,0x0861,0x2104,0x3186,0x3186,0x10A2,0x0020,0x0000,0x0000,0x1081,0x2945,0x4208,0x2966,0x10A3,0x0021,
  0x0000,0x0000,0x0841,0x2124,0x39E7,0x3186,0x2104,0x0861,0x0000,0x0020,0x10A2,0x2945,0x39A6,0x39C7,0x18E4,0x0841,
  0x0020,0x0020,0x0841,0x2124,0x4208,0x31A6,0x10A3,0x0041,0x0020,0x0841,0x1082,0x2124,0x39C7,0x31A6,0x10A3,0x0021,
  0x0020,0x0841,0x0861,0x2965,0x4208,0x3186,0x1082,0x0841,0x0000,0x0020,0x0861,0x3186,0x4228,0x2925,0x0861,0x0000,
};
