// bg_ice: generated by tools/gen_bg.py from bg_ice.png (vivid 1.0) — do not edit.
#pragma once
#include <stdint.h>

static const uint16_t bg_ice[320 * 240] = {
  0x2945,0x52AA,0x4228,0x0862,0x0862,0x0841,0x0000,0x0861,0x2965,0x52AA,0x2945,0x18C3,0x10A2,0x0841,0x0000,0x10A2,
  0x39C7,0x5269,0x18C3,0x2104,0x1082,0x0021,0x0020,0x18C3,0x39A6,0x2945,0x2945,0x2945,0x1082,0x0021,0x1082,0x2124,
  0x2945,0x18E3,0x31A6,0x2124,0x0841,0x0020,0x1082,0x2965,0x2104,0x2965,0x3186,0x1082,0x0041,0x0000,0x18E4,0x3186,
  0x3186,0x39A6,0x0861,0x0020,0x0000,0x10A2,0x3186,0x18E3,0x39C6,0x31A6,0x0861,0x0841,0x0000,0x0861,0x2124,0x18C3,
  0x2124,0x39E7,0x18C3,0x0861,0x0020,0x0861,0x2124,0x1082,0x2124,0x2945,0x10A2,0x0841,0x0000,0x0000,0x20E4,0x1082,
  0x2945,0x4208,0x2124,0x18C3,0x0841,0x0000,0x10A2,0x2965,0x2924,0x18E3,0x20E3,0x1082,0x0000,0x0841,0x2104,0x2945,
  0x10A2,0x2965,0x2965,0x0861,0x0041,0x0000,0x0841,0x1082,0x18C3,0x39C7,0x2104,0x1061,0x0841,0x0000,0x0000,0x1082,
  0x3186,0x3165,0x3186,0x2104,0x0861,0x0020,0x0000,0x10A2,0x18A2,0x10A2,0x3186,0x2104,0x0861,0x0000,0x0020,0x10A2,
  0x0841,0x2104,0x18E3,0x18C2,0x1082,0x0820,0x0000,0x0861,0x18E3,0x18A2,0x18A2,0x2924,0x0861,0x0020,0x0000,0x0841,
  0x1082,0x0861,0x2945,0x2124,0x1082,0x0861,0x0020,0x0000,0x0861,0x2103,0x3186,0x1082,0x0861,0x0841,0x0000,0x0000,
  0x0841,0x2103,0x18E3,0x0861,0x0861,0x0841,0x0000,0x0000,0x0841,0x18A2,0x18E3,0x2124,0x1082,0x0000,0x0000,0x0000,
  0x0841,0x0861,0x0861,0x18E3,0x1082,0x0841,0x0020,0x0000,0x0020,0x10A2,0x10A2,0x0861,0x18E3,0x1082,0x0020,0x0000,
  0x0020,0x0861,0x1081,0x10A2,0x2124,0x10A2,0x0840,0x0000,0x0000,0x0841,0x0861,0x2104,0x2124,0x1082,0x0861,0x0020,
  0x0000,0x0841,0x0841,0x2103,0x2945,0x10A2,0x1082,0x0020,0x0000,0x0020,0x0841,0x2965,0x2945,0x18A2,0x18C3,0x0841,
  0x0000,0x0861,0x18E3,0x31A6,0x39E7,0x18C3,0x10A2,0x0861,0x0020,0x1082,0x2945,0x3185,0x2104,0x39A6,0x18E3,0x0020,
  0x0000,0x0861,0x2124,0x18E3,0x31A6,0x4208,0x10A3,0x0861,0x0021,0x18E3,0x2103,0x10A2,0x4A49,0x3186,0x1082,0x0020,
  0x0021,0x2104,0x2104,0x31A6,0x52CA,0x2945,0x10A2,0x0020,0x0861,0x18E3,0x18A2,0x4A48,0x4A69,0x2104,0x10A3,0x0020,
  0x0000,0x18C3,0x18C3,0x4228,0x4208,0x18C3,0x10A3,0x0841,0x0000,0x0861,0x2945,0x52AA,0x4228,0x4228,0x2104,0x0020,
  0x0020,0x18E3,0x39C7,0x31A6,0x2965,0x4228,0x1082,0x0000,0x0020,0x2104,0x3186,0x2965,0x528A,0x52AA,0x18E3,0x0861,
  0x0000,0x10A2,0x2124,0x2945,0x5AEB,0x5ACB,0x2104,0x0841,0x0820,0x2965,0x2945,0x2945,0x18C3,0x0000,0x0020,0x10A2,
  0x2125,0x4A49,0x4A69,0x2966,0x2104,0x10A3,0x0841,0x0021,0x18E3,0x31A6,0x4208,0x39E7,0x2945,0x1082,0x0000,0x0841,
  0x18E3,0x39E7,0x4228,0x4A49,0x3186,0x1082,0x0000,0x0841,0x18E3,0x31A6,0x4A28,0x4228,0x2124,0x0841,0x0020,0x0861,
  0x10C3,0x31A6,0x52AA,0x39E8,0x18E3,0x0821,0x0020,0x10A2,0x18E3,0x4208,0x4A69,0x2124,0x1082,0x0020,0x0861,0x20E3,
  0x3186,0x39E7,0x2124,0x1081,0x0000,0x0861,0x18C3,0x2104,0x4208,0x4A28,0x2945,0x10A2,0x0000,0x0020,0x1082,0x10A2,
  0x3186,0x4A69,0x39E7,0x2104,0x0841,0x0020,0x1082,0x10A2,0x31A6,0x4228,0x3186,0x10A2,0x0840,0x0000,0x0862,0x1082,
  0x3165,0x528A,0x4A28,0x2965,0x1082,0x0000,0x0841,0x1082,0x2124,0x4207,0x39C7,0x2104,0x0841,0x0020,0x0862,0x1082,
  0x2103,0x41E7,0x4208,0x2124,0x1082,0x0020,0x0000,0x0841,0x18E3,0x39E7,0x39E7,0x2945,0x10A2,0x0841,0x0000,0x0841,
  0x2104,0x2945,0x39A6,0x3186,0x18E3,0x0841,0x0000,0x0841,0x0861,0x2104,0x39E7,0x31A6,0x18C3,0x0020,0x0000,0x0020,
  0x0841,0x2104,0x2965,0x3186,0x2124,0x1082,0x0000,0x0020,0x0861,0x1082,0x2104,0x3186,0x2124,0x1082,0x0020,0x0020,
  0x0841,0x1061,0x2944,0x31A6,0x2965,0x18C2,0x0841,0x0000,0x0840,0x18C2,0x2924,0x2104,0x18E3,0x1082,0x0020,0x0000,
  0x0020,0x10A2,0x20E3,0x2104,0x20E3,0x10A2,0x0020,0x0000,0x0020,0x0861,0x18C3,0x2124,0x18C3,0x0841,0x0020,0x0000,
  0x0020,0x0841,0x10A2,0x2924,0x2104,0x10A2,0x0841,0x0000,0x0000,0x0841,0x0861,0x18C3,0x2945,0x18E3,0x0841,0x0000,
  0x0000,0x0020,0x0861,0x18E3,0x2945,0x2104,0x1082,0x0000,0x0000,0x0020,0x0841,0x18E3,0x2965,0x2124,0x10A2,0x0841,
  0x0000,0x0000,0x0841,0x2104,0x3186,0x3185,0x18E3,0x0861,0x0000,0x0000,0x0841,0x18E3,0x2965,0x39A6,0x31A6,0x10A2,
  0x0000,0x0020,0x1082,0x2124,0x2924,0x39C6,0x31A6,0x18E3,0x0841,0x0020,0x10A2,0x2945,0x4208,0x528A,0x3186,0x1082,
  0x0020,0x0020,0x1082,0x18E3,0x4228,0x5AAA,0x3186,0x10A2,0x0000,0x0841,0x0882,0x2104,0x5289,0x5289,0x2965,0x0861,
  0x0000,0x0861,0x10A2,0x3186,0x528A,0x5289,0x2124,0x0000,0x0000,0x0841,0x18C3,0x4228,0x5AEB,0x4228,0x2124,0x1082,
  0x0000,0x0841,0x18C3,0x39E7,0x4A69,0x39E7,0x2945,0x1082,0x0000,0x0020,0x10A2,0x3186,0x4208,0x4228,0x3186,0x10A3,
  0x0020,0x0841,0x18E3,0x2945,0x39E7,0x4A69,0x2945,0x0861,0x0000,0x0841,0x18C3,0x2945,0x4A69,0x52AA,0x31A6,0x18C3,
  0x0841,0x0020,0x0841,0x18C3,0x4228,0x5ACB,0x31A6,0x1082,0x0020,0x0841,0x1082,0x0861,0x0020,0x1082,0x3165,0x2944,
  0x10A2,0x3186,0x4208,0x4208,0x4229,0x1904,0x0861,0x0020,0x0841,0x10A2,0x31A6,0x4A69,0x39C7,0x18C3,0x0862,0x0021,
  0x0021,0x2104,0x52AA,0x630C,0x39C7,0x18E3,0x0841,0x0000,0x0000,0x2965,0x5AEB,0x5ACB,0x2965,0x2124,0x0020,0x0000,
  0x0841,0x39E7,0x5AEB,0x4208,0x2104,0x18C3,0x0020,0x0000,0x10A2,0x4228,0x52AA,0x4208,0x2945,0x0021,0x0000,0x0841,
  0x2965,0x4A48,0x2965,0x2124,0x10A2,0x0020,0x0020,0x18C3,0x4208,0x4A49,0x2965,0x20E3,0x0841,0x0000,0x0000,0x0841,
  0x2965,0x4A69,0x41E7,0x31A6,0x2104,0x0020,0x0000,0x0861,0x3186,0x4207,0x2965,0x2945,0x18C3,0x0841,0x0020,0x0841,
  0x2965,0x4208,0x41E7,0x2945,0x1082,0x0841,0x0020,0x0000,0x18C3,0x4A28,0x4228,0x2104,0x2104,0x0861,0x0020,0x0000,
  0x18E3,0x39C7,0x31A6,0x2104,0x1903,0x1062,0x0020,0x0000,0x10A2,0x3186,0x3186,0x2104,0x2124,0x18C3,0x0020,0x0020,
  0x0020,0x10A2,0x31A6,0x39A6,0x2924,0x2104,0x0020,0x0000,0x0020,0x2104,0x31A6,0x2944,0x2104,0x18C3,0x0020,0x0000,
  0x0000,0x0861,0x2945,0x39E7,0x2944,0x1082,0x0841,0x0020,0x0000,0x0861,0x2124,0x31A6,0x2945,0x18E3,0x0861,0x0000,
  0x0000,0x0861,0x2104,0x3186,0x2945,0x18E3,0x0861,0x0020,0x0000,0x0841,0x10A2,0x2104,0x2124,0x18E3,0x0861,0x0020,
  0x0000,0x0000,0x1082,0x2124,0x2924,0x10A2,0x0861,0x0020,0x0000,0x0000,0x1081,0x18E3,0x18E3,0x18E3,0x0861,0x0000,
  0x0000,0x0020,0x10A2,0x2944,0x2124,0x18E3,0x1082,0x0020,0x0000,0x0000,0x0020,0x18C3,0x2945,0x2103,0x1082,0x0841,
  0x0000,0x0000,0x0820,0x18C3,0x2104,0x18C3,0x1082,0x0841,0x0000,0x0000,0x0820,0x1082,0x2104,0x2945,0x2104,0x1061,
  0x0020,0x0000,0x0020,0x1082,0x2124,0x3186,0x2965,0x10A2,0x0020,0x0000,0x0000,0x0841,0x2124,0x4228,0x4208,0x18E3,
  0x1082,0x0020,0x0000,0x0841,0x2965,0x5269,0x4208,0x2104,0x0020,0x0000,0x0020,0x18E3,0x4A49,0x52AA,0x39A6,0x2945,
  0x1082,0x0000,0x0000,0x18C3,0x4A48,0x5AAA,0x39E7,0x3186,0x0861,0x0000,0x0020,0x2104,0x4228,0x4A69,0x39E7,0x2124,
  0x0841,0x0000,0x0841,0x2965,0x4A49,0x4A49,0x39C7,0x18C3,0x0000,0x0020,0x10A2,0x39C7,0x4A69,0x4A49,0x4208,0x2104,
  0x0861,0x0020,0x1082,0x2945,0x4208,0x4A69,0x4248,0x2104,0x0862,0x0000,0x0020,0x1082,0x39C7,0x528A,0x4A69,0x3186,
  0x10A2,0x0000,0x0000,0x18C3,0x4A69,0x630C,0x39E7,0x2104,0x1061,0x0000,0x0820,0x20C3,0x3165,0x39A6,0x5AAA,0x5269,
  0x20E4,0x0820,0x0000,0x0841,0x18C3,0x5269,0x6B2D,0x5269,0x18C3,0x0841,0x0000,0x0000,0x1082,0x52AA,0x630B,0x5289,
  0x0000,0x1082,0x18C3,0x31A6,0x5ACB,0x3186,0x2104,0x10A3,0x0021,0x0862,0x1082,0x39C7,0x31A7,0x2965,0x2966,0x10A3,
  0x0021,0x0841,0x2104,0x31A6,0x2945,0x41E7,0x2966,0x1082,0x0020,0x0862,0x3186,0x39E7,0x3186,0x5269,0x2104,0x0861,
  0x0021,0x1082,0x3186,0x2124,0x2965,0x41E8,0x18E3,0x0861,0x0841,0x18E3,0x3186,0x528A,0x4208,0x18C3,0x1082,0x0000,
  0x1082,0x3186,0x2945,0x4228,0x39C7,0x10A2,0x0841,0x0021,0x18E3,0x2104,0x2124,0x4208,0x2945,0x10A2,0x0861,0x0020,
  0x10C3,0x2103,0x10A2,0x4228,0x4228,0x18E3,0x0841,0x0000,0x10A2,0x0841,0x18E3,0x4228,0x31A6,0x2124,0x10A2,0x0841,
  0x18C3,0x1082,0x2124,0x31A6,0x3186,0x2945,0x10A2,0x0000,0x0861,0x2124,0x2945,0x2945,0x4A49,0x2945,0x1082,0x0000,
  0x0841,0x10A2,0x1082,0x18E3,0x39E7,0x3165,0x2103,0x0861,0x0861,0x18C3,0x0861,0x2124,0x4208,0x31A6,0x2104,0x0861,
  0x0000,0x0020,0x18C3,0x18E3,0x2945,0x4208,0x18C3,0x0861,0x0841,0x1061,0x18C2,0x0861,0x3186,0x39C7,0x20E3,0x10A2,
  0x0020,0x0000,0x0861,0x18E3,0x18E3,0x2124,0x2965,0x1082,0x0020,0x0020,0x10A2,0x18E3,0x18C3,0x2965,0x2124,0x0861,
  0x0020,0x0020,0x1082,0x1082,0x10A2,0x2945,0x2104,0x18C3,0x0841,0x0000,0x0020,0x0861,0x2104,0x2965,0x18E3,0x10A2,
  0x0000,0x0000,0x0020,0x1082,0x18C3,0x2104,0x2945,0x10A2,0x0000,0x0000,0x0020,0x0841,0x18E3,0x2965,0x18E3,0x0861,
  0x0861,0x0020,0x0020,0x0861,0x0861,0x18E3,0x10A2,0x0861,0x0861,0x0020,0x0000,0x0020,0x1061,0x1082,0x18E3,0x18E3,
  0x1081,0x0020,0x0000,0x0820,0x0861,0x0020,0x18C3,0x2124,0x10A2,0x0841,0x0000,0x0020,0x0841,0x1082,0x2104,0x18C3,
  0x10A2,0x1082,0x0020,0x0000,0x0840,0x18C3,0x2965,0x2103,0x18C3,0x1082,0x0000,0x0020,0x1061,0x18E3,0x2124,0x3186,
  0x3186,0x10A2,0x0020,0x0000,0x10A2,0x2965,0x2965,0x2945,0x18E3,0x10A2,0x0841,0x0020,0x18A2,0x2124,0x2124,0x4228,
  0x2104,0x10A2,0x0841,0x0841,0x18E3,0x2104,0x31A6,0x52AA,0x31C7,0x10C3,0x0041,0x0841,0x1904,0x1904,0x31A7,0x4229,
  0x2945,0x0882,0x0021,0x10A2,0x2104,0x1904,0x4208,0x39C7,0x2125,0x18E4,0x0862,0x18E3,0x18C3,0x2945,0x4249,0x4208,
  0x31A7,0x18C3,0x0021,0x1082,0x0882,0x2945,0x4229,0x31C7,0x2966,0x10A2,0x0020,0x0861,0x10C3,0x2966,0x39E8,0x4A6A,
  0x31A7,0x10A2,0x0020,0x0041,0x2945,0x4208,0x3186,0x3165,0x0882,0x0000,0x0000,0x0000,0x0000,0x0820,0x2165,0x31E7,
  0x10E3,0x0041,0x0020,0x0000,0x0000,0x08C3,0x29E7,0x29C7,0x18C3,0x0862,0x0000,0x0020,0x1081,0x4A69,0x6B4D,0x632C,
  0x0000,0x0021,0x0862,0x2986,0x4228,0x52CB,0x39E8,0x18E4,0x0000,0x0000,0x0862,0x2125,0x4228,0x528A,0x2966,0x18C3,
  0x0841,0x0000,0x0862,0x1082,0x2965,0x5AEB,0x4A28,0x1082,0x0021,0x0041,0x1082,0x10A2,0x39E7,0x5ACB,0x2965,0x1082,
  0x0020,0x0000,0x0861,0x2124,0x4A69,0x5ACA,0x2966,0x10A3,0x0000,0x0841,0x10A2,0x39E7,0x4A69,0x31A6,0x10A3,0x0020,
  0x0020,0x10A2,0x39C7,0x52AA,0x528A,0x2965,0x10A2,0x0000,0x0020,0x1082,0x2965,0x4228,0x4208,0x31A6,0x18E3,0x0020,
  0x0020,0x0841,0x2104,0x4208,0x528A,0x31A6,0x0861,0x0000,0x0000,0x0020,0x2945,0x4228,0x4A49,0x31A6,0x18E3,0x0021,
  0x0021,0x0020,0x2945,0x41E8,0x5289,0x39C7,0x18E3,0x0841,0x0021,0x1082,0x18E3,0x4208,0x528A,0x41E8,0x18C3,0x0000,
  0x0000,0x0020,0x0841,0x3186,0x4A49,0x4A49,0x3186,0x0861,0x0000,0x0020,0x0861,0x39A6,0x4A28,0x4208,0x31A6,0x10A2,
  0x0000,0x0000,0x0020,0x0861,0x2965,0x39E7,0x3186,0x2124,0x0861,0x0020,0x0841,0x18C3,0x3186,0x4207,0x31A6,0x2104,
  0x0841,0x0000,0x0020,0x0841,0x18E3,0x31A6,0x39C7,0x2104,0x0861,0x0000,0x0841,0x0861,0x2124,0x31A6,0x31A6,0x18E3,
  0x0841,0x0000,0x0020,0x0841,0x18C3,0x2945,0x3186,0x18E3,0x0841,0x0000,0x0000,0x0861,0x18C3,0x2124,0x2965,0x2104,
  0x0841,0x0000,0x0000,0x0020,0x0861,0x2945,0x3186,0x18E3,0x0020,0x0000,0x0000,0x0000,0x18C3,0x2124,0x2104,0x2104,
  0x10A2,0x0000,0x0000,0x0000,0x0861,0x18C3,0x18C3,0x2124,0x18E3,0x0841,0x0000,0x0000,0x0000,0x0020,0x0861,0x0861,
  0x0841,0x0000,0x0000,0x0000,0x0000,0x0000,0x0841,0x1082,0x0861,0x0020,0x0000,0x0000,0x0000,0x0020,0x0841,0x10A2,
  0x18E3,0x18C3,0x0841,0x0000,0x0000,0x0840,0x0861,0x20E3,0x2104,0x18E3,0x0861,0x0020,0x0020,0x0020,0x0841,0x2124,
  0x2945,0x10A2,0x0841,0x0000,0x0020,0x0861,0x1082,0x3166,0x39C7,0x2965,0x18A2,0x0000,0x0000,0x0841,0x18C3,0x31A6,
  0x39A6,0x39A6,0x2965,0x0841,0x0000,0x0020,0x2124,0x4A49,0x31A6,0x1061,0x0000,0x0000,0x0000,0x0000,0x0800,0x0800,
  0x0000,0x0000,0x0000,0x0000,0x0000,0x0000,0x0000,0x0000,0x0820,0x0000,0x0000,0x0000,0x0000,0x0000,0x0000,0x0820,
  0x0840,0x0000,0x0000,0x0000,0x0000,0x0000,0x0000,0x0800,0x0800,0x0000,0x0000,0x0000,0x0000,0x0000,0x0000,0x0820,
  0x0800,0x0000,0x0000,0x0000,0x0020,0x0861,0x18C3,0x0861,0x0800,0xA800,0xA000,0xB000,0x9800,0x0000,0x5000,0xB000,
  0x9800,0xB800,0x3800,0x0000,0xA000,0xB000,0xA800,0x8800,0x0000,0x0041,0x0000,0x0000,0x0841,0x39E7,0x52AA,0x528A,
  0x2145,0x0862,0x0021,0x10C3,0x2104,0x2965,0x4A6A,0x4229,0x18E4,0x1082,0x0841,0x10A2,0x18E4,0x31A7,0x5ACB,0x3A08,
  0x2124,0x1082,0x0021,0x0000,0x18C3,0x39E8,0x4A69,0x5ACB,0x39C7,0x10A3,0x0021,0x0000,0x2945,0x4A49,0x52AA,0x4228,
  0x2104,0x0862,0x0001,0x10A3,0x39C7,0x4228,0x3186,0x3186,0x10A2,0x0000,0x0020,0x2124,0x2945,0x39E7,0x41E7,0x1082,
  0x0841,0x0020,0x2124,0x4228,0x31A6,0x2945,0x4208,0x1082,0x0020,0x0020,0x18C3,0x2945,0x2104,0x3186,0x4228,0x2104,
  0x10A2,0x0841,0x10A2,0x2124,0x2104,0x18E3,0x31A6,0x18E3,0x0861,0x0020,0x18C3,0x2965,0x2104,0x3186,0x39E7,0x18E3,
  0x0841,0x0000,0x1082,0x2104,0x2965,0x2924,0x39C7,0x2965,0x18C3,0x0841,0x0861,0x2965,0x2945,0x18E3,0x2945,0x2965,
  0x0861,0x0000,0x0020,0x2104,0x3186,0x2124,0x2124,0x2965,0x18C2,0x0020,0x0000,0x18E3,0x2945,0x2124,0x2965,0x18E3,
  0x18C3,0x0861,0x0000,0x0841,0x2124,0x2965,0x2104,0x3186,0x2945,0x0861,0x0000,0x0841,0x18E3,0x18E3,0x10A2,0x2944,
  0x2945,0x10A2,0x0841,0x0000,0x0861,0x2104,0x2124,0x18C3,0x2124,0x18C3,0x0841,0x0000,0x1082,0x2104,0x18C3,0x18C2,
  0x2945,0x18C3,0x0841,0x0020,0x0861,0x10A2,0x1082,0x2103,0x2104,0x1082,0x0020,0x0841,0x1082,0x18C3,0x1082,0x1082,
  0x18C3,0x1082,0x0841,0x0000,0x0000,0x10A2,0x20E3,0x10A2,0x10A2,0x1082,0x0020,0x0000,0x0861,0x18C3,0x1082,0x1082,
  0x18E3,0x0861,0x0020,0x0000,0x0841,0x1082,0x10A2,0x18E3,0x18E3,0x18C3,0x0020,0x0000,0x0000,0x0000,0x0821,0x0020,
  0x0020,0x0020,0x0020,0x0020,0x0020,0x0841,0x0841,0x0020,0x0020,0x0020,0x0020,0x0020,0x0020,0x0000,0x0000,0x0020,
  0x0040,0x0841,0x0841,0x0020,0x0000,0x0000,0x0000,0x0020,0x0020,0x0841,0x0841,0x0020,0x0000,0x0000,0x0000,0x0020,
  0x0020,0x0000,0x0000,0x0020,0x0000,0x0000,0x0000,0x0000,0x0020,0x0861,0x0020,0x0000,0x0000,0x0000,0x0000,0x0000,
  0x0861,0x18E3,0x31A6,0x1082,0x0000,0x0000,0x0000,0x1082,0x0000,0x0042,0x0189,0x0168,0x0148,0x0148,0x0148,0x0147,
  0x0127,0x0128,0x0148,0x0148,0x0148,0x0148,0x0148,0x0148,0x0147,0x0128,0x0148,0x0148,0x0148,0x0148,0x0127,0x0127,
  0x0127,0x0127,0x0128,0x0148,0x0148,0x0147,0x0147,0x0127,0x0127,0x0127,0x0148,0x0148,0x0148,0x0128,0x0127,0x0107,
  0x0128,0x0128,0x018A,0x00A4,0x0000,0x0841,0x0000,0x0800,0xF800,0xF800,0xF800,0xF800,0x4000,0x3800,0xF800,0xF800,
  0xF800,0xF800,0x0820,0xD000,0xF800,0xF800,0xF800,0x7000,0x0020,0x0000,0x10A2,0x3186,0x18C3,0x31A6,0x4A49,0x4208,
  0x2145,0x0882,0x0020,0x0020,0x0020,0x0020,0x2104,0x2945,0x10C3,0x1082,0x0021,0x0021,0x0000,0x0861,0x2945,0x2125,
  0x10A3,0x0862,0x0021,0x0000,0x0021,0x0862,0x18E4,0x31C7,0x2145,0x0882,0x0021,0x0000,0x0842,0x0883,0x2987,0x31A7,
  0x18E4,0x0862,0x0021,0x0021,0x0862,0x0862,0x2987,0x52AB,0x2945,0x0841,0x0000,0x0841,0x1082,0x39A7,0x5AAA,0x3186,
  0x18E3,0x0841,0x1082,0x18E3,0x18C3,0x39A6,0x5ACB,0x2945,0x1082,0x0021,0x0841,0x10A2,0x10A2,0x4208,0x630B,0x4208,
  0x2945,0x0861,0x0000,0x0841,0x0020,0x2104,0x5AEB,0x39C7,0x18C3,0x0021,0x0841,0x1082,0x1082,0x39C7,0x4A69,0x3186,
  0x10A2,0x0000,0x0000,0x0841,0x1082,0x2965,0x52AA,0x4208,0x2104,0x0861,0x0021,0x1082,0x0841,0x10A2,0x4208,0x528A,
  0x18C3,0x0841,0x0020,0x1082,0x1082,0x18C3,0x39E7,0x5269,0x2945,0x0861,0x0000,0x0861,0x0861,0x1082,0x2965,0x31A6,
  0x39C7,0x2124,0x0841,0x0021,0x1082,0x10A2,0x2145,0x4A69,0x4208,0x18A2,0x0020,0x0000,0x0861,0x0020,0x10A2,0x39C7,
  0x39E7,0x2124,0x1082,0x0000,0x0021,0x1082,0x10A2,0x2124,0x39E7,0x2945,0x0841,0x0000,0x0020,0x0861,0x0861,0x2124,
  0x4228,0x2945,0x10A2,0x0020,0x0000,0x0020,0x0841,0x3185,0x39E7,0x2924,0x1082,0x0020,0x0841,0x0841,0x0020,0x18C3,
  0x2965,0x2124,0x1082,0x0020,0x0000,0x0841,0x0861,0x10A2,0x2944,0x2104,0x0861,0x0020,0x0020,0x0020,0x0841,0x10A2,
  0x2945,0x18C3,0x0841,0x0000,0x0000,0x0020,0x0020,0x0841,0x10A2,0x1082,0x0020,0x0000,0x2104,0x5ACB,0x52AA,0x528A,
  0x528A,0x528A,0x528A,0x528A,0x52AA,0x5ACB,0x5AEB,0x5ACB,0x5ACB,0x5AEB,0x5AEB,0x5AEB,0x630C,0x632C,0x632C,0x632C,
  0x632C,0x6B4D,0x6B6D,0x6B4D,0x632D,0x634D,0x6B6D,0x738E,0x73AE,0x7BCF,0x7BEF,0x7BEF,0x7BCF,0x7BCF,0x7BEF,0x7BCF,
  0x7BCF,0x7BF0,0x7C10,0x8430,0x8410,0x7BEF,0x7C10,0x8431,0x8C51,0x8431,0x8451,0x8C51,0x8430,0x8C71,0x8410,0x8C71,
  0x62EB,0x0820,0x1061,0x1061,0x1061,0x0841,0x0840,0x0820,0x00A4,0x04BF,0x04FF,0x04BF,0x049F,0x049F,0x04BF,0x04BF,
  0x04BF,0x04BF,0x049F,0x049F,0x049F,0x049F,0x049F,0x04BF,0x04BF,0x04BF,0x049F,0x049F,0x049F,0x049F,0x049F,0x049F,
  0x049F,0x049F,0x049F,0x049F,0x04BF,0x04BF,0x04BF,0x04BF,0x04BF,0x04BF,0x04BF,0x04BF,0x049F,0x049F,0x049F,0x045F,
  0x045F,0x049F,0x049F,0x00C4,0x0841,0x0841,0x0000,0xE800,0xF800,0xF800,0xF800,0x2800,0x2800,0xF800,0xF800,0xF800,
  0xE800,0x0000,0xC000,0xF800,0xF800,0xF800,0x5800,0x0000,0x0000,0x2104,0x52AA,0x39C7,0x2104,0x2945,0x2965,0x2944,
  0x0000,0x0000,0x0000,0x0000,0x0000,0x0000,0x0000,0x0000,0x0000,0x0000,0x0000,0x0000,0x0000,0x0000,0x0000,0x0000,
  0x0000,0x0000,0x0000,0x0000,0x0000,0x0000,0x0000,0x0000,0x0000,0x0000,0x0000,0x0000,0x0000,0x0000,0x0000,0x0000,
  0x0000,0x0000,0x0000,0x0000,0x0000,0x0000,0x0000,0x31E8,0x31A7,0x10A2,0x0841,0x0000,0x0841,0x2945,0x52AA,0x4A49,
  0x2104,0x1082,0x0020,0x0000,0x0841,0x31A6,0x5269,0x2945,0x18E4,0x10A2,0x0841,0x0021,0x10A2,0x39E7,0x4A69,0x39C7,
  0x2965,0x18E3,0x0020,0x0000,0x0020,0x2945,0x4A69,0x31A6,0x2945,0x10A3,0x0021,0x0020,0x1082,0x2945,0x39C7,0x3186,
  0x2104,0x0861,0x0020,0x0021,0x0021,0x2124,0x4A69,0x4228,0x2124,0x10A2,0x0020,0x0020,0x0020,0x18C3,0x4207,0x4A69,
  0x18E3,0x18E3,0x1082,0x0841,0x0021,0x18C3,0x39C7,0x4208,0x2124,0x18C3,0x0861,0x0020,0x0000,0x0841,0x2104,0x39E7,
  0x4228,0x2965,0x18C3,0x0861,0x0841,0x0020,0x2104,0x39C7,0x3186,0x18E3,0x18C3,0x0020,0x0000,0x0000,0x18E3,0x39A6,
  0x31A6,0x3166,0x18C3,0x0020,0x0020,0x0820,0x0841,0x2945,0x41E7,0x2124,0x0861,0x0020,0x0000,0x0020,0x1082,0x2965,
  0x4208,0x2124,0x10A2,0x0841,0x0000,0x0000,0x0861,0x2944,0x3165,0x2104,0x18C3,0x0820,0x0000,0x0000,0x0020,0x18C3,
  0x2945,0x3185,0x18E3,0x0840,0x0000,0x0000,0x0000,0x10A2,0x2945,0x2124,0x10A2,0x0861,0x0000,0x0000,0x0020,0x1082,
  0x18E3,0x18A2,0x1082,0x0861,0x0020,0x0000,0x0000,0x0000,0x0841,0x0020,0x0000,0x2124,0x630C,0x2124,0x20E3,0x18E3,
  0x18E3,0x18E3,0x2104,0x2124,0x2945,0x2945,0x2944,0x2945,0x2965,0x31A6,0x31A6,0x31A6,0x39C7,0x39C7,0x3A08,0x39C7,
  0x39E7,0x4208,0x4228,0x4A49,0x4A69,0x4A49,0x52AB,0x5B0C,0x632C,0x5AEB,0x5AEB,0x5B0C,0x5B0C,0x5B0C,0x5B0C,0x6B4D,
  0x73AE,0x73AF,0x73AF,0x7BCF,0x73AE,0x7BEF,0x8430,0x8430,0x8410,0x8451,0x9492,0x9D14,0x9CD3,0x94B3,0x8C51,0x6B4E,
  0x041F,0x043F,0x03FF,0x03FF,0x03FF,0x03FF,0x03FF,0x03FF,0x045F,0x04BF,0x049F,0x049F,0x049F,0x049F,0x049F,0x049F,
  0x049F,0x049F,0x049F,0x049F,0x049F,0x049F,0x049F,0x049F,0x049F,0x049F,0x049F,0x049F,0x049F,0x049F,0x049F,0x049F,
  0x049F,0x049F,0x049F,0x049F,0x049F,0x049F,0x049F,0x049F,0x049F,0x049F,0x049F,0x049F,0x049F,0x049F,0x049F,0x045F,
  0x049F,0x049F,0x0042,0x0820,0x10A3,0x0000,0xD800,0xF800,0xF800,0xF800,0x4800,0x2800,0xF800,0xF800,0xF800,0xF800,
  0x0000,0xB800,0xF800,0xF800,0xF800,0x6800,0x0000,0x0820,0x2124,0x738E,0x5ACB,0x2104,0x18C2,0x1082,0x10A2,0x10A2,
  0x73AE,0x634D,0x632C,0x632D,0x632D,0x5AEC,0x5AEC,0x630C,0x630C,0x5AEC,0x52AB,0x4A8B,0x424A,0x220B,0x11AC,0x01AF,
  0x01F0,0x01F0,0x01F1,0x0253,0x0295,0x0253,0x0274,0x0296,0x02B6,0x02B8,0x02D9,0x02FA,0x031A,0x02DA,0x02BA,0x0299,
  0x029A,0x029B,0x02DC,0x02BC,0x02BB,0x02BB,0x0086,0x0000,0x2146,0x52AB,0x39E8,0x18C3,0x0821,0x0821,0x3186,0x39C7,
  0x2965,0x31A6,0x10A2,0x0020,0x0000,0x10A2,0x2124,0x18C3,0x4208,0x4228,0x2104,0x0862,0x0021,0x10A2,0x18C3,0x1061,
  0x39C7,0x5ACB,0x2945,0x1082,0x0000,0x0841,0x18C3,0x10A3,0x4228,0x4228,0x2104,0x0862,0x0000,0x0861,0x0861,0x2104,
  0x4A49,0x39C7,0x2945,0x18C3,0x0841,0x0000,0x18A3,0x39C7,0x39C6,0x39E7,0x2124,0x0861,0x0000,0x0841,0x18E3,0x2965,
  0x18E3,0x4228,0x39C7,0x18E3,0x0841,0x0000,0x18A2,0x1082,0x10A2,0x4228,0x2965,0x18C3,0x0020,0x0000,0x0841,0x2104,
  0x2965,0x2965,0x4208,0x3186,0x18C3,0x0020,0x0000,0x0861,0x1082,0x2945,0x4A28,0x18C3,0x0861,0x0000,0x0841,0x10A2,
  0x1082,0x2945,0x2944,0x18E3,0x18C3,0x0841,0x0020,0x10A2,0x2104,0x18E3,0x2124,0x2104,0x1082,0x0020,0x0840,0x10A2,
  0x18E3,0x1082,0x2945,0x2124,0x1082,0x0020,0x0020,0x1081,0x0861,0x1082,0x2944,0x18C3,0x0861,0x0020,0x0000,0x0000,
  0x10A2,0x2945,0x2124,0x18C3,0x0861,0x0020,0x0000,0x0841,0x10A2,0x2104,0x2124,0x18E3,0x1081,0x0020,0x0000,0x0000,
  0x0861,0x0861,0x18C3,0x2124,0x1082,0x0841,0x0020,0x0000,0x0000,0x0000,0x2124,0x62EB,0x2104,0x18E3,0x2104,0x20E3,
  0x2104,0x2104,0x2124,0x2945,0x2945,0x2945,0x2945,0x2945,0x2965,0x31A6,0x31A6,0x31A6,0x31A6,0x39C7,0x39E7,0x4208,
  0x31A6,0x1082,0x1082,0x1082,0x10A2,0x10A2,0x10A2,0x18C3,0x18C3,0x10A2,0x10A2,0x10A2,0x10A2,0x10A3,0x10C3,0x18E3,
  0x18E3,0x18C3,0x18E3,0x18E3,0x18E3,0x2104,0x2124,0x2104,0x2104,0x2104,0x2124,0x2945,0x2965,0x2124,0x2124,0x043E,
  0x045F,0x043F,0x043F,0x043F,0x043F,0x043F,0x043F,0x045F,0x049F,0x049F,0x049F,0x049F,0x049F,0x049F,0x049F,0x049F,
  0x049F,0x049F,0x049F,0x049F,0x049F,0x049F,0x049F,0x049F,0x049F,0x049F,0x049F,0x049F,0x049F,0x049F,0x049F,0x049F,
  0x049F,0x049F,0x049F,0x049F,0x049F,0x049F,0x04BF,0x049F,0x049F,0x049F,0x049F,0x049F,0x049F,0x049F,0x049F,0x04BF,
  0x049F,0x0021,0x18A2,0x2145,0x0000,0xD000,0xF800,0xF800,0xF800,0x4800,0x2000,0xF800,0xF800,0xF800,0xF800,0x0000,
  0xB000,0xF800,0xF800,0xF800,0x7000,0x0020,0x0841,0x0020,0x4A49,0x632C,0x52AA,0x4208,0x2104,0x0841,0x0020,0x0861,
  0x6B6E,0x73CF,0x7BCF,0x6B6E,0x738E,0x73CF,0x73AF,0x6B4D,0x6B4D,0x6B8E,0x634D,0x632D,0x632D,0x632D,0x5B0D,0x5B0D,
  0x6B8F,0x5351,0x02B9,0x3BD7,0x1337,0x02D8,0x035B,0x03DF,0x03DF,0x039F,0x039F,0x039F,0x039F,0x037F,0x033F,0x033F,
  0x031F,0x031F,0x031F,0x031F,0x031F,0x031F,0x031F,0x0064,0x0000,0x31C8,0x52AA,0x2124,0x0862,0x0000,0x10A3,0x2945,
  0x4229,0x4A69,0x2104,0x0861,0x0020,0x0841,0x0861,0x2945,0x5ACB,0x528A,0x2945,0x1082,0x0000,0x0000,0x0841,0x20E3,
  0x4A49,0x630C,0x3186,0x1082,0x0000,0x0000,0x0841,0x2104,0x4A69,0x52AA,0x2965,0x1082,0x0000,0x0000,0x0841,0x3186,
  0x4A69,0x5289,0x39C7,0x2104,0x0861,0x0000,0x0862,0x2124,0x39E7,0x5269,0x3165,0x1062,0x0000,0x0000,0x1082,0x18E3,
  0x31A6,0x5AEB,0x4A28,0x18C3,0x0021,0x0000,0x0020,0x0841,0x2965,0x528A,0x3186,0x2104,0x0861,0x0000,0x0841,0x18E3,
  0x2104,0x3165,0x4A28,0x31A6,0x18C3,0x0000,0x0000,0x0020,0x1082,0x2124,0x4208,0x3186,0x18C3,0x0841,0x0020,0x0020,
  0x1082,0x3186,0x39E7,0x39C7,0x2104,0x0861,0x0000,0x0841,0x1082,0x20E3,0x31A6,0x2945,0x18C3,0x0861,0x0020,0x0840,
  0x0841,0x10A2,0x31A6,0x2965,0x18E3,0x0861,0x0000,0x0020,0x0841,0x18E3,0x3186,0x2124,0x18A2,0x0861,0x0020,0x0000,
  0x1061,0x10A2,0x20E3,0x2124,0x10A2,0x0841,0x0000,0x0020,0x1082,0x18E3,0x2124,0x2124,0x10A2,0x0841,0x0000,0x0000,
  0x0841,0x0861,0x2104,0x2924,0x10A2,0x0861,0x0020,0x0000,0x0000,0x2924,0x5ACB,0x2104,0x2104,0x2104,0x2104,0x2104,
  0x2104,0x2104,0x2124,0x2124,0x2124,0x2124,0x2124,0x2945,0x2965,0x3186,0x3186,0x31A6,0x31A6,0x39C7,0x4208,0x39C7,
  0x0020,0x0000,0x0000,0x0000,0x0000,0x0000,0x0000,0x0000,0x0000,0x0000,0x0000,0x0000,0x0000,0x0000,0x0000,0x0000,
  0x0000,0x0000,0x0000,0x0000,0x0000,0x0000,0x0000,0x0000,0x0000,0x0000,0x0000,0x0000,0x0000,0x0000,0x03DD,0x045F,
  0x043F,0x043F,0x043F,0x043F,0x043F,0x043F,0x043F,0x045F,0x049F,0x049F,0x049F,0x049F,0x049F,0x04BF,0x04BF,0x04BF,
  0x04FF,0x04BF,0x04BF,0x04BF,0x04BF,0x04BF,0x04BF,0x04BF,0x04BF,0x04BF,0x04BF,0x04BF,0x04BF,0x04BF,0x04BF,0x04BF,
  0x04BF,0x04BF,0x04BF,0x04BF,0x04BF,0x04BF,0x04BF,0x04FF,0x04FF,0x04FF,0x04BF,0x04BF,0x04BF,0x049F,0x04BF,0x045E,
  0x0001,0x0861,0x18E4,0x0041,0xD000,0xF800,0xF800,0xF800,0x5000,0x1000,0xF800,0xF800,0xF800,0xF800,0x0000,0xA800,
  0xF800,0xF800,0xF800,0x7800,0x0020,0x0841,0x1082,0x18C3,0x18E3,0x2104,0x31A7,0x5ACA,0x2924,0x0000,0x0000,0x0841,
  0x6B4D,0x6B4D,0x6B4D,0x6B4D,0x7BCF,0x632D,0x630C,0x632D,0x632C,0x5AEC,0x630C,0x632C,0x630C,0x5ACB,0x5AEC,0x5B0C,
  0x52AB,0x0862,0x0041,0x0841,0x0020,0x0021,0x0021,0x0021,0x0042,0x0042,0x0042,0x0042,0x0042,0x0042,0x0042,0x0042,
  0x0043,0x0043,0x0022,0x0022,0x0022,0x0022,0x0043,0x0022,0x0000,0x0043,0x2987,0x4228,0x3186,0x1082,0x0020,0x0861,
  0x2965,0x39C7,0x4228,0x39C7,0x18C3,0x0020,0x0000,0x2104,0x39C7,0x39C7,0x39E8,0x3186,0x10A3,0x0862,0x0821,0x1082,
  0x2986,0x39C7,0x2965,0x39A7,0x2124,0x1082,0x0841,0x1082,0x2965,0x3165,0x39C7,0x39C7,0x18E3,0x1082,0x0861,0x18C3,
  0x2124,0x39A6,0x41E7,0x3186,0x2124,0x10A2,0x0841,0x0021,0x2104,0x39C7,0x2965,0x2104,0x2104,0x1082,0x0841,0x0841,
  0x2104,0x3186,0x31A6,0x3186,0x2104,0x18A3,0x1082,0x0841,0x18C3,0x2945,0x31A6,0x41E7,0x2966,0x2104,0x0862,0x0020,
  0x0021,0x2104,0x4208,0x2945,0x18C3,0x2104,0x0861,0x0000,0x0020,0x18E3,0x2965,0x2965,0x31A6,0x2945,0x1082,0x0020,
  0x0020,0x10A2,0x2945,0x39C7,0x3186,0x2124,0x0861,0x0000,0x0000,0x10A2,0x2965,0x2945,0x2965,0x2124,0x1061,0x0000,
  0x0000,0x0861,0x20E3,0x2104,0x2924,0x2924,0x1082,0x0020,0x0000,0x1082,0x20E3,0x18E3,0x2124,0x2104,0x18C3,0x0861,
  0x0000,0x0020,0x1082,0x2124,0x2104,0x18C3,0x1082,0x0841,0x0020,0x0020,0x10A2,0x18C3,0x20E3,0x1082,0x0861,0x0820,
  0x0000,0x0841,0x10A2,0x10A2,0x18C3,0x0840,0x0000,0x0000,0x2944,0x5ACB,0x18E3,0x2104,0x2124,0x2104,0x2104,0x2104,
  0x18E3,0x2104,0x2104,0x2124,0x2124,0x2124,0x2945,0x2965,0x2965,0x2965,0x3186,0x3186,0x31A6,0x39E7,0x3186,0x0020,
  0x0000,0x0020,0x0000,0x0000,0x0000,0x2104,0x2124,0x2124,0x2124,0x2124,0x2124,0x18E3,0x0020,0x0040,0x0000,0x0841,
  0x3186,0x2945,0x2945,0x2944,0x2124,0x2124,0x0861,0x0000,0x0841,0x10A2,0x0841,0x0000,0x0000,0x03DD,0x045F,0x043F,
  0x043F,0x043F,0x03FF,0x03FF,0x03FF,0x0232,0x0108,0x0129,0x0129,0x014A,0x014A,0x016A,0x014A,0x0149,0x0169,0x016A,
  0x018A,0x018A,0x018A,0x016A,0x018A,0x016A,0x016A,0x016A,0x018A,0x018A,0x018A,0x016A,0x016A,0x016A,0x016A,0x016A,
  0x016A,0x018A,0x016A,0x016A,0x016A,0x016A,0x016A,0x018A,0x01AB,0x01AB,0x018B,0x018A,0x016A,0x014A,0x016A,0x0021,
  0x0861,0x10A3,0x0820,0xC000,0xF800,0xF800,0xF800,0x6000,0x1800,0xF800,0xF800,0xF800,0xF800,0x1000,0x9800,0xF800,
  0xF800,0xF800,0x9800,0x0020,0x0841,0x1082,0x4A69,0x31A6,0x18C3,0x0841,0x10A2,0x2965,0x2965,0x31A6,0x2945,0x10A2,
  0x7C10,0x73AF,0x7BEF,0x73CF,0x7BCF,0x6B6D,0x6B6E,0x6B8E,0x634D,0x632D,0x6B4D,0x6B6E,0x5B0C,0x5ACB,0x6B4D,0x5AEC,
  0x0861,0x0000,0x1082,0x0841,0x0000,0x0000,0x0020,0x0040,0x0000,0x0020,0x0841,0x0020,0x0000,0x0000,0x0000,0x0000,
  0x0000,0x0000,0x0841,0x0020,0x0000,0x0020,0x0020,0x0020,0x0021,0x0042,0x0021,0x31A7,0x31A7,0x10A2,0x0020,0x0000,
  0x0041,0x10A2,0x31A6,0x2966,0x10C3,0x0841,0x0021,0x0862,0x0882,0x10A3,0x2966,0x2945,0x2104,0x10C3,0x0861,0x0000,
  0x0861,0x0861,0x10C3,0x31A6,0x2966,0x10C3,0x0841,0x0000,0x0841,0x0841,0x2125,0x39E8,0x2945,0x18C3,0x0861,0x0021,
  0x0841,0x1082,0x18E4,0x2945,0x3186,0x2104,0x0841,0x0000,0x0021,0x1082,0x18C3,0x2966,0x2986,0x18E4,0x0841,0x0000,
  0x0841,0x0841,0x18E4,0x31A6,0x2966,0x3186,0x1904,0x0861,0x0020,0x0841,0x18C3,0x2965,0x3186,0x2966,0x10A3,0x0000,
  0x0000,0x0862,0x18E3,0x0882,0x10C3,0x31A6,0x18C3,0x0841,0x0020,0x1082,0x10A2,0x18C3,0x31A6,0x39C7,0x20E4,0x0841,
  0x0000,0x0820,0x1082,0x2104,0x3186,0x3186,0x18C3,0x0841,0x0000,0x0861,0x18C3,0x2104,0x3186,0x2965,0x10A2,0x0020,
  0x0000,0x0020,0x0861,0x18C3,0x2945,0x3186,0x18C3,0x0841,0x0000,0x0020,0x0841,0x1061,0x18E4,0x2124,0x2124,0x1082,
  0x0000,0x0000,0x0861,0x18E3,0x2104,0x2124,0x18C3,0x0861,0x0000,0x0000,0x0840,0x0861,0x18E3,0x18C3,0x2104,0x1082,
  0x0020,0x0000,0x0020,0x0000,0x0020,0x0000,0x0000,0x2965,0x630C,0x18E3,0x2124,0x2124,0x2124,0x2104,0x2104,0x2104,
  0x2104,0x2124,0x2124,0x2124,0x2944,0x2945,0x2945,0x2965,0x2965,0x3186,0x3165,0x3186,0x39E7,0x2985,0x0020,0x0000,
  0x0020,0x0020,0x0000,0x0000,0x2104,0x2124,0x18C3,0x18E3,0x18E3,0x2104,0x18E3,0x0020,0x0020,0x0000,0x0841,0x31A6,
  0x2124,0x2104,0x2104,0x2104,0x18E3,0x0841,0x0000,0x0000,0x0861,0x10A2,0x0000,0x0000,0x037B,0x03FF,0x03FF,0x03FF,
  0x03FF,0x03FF,0x03FF,0x03FF,0x014B,0x0000,0x0000,0x0000,0x0000,0x0000,0x0000,0x0000,0x0000,0x0000,0x0000,0x0000,
  0x0000,0x0000,0x0000,0x0000,0x0000,0x0000,0x0000,0x0000,0x0000,0x0000,0x0000,0x0000,0x0000,0x0000,0x0000,0x0000,
  0x0000,0x0000,0x0000,0x0000,0x0000,0x0000,0x0000,0x0000,0x0000,0x0000,0x0000,0x0000,0x0000,0x0000,0x0000,0x0000,
  0x0020,0x0000,0x0000,0x3000,0x2000,0x2800,0x2000,0x0000,0x1800,0x2800,0x1800,0x2800,0x0000,0x0000,0x3000,0x2800,
  0x2000,0x2000,0x0000,0x0000,0x0000,0x0841,0x10A2,0x0020,0x0000,0x0000,0x0000,0x0000,0x0020,0x10A2,0x1082,0x0020,
  0x7BCF,0x8430,0x7BCF,0x6B6E,0x738E,0x73AF,0x6B8E,0x738E,0x6B6D,0x634D,0x6B6D,0x632D,0x634D,0x6B8E,0x632D,0x1082,
  0x0000,0x0020,0x18C3,0x0841,0x0000,0x0000,0x0000,0x0000,0x0000,0x0000,0x0000,0x0000,0x0000,0x0000,0x0000,0x0000,
  0x0000,0x0000,0x0000,0x0000,0x0000,0x0000,0x0000,0x0000,0x0000,0x0000,0x0000,0x0000,0x0000,0x0000,0x0000,0x0000,
  0x0000,0x0000,0x0000,0x0000,0x0000,0x0000,0x0000,0x0000,0x0000,0x0000,0x0000,0x0000,0x0000,0x0000,0x0000,0x0000,
  0x0000,0x0000,0x0000,0x0000,0x0000,0x0000,0x0000,0x0000,0x0000,0x0000,0x0000,0x0000,0x0000,0x0000,0x0000,0x0000,
  0x0000,0x0000,0x0000,0x0000,0x0000,0x0000,0x0000,0x0000,0x0000,0x0000,0x0000,0x0000,0x0000,0x0000,0x0000,0x0000,
  0x0000,0x0000,0x0000,0x0000,0x0000,0x0000,0x0000,0x0000,0x0000,0x0000,0x0000,0x0000,0x0000,0x0000,0x0000,0x0000,
  0x0000,0x0000,0x0000,0x0000,0x0000,0x0000,0x0000,0x0000,0x0000,0x0000,0x0000,0x0000,0x0020,0x0021,0x0020,0x0000,
  0x0000,0x0000,0x0020,0x0020,0x0020,0x0041,0x0020,0x0020,0x0000,0x0020,0x0041,0x0041,0x0841,0x0841,0x0020,0x0000,
  0x0000,0x0000,0x0020,0x0841,0x0841,0x0861,0x0020,0x0000,0x0000,0x0000,0x0000,0x0000,0x0000,0x0020,0x0841,0x0020,
  0x0000,0x0000,0x0000,0x0820,0x0841,0x0841,0x0020,0x0000,0x0000,0x0000,0x0000,0x0000,0x0020,0x0841,0x0861,0x0840,
  0x0000,0x0000,0x0000,0x0000,0x0000,0x0000,0x2965,0x6B2C,0x2144,0x2124,0x2124,0x2124,0x2104,0x2104,0x2104,0x2104,
  0x2124,0x2124,0x2124,0x2124,0x2945,0x2965,0x2965,0x2945,0x2965,0x3185,0x3186,0x31A6,0x2944,0x0000,0x0000,0x0000,
  0x0020,0x0000,0x0000,0x2104,0x2124,0x18C3,0x18E3,0x18E3,0x18E3,0x10A2,0x0000,0x0020,0x0020,0x1082,0x31A6,0x2124,
  0x18E3,0x1903,0x2104,0x2124,0x0861,0x0000,0x0841,0x1081,0x0841,0x0020,0x0042,0x03FF,0x049F,0x043F,0x043F,0x043F,
  0x043F,0x043F,0x03FF,0x012B,0x0820,0x2124,0x1082,0x1082,0x0861,0x0841,0x0841,0x0841,0x0841,0x0041,0x0841,0x0861,
  0x0841,0x0861,0x0862,0x0882,0x1082,0x1082,0x10A2,0x1082,0x10A2,0x1082,0x1082,0x1082,0x1082,0x1082,0x0882,0x10A2,
  0x10A2,0x10A2,0x1082,0x10A2,0x10A3,0x10A2,0x10C3,0x18E3,0x18E3,0x18C3,0x18E3,0x18E3,0x18E3,0x18C3,0x2104,0x2945,
  0x2945,0x2965,0x2945,0x1924,0x1924,0x1944,0x2145,0x2924,0x2145,0x29A6,0x2986,0x2185,0x2986,0x2965,0x2165,0x2145,
  0x2145,0x2145,0x2124,0x2945,0x3186,0x2965,0x2124,0x2124,0x2104,0x20E3,0x18E3,0x18E3,0x18E3,0x18C3,0x10A2,0x10A2,
  0x8410,0x7BCF,0x738E,0x6B8E,0x73AE,0x6B8E,0x738E,0x73AF,0x6B4D,0x738E,0x6B8E,0x630C,0x6B8E,0x632D,0x0862,0x0000,
  0x1082,0x0020,0x0000,0x0000,0x13D7,0x2D1C,0x24DC,0x251C,0x24FC,0x1C9C,0x1CDC,0x24FC,0x24FC,0x24FC,0x2D1C,0x2D3C,
  0x2D1C,0x24FC,0x24FC,0x24FC,0x24BC,0x24DC,0x1CDC,0x1C9B,0x1C9B,0x1C9B,0x1CBB,0x149B,0x149B,0x1CDB,0x1CDC,0x1CDC,
  0x1CDC,0x1CDC,0x14BC,0x149C,0x14BC,0x1CDC,0x1CFC,0x14FC,0x14DC,0x149C,0x045C,0x045C,0x045B,0x047B,0x047B,0x047B,
  0x045B,0x045B,0x045C,0x045C,0x045B,0x047B,0x045B,0x043C,0x043C,0x043C,0x041B,0x041B,0x041B,0x041B,0x041B,0x041B,
  0x03FB,0x03FB,0x03FB,0x03DC,0x03DC,0x03DB,0x03DB,0x03DB,0x037C,0x035C,0x035C,0x035B,0x033B,0x033B,0x033B,0x031B,
  0x02FB,0x02FB,0x02FB,0x02DA,0x031B,0x031B,0x031B,0x02FB,0x02FB,0x02DB,0x02DB,0x029A,0x027A,0x027A,0x025A,0x025A,
  0x025A,0x0259,0x0259,0x027A,0x027A,0x0219,0x0152,0x010F,0x00ED,0x0088,0x0088,0x0088,0x0000,0x0000,0x0000,0x0000,
  0x0000,0x0000,0x0000,0x0000,0x0000,0x0000,0x0000,0x0000,0x0000,0x0000,0x0000,0x0000,0x0000,0x0000,0x0000,0x0000,
  0x0000,0x0000,0x0000,0x0000,0x0000,0x0000,0x0000,0x0000,0x0000,0x0000,0x0000,0x0000,0x0000,0x0000,0x0000,0x0000,
  0x0000,0x0000,0x0000,0x0000,0x0000,0x0000,0x0000,0x0000,0x0000,0x0000,0x0000,0x0000,0x0000,0x0000,0x0000,0x0000,
  0x0000,0x0000,0x0000,0x0000,0x0000,0x2945,0x630C,0x2104,0x2124,0x2124,0x2124,0x2124,0x2104,0x2124,0x2104,0x2124,
  0x2124,0x2124,0x2124,0x2945,0x2945,0x2965,0x2965,0x2965,0x2965,0x3186,0x31A6,0x2124,0x0000,0x0000,0x0000,0x0000,
  0x0000,0x0000,0x2124,0x2104,0x18C3,0x18E3,0x18E3,0x2104,0x10A2,0x0000,0x0000,0x0000,0x1082,0x39C7,0x2124,0x18E3,
  0x2103,0x2103,0x2104,0x0861,0x0000,0x18C3,0x31A6,0x2945,0x0041,0x0000,0x0085,0x0294,0x0231,0x0252,0x0232,0x0211,
  0x0210,0x0231,0x00C7,0x0820,0x52CB,0x4208,0x3186,0x3185,0x2945,0x2945,0x2924,0x2124,0x2965,0x3185,0x2965,0x2965,
  0x2965,0x3186,0x31A6,0x39E7,0x4208,0x4228,0x4A48,0x4228,0x4228,0x4A28,0x4A49,0x4A49,0x52AA,0x4A69,0x5289,0x5289,
  0x5289,0x528A,0x5ACA,0x5AEB,0x5ACA,0x5ACA,0x6B4C,0x6B6D,0x5AEB,0x632C,0x6B6D,0x736D,0x6B4C,0x6B4C,0x7BCF,0x7BEF,
  0x7BEF,0x8C50,0x7BEF,0x7BAE,0x7BEF,0x840F,0x8430,0x7BEF,0x8C71,0x9CB2,0xA4F3,0xA514,0x9CF3,0x9492,0x8C51,0x8C51,
  0x8430,0x8410,0x73AE,0x7C0F,0x8C51,0x8410,0x7C0F,0x73AE,0x6B6D,0x632C,0x630C,0x630C,0x630C,0x5AEB,0x52AA,0x52AA,
  0x8410,0x7BCF,0x7BCF,0x73AE,0x73AF,0x738E,0x8431,0x8410,0x738E,0x73AE,0x6B6E,0x7BCF,0x6B4D,0x1082,0x0000,0x1062,
  0x10A2,0x0020,0x0000,0x03BB,0x055F,0x049F,0x04BF,0x04BF,0x04BF,0x04BF,0x04BF,0x04BF,0x04BF,0x04BF,0x04BF,0x04FF,
  0x04BF,0x04BF,0x04BF,0x04BF,0x04BF,0x04BF,0x04BF,0x04BF,0x04BF,0x04BF,0x04BF,0x04BF,0x04BF,0x04BF,0x049F,0x04BF,
  0x04BF,0x04BF,0x04BF,0x04BF,0x04BF,0x04BF,0x04BF,0x04FF,0x04BF,0x04BF,0x049F,0x04BF,0x04BF,0x049F,0x04BF,0x04BF,
  0x049F,0x049F,0x049F,0x049F,0x049F,0x04BF,0x049F,0x049F,0x049F,0x049F,0x049F,0x045F,0x045F,0x045F,0x043F,0x043F,
  0x043F,0x043F,0x043F,0x043F,0x03FF,0x03FF,0x03FF,0x03FF,0x03DF,0x039F,0x039F,0x039F,0x039F,0x037F,0x037F,0x037F,
  0x037F,0x037F,0x037F,0x037F,0x037F,0x039F,0x039F,0x033F,0x031F,0x031F,0x031F,0x02DF,0x031F,0x02DF,0x02DF,0x02DF,
  0x02DF,0x02DF,0x02DF,0x02DF,0x02DF,0x02BF,0x02DF,0x02DF,0x031F,0x033F,0x033F,0x031E,0x02B9,0x0296,0x0297,0x0297,
  0x0296,0x0275,0x0234,0x0254,0x0234,0x0233,0x0213,0x0233,0x0233,0x0232,0x01F1,0x01F1,0x01D1,0x0213,0x02BA,0x0258,
  0x0259,0x0279,0x0258,0x0237,0x0237,0x0216,0x0238,0x0258,0x027A,0x027B,0x027B,0x029A,0x027A,0x0258,0x0257,0x0217,
  0x0237,0x0237,0x0216,0x0217,0x0258,0x0216,0x0216,0x0216,0x0216,0x0236,0x0236,0x0236,0x01F6,0x01F6,0x01F6,0x01F4,
  0x01F4,0x01F4,0x01D3,0x01D4,0x01B1,0x52AA,0x2945,0x2965,0x2965,0x2945,0x2945,0x2945,0x2124,0x2124,0x2124,0x2124,
  0x2944,0x2124,0x2124,0x2965,0x2945,0x2945,0x2965,0x2965,0x2965,0x31A6,0x2104,0x0000,0x0000,0x0000,0x0000,0x0000,
  0x0020,0x2124,0x2124,0x18E3,0x18E3,0x18C3,0x2104,0x10A2,0x0000,0x0020,0x0000,0x10A2,0x39C6,0x18E3,0x18E3,0x2104,
  0x2124,0x2104,0x0841,0x0000,0x0020,0x31A6,0x4207,0x2124,0x0820,0x0000,0x0000,0x0000,0x0000,0x0000,0x0000,0x0000,
  0x0000,0x0000,0x0820,0x4A69,0x31A6,0x2104,0x2124,0x2124,0x2944,0x2924,0x2945,0x2965,0x2965,0x3165,0x3165,0x3186,
  0x31A6,0x3186,0x39C6,0x39E7,0x39A6,0x39E7,0x4208,0x4A48,0x4208,0x4A49,0x4A49,0x4A49,0x4A49,0x4A48,0x52AA,0x5269,
  0x4A69,0x5289,0x5AAA,0x5AEB,0x5ACA,0x630C,0x5AEB,0x52AA,0x630C,0x632C,0x630B,0x5ACB,0x630C,0x6B2C,0x6B4C,0x630C,
  0x632C,0x630C,0x5AEB,0x6B4C,0x632C,0x5AEB,0x632C,0x632C,0x738D,0x736D,0x7BEF,0x7BEF,0x7BCE,0x7BEF,0x6B6D,0x632C,
  0x5AEB,0x630C,0x630C,0x52AA,0x5AEB,0x5ACB,0x5ACB,0x52AA,0x528A,0x528A,0x528A,0x4A69,0x4A49,0x4249,0x4228,0x4228,
  0x7BCF,0x73CF,0x73AF,0x73CF,0x7BF0,0x7BEF,0x8430,0x8410,0x7BF0,0x73CF,0x73AF,0x6B6E,0x10A2,0x0000,0x0841,0x0861,
  0x0020,0x0000,0x0399,0x055F,0x0335,0x0000,0x0000,0x0000,0x0000,0x0000,0x0000,0x0000,0x0000,0x0000,0x0000,0x0000,
  0x0000,0x0000,0x0000,0x0000,0x0000,0x0000,0x0000,0x0000,0x0000,0x0000,0x0000,0x0000,0x0000,0x0000,0x0000,0x0000,
  0x0000,0x0000,0x0000,0x0000,0x0000,0x0000,0x0000,0x0000,0x0000,0x0000,0x0000,0x0000,0x0000,0x0000,0x0000,0x0000,
  0x0000,0x0000,0x0000,0x0000,0x0000,0x0000,0x0000,0x0000,0x0000,0x0000,0x0000,0x0000,0x0000,0x0000,0x0000,0x0000,
  0x0000,0x0000,0x0000,0x0000,0x0000,0x0000,0x0000,0x0000,0x0000,0x0000,0x0000,0x0000,0x0000,0x0000,0x0000,0x0000,
  0x0000,0x0000,0x0000,0x0000,0x0000,0x0000,0x0000,0x0000,0x0000,0x0000,0x0000,0x0000,0x0000,0x0000,0x0000,0x0001,
  0x0001,0x0001,0x0001,0x0000,0x0000,0x0000,0x0064,0x0084,0x0084,0x0085,0x0084,0x0084,0x00A5,0x00A5,0x00C5,0x00C5,
  0x00C5,0x00C5,0x00A4,0x00C5,0x00A5,0x00A5,0x00A5,0x00C6,0x00C6,0x00C6,0x00C6,0x00C6,0x00C6,0x00C6,0x00A6,0x00A6,
  0x00C6,0x00C7,0x00C7,0x00E7,0x00C7,0x00E8,0x00E8,0x08E7,0x0108,0x0108,0x0108,0x0908,0x0108,0x0108,0x0109,0x0909,
  0x0129,0x0909,0x0908,0x0908,0x0929,0x0949,0x094A,0x0949,0x0928,0x0929,0x094A,0x1149,0x0929,0x0929,0x0929,0x1128,
  0x1148,0x1948,0x1948,0x1948,0x2166,0x2104,0x2104,0x2124,0x2124,0x2124,0x2145,0x2125,0x2125,0x2145,0x2145,0x2125,
  0x2145,0x2945,0x2966,0x3186,0x2986,0x2986,0x3186,0x31A6,0x39C7,0x2124,0x0000,0x0000,0x0000,0x0000,0x0000,0x0020,
  0x2124,0x2124,0x18E3,0x18E3,0x18E3,0x18E3,0x1082,0x0000,0x0020,0x0000,0x10A2,0x39C7,0x18E3,0x18E3,0x20E3,0x2104,
  0x2104,0x0841,0x0000,0x10A2,0x1082,0x1082,0x18C2,0x0861,0x0000,0x2965,0x4228,0x3186,0x3186,0x2965,0x2945,0x2966,
  0x2945,0x2125,0x4A69,0x2965,0x2103,0x2124,0x2104,0x2124,0x2124,0x2945,0x2965,0x3185,0x2965,0x3185,0x31A6,0x3186,
  0x31A6,0x39C6,0x4207,0x4208,0x39C7,0x39E7,0x4208,0x4A28,0x4A49,0x4A89,0x4A49,0x4A49,0x4228,0x4A69,0x52AA,0x52AA,
  0x5AAA,0x630B,0x5ACB,0x5ACA,0x630B,0x630C,0x630B,0x630C,0x6B6D,0x6B4D,0x630B,0x632C,0x6B6D,0x630C,0x6B4D,0x738E,
  0x630C,0x5ACB,0x6B6D,0x6B6D,0x632C,0x630C,0x6B6D,0x6B6D,0x738E,0x7BEF,0x7BEF,0x840F,0x7BEF,0x7BEF,0x738E,0x6B6D,
  0x6B2C,0x632C,0x5AEB,0x630C,0x630C,0x5AEB,0x5AEB,0x630C,0x5ACB,0x52AA,0x5ACB,0x4A69,0x4A69,0x4A69,0x4228,0x4A49,
  0x73AF,0x73AF,0x7BF0,0x7BEF,0x7BCF,0x7BEF,0x8431,0x73AF,0x7BEF,0x8410,0x73AF,0x10A2,0x0000,0x2104,0x1082,0x0020,
  0x0000,0x0397,0x051F,0x0315,0x0000,0x0000,0x0000,0x0000,0x0000,0x0000,0x0000,0x0000,0x0000,0x0000,0x0000,0x0000,
  0x0000,0x0000,0x0000,0x0000,0x0000,0x0000,0x0000,0x0000,0x0000,0x0000,0x0000,0x0000,0x0000,0x0000,0x0000,0x0000,
  0x0000,0x0000,0x0000,0x0000,0x0000,0x0000,0x0000,0x0000,0x0000,0x0000,0x0000,0x0000,0x0000,0x0000,0x0000,0x0000,
  0x0000,0x0000,0x0000,0x0000,0x0000,0x0000,0x0000,0x0000,0x0000,0x0000,0x0000,0x0000,0x0000,0x0000,0x0000,0x0000,
  0x0000,0x0000,0x0000,0x0000,0x0000,0x0000,0x0000,0x0000,0x0000,0x0000,0x0000,0x0000,0x0000,0x0000,0x0000,0x0000,
  0x0000,0x0000,0x0000,0x0000,0x0000,0x0000,0x0000,0x0000,0x0000,0x0000,0x0000,0x0000,0x0000,0x0000,0x0000,0x0000,
  0x0000,0x0000,0x0000,0x0000,0x0000,0x0000,0x0000,0x0000,0x0000,0x0000,0x0000,0x0000,0x0000,0x0000,0x0000,0x0000,
  0x0000,0x0000,0x0000,0x0000,0x0000,0x0000,0x0000,0x0000,0x0000,0x0000,0x0000,0x0000,0x0000,0x0000,0x0000,0x0000,
  0x0000,0x0000,0x0000,0x0000,0x0000,0x0000,0x0000,0x0000,0x0000,0x0000,0x0000,0x0000,0x0000,0x0000,0x0000,0x0000,
  0x0000,0x0000,0x0000,0x0000,0x0000,0x0000,0x0000,0x0000,0x0000,0x0000,0x0000,0x0000,0x0000,0x0000,0x0000,0x0000,
  0x0000,0x0000,0x0000,0x0000,0x0000,0x0000,0x0000,0x0000,0x0000,0x0000,0x0000,0x0000,0x0000,0x0020,0x0021,0x0021,
  0x0021,0x0841,0x0861,0x0862,0x0841,0x0862,0x0862,0x0862,0x1082,0x0000,0x0000,0x0000,0x0000,0x0000,0x0841,0x2924,
  0x2124,0x18E3,0x2104,0x2104,0x2104,0x1082,0x0000,0x0000,0x0000,0x18C3,0x39E7,0x2945,0x2124,0x2124,0x2104,0x18E3,
  0x0020,0x0000,0x18C2,0x31A6,0x2104,0x0841,0x0000,0x0000,0x3186,0x4A49,0x2104,0x2104,0x18E3,0x18E3,0x2104,0x2103,
  0x2124,0x4228,0x2965,0x2104,0x2124,0x2124,0x2104,0x2124,0x2924,0x2944,0x2945,0x2965,0x2965,0x3185,0x3186,0x31A6,
  0x39C6,0x39C7,0x39C7,0x4207,0x4248,0x39E7,0x4A28,0x4A49,0x4228,0x4A49,0x4A49,0x4A49,0x4A69,0x5289,0x4A69,0x52AA,
  0x630B,0x5AEB,0x52AA,0x630C,0x630C,0x630C,0x632C,0x6B4D,0x632C,0x632C,0x6B4C,0x632C,0x6B4D,0x6B4D,0x738D,0x630C,
  0x5AEB,0x5AEB,0x6B6D,0x632C,0x632C,0x6B6D,0x6B4D,0x6B4D,0x7BCF,0x7BCF,0x7BEF,0x7BEF,0x73AE,0x738E,0x6B4D,0x6B4D,
  0x632C,0x630C,0x632C,0x5AEB,0x5B0B,0x5AEB,0x5ACB,0x52AA,0x52AA,0x528A,0x528A,0x4A49,0x4A69,0x4228,0x4228,0x4228,
  0x73AF,0x7BCF,0x73AE,0x8410,0x8430,0x8430,0x7BF0,0x73AF,0x8451,0x7BCF,0x18C3,0x0000,0x0861,0x1903,0x0041,0x0000,
  0x0377,0x051F,0x0337,0x0000,0x0000,0x0020,0x0020,0x0020,0x0020,0x0020,0x0020,0x0020,0x0020,0x0020,0x0020,0x0020,
  0x0020,0x0020,0x0020,0x0020,0x0020,0x0020,0x0020,0x0020,0x0020,0x0020,0x0020,0x0020,0x0020,0x0020,0x0020,0x0020,
  0x0020,0x0020,0x0020,0x0020,0x0020,0x0020,0x0020,0x0020,0x0020,0x0020,0x0020,0x0020,0x0020,0x0020,0x0020,0x0020,
  0x0020,0x0020,0x0020,0x0020,0x0020,0x0020,0x0020,0x0020,0x0020,0x0020,0x0020,0x0020,0x0020,0x0020,0x0020,0x0020,
  0x0021,0x0021,0x0020,0x0021,0x0020,0x0020,0x0020,0x0020,0x0020,0x0020,0x0020,0x0020,0x0020,0x0020,0x0020,0x0020,
  0x0020,0x0020,0x0020,0x0020,0x0020,0x0020,0x0020,0x0020,0x0020,0x0020,0x0020,0x0020,0x0020,0x0020,0x0020,0x0020,
  0x0020,0x0020,0x0020,0x0020,0x0020,0x0020,0x0020,0x0020,0x0020,0x0020,0x0020,0x0020,0x0020,0x0020,0x0020,0x0020,
  0x0020,0x0020,0x0020,0x0020,0x0020,0x0020,0x0020,0x0020,0x0020,0x0020,0x0020,0x0020,0x0020,0x0020,0x0020,0x0021,
  0x0021,0x0020,0x0020,0x0020,0x0020,0x0020,0x0020,0x0020,0x0020,0x0000,0x0000,0x0000,0x0000,0x0000,0x0000,0x0000,
  0x0000,0x0000,0x0000,0x0000,0x0000,0x0000,0x0000,0x0000,0x0000,0x0000,0x0000,0x0000,0x0000,0x0000,0x0000,0x0000,
  0x0000,0x0000,0x0000,0x0000,0x0000,0x0000,0x0000,0x0000,0x0000,0x0000,0x0000,0x0000,0x0000,0x0000,0x0000,0x0000,
  0x0000,0x0000,0x0000,0x0000,0x0000,0x0000,0x0000,0x0000,0x0000,0x0000,0x0000,0x0000,0x0000,0x0000,0x10A2,0x18C3,
  0x1082,0x1082,0x1082,0x1082,0x0861,0x0000,0x0000,0x0000,0x0841,0x2124,0x18C3,0x18C3,0x10A2,0x10A2,0x10A2,0x0020,
  0x0000,0x0841,0x2124,0x3186,0x2104,0x0841,0x0000,0x2965,0x4228,0x18C3,0x2104,0x2104,0x18E3,0x18E3,0x2104,0x18E3,
  0x39E7,0x31A6,0x2124,0x2124,0x2124,0x2104,0x2124,0x2124,0x2124,0x2124,0x2945,0x2965,0x2965,0x3185,0x31A6,0x39C6,
  0x3186,0x31A6,0x39E7,0x4228,0x4208,0x4A48,0x4A69,0x4208,0x4228,0x4228,0x4228,0x528A,0x528A,0x4A69,0x528A,0x5ACB,
  0x5ACB,0x5ACB,0x630C,0x630C,0x52CA,0x630C,0x630C,0x5AEB,0x632C,0x5AEB,0x630C,0x630C,0x630C,0x6B6D,0x5AEB,0x5ACB,
  0x630C,0x632C,0x632C,0x6B4D,0x632C,0x6B4C,0x5AEB,0x632C,0x7BEF,0x8430,0x7BEF,0x7BCF,0x738D,0x6B6D,0x6B4D,0x630C,
  0x630C,0x632C,0x632C,0x5ACB,0x5ACB,0x52AA,0x528A,0x4A69,0x528A,0x528A,0x4A69,0x4A49,0x4A69,0x4208,0x4228,0x4228,
  0x8410,0x7BEF,0x7BEF,0x8C51,0x8410,0x7BCF,0x73AE,0x8430,0x8C72,0x18E3,0x0000,0x0000,0x0020,0x0020,0x0000,0x0315,
  0x051F,0x0379,0x0000,0x0020,0x0020,0x0020,0x0020,0x0020,0x0020,0x0020,0x0020,0x0020,0x0020,0x0020,0x0020,0x0020,
  0x0020,0x0020,0x0020,0x0020,0x0020,0x0020,0x0020,0x0020,0x0020,0x0020,0x0020,0x0020,0x0020,0x0020,0x0020,0x0020,
  0x0020,0x0020,0x0020,0x0021,0x0020,0x0020,0x0020,0x0020,0x0020,0x0020,0x0020,0x0020,0x0020,0x0020,0x0020,0x0020,
  0x0020,0x0020,0x0020,0x0020,0x0020,0x0020,0x0020,0x0021,0x0021,0x0021,0x0020,0x0021,0x0020,0x0020,0x0020,0x0020,
  0x0021,0x0020,0x0020,0x0020,0x0020,0x0020,0x0020,0x0020,0x0020,0x0020,0x0020,0x0020,0x0020,0x0020,0x0020,0x0020,
  0x0020,0x0020,0x0020,0x0020,0x0020,0x0020,0x0020,0x0020,0x0020,0x0020,0x0020,0x0020,0x0020,0x0020,0x0020,0x0020,
  0x0020,0x0020,0x0020,0x0020,0x0020,0x0020,0x0020,0x0020,0x0020,0x0020,0x0020,0x0020,0x0020,0x0020,0x0020,0x0020,
  0x0020,0x0020,0x0020,0x0020,0x0020,0x0020,0x0020,0x0020,0x0020,0x0020,0x0020,0x0020,0x0020,0x0020,0x0020,0x0020,
  0x0020,0x0020,0x0020,0x0020,0x0020,0x0020,0x0020,0x0020,0x0020,0x0020,0x0020,0x0020,0x0000,0x0000,0x0000,0x0000,
  0x0000,0x0000,0x0000,0x0000,0x0000,0x0000,0x0000,0x0000,0x0000,0x0000,0x0000,0x0000,0x0000,0x0000,0x0000,0x0000,
  0x0000,0x0000,0x0000,0x0000,0x0000,0x0000,0x0000,0x0000,0x0000,0x0000,0x0000,0x0000,0x0000,0x0000,0x0000,0x0000,
  0x0000,0x0000,0x0000,0x0000,0x0000,0x0000,0x0000,0x0000,0x0000,0x0000,0x0000,0x0000,0x0000,0x0000,0x0000,0x0000,
  0x0000,0x0000,0x0000,0x0000,0x0000,0x0000,0x0000,0x0000,0x0000,0x0000,0x0000,0x0000,0x0000,0x0800,0x0020,0x0020,
  0x0000,0x0000,0x1082,0x18C3,0x1082,0x0000,0x3165,0x528A,0x18E3,0x2124,0x2104,0x2104,0x2104,0x2124,0x2104,0x39C7,
  0x31A6,0x2924,0x2965,0x2124,0x2124,0x2124,0x2124,0x2124,0x2944,0x2945,0x2965,0x3185,0x31A6,0x31A6,0x39C7,0x39C6,
  0x39C7,0x4228,0x4A69,0x5289,0x52AA,0x52AA,0x528A,0x5ACB,0x5AAA,0x5ACA,0x5AAA,0x6B2C,0x738E,0x738D,0x73AE,0x6B4D,
  0x738D,0x73AE,0x7BCF,0x73AE,0x73AE,0x7BCF,0x7BEF,0x8430,0x7BCF,0x840F,0x8410,0x8410,0x7BEF,0x738E,0x6B6D,0x6B6D,
  0x73AE,0x73AE,0x738E,0x736D,0x6B6D,0x738D,0x738E,0x7BCF,0x8410,0x94B2,0x8C71,0x7BEF,0x7BCF,0x7BCF,0x738E,0x632C,
  0x6B4D,0x6B6D,0x630C,0x6B4D,0x632C,0x5AEB,0x5AEB,0x5ACB,0x5ACB,0x52AA,0x4A69,0x4A69,0x4A49,0x4228,0x4A49,0x4A49,
  0x7BF0,0x7BCF,0x8430,0x7BEF,0x7BCF,0x8410,0x8410,0x8C51,0x2124,0x0000,0x18C3,0x1082,0x0000,0x0000,0x02B3,0x04FF,
  0x03BA,0x0000,0x0000,0x0020,0x0020,0x0020,0x0020,0x0020,0x0020,0x0020,0x0020,0x0020,0x0020,0x0020,0x0020,0x0020,
  0x0020,0x0020,0x0020,0x0020,0x0020,0x0020,0x0020,0x0020,0x0020,0x0020,0x0020,0x0020,0x0020,0x0020,0x0020,0x0020,
  0x0020,0x0020,0x0020,0x0021,0x0021,0x0021,0x0020,0x0020,0x0021,0x0020,0x0020,0x0020,0x0020,0x0020,0x0020,0x0020,
  0x0020,0x0020,0x0021,0x0020,0x0020,0x0020,0x0020,0x0021,0x0020,0x0020,0x0020,0x0021,0x0021,0x0021,0x0021,0x0020,
  0x0021,0x0020,0x0020,0x0020,0x0020,0x0020,0x0020,0x0020,0x0020,0x0020,0x0020,0x0020,0x0020,0x0020,0x0020,0x0020,
  0x0021,0x0021,0x0021,0x0020,0x0020,0x0020,0x0020,0x0020,0x0020,0x0020,0x0020,0x0020,0x0020,0x0020,0x0020,0x0020,
  0x0020,0x0020,0x0020,0x0020,0x0020,0x0020,0x0020,0x0020,0x0020,0x0020,0x0020,0x0020,0x0020,0x0020,0x0020,0x0020,
  0x0020,0x0020,0x0020,0x0020,0x0020,0x0020,0x0020,0x0020,0x0020,0x0020,0x0020,0x0020,0x0020,0x0020,0x0020,0x0020,
  0x0020,0x0020,0x0020,0x0020,0x0020,0x0020,0x0020,0x0020,0x0020,0x0020,0x0020,0x0020,0x0020,0x0020,0x0020,0x0000,
  0x0020,0x0020,0x0020,0x0000,0x0000,0x0000,0x0000,0x0000,0x0000,0x0000,0x0000,0x0000,0x0000,0x0020,0x0000,0x0000,
  0x0000,0x0000,0x0000,0x0000,0x0000,0x0000,0x0000,0x0000,0x0000,0x0000,0x0000,0x0000,0x0000,0x0000,0x0000,0x0000,
  0x0000,0x0000,0x0000,0x0000,0x0000,0x0000,0x0000,0x0000,0x0000,0x0000,0x0000,0x0000,0x0000,0x0000,0x0000,0x0000,
  0x0000,0x0000,0x0000,0x0000,0x0000,0x0000,0x0000,0x0000,0x0000,0x0000,0x0000,0x0021,0x2124,0x39C6,0x3165,0x18E3,
  0x0861,0x0020,0x0841,0x0841,0x0000,0x0000,0x2124,0x1082,0x0861,0x0861,0x0841,0x0841,0x0861,0x0861,0x0861,0x1082,
  0x0841,0x1082,0x1082,0x0861,0x0861,0x0861,0x0861,0x0861,0x0861,0x0861,0x1081,0x1082,0x1082,0x1082,0x10A2,0x1082,
  0x10A2,0x18C3,0x18C3,0x2104,0x2124,0x2103,0x18E3,0x2945,0x2124,0x2944,0x2945,0x2965,0x3185,0x31A6,0x3186,0x3185,
  0x31A6,0x31A6,0x31A6,0x39C7,0x39C7,0x39C7,0x39E7,0x4228,0x4208,0x4228,0x3A07,0x4208,0x39E7,0x2945,0x2944,0x2945,
  0x3186,0x2104,0x18E3,0x18E3,0x18E3,0x2924,0x2965,0x2124,0x2124,0x3186,0x2965,0x2104,0x2104,0x2945,0x2104,0x2104,
  0x2104,0x18E3,0x18C3,0x18E3,0x18E3,0x18E3,0x18E3,0x18E3,0x18C3,0x10A2,0x10A2,0x10A2,0x10A2,0x18C3,0x18C3,0x18C3,
  0x7BF0,0x73AE,0x73AF,0x73AE,0x73AF,0x8C51,0x7BEF,0x2945,0x0000,0x0861,0x2124,0x0882,0x0000,0x02B3,0x04FF,0x03BB,
  0x0000,0x0000,0x0000,0x0020,0x0020,0x0020,0x0020,0x0020,0x0020,0x0020,0x0021,0x0020,0x0020,0x0020,0x0020,0x0020,
  0x0021,0x0020,0x0021,0x0020,0x0020,0x0020,0x0020,0x0021,0x0021,0x0020,0x0021,0x0021,0x0020,0x0020,0x0021,0x0020,
  0x0020,0x0021,0x0021,0x0020,0x0020,0x0021,0x0021,0x0020,0x0020,0x0020,0x0020,0x0020,0x0020,0x0021,0x0020,0x0020,
  0x0020,0x0021,0x0021,0x0020,0x0021,0x0020,0x0021,0x0021,0x0021,0x0021,0x0021,0x0021,0x0021,0x0021,0x0020,0x0020,
  0x0021,0x0020,0x0020,0x0020,0x0020,0x0020,0x0020,0x0020,0x0020,0x0020,0x0020,0x0020,0x0020,0x0020,0x0020,0x0020,
  0x0021,0x0021,0x0021,0x0020,0x0020,0x0020,0x0020,0x0020,0x0020,0x0020,0x0020,0x0020,0x0020,0x0020,0x0020,0x0021,
  0x0020,0x0020,0x0020,0x0020,0x0020,0x0020,0x0020,0x0020,0x0020,0x0020,0x0020,0x0020,0x0020,0x0020,0x0020,0x0020,
  0x0020,0x0020,0x0020,0x0020,0x0020,0x0020,0x0020,0x0020,0x0020,0x0020,0x0020,0x0020,0x0020,0x0020,0x0020,0x0020,
  0x0020,0x0020,0x0020,0x0020,0x0020,0x0020,0x0020,0x0020,0x0020,0x0020,0x0020,0x0020,0x0020,0x0020,0x0020,0x0020,
  0x0020,0x0020,0x0020,0x0000,0x0020,0x0000,0x0000,0x0000,0x0000,0x0000,0x0000,0x0000,0x0000,0x0000,0x0000,0x0000,
  0x0000,0x0000,0x0000,0x0000,0x0000,0x0000,0x0000,0x0000,0x0000,0x0000,0x0000,0x0000,0x0000,0x0000,0x0000,0x0000,
  0x0000,0x0000,0x0000,0x0000,0x0000,0x0000,0x0000,0x0000,0x0000,0x0000,0x0000,0x0000,0x0000,0x0000,0x0000,0x0000,
  0x0000,0x0000,0x0000,0x0000,0x0000,0x0000,0x0002,0x0842,0x2104,0x1082,0x0841,0x0020,0x10A2,0x39E7,0x4207,0x18C3,
  0x0882,0x0840,0x0000,0x0000,0x0000,0x0000,0x0000,0x0000,0x0000,0x0000,0x0000,0x0000,0x0000,0x0000,0x0000,0x0000,
  0x0000,0x0000,0x0000,0x0000,0x0000,0x0000,0x0000,0x0000,0x0000,0x0000,0x0000,0x0000,0x0000,0x0000,0x0000,0x0000,
  0x0000,0x0000,0x0000,0x0000,0x0000,0x0000,0x0000,0x0000,0x0000,0x0000,0x0000,0x0000,0x0000,0x0000,0x0000,0x0000,
  0x0000,0x0000,0x0000,0x0000,0x0000,0x0000,0x0000,0x0000,0x0000,0x0000,0x0000,0x0000,0x0000,0x0000,0x0000,0x0000,
  0x0841,0x2104,0x2104,0x2124,0x2124,0x2104,0x1904,0x2124,0x2104,0x18E3,0x2104,0x18E3,0x2104,0x2124,0x2104,0x2104,
  0x2124,0x2104,0x18E3,0x18C3,0x18E3,0x18C3,0x10A2,0x10A2,0x1082,0x1082,0x0861,0x0841,0x0020,0x0000,0x0000,0x0000,
  0x73CF,0x7BEF,0x7BCF,0x738E,0x8410,0x7BCF,0x18E3,0x0000,0x0020,0x0841,0x0041,0x0000,0x0252,0x049F,0x03DD,0x0000,
  0x0000,0x0020,0x0020,0x0020,0x0020,0x0020,0x0020,0x0020,0x0020,0x0021,0x0020,0x0021,0x0021,0x0020,0x0020,0x0020,
  0x0020,0x0020,0x0020,0x0020,0x0021,0x0021,0x0021,0x0020,0x0020,0x0020,0x0021,0x0020,0x0021,0x0021,0x0021,0x0020,
  0x0020,0x0020,0x0021,0x0021,0x0021,0x0021,0x0021,0x0021,0x0021,0x0021,0x0020,0x0020,0x0021,0x0021,0x0020,0x0020,
  0x0021,0x0021,0x0021,0x0021,0x0020,0x0020,0x0021,0x0021,0x0021,0x0021,0x0021,0x0021,0x0021,0x0021,0x0020,0x0020,
  0x0020,0x0020,0x0020,0x0020,0x0020,0x0020,0x0020,0x0020,0x0020,0x0020,0x0020,0x0020,0x0020,0x0020,0x0020,0x0021,
  0x0021,0x0021,0x0020,0x0020,0x0020,0x0020,0x0020,0x0020,0x0020,0x0020,0x0020,0x0021,0x0020,0x0020,0x0020,0x0020,
  0x0020,0x0020,0x0020,0x0020,0x0020,0x0020,0x0020,0x0020,0x0020,0x0020,0x0020,0x0020,0x0020,0x0020,0x0020,0x0020,
  0x0020,0x0020,0x0020,0x0020,0x0020,0x0020,0x0020,0x0020,0x0020,0x0020,0x0020,0x0020,0x0020,0x0020,0x0020,0x0020,
  0x0020,0x0020,0x0020,0x0020,0x0020,0x0020,0x0020,0x0020,0x0020,0x0020,0x0020,0x0020,0x0020,0x0020,0x0020,0x0020,
  0x0020,0x0020,0x0020,0x0020,0x0020,0x0020,0x0000,0x0020,0x0020,0x0020,0x0000,0x0000,0x0000,0x0000,0x0000,0x0020,
  0x0000,0x0000,0x0000,0x0000,0x0000,0x0000,0x0000,0x0020,0x0000,0x0000,0x0000,0x0000,0x0000,0x0000,0x0000,0x0000,
  0x0000,0x0020,0x0000,0x0020,0x0000,0x0000,0x0000,0x0000,0x0000,0x0000,0x0000,0x0000,0x0000,0x0000,0x0000,0x0000,
  0x0000,0x0000,0x0000,0x0000,0x0000,0x0044,0x0195,0x1082,0x5289,0x39C7,0x18C3,0x0841,0x0020,0x18C3,0x0000,0x0861,
  0x18E3,0x18C3,0x10A2,0x18C3,0x18C3,0x18E3,0x18E3,0x18C3,0x18C3,0x18C3,0x18C3,0x18C3,0x18C3,0x18C3,0x18C3,0x10A2,
  0x10A2,0x10A2,0x10A2,0x18A3,0x18C3,0x10A2,0x10A2,0x1082,0x1082,0x1082,0x0861,0x0861,0x0861,0x0861,0x0861,0x0861,
  0x0861,0x0861,0x0841,0x0820,0x0841,0x0841,0x0820,0x0841,0x0020,0x0841,0x0840,0x0020,0x0020,0x0020,0x0020,0x0020,
  0x0020,0x0000,0x0020,0x0020,0x0020,0x0020,0x0020,0x0020,0x0000,0x0000,0x0020,0x0821,0x0841,0x0020,0x0861,0x0841,
  0x1082,0x2104,0x2104,0x18E3,0x18C3,0x18E3,0x18C3,0x18E4,0x18E4,0x18E3,0x2125,0x18C3,0x1904,0x2124,0x2124,0x2124,
  0x2945,0x2966,0x2986,0x31C7,0x39C7,0x3186,0x2966,0x2965,0x31C7,0x31A6,0x31A6,0x3186,0x39E8,0x3186,0x0000,0x0041,
  0x73AF,0x6B8E,0x6B8E,0x7BF0,0x8410,0x2124,0x0000,0x0020,0x0040,0x0000,0x0000,0x01F0,0x045F,0x03BD,0x0001,0x0000,
  0x0862,0x0020,0x0020,0x0020,0x0020,0x0020,0x0020,0x0020,0x0020,0x0021,0x0021,0x0021,0x0021,0x0021,0x0020,0x0020,
  0x0020,0x0021,0x0020,0x0021,0x0021,0x0021,0x0021,0x0021,0x0021,0x0021,0x0021,0x0021,0x0021,0x0021,0x0021,0x0021,
  0x0021,0x0021,0x0021,0x0021,0x0021,0x0021,0x0021,0x0021,0x0021,0x0021,0x0020,0x0020,0x0020,0x0021,0x0020,0x0021,
  0x0021,0x0021,0x0021,0x0020,0x0020,0x0021,0x0021,0x0021,0x0021,0x0021,0x0021,0x0021,0x0020,0x0021,0x0020,0x0020,
  0x0020,0x0020,0x0020,0x0020,0x0020,0x0020,0x0020,0x0021,0x0020,0x0020,0x0020,0x0020,0x0020,0x0020,0x0020,0x0021,
  0x0020,0x0021,0x0021,0x0020,0x0020,0x0021,0x0021,0x0020,0x0020,0x0020,0x0020,0x0021,0x0020,0x0020,0x0021,0x0020,
  0x0020,0x0020,0x0020,0x0021,0x0020,0x0020,0x0021,0x0020,0x0020,0x0020,0x0020,0x0020,0x0020,0x0020,0x0020,0x0020,
  0x0020,0x0020,0x0020,0x0020,0x0020,0x0020,0x0020,0x0020,0x0020,0x0020,0x0020,0x0020,0x0020,0x0020,0x0020,0x0020,
  0x0020,0x0020,0x0020,0x0020,0x0020,0x0020,0x0020,0x0020,0x0020,0x0020,0x0020,0x0020,0x0020,0x0020,0x0020,0x0020,
  0x0020,0x0020,0x0020,0x0020,0x0020,0x0020,0x0020,0x0020,0x0020,0x0020,0x0020,0x0020,0x0000,0x0020,0x0020,0x0020,
  0x0020,0x0000,0x0000,0x0000,0x0000,0x0000,0x0000,0x0020,0x0000,0x0000,0x0000,0x0000,0x0000,0x0000,0x0000,0x0000,
  0x0000,0x0000,0x0020,0x0000,0x0000,0x0000,0x0000,0x0000,0x0000,0x0000,0x0000,0x0000,0x0000,0x0000,0x0000,0x0000,
  0x0000,0x0000,0x0000,0x0000,0x0000,0x012F,0x021A,0x0861,0x52AA,0x39E7,0x1082,0x0020,0x0020,0x0000,0x2945,0xA514,
  0x8C71,0x8C71,0x8C71,0x8C71,0x9492,0x8C71,0x8C71,0x9492,0x8C71,0x8C51,0x8C71,0x8C71,0x8430,0x8430,0x7C10,0x73CF,
  0x73AE,0x73AE,0x6B6E,0x6B6D,0x6B6D,0x6B4D,0x630C,0x52CB,0x630C,0x528A,0x4A49,0x4228,0x4228,0x4228,0x4228,0x41E7,
  0x39E7,0x39C7,0x3186,0x2965,0x2965,0x2945,0x2945,0x2945,0x2945,0x2965,0x2945,0x2944,0x2124,0x2124,0x2965,0x3186,
  0x2965,0x2965,0x3186,0x3186,0x3186,0x39C7,0x39C7,0x3186,0x31A6,0x39C7,0x39E7,0x4228,0x18C3,0x0000,0x0021,0x0000,
  0x0000,0x0000,0x0000,0x0000,0x0000,0x0000,0x0000,0x0000,0x0000,0x0000,0x0000,0x0000,0x0000,0x0000,0x0000,0x0000,
  0x0000,0x0000,0x0000,0x0021,0x0041,0x0041,0x0021,0x0021,0x0021,0x0021,0x0041,0x0020,0x10A2,0x4208,0x2965,0x0000,
  0x6B8E,0x6B6E,0x738E,0x7BCF,0x2965,0x0000,0x0861,0x10A2,0x0862,0x0000,0x01CF,0x045F,0x03DD,0x0000,0x0000,0x1082,
  0x18E3,0x0000,0x0020,0x0020,0x0020,0x0020,0x0020,0x0020,0x0021,0x0021,0x0021,0x0021,0x0021,0x0021,0x0020,0x0020,
  0x0021,0x0020,0x0020,0x0020,0x0020,0x0021,0x0021,0x0021,0x0021,0x0021,0x0021,0x0021,0x0021,0x0041,0x0021,0x0021,
  0x0021,0x0021,0x0021,0x0021,0x0021,0x0021,0x0021,0x0021,0x0021,0x0021,0x0021,0x0021,0x0021,0x0021,0x0021,0x0021,
  0x0021,0x0021,0x0021,0x0021,0x0021,0x0021,0x0021,0x0021,0x0021,0x0021,0x0021,0x0021,0x0020,0x0021,0x0021,0x0020,
  0x0020,0x0020,0x0020,0x0020,0x0020,0x0020,0x0020,0x0021,0x0021,0x0021,0x0020,0x0021,0x0021,0x0021,0x0021,0x0021,
  0x0021,0x0021,0x0020,0x0020,0x0021,0x0020,0x0020,0x0020,0x0020,0x0020,0x0020,0x0020,0x0020,0x0020,0x0020,0x0020,
  0x0021,0x0021,0x0021,0x0021,0x0020,0x0021,0x0021,0x0021,0x0020,0x0020,0x0020,0x0020,0x0020,0x0021,0x0020,0x0020,
  0x0020,0x0020,0x0020,0x0020,0x0020,0x0020,0x0020,0x0020,0x0020,0x0020,0x0020,0x0020,0x0020,0x0020,0x0020,0x0020,
  0x0020,0x0020,0x0020,0x0020,0x0020,0x0020,0x0020,0x0020,0x0020,0x0020,0x0020,0x0020,0x0020,0x0020,0x0020,0x0020,
  0x0000,0x0020,0x0020,0x0020,0x0020,0x0020,0x0020,0x0020,0x0000,0x0000,0x0020,0x0020,0x0020,0x0020,0x0020,0x0020,
  0x0020,0x0000,0x0020,0x0000,0x0000,0x0020,0x0000,0x0000,0x0020,0x0000,0x0000,0x0000,0x0000,0x0000,0x0000,0x0000,
  0x0000,0x0000,0x0020,0x0000,0x0000,0x0000,0x0000,0x0000,0x0000,0x0000,0x0000,0x0000,0x0000,0x0000,0x0000,0x0000,
  0x0000,0x0000,0x0000,0x0000,0x0000,0x010E,0x021A,0x0020,0x2104,0x2145,0x39A6,0x18C3,0x0000,0x2945,0x9CD3,0x630C,
  0x528A,0x528A,0x4A8A,0x5ACB,0x52AA,0x5ACB,0x528A,0x528A,0x52AB,0x5ACB,0x52AA,0x52AA,0x4A8A,0x4A49,0x4A49,0x4A49,
  0x4208,0x4208,0x3A08,0x4208,0x39E7,0x39C7,0x39C7,0x39C7,0x31A6,0x31A6,0x3186,0x2965,0x3186,0x31A6,0x2965,0x2965,
  0x2965,0x2965,0x2944,0x2945,0x2945,0x2945,0x2945,0x2945,0x2965,0x2945,0x2945,0x2945,0x2945,0x2965,0x31A6,0x39C7,
  0x39E7,0x39E7,0x39C7,0x39E7,0x4A49,0x4A69,0x528A,0x4A49,0x4A69,0x4A49,0x52AA,0x2124,0x0000,0x0041,0x0021,0x0000,
  0x2125,0x2986,0x2966,0x31A7,0x1904,0x0000,0x0000,0x0020,0x2124,0x1904,0x2105,0x2145,0x0882,0x0001,0x0021,0x0000,
  0x0000,0x0000,0x0000,0x0000,0x0000,0x0000,0x0000,0x0000,0x0000,0x0000,0x0000,0x0000,0x0000,0x18C3,0x31A7,0x0020,
  0x738E,0x6B4D,0x73AF,0x2985,0x0000,0x1082,0x18E3,0x0862,0x0000,0x018C,0x043F,0x043F,0x0021,0x0000,0x0861,0x2965,
  0x0000,0x0020,0x0020,0x0020,0x0020,0x0020,0x0020,0x0020,0x0020,0x0020,0x0021,0x0021,0x0020,0x0021,0x0021,0x0020,
  0x0020,0x0020,0x0020,0x0021,0x0020,0x0021,0x0021,0x0021,0x0021,0x0021,0x0021,0x0021,0x0041,0x0021,0x0021,0x0021,
  0x0021,0x0021,0x0021,0x0041,0x0021,0x0021,0x0021,0x0021,0x0021,0x0021,0x0021,0x0021,0x0021,0x0021,0x0021,0x0021,
  0x0021,0x0021,0x0021,0x0021,0x0021,0x0021,0x0021,0x0021,0x0021,0x0021,0x0021,0x0021,0x0021,0x0021,0x0021,0x0020,
  0x0020,0x0021,0x0021,0x0020,0x0020,0x0020,0x0020,0x0020,0x0020,0x0021,0x0020,0x0021,0x0020,0x0021,0x0020,0x0021,
  0x0020,0x0020,0x0020,0x0020,0x0021,0x0020,0x0020,0x0020,0x0020,0x0020,0x0020,0x0020,0x0020,0x0020,0x0020,0x0020,
  0x0020,0x0020,0x0021,0x0021,0x0020,0x0020,0x0021,0x0021,0x0020,0x0021,0x0020,0x0020,0x0020,0x0020,0x0020,0x0020,
  0x0020,0x0020,0x0020,0x0020,0x0020,0x0020,0x0020,0x0020,0x0020,0x0020,0x0020,0x0020,0x0020,0x0020,0x0020,0x0020,
  0x0020,0x0020,0x0020,0x0020,0x0020,0x0020,0x0020,0x0020,0x0020,0x0020,0x0020,0x0020,0x0020,0x0020,0x0020,0x0020,
  0x0000,0x0020,0x0020,0x0020,0x0020,0x0000,0x0020,0x0020,0x0020,0x0020,0x0000,0x0020,0x0020,0x0020,0x0020,0x0020,
  0x0020,0x0020,0x0000,0x0000,0x0000,0x0000,0x0000,0x0000,0x0020,0x0000,0x0000,0x0000,0x0000,0x0000,0x0000,0x0000,
  0x0000,0x0000,0x0000,0x0000,0x0000,0x0000,0x0000,0x0000,0x0000,0x0000,0x0000,0x0000,0x0000,0x0000,0x0000,0x0000,
  0x0000,0x0000,0x0000,0x0000,0x0000,0x010E,0x021B,0x0000,0x1082,0x2104,0x3186,0x0000,0x2104,0x8430,0x5ACB,0x528A,
  0x5ACB,0x528A,0x5ACB,0x632C,0x5ACB,0x52CB,0x52AA,0x5AEB,0x52AB,0x5AEB,0x5AEC,0x632D,0x632D,0x5ACB,0x5AEC,0x5AEC,
  0x52CB,0x52AB,0x528A,0x4A8A,0x4249,0x4249,0x4208,0x3A08,0x39E8,0x39E8,0x31C7,0x39C7,0x39E7,0x39E7,0x31A7,0x31A7,
  0x31A7,0x31A7,0x2966,0x2986,0x2986,0x2965,0x2965,0x3186,0x3186,0x2966,0x2966,0x2966,0x3186,0x31A6,0x39C7,0x4208,
  0x4229,0x4208,0x4228,0x4A69,0x528A,0x4A49,0x4A49,0x4A6A,0x4A69,0x4A49,0x18E3,0x0000,0x0041,0x0041,0x0000,0x2966,
  0x3A09,0x31A7,0x31C7,0x2145,0x0021,0x0021,0x0841,0x31A7,0x2987,0x2145,0x2145,0x1082,0x0020,0x0041,0x0000,0x0084,
  0x02F8,0x0298,0x0297,0x0277,0x0258,0x0217,0x0218,0x0219,0x0218,0x01F9,0x0193,0x0021,0x0000,0x0841,0x3186,0x0020,
  0x7BCF,0x7BF0,0x3186,0x0000,0x0000,0x10A2,0x1082,0x0000,0x018C,0x03DF,0x03DF,0x0022,0x0000,0x0841,0x39C7,0x1082,
  0x0000,0x0020,0x0020,0x0020,0x0020,0x0020,0x0020,0x0020,0x0020,0x0021,0x0020,0x0021,0x0020,0x0021,0x0021,0x0020,
  0x0020,0x0020,0x0021,0x0020,0x0020,0x0020,0x0021,0x0021,0x0021,0x0041,0x0021,0x0021,0x0021,0x0021,0x0021,0x0021,
  0x0020,0x0021,0x0021,0x0021,0x0021,0x0021,0x0021,0x0041,0x0021,0x0021,0x0021,0x0021,0x0021,0x0021,0x0021,0x0020,
  0x0020,0x0021,0x0020,0x0020,0x0021,0x0021,0x0021,0x0021,0x0021,0x0021,0x0021,0x0021,0x0021,0x0021,0x0021,0x0020,
  0x0020,0x0020,0x0020,0x0020,0x0020,0x0020,0x0021,0x0020,0x0021,0x0021,0x0021,0x0021,0x0021,0x0020,0x0021,0x0021,
  0x0020,0x0021,0x0021,0x0021,0x0021,0x0021,0x0021,0x0020,0x0020,0x0020,0x0020,0x0020,0x0021,0x0020,0x0020,0x0021,
  0x0021,0x0021,0x0021,0x0021,0x0021,0x0021,0x0021,0x0021,0x0021,0x0021,0x0021,0x0020,0x0020,0x0020,0x0021,0x0021,
  0x0021,0x0020,0x0020,0x0020,0x0020,0x0020,0x0020,0x0020,0x0020,0x0020,0x0021,0x0020,0x0020,0x0020,0x0020,0x0020,
  0x0020,0x0020,0x0020,0x0020,0x0020,0x0020,0x0020,0x0020,0x0020,0x0020,0x0020,0x0020,0x0020,0x0020,0x0020,0x0020,
  0x0020,0x0020,0x0020,0x0020,0x0020,0x0020,0x0020,0x0020,0x0020,0x0020,0x0020,0x0020,0x0020,0x0020,0x0020,0x0020,
  0x0020,0x0020,0x0020,0x0020,0x0020,0x0020,0x0000,0x0020,0x0020,0x0020,0x0020,0x0020,0x0000,0x0020,0x0020,0x0000,
  0x0000,0x0020,0x0000,0x0020,0x0020,0x0020,0x0020,0x0020,0x0000,0x0000,0x0020,0x0020,0x0020,0x0000,0x0000,0x0000,
  0x0000,0x0000,0x0000,0x0000,0x0000,0x012F,0x025B,0x0000,0x0841,0x1082,0x0000,0x2104,0x8C50,0x52AA,0x528A,0x52CB,
  0x528A,0x5ACB,0x632C,0x632C,0x5ACB,0x5AEB,0x5AEC,0x5ACB,0x52CB,0x52AB,0x2124,0x2944,0x2124,0x18E2,0x2103,0x2123,
  0x2103,0x2103,0x2103,0x18E2,0x18E2,0x18C2,0x10A1,0x18A1,0x18A1,0x18A1,0x1081,0x10A1,0x10A1,0x1081,0x10A1,0x1081,
  0x1081,0x1081,0x1081,0x1081,0x1081,0x1060,0x1060,0x1081,0x1081,0x1081,0x1081,0x1081,0x1081,0x10A1,0x18A1,0x18C2,
  0x18C2,0x18C2,0x18E2,0x20E2,0x20E2,0x18E2,0x18E2,0x20E2,0x2124,0x18C3,0x0000,0x0021,0x0021,0x0000,0x2986,0x4229,
  0x31A7,0x31C7,0x2124,0x0000,0x0000,0x0041,0x31C7,0x31C8,0x2986,0x2986,0x0882,0x0000,0x0021,0x0000,0x00A4,0x03DF,
  0x039F,0x037F,0x037F,0x031F,0x02DF,0x02DF,0x02BF,0x027F,0x02BF,0x02BF,0x00C9,0x0000,0x0000,0x0861,0x2965,0x0020,
  0x7BF0,0x31A7,0x0000,0x0861,0x0020,0x0021,0x0000,0x014A,0x03DF,0x039F,0x0022,0x0000,0x0041,0x39E7,0x2965,0x0000,
  0x0020,0x0020,0x0021,0x0021,0x0041,0x0041,0x0041,0x0041,0x0041,0x0041,0x0041,0x0041,0x0041,0x0021,0x0041,0x0021,
  0x0021,0x0021,0x0020,0x0020,0x0021,0x0041,0x0041,0x0041,0x0041,0x0041,0x0041,0x0041,0x0041,0x0021,0x0021,0x0021,
  0x0041,0x0021,0x0041,0x0020,0x0020,0x0021,0x0021,0x0021,0x0021,0x0021,0x0021,0x0021,0x0021,0x0021,0x0021,0x0020,
  0x0020,0x0020,0x0020,0x0021,0x0021,0x0020,0x0021,0x0021,0x0021,0x0020,0x0020,0x0020,0x0020,0x0021,0x0020,0x0020,
  0x0020,0x0020,0x0020,0x0020,0x0020,0x0020,0x0020,0x0020,0x0020,0x0020,0x0020,0x0020,0x0020,0x0020,0x0020,0x0020,
  0x0020,0x0020,0x0020,0x0020,0x0020,0x0000,0x0020,0x0020,0x0020,0x0000,0x0000,0x0000,0x0000,0x0000,0x0020,0x0021,
  0x0000,0x0000,0x0000,0x0000,0x0000,0x0000,0x0000,0x0000,0x0000,0x0000,0x0000,0x0000,0x0000,0x0020,0x0000,0x0000,
  0x0000,0x0000,0x0000,0x0000,0x0000,0x0000,0x0000,0x0000,0x0000,0x0000,0x0000,0x0020,0x0000,0x0000,0x0000,0x0000,
  0x0000,0x0000,0x0000,0x0000,0x0000,0x0000,0x0000,0x0000,0x0000,0x0020,0x0000,0x0000,0x0000,0x0000,0x0000,0x0000,
  0x0000,0x0000,0x0000,0x0000,0x0000,0x0000,0x0000,0x0000,0x0000,0x0000,0x0000,0x0000,0x0000,0x0000,0x0000,0x0000,
  0x0000,0x0000,0x0000,0x0000,0x0000,0x0000,0x0000,0x0000,0x0000,0x0000,0x0000,0x0000,0x0000,0x0000,0x0000,0x0000,
  0x0000,0x0000,0x0000,0x0000,0x0000,0x0000,0x0000,0x0000,0x0000,0x0000,0x0000,0x0000,0x0000,0x0000,0x0000,0x0000,
  0x0000,0x0000,0x0000,0x0020,0x0000,0x012F,0x025B,0x0000,0x0000,0x0000,0x2924,0x8C51,0x5AEB,0x52AA,0x52AB,0x52CB,
  0x5B0C,0x630C,0x632C,0x5ACB,0x5AEC,0x52CB,0x5AEB,0x630C,0x5B0C,0x1081,0x0066,0x0151,0x0131,0x0173,0x0173,0x0194,
  0x01B5,0x01B5,0x01B5,0x01B5,0x01B4,0x0194,0x0194,0x01B4,0x01B4,0x0194,0x01B4,0x01B4,0x01B4,0x0194,0x01B4,0x01B4,
  0x01B4,0x01D5,0x01D5,0x01D5,0x01D5,0x01D5,0x01D5,0x01D5,0x01B4,0x01B4,0x01B4,0x01B4,0x01B4,0x01B4,0x0194,0x0173,
  0x0193,0x0172,0x0172,0x0172,0x0171,0x0150,0x0150,0x01B4,0x0065,0x0000,0x0041,0x0021,0x0000,0x2965,0x39E8,0x2986,
  0x39E8,0x2125,0x0000,0x0000,0x0041,0x31C7,0x31A7,0x2986,0x31A7,0x10A3,0x0000,0x0041,0x0000,0x00A4,0x03DF,0x039F,
  0x037F,0x037F,0x033F,0x031F,0x02DF,0x027F,0x027F,0x027F,0x02BF,0x0065,0x0000,0x0021,0x0000,0x1062,0x2966,0x0000,
  0x31C7,0x0000,0x1082,0x2104,0x0021,0x0000,0x00E8,0x039F,0x039F,0x0022,0x0000,0x0020,0x31A6,0x39E7,0x0841,0x0000,
  0x0021,0x0020,0x0000,0x0000,0x0000,0x0000,0x0000,0x0000,0x0000,0x0000,0x0000,0x0000,0x0000,0x0000,0x0000,0x0000,
  0x0000,0x0000,0x0000,0x0000,0x0000,0x0000,0x0000,0x0000,0x0000,0x0000,0x0000,0x0000,0x0000,0x0000,0x0000,0x0000,
  0x0000,0x0000,0x0000,0x0000,0x0000,0x0000,0x0000,0x0000,0x0000,0x0000,0x0000,0x0000,0x0000,0x0000,0x0000,0x0000,
  0x0000,0x0000,0x0020,0x0000,0x0000,0x0000,0x0000,0x0000,0x0000,0x0000,0x0020,0x0020,0x0020,0x0020,0x0020,0x0020,
  0x0020,0x0020,0x0000,0x0020,0x0020,0x0020,0x0020,0x0020,0x0020,0x0020,0x0020,0x0020,0x0020,0x0020,0x0041,0x0841,
  0x0000,0x0020,0x0841,0x0841,0x0841,0x0841,0x0841,0x0841,0x0841,0x0861,0x0861,0x0861,0x0861,0x0861,0x0040,0x0020,
  0x1082,0x1062,0x0862,0x0862,0x0862,0x1082,0x1082,0x1082,0x1082,0x1082,0x1082,0x10A2,0x0861,0x0000,0x1082,0x10A2,
  0x10A2,0x10A2,0x10A2,0x10A3,0x10A3,0x10A3,0x10A2,0x10A2,0x10A2,0x18C3,0x1082,0x0000,0x10A3,0x18E3,0x18C3,0x18C3,
  0x18C3,0x18C3,0x18C3,0x18C3,0x18E3,0x18C3,0x18C3,0x18E4,0x10A2,0x0000,0x2125,0x2945,0x2145,0x2145,0x2945,0x2945,
  0x2945,0x2945,0x2965,0x2945,0x2945,0x2965,0x0861,0x0841,0x31A6,0x3186,0x3186,0x3186,0x3186,0x3186,0x3186,0x3186,
  0x31A6,0x3186,0x3185,0x2945,0x0020,0x3821,0x7801,0x7000,0x7000,0x7000,0x7801,0x8001,0x8000,0x8001,0x8801,0x8801,
  0x8801,0x0800,0x4021,0x9801,0x9001,0x9001,0x9801,0x9801,0x9801,0x9800,0x9000,0x9001,0x9801,0x8001,0x0000,0x0000,
  0x0000,0x0000,0x0000,0x0000,0x0000,0x012E,0x023B,0x0000,0x0000,0x0000,0x632C,0x5B0C,0x528A,0x52AA,0x52CB,0x630C,
  0x5AEB,0x5AEC,0x5B0C,0x5AEB,0x630C,0x52AA,0x52CB,0x5AEC,0x18C2,0x0150,0x02BF,0x02BF,0x02BF,0x02DF,0x031F,0x031F,
  0x033F,0x033F,0x031F,0x031F,0x031F,0x031F,0x033F,0x033F,0x033F,0x033F,0x033F,0x037F,0x033F,0x033F,0x033F,0x033F,
  0x033F,0x033F,0x033F,0x033F,0x031F,0x033F,0x033F,0x031F,0x031F,0x031F,0x031F,0x031F,0x02DF,0x02DF,0x02DF,0x02DF,
  0x02DF,0x02BF,0x02BF,0x02BF,0x02BF,0x02BF,0x02BF,0x01F7,0x0021,0x0021,0x0021,0x0000,0x2966,0x39E8,0x2966,0x31A7,
  0x2125,0x0000,0x0021,0x0862,0x31C7,0x2987,0x2166,0x2986,0x10A3,0x0000,0x0041,0x0000,0x00E7,0x03DF,0x03DF,0x037F,
  0x037F,0x037F,0x033F,0x02DF,0x02BF,0x027F,0x027F,0x027F,0x0065,0x0000,0x0021,0x0021,0x0000,0x1082,0x2966,0x0000,
  0x0000,0x0000,0x1082,0x0882,0x0000,0x00E8,0x039F,0x039F,0x0042,0x0000,0x0020,0x2986,0x39C7,0x18E3,0x0000,0x0020,
  0x0020,0x0021,0x4208,0x4A6A,0x4A69,0x4A69,0x4A69,0x4A69,0x4A69,0x4A8A,0x528A,0x528A,0x528A,0x4A6A,0x4A69,0x4A69,
  0x4A69,0x528A,0x2125,0x0000,0x31A6,0x4A6A,0x4A69,0x4A69,0x4A69,0x4A6A,0x4A6A,0x4A6A,0x4A6A,0x528A,0x4A8A,0x4A8A,
  0x52AA,0x528A,0x528A,0x3186,0x0000,0x2965,0x4208,0x39E8,0x3A08,0x4208,0x4209,0x4208,0x4229,0x4249,0x4249,0x4229,
  0x4208,0x4229,0x2945,0x0000,0x39C7,0x52CB,0x528B,0x52AB,0x52AB,0x52AA,0x4A8A,0x4A6A,0x528A,0x528A,0x528A,0x4A6A,
  0x52AB,0x18E3,0x0021,0x52AB,0x5ACB,0x52AA,0x52AB,0x52AB,0x52AB,0x528A,0x528B,0x528A,0x52AB,0x528A,0x52AB,0x4229,
  0x0000,0x31A7,0x5ACB,0x4A6A,0x4A6A,0x528A,0x528A,0x4A49,0x4A49,0x4A49,0x4A6A,0x4A8A,0x4A6A,0x4A6A,0x0861,0x18A3,
  0x5AEC,0x5ACB,0x52AB,0x528B,0x528B,0x528A,0x528A,0x528A,0x4A8A,0x528A,0x528A,0x52AB,0x2104,0x0841,0x5AEC,0x630C,
  0x5AEC,0x5AEC,0x5ACB,0x5AEC,0x5ACB,0x5ACB,0x5ACB,0x52AB,0x52AB,0x5AEC,0x2945,0x0841,0x5ACB,0x5ACC,0x528B,0x52AB,
  0x52AB,0x52AB,0x52AB,0x528B,0x52AB,0x528A,0x4A6A,0x52AB,0x18E4,0x1082,0x5AEC,0x5AEC,0x5B0C,0x630C,0x630C,0x5AEB,
  0x52CB,0x5ACB,0x5ACB,0x5ACB,0x52CB,0x5ACB,0x0861,0x39C7,0x6B2C,0x5AEB,0x62EB,0x5AEB,0x5AEB,0x5AEB,0x5AEB,0x5AEB,
  0x5ACB,0x528A,0x52AA,0x39C7,0x0800,0xD801,0xD801,0xD801,0xE000,0xE001,0xE001,0xE001,0xD801,0xD801,0xD801,0xE001,
  0xA001,0x0000,0xE801,0xF800,0xF000,0xE801,0xE801,0xE801,0xF001,0xF800,0xF000,0xE001,0xF801,0x8000,0x0000,0x0000,
  0x0000,0x0000,0x0000,0x0020,0x0000,0x012E,0x023B,0x0000,0x0861,0x0000,0x4228,0x528A,0x52AA,0x52AB,0x5ACB,0x5AEB,
  0x5AEC,0x5AEC,0x632C,0x632C,0x630C,0x630C,0x52CB,0x1082,0x0043,0x02BC,0x02BC,0x02FB,0x031C,0x031C,0x031C,0x033C,
  0x033C,0x033C,0x031C,0x033C,0x033C,0x033C,0x033C,0x035C,0x035C,0x035C,0x037C,0x035C,0x035C,0x035C,0x035C,0x035C,
  0x033C,0x035C,0x035C,0x033C,0x033C,0x033C,0x033C,0x031C,0x02FC,0x02FC,0x031C,0x02DC,0x02DC,0x02BC,0x02BC,0x02BC,
  0x02BC,0x027B,0x027B,0x027B,0x027B,0x025C,0x01D5,0x0000,0x0020,0x0041,0x0000,0x2145,0x31C7,0x2125,0x2966,0x18E4,
  0x0000,0x0021,0x0041,0x2986,0x2966,0x2125,0x2145,0x1082,0x0000,0x0021,0x0000,0x0084,0x039F,0x039F,0x039F,0x039F,
  0x037F,0x037F,0x033F,0x031F,0x02BF,0x027F,0x027F,0x0066,0x0000,0x0021,0x0021,0x0021,0x0000,0x1082,0x2966,0x0000,
  0x0020,0x0020,0x0020,0x0000,0x00C7,0x037F,0x037F,0x0064,0x0000,0x0000,0x2986,0x39C7,0x2986,0x0020,0x0000,0x0021,
  0x0000,0x2104,0x39E8,0x3186,0x31A6,0x31A7,0x31A6,0x2986,0x2986,0x3186,0x3186,0x3186,0x31A6,0x3186,0x3186,0x3186,
  0x3186,0x3186,0x0841,0x1082,0x3A08,0x3186,0x31A6,0x3186,0x2986,0x2966,0x2986,0x2986,0x2966,0x2966,0x2966,0x2965,
  0x2965,0x2965,0x2966,0x0841,0x0841,0x2966,0x2145,0x2966,0x2966,0x2966,0x2966,0x2966,0x2966,0x2945,0x2145,0x2145,
  0x2145,0x2145,0x0021,0x1082,0x31C7,0x2986,0x3186,0x3186,0x2986,0x2986,0x2966,0x2966,0x2966,0x2966,0x2986,0x3186,
  0x2966,0x0000,0x1904,0x31A7,0x2966,0x2966,0x2966,0x2986,0x2966,0x2966,0x2966,0x2966,0x2986,0x2986,0x2986,0x0862,
  0x0841,0x4208,0x2986,0x2966,0x2945,0x2966,0x2966,0x2965,0x2145,0x2125,0x2945,0x2966,0x3187,0x2104,0x0000,0x2945,
  0x2966,0x2966,0x2966,0x2966,0x2946,0x2945,0x2945,0x2945,0x2946,0x2966,0x2966,0x2104,0x0000,0x2945,0x39C7,0x2965,
  0x2945,0x2125,0x2125,0x2145,0x2945,0x2145,0x2125,0x2945,0x2966,0x2145,0x0000,0x2945,0x31A7,0x2104,0x2125,0x2125,
  0x2125,0x2145,0x2145,0x2945,0x2945,0x2945,0x2945,0x2125,0x0000,0x2966,0x2125,0x18E3,0x2124,0x2125,0x2104,0x2124,
  0x2104,0x1904,0x18E4,0x2104,0x2125,0x18C3,0x0820,0x5269,0x2104,0x2103,0x20E3,0x20E3,0x18E3,0x20E3,0x20E3,0x2103,
  0x18E3,0x18E3,0x2124,0x0020,0x4800,0xC801,0x7000,0x8800,0x8000,0x8800,0x8800,0x8000,0x8000,0x8000,0x8000,0x9800,
  0x1020,0x3800,0xE801,0xA000,0xB000,0xA000,0xA000,0xA800,0xB000,0xB000,0xB000,0xA800,0x9800,0x0000,0x0000,0x0020,
  0x0000,0x0000,0x0000,0x0020,0x0000,0x012F,0x025B,0x0020,0x18E3,0x0000,0x4228,0x52AA,0x52AA,0x52AA,0x5B0C,0x630C,
  0x632C,0x5AEC,0x5B0C,0x52AB,0x5B0C,0x630C,0x18C3,0x0000,0x0021,0x0000,0x0000,0x0000,0x0000,0x0000,0x0000,0x0000,
  0x0000,0x0000,0x0000,0x0000,0x0000,0x0000,0x0000,0x0000,0x0000,0x0000,0x0000,0x0000,0x0000,0x0000,0x0000,0x0000,
  0x0000,0x0000,0x0000,0x0000,0x0000,0x0000,0x0000,0x0000,0x0000,0x0000,0x0000,0x0000,0x0000,0x0000,0x0000,0x0000,
  0x0000,0x0000,0x0000,0x0000,0x0000,0x0000,0x0000,0x0041,0x0041,0x0041,0x0041,0x0861,0x0020,0x0021,0x0021,0x0020,
  0x0021,0x0041,0x0041,0x0021,0x0021,0x0021,0x0021,0x0020,0x0021,0x0021,0x0021,0x0042,0x0043,0x0022,0x0042,0x0042,
  0x0042,0x0042,0x0022,0x0022,0x0022,0x0022,0x0021,0x0000,0x0021,0x0021,0x0021,0x0021,0x0000,0x1082,0x2966,0x0000,
  0x1082,0x0020,0x0000,0x0086,0x037F,0x039F,0x0064,0x0000,0x0000,0x3186,0x39C7,0x31A6,0x18E3,0x0000,0x0020,0x0020,
  0x0020,0x39C7,0x18E3,0x18C3,0x18C3,0x18C3,0x18C3,0x18C3,0x18C3,0x18C3,0x18C3,0x18C3,0x18C3,0x18E3,0x18E3,0x18C3,
  0x18E3,0x1082,0x0000,0x2965,0x2945,0x18E4,0x18E4,0x18E4,0x1904,0x1904,0x1904,0x1904,0x18E4,0x1904,0x18E4,0x18E4,
  0x18E4,0x1904,0x18C3,0x0000,0x18E4,0x2145,0x2104,0x2125,0x2125,0x2125,0x2125,0x2125,0x2125,0x2125,0x2104,0x2104,
  0x2125,0x18E3,0x0000,0x2945,0x3186,0x2945,0x2945,0x2945,0x2945,0x2965,0x2945,0x2945,0x2945,0x2945,0x2945,0x2986,
  0x10C3,0x0000,0x2966,0x2945,0x2965,0x2966,0x2945,0x2966,0x2966,0x2966,0x2966,0x2966,0x2966,0x2966,0x2945,0x0000,
  0x2104,0x39E8,0x2966,0x2966,0x2966,0x2966,0x2966,0x2966,0x2966,0x2945,0x2945,0x2965,0x3186,0x1082,0x0841,0x31A7,
  0x2966,0x2966,0x2966,0x2966,0x2966,0x2966,0x2966,0x2966,0x3186,0x2966,0x2986,0x18C3,0x0000,0x31C7,0x3186,0x2966,
  0x2966,0x2945,0x2966,0x2966,0x2966,0x2966,0x2966,0x2966,0x3186,0x18E4,0x0020,0x39E8,0x3186,0x2966,0x2966,0x2966,
  0x2966,0x2966,0x2966,0x2966,0x2966,0x2966,0x3186,0x18E4,0x0841,0x39E8,0x2125,0x2965,0x2945,0x2965,0x2965,0x2965,
  0x2945,0x2945,0x2945,0x2945,0x2965,0x0841,0x2104,0x4A49,0x2924,0x2965,0x2945,0x2945,0x2945,0x2945,0x2944,0x2924,
  0x2924,0x2945,0x2945,0x0020,0xB801,0xB800,0x9800,0x9800,0x9800,0x9000,0x9000,0x9000,0x9000,0x9000,0x9800,0x9000,
  0x0000,0xB801,0xD800,0xB000,0xB800,0xB800,0xB800,0xB800,0xB800,0xB801,0xB800,0xC800,0x7800,0x0000,0x0000,0x0000,
  0x0000,0x0000,0x0000,0x0020,0x0000,0x012F,0x025B,0x0000,0x0841,0x0000,0x4A49,0x52AB,0x52CB,0x630C,0x632C,0x632D,
  0x5AEC,0x5AEB,0x5ACB,0x52AA,0x5AEC,0x18C3,0x0000,0x0041,0x0041,0x0041,0x0041,0x0041,0x0041,0x0041,0x0041,0x0841,
  0x0862,0x0842,0x0862,0x0862,0x0862,0x0862,0x0862,0x0862,0x0862,0x0862,0x0861,0x0861,0x0041,0x0841,0x0862,0x0862,
  0x0861,0x0862,0x0861,0x0062,0x0862,0x0862,0x0041,0x0041,0x0062,0x0862,0x0862,0x0042,0x0041,0x0041,0x0841,0x0041,
  0x0041,0x0041,0x0041,0x0041,0x0041,0x0041,0x0041,0x0041,0x0041,0x0041,0x0041,0x0041,0x0041,0x0041,0x0041,0x0041,
  0x0041,0x0041,0x0041,0x0041,0x0041,0x0021,0x0041,0x0041,0x0041,0x0021,0x0041,0x0021,0x0020,0x0021,0x0020,0x0020,
  0x0020,0x0020,0x0020,0x0020,0x0020,0x0020,0x0021,0x0021,0x0021,0x0021,0x0021,0x0021,0x0000,0x1082,0x2188,0x0000,
  0x0841,0x0000,0x0065,0x033F,0x037F,0x0064,0x0000,0x0000,0x2965,0x39E7,0x3186,0x3186,0x0020,0x0000,0x0021,0x0000,
  0x2104,0x31A6,0x18C3,0x1904,0x18E4,0x18E4,0x18E4,0x18E4,0x18E4,0x18E4,0x1904,0x1904,0x1904,0x2104,0x2104,0x2104,
  0x1904,0x0020,0x0841,0x31A7,0x2104,0x2104,0x2104,0x2104,0x2124,0x2104,0x2104,0x2104,0x2104,0x2104,0x2104,0x2104,
  0x1904,0x1904,0x0841,0x0020,0x2986,0x2145,0x2125,0x2125,0x2125,0x2125,0x2145,0x2125,0x2125,0x2125,0x2125,0x2125,
  0x2145,0x0862,0x0020,0x31A6,0x2945,0x2966,0x2966,0x2966,0x2966,0x2966,0x2966,0x2966,0x2945,0x2945,0x2966,0x2945,
  0x0020,0x1082,0x31A7,0x2966,0x2966,0x2966,0x2965,0x2965,0x2966,0x2966,0x2966,0x2966,0x2966,0x2986,0x18E4,0x0000,
  0x3186,0x2986,0x2966,0x2966,0x2966,0x2966,0x2966,0x2966,0x2966,0x2966,0x2965,0x2966,0x2125,0x0000,0x2104,0x39C7,
  0x2966,0x2966,0x2966,0x2966,0x2966,0x2986,0x2986,0x2966,0x2966,0x2966,0x2966,0x0021,0x10A3,0x39C7,0x2945,0x2966,
  0x2966,0x2966,0x2966,0x2965,0x2965,0x2966,0x2965,0x2966,0x2966,0x0041,0x1082,0x39C7,0x2945,0x2966,0x2966,0x2966,
  0x2966,0x2966,0x2966,0x2945,0x2945,0x2945,0x2945,0x0020,0x18E3,0x39E8,0x2945,0x2945,0x2945,0x2945,0x2945,0x2945,
  0x2945,0x2145,0x2145,0x2145,0x2124,0x0000,0x39E7,0x31A6,0x2944,0x2945,0x2945,0x2945,0x2945,0x2945,0x2924,0x2924,
  0x2124,0x2965,0x10A2,0x1820,0xD001,0x9000,0x9800,0x9800,0x9000,0x9000,0x9000,0x9000,0x9000,0x9000,0x9800,0x4000,
  0x1000,0xE802,0xB800,0xB801,0xB801,0xB800,0xC000,0xC000,0xB801,0xB801,0xB801,0xC000,0x3000,0x0000,0x0000,0x0000,
  0x0000,0x0000,0x0000,0x0020,0x0000,0x0150,0x025C,0x0000,0x0000,0x0000,0x528A,0x5AEB,0x5AEB,0x5ACB,0x5AEB,0x5AEC,
  0x5AEC,0x630C,0x5AEC,0x5B0C,0x18E3,0x0000,0x0041,0x0041,0x0041,0x0041,0x0041,0x0041,0x0041,0x0041,0x0041,0x0841,
  0x0841,0x0841,0x0861,0x0841,0x0861,0x0861,0x0861,0x0861,0x0861,0x0861,0x0861,0x0861,0x0841,0x0841,0x0841,0x0861,
  0x0861,0x0861,0x0861,0x0841,0x0841,0x0841,0x0841,0x0841,0x0841,0x0841,0x0841,0x0041,0x0041,0x0041,0x0041,0x0041,
  0x0041,0x0041,0x0041,0x0041,0x0041,0x0041,0x0041,0x0041,0x0041,0x0041,0x0041,0x0041,0x0041,0x0041,0x0041,0x0041,
  0x0041,0x0041,0x0041,0x0041,0x0041,0x0041,0x0041,0x0041,0x0041,0x0041,0x0041,0x0041,0x0041,0x0041,0x0021,0x0021,
  0x0021,0x0021,0x0021,0x0041,0x0021,0x0021,0x0021,0x0021,0x0021,0x0021,0x0021,0x0021,0x0000,0x1082,0x1989,0x0001,
  0x0000,0x0065,0x033F,0x033F,0x0064,0x0000,0x0000,0x2925,0x39C7,0x3186,0x31A6,0x18C3,0x0000,0x0020,0x0020,0x0000,
  0x31C7,0x2104,0x18E4,0x18E4,0x18E4,0x18E4,0x18E4,0x18E4,0x18E4,0x18E4,0x18E4,0x18E4,0x1904,0x1904,0x1904,0x2104,
  0x18C3,0x0000,0x2104,0x2966,0x1904,0x2124,0x2124,0x2124,0x2124,0x2124,0x2124,0x2124,0x2104,0x2104,0x2104,0x2104,
  0x2104,0x18E4,0x0000,0x18C3,0x2986,0x2125,0x2145,0x2125,0x2145,0x2145,0x2145,0x2145,0x2145,0x2125,0x2125,0x2145,
  0x2125,0x0000,0x18C3,0x2986,0x2145,0x2966,0x2966,0x2966,0x2966,0x2966,0x2965,0x2945,0x2965,0x2966,0x2966,0x18E4,
  0x0000,0x2945,0x3186,0x2966,0x2966,0x2966,0x2966,0x2966,0x2966,0x2966,0x2966,0x2966,0x2966,0x2986,0x0841,0x1062,
  0x31A7,0x2945,0x2966,0x2966,0x2966,0x2966,0x2966,0x2966,0x2966,0x2966,0x2966,0x2986,0x10A3,0x0000,0x31A7,0x3186,
  0x2966,0x2966,0x2966,0x2966,0x2966,0x3186,0x2986,0x2966,0x2966,0x3186,0x2125,0x0000,0x3186,0x3186,0x2945,0x2966,
  0x2966,0x2966,0x2966,0x2966,0x2966,0x2966,0x2966,0x2966,0x2125,0x0000,0x2965,0x3186,0x2945,0x2966,0x2966,0x2966,
  0x2966,0x2966,0x2966,0x2945,0x2945,0x2966,0x1904,0x0000,0x31A7,0x3186,0x2965,0x2965,0x2965,0x2945,0x2945,0x2945,
  0x2945,0x2945,0x2945,0x2965,0x10A2,0x0841,0x4A48,0x2944,0x2945,0x2945,0x2965,0x2945,0x2945,0x2945,0x2945,0x2945,
  0x2945,0x2945,0x0020,0x7800,0xC000,0x8800,0x9000,0x9800,0x9800,0x9800,0x9800,0x9800,0x9800,0x9800,0xA001,0x1000,
  0x6800,0xE801,0xB800,0xC000,0xC000,0xC000,0xC000,0xC000,0xC000,0xC001,0xC800,0xA001,0x0800,0x0020,0x0000,0x0000,
  0x0000,0x0000,0x0000,0x0021,0x0000,0x0151,0x023D,0x0000,0x0000,0x0000,0x528A,0x630C,0x52AB,0x5ACB,0x5AEB,0x5AEB,
  0x5AEB,0x630C,0x630C,0x18C3,0x0000,0x0041,0x0041,0x0041,0x0041,0x0841,0x0041,0x0041,0x0041,0x0841,0x0841,0x0841,
  0x0861,0x0861,0x0861,0x0861,0x0861,0x0861,0x0861,0x0861,0x0861,0x0861,0x0861,0x0861,0x0861,0x0861,0x0861,0x0861,
  0x0861,0x0861,0x0861,0x0861,0x0841,0x0841,0x0841,0x0861,0x0841,0x0841,0x0841,0x0841,0x0841,0x0841,0x0041,0x0041,
  0x0041,0x0041,0x0041,0x0041,0x0041,0x0041,0x0041,0x0041,0x0041,0x0041,0x0041,0x0041,0x0041,0x0041,0x0041,0x0041,
  0x0041,0x0041,0x0041,0x0041,0x0041,0x0041,0x0041,0x0041,0x0041,0x0041,0x0041,0x0041,0x0041,0x0021,0x0021,0x0041,
  0x0021,0x0021,0x0021,0x0021,0x0021,0x0021,0x0021,0x0021,0x0021,0x0021,0x0021,0x0021,0x0000,0x1082,0x116A,0x0001,
  0x0085,0x033F,0x033F,0x00A7,0x0000,0x0000,0x2945,0x39C7,0x2965,0x31A6,0x2945,0x0020,0x0000,0x0021,0x0000,0x18C3,
  0x31A7,0x18C3,0x2104,0x18E4,0x1904,0x18E4,0x1904,0x1904,0x1904,0x18E4,0x18E4,0x18E4,0x1904,0x1904,0x1904,0x2104,
  0x0861,0x0020,0x31A7,0x2104,0x2124,0x2124,0x2124,0x2124,0x2104,0x2124,0x2124,0x2124,0x2124,0x2104,0x2124,0x2104,
  0x2125,0x10A2,0x0000,0x2966,0x2145,0x2145,0x2145,0x2145,0x2945,0x2145,0x2145,0x2145,0x2145,0x2145,0x2125,0x2145,
  0x10A3,0x0000,0x2966,0x2945,0x2945,0x2966,0x2966,0x2966,0x2966,0x2966,0x2966,0x2945,0x2966,0x2965,0x2966,0x0862,
  0x0841,0x31A7,0x2966,0x2966,0x2966,0x2966,0x2966,0x2966,0x2966,0x2966,0x2966,0x2966,0x2966,0x2125,0x0000,0x2945,
  0x3186,0x2945,0x2966,0x2966,0x2966,0x2966,0x2966,0x2966,0x2966,0x2966,0x2966,0x2986,0x0021,0x1082,0x31C7,0x2966,
  0x2986,0x2966,0x2986,0x2966,0x2966,0x2966,0x2966,0x2966,0x2966,0x31A6,0x1082,0x0841,0x39E8,0x2945,0x2966,0x2986,
  0x2986,0x2966,0x2966,0x2966,0x2966,0x2966,0x2966,0x3186,0x10A3,0x0020,0x39C7,0x2945,0x2966,0x2966,0x2966,0x2966,
  0x2966,0x2966,0x2965,0x2945,0x2945,0x2966,0x1082,0x0861,0x39E8,0x2945,0x2966,0x2966,0x2966,0x2945,0x2945,0x2945,
  0x2945,0x2945,0x2965,0x2966,0x0020,0x2945,0x39C7,0x2124,0x2965,0x2965,0x2945,0x2945,0x2965,0x2965,0x2965,0x2945,
  0x2965,0x2104,0x0000,0xB801,0x9800,0x9000,0x9000,0x9000,0x9000,0x9800,0x9800,0x9800,0x9800,0xA000,0x8800,0x0000,
  0xC801,0xD000,0xC000,0xC800,0xC800,0xC800,0xC001,0xC001,0xC000,0xC000,0xD000,0x5800,0x0000,0x0020,0x0020,0x0000,
  0x0000,0x0000,0x0000,0x0021,0x0000,0x0151,0x025D,0x0020,0x0862,0x0000,0x52AA,0x5ACB,0x5ACB,0x5AEC,0x5AEB,0x5AEB,
  0x5AEB,0x632C,0x18E3,0x0000,0x0041,0x0041,0x0041,0x0841,0x0841,0x0841,0x0841,0x0841,0x0041,0x0841,0x0841,0x0861,
  0x0861,0x0861,0x0861,0x0861,0x0861,0x0861,0x0861,0x0861,0x0861,0x0861,0x0861,0x0861,0x0861,0x0861,0x0861,0x0861,
  0x0861,0x0861,0x0861,0x0861,0x0861,0x0861,0x0861,0x0861,0x0861,0x0861,0x0861,0x0861,0x0841,0x0841,0x0841,0x0041,
  0x0841,0x0841,0x0841,0x0041,0x0041,0x0041,0x0041,0x0041,0x0041,0x0041,0x0041,0x0041,0x0041,0x0041,0x0041,0x0041,
  0x0041,0x0041,0x0041,0x0041,0x0041,0x0041,0x0041,0x0041,0x0041,0x0041,0x0041,0x0041,0x0041,0x0041,0x0041,0x0041,
  0x0041,0x0021,0x0041,0x0021,0x0041,0x0021,0x0021,0x0021,0x0021,0x0021,0x0021,0x0021,0x0000,0x1082,0x116A,0x0001,
  0x031F,0x033F,0x0086,0x0000,0x0000,0x2965,0x39C7,0x2965,0x3186,0x31A7,0x10A2,0x0000,0x0020,0x0020,0x0000,0x31C7,
  0x2124,0x18E3,0x1904,0x18E4,0x18E4,0x1904,0x1904,0x1904,0x1904,0x18E4,0x18E4,0x18E4,0x1904,0x1904,0x1904,0x18C3,
  0x0000,0x18E4,0x3186,0x1904,0x2125,0x2124,0x2124,0x2124,0x2104,0x2124,0x2124,0x2124,0x2124,0x2124,0x2124,0x2124,
  0x2124,0x0020,0x1082,0x31A7,0x2125,0x2145,0x2145,0x2945,0x2945,0x2945,0x2145,0x2145,0x2145,0x2145,0x2125,0x2125,
  0x0020,0x1082,0x31A7,0x2945,0x2966,0x2966,0x2966,0x2966,0x2966,0x2966,0x2966,0x2945,0x2945,0x2966,0x2145,0x0000,
  0x2104,0x31C7,0x2966,0x2966,0x2966,0x2966,0x2966,0x2966,0x2966,0x2966,0x2966,0x2945,0x2966,0x10A3,0x0020,0x39C7,
  0x2966,0x2966,0x2966,0x2986,0x2966,0x2966,0x2966,0x2966,0x2966,0x2965,0x2986,0x2125,0x0000,0x2945,0x3186,0x2966,
  0x2966,0x2986,0x3186,0x3186,0x2986,0x2966,0x2966,0x2966,0x2986,0x2966,0x0000,0x2104,0x31A7,0x2945,0x2966,0x2986,
  0x2966,0x2966,0x2966,0x2966,0x2966,0x2966,0x2966,0x2966,0x0020,0x18E4,0x31C7,0x2945,0x2986,0x2966,0x2966,0x2966,
  0x2966,0x2966,0x2966,0x2945,0x2965,0x2966,0x0000,0x2945,0x31C7,0x2945,0x2966,0x2966,0x2966,0x2966,0x2965,0x2945,
  0x2945,0x2945,0x2966,0x2124,0x0000,0x39C7,0x2945,0x2945,0x2945,0x2945,0x2945,0x2965,0x2965,0x2965,0x2965,0x2945,
  0x3165,0x0882,0x2841,0xC801,0x8800,0x9800,0x9800,0x9800,0x9800,0x9800,0x9800,0x9800,0x9800,0xA800,0x3820,0x2020,
  0xF001,0xB800,0xC801,0xC001,0xC800,0xC800,0xC000,0xC000,0xC001,0xC800,0xC000,0x1800,0x0000,0x0020,0x0020,0x0020,
  0x0000,0x0020,0x0020,0x0021,0x0000,0x0171,0x025E,0x0841,0x18E4,0x0000,0x4A49,0x5ACB,0x5AEC,0x5ACB,0x5B0C,0x5AEB,
  0x634D,0x2104,0x0000,0x0041,0x0041,0x0041,0x0041,0x0841,0x0841,0x0841,0x0841,0x0841,0x0841,0x0841,0x0861,0x0861,
  0x0861,0x0861,0x0861,0x0861,0x0861,0x0861,0x0861,0x0861,0x0861,0x0861,0x0861,0x0861,0x0861,0x0861,0x0861,0x0861,
  0x0861,0x0862,0x0862,0x0861,0x0861,0x0861,0x0861,0x0861,0x0861,0x0861,0x0861,0x0861,0x0861,0x0841,0x0841,0x0841,
  0x0841,0x0841,0x0841,0x0841,0x0041,0x0841,0x0841,0x0041,0x0041,0x0041,0x0041,0x0841,0x0841,0x0841,0x0841,0x0041,
  0x0041,0x0041,0x0041,0x0041,0x0041,0x0041,0x0041,0x0041,0x0041,0x0041,0x0041,0x0041,0x0041,0x0041,0x0041,0x0041,
  0x0041,0x0041,0x0041,0x0041,0x0021,0x0021,0x0021,0x0021,0x0021,0x0021,0x0021,0x0021,0x0000,0x1082,0x118B,0x0001,
  0x02DF,0x00A7,0x0000,0x0000,0x2945,0x4208,0x3186,0x31A6,0x31A6,0x2945,0x0000,0x0020,0x0021,0x0000,0x10A2,0x31A7,
  0x18C3,0x1904,0x18E4,0x1904,0x1904,0x18E4,0x1904,0x1904,0x18E4,0x18E4,0x1904,0x18E4,0x1904,0x1904,0x2104,0x0861,
  0x0000,0x31A7,0x2125,0x2124,0x2124,0x2124,0x2124,0x2124,0x2124,0x2124,0x2124,0x2124,0x2124,0x2124,0x2124,0x2125,
  0x10C3,0x0000,0x2945,0x2966,0x2125,0x2145,0x2145,0x2145,0x2945,0x2945,0x2945,0x2145,0x2145,0x2145,0x2145,0x18E3,
  0x0000,0x2945,0x2986,0x2945,0x2966,0x2966,0x2966,0x2966,0x2966,0x2966,0x2966,0x2945,0x2946,0x2966,0x10C3,0x0000,
  0x39C7,0x2966,0x2966,0x2966,0x2966,0x2966,0x2966,0x2966,0x2966,0x2966,0x2966,0x2966,0x2945,0x0000,0x18C3,0x39C7,
  0x2945,0x2966,0x2986,0x2966,0x2966,0x2966,0x2966,0x2986,0x2966,0x2966,0x2986,0x1082,0x0020,0x39C7,0x2966,0x2966,
  0x2966,0x2966,0x3186,0x2986,0x2966,0x2966,0x2966,0x2966,0x2986,0x18E4,0x0000,0x31A7,0x2986,0x2966,0x2966,0x2986,
  0x3186,0x3186,0x2966,0x2966,0x2966,0x2966,0x2986,0x2104,0x0000,0x31A7,0x2986,0x2966,0x2966,0x2966,0x2966,0x2966,
  0x2966,0x2966,0x2966,0x2966,0x2966,0x18E4,0x0000,0x39E8,0x2966,0x2966,0x2965,0x2966,0x2966,0x2966,0x2966,0x2965,
  0x2965,0x2945,0x2965,0x0862,0x10A2,0x4228,0x2945,0x2945,0x2945,0x2945,0x2965,0x2965,0x2965,0x2965,0x2965,0x2965,
  0x2945,0x0000,0x8000,0xB001,0x9000,0x9800,0x9800,0x9800,0x9800,0x9800,0x9800,0x9800,0x9800,0x9800,0x0800,0x8800,
  0xE001,0xB800,0xC001,0xC001,0xC800,0xC800,0xC800,0xC800,0xC000,0xD000,0x9000,0x0000,0x0020,0x0020,0x0020,0x0020,
  0x0000,0x0020,0x0020,0x0021,0x0000,0x0172,0x029F,0x0841,0x1904,0x0000,0x4A49,0x528A,0x5ACB,0x5B0C,0x5B0C,0x630C,
  0x2125,0x0000,0x0041,0x0041,0x0841,0x0841,0x0841,0x0841,0x0841,0x0841,0x0841,0x0841,0x0841,0x0861,0x0861,0x0861,
  0x0861,0x0861,0x0861,0x0861,0x0861,0x0861,0x0862,0x0861,0x0861,0x0861,0x0861,0x0861,0x0861,0x0861,0x0861,0x0862,
  0x0862,0x0862,0x0862,0x0861,0x0861,0x0861,0x0861,0x0861,0x0861,0x0861,0x0861,0x0861,0x0861,0x0841,0x0841,0x0841,
  0x0841,0x0841,0x0841,0x0841,0x0841,0x0041,0x0041,0x0841,0x0041,0x0841,0x0841,0x0841,0x0841,0x0841,0x0841,0x0841,
  0x0841,0x0041,0x0041,0x0041,0x0041,0x0041,0x0041,0x0041,0x0041,0x0041,0x0041,0x0041,0x0041,0x0041,0x0041,0x0041,
  0x0041,0x0041,0x0041,0x0041,0x0041,0x0021,0x0021,0x0021,0x0021,0x0021,0x0021,0x0021,0x0000,0x1083,0x118B,0x0001,
  0x00A7,0x0000,0x0000,0x2104,0x39C7,0x3186,0x31A6,0x31A6,0x39C7,0x10A2,0x0000,0x0020,0x0020,0x0000,0x2965,0x2124,
  0x18E4,0x1904,0x1904,0x1904,0x1904,0x1904,0x1904,0x1904,0x1904,0x18E4,0x18E4,0x1904,0x1904,0x2104,0x1904,0x0000,
  0x18C3,0x31C7,0x18E4,0x2124,0x2125,0x2125,0x2125,0x2124,0x2124,0x2124,0x2124,0x2124,0x2124,0x2124,0x2125,0x2125,
  0x0041,0x0841,0x3186,0x2125,0x2945,0x2145,0x2145,0x2945,0x2945,0x2945,0x2945,0x2945,0x2945,0x2145,0x2945,0x0861,
  0x0841,0x31C7,0x2945,0x2966,0x2966,0x2966,0x2966,0x2966,0x2966,0x2966,0x2966,0x2966,0x2966,0x2966,0x0020,0x10A3,
  0x39E8,0x2945,0x2966,0x2966,0x2966,0x2966,0x2966,0x2966,0x2966,0x2966,0x2966,0x3186,0x18E4,0x0000,0x3186,0x3186,
  0x2966,0x2966,0x2966,0x2966,0x2966,0x2966,0x2986,0x3186,0x2966,0x2966,0x2945,0x0000,0x18C3,0x31A7,0x2966,0x2986,
  0x3186,0x3186,0x2986,0x2966,0x2966,0x2986,0x2966,0x2966,0x2966,0x0841,0x0861,0x39C7,0x2966,0x2966,0x2986,0x3186,
  0x3186,0x3186,0x2966,0x2986,0x2966,0x2966,0x3186,0x0862,0x0861,0x39E8,0x2945,0x2966,0x2966,0x2966,0x2966,0x2966,
  0x2966,0x2966,0x2966,0x2966,0x2986,0x0841,0x18C3,0x4208,0x2945,0x2966,0x2966,0x2966,0x2966,0x2966,0x2965,0x2965,
  0x2965,0x2965,0x2145,0x0000,0x2965,0x39C7,0x2945,0x2965,0x2945,0x2965,0x2965,0x2965,0x2965,0x2965,0x2965,0x3186,
  0x18E3,0x0800,0xB001,0x9000,0x9800,0x9800,0x9800,0x9800,0x9800,0x9800,0x9800,0x9800,0xA000,0x6800,0x0800,0xD801,
  0xC000,0xC000,0xC000,0xC000,0xC800,0xC800,0xC800,0xC800,0xC800,0xD001,0x4000,0x0000,0x0020,0x0020,0x0020,0x0020,
  0x0020,0x0020,0x0020,0x0021,0x0000,0x0193,0x02BF,0x0021,0x10A3,0x0000,0x4249,0x52CB,0x5B0C,0x632D,0x632D,0x1904,
  0x0000,0x0041,0x0041,0x0041,0x0841,0x0841,0x0841,0x0841,0x0841,0x0841,0x0841,0x0841,0x0841,0x0861,0x0861,0x0861,
  0x0861,0x0861,0x0861,0x0861,0x0861,0x0862,0x0862,0x0862,0x0861,0x0861,0x0861,0x0861,0x0861,0x0861,0x0861,0x0861,
  0x0862,0x0862,0x0861,0x0861,0x0861,0x0861,0x0861,0x0861,0x0861,0x0861,0x0861,0x0861,0x0861,0x0861,0x0841,0x0841,
  0x0841,0x0861,0x0841,0x0041,0x0841,0x0041,0x0041,0x0841,0x0041,0x0841,0x0841,0x0841,0x0841,0x0841,0x0841,0x0841,
  0x0041,0x0041,0x0041,0x0041,0x0041,0x0041,0x0041,0x0041,0x0041,0x0041,0x0041,0x0041,0x0041,0x0041,0x0041,0x0041,
  0x0041,0x0041,0x0041,0x0041,0x0041,0x0041,0x0021,0x0021,0x0021,0x0021,0x0021,0x0021,0x0000,0x1082,0x098B,0x0001,
  0x0000,0x0000,0x2104,0x39E7,0x2965,0x3186,0x3186,0x39C7,0x2966,0x0000,0x0020,0x0021,0x0000,0x0861,0x3186,0x18C3,
  0x1904,0x1904,0x1904,0x1904,0x1904,0x1904,0x1904,0x1904,0x1904,0x18E4,0x18E4,0x1904,0x2104,0x2124,0x1082,0x0000,
  0x3186,0x2145,0x1904,0x2124,0x2125,0x2125,0x2125,0x2124,0x2124,0x2124,0x2124,0x2124,0x2124,0x2124,0x2125,0x18E4,
  0x0000,0x18E3,0x2986,0x2125,0x2945,0x2145,0x2945,0x2145,0x2945,0x2945,0x2945,0x2945,0x2945,0x2966,0x2125,0x0000,
  0x18E4,0x31A7,0x2945,0x2966,0x2966,0x2966,0x2966,0x2966,0x2966,0x2966,0x2966,0x2966,0x2986,0x2125,0x0000,0x2966,
  0x31A7,0x2966,0x2966,0x2966,0x2966,0x2966,0x2966,0x2966,0x2966,0x2966,0x2966,0x2986,0x0841,0x0861,0x39C7,0x2966,
  0x2966,0x2986,0x2966,0x2966,0x2966,0x2966,0x2966,0x2966,0x2966,0x3186,0x18E4,0x0000,0x3186,0x3186,0x2966,0x2986,
  0x3186,0x3186,0x2966,0x2986,0x2966,0x2966,0x2966,0x2966,0x2145,0x0000,0x2124,0x3186,0x2966,0x2986,0x2986,0x2986,
  0x2986,0x2986,0x2966,0x2966,0x2966,0x3186,0x2966,0x0000,0x2125,0x31A7,0x2945,0x2966,0x2966,0x2966,0x2966,0x2966,
  0x2966,0x2966,0x2966,0x2966,0x2145,0x0000,0x3186,0x3186,0x2965,0x2966,0x2966,0x2966,0x2966,0x2966,0x2965,0x2965,
  0x2965,0x3186,0x18E3,0x0000,0x39C7,0x2965,0x2965,0x2965,0x2965,0x2965,0x2965,0x2965,0x2965,0x2965,0x2965,0x3165,
  0x0041,0x4000,0xB801,0x8801,0x9800,0x9800,0x9800,0x9800,0x9800,0x9800,0x9800,0x9800,0xA800,0x2841,0x4000,0xE801,
  0xB801,0xC001,0xC000,0xC800,0xC800,0xC800,0xC800,0xC800,0xD000,0xB800,0x1000,0x0020,0x0020,0x0020,0x0020,0x0020,
  0x0020,0x0020,0x0020,0x0021,0x0000,0x0193,0x027F,0x0000,0x0021,0x0020,0x528A,0x5AEC,0x5B0C,0x632D,0x2104,0x0000,
  0x0041,0x0041,0x0041,0x0841,0x0841,0x0841,0x0841,0x0841,0x0841,0x0841,0x0861,0x0841,0x0841,0x0861,0x0861,0x0861,
  0x0861,0x0861,0x0861,0x0861,0x0862,0x0862,0x0861,0x0861,0x0861,0x0862,0x0862,0x0861,0x0861,0x0861,0x0861,0x0861,
  0x0862,0x0862,0x0861,0x0862,0x0862,0x0861,0x0862,0x0861,0x0861,0x0861,0x0861,0x0861,0x0861,0x0841,0x0841,0x0841,
  0x0841,0x0841,0x0841,0x0841,0x0041,0x0841,0x0841,0x0041,0x0841,0x0841,0x0841,0x0841,0x0861,0x0841,0x0841,0x0841,
  0x0041,0x0041,0x0041,0x0041,0x0041,0x0841,0x0041,0x0041,0x0041,0x0041,0x0041,0x0041,0x0041,0x0041,0x0041,0x0041,
  0x0041,0x0041,0x0041,0x0041,0x0041,0x0021,0x0021,0x0021,0x0021,0x0021,0x0021,0x0021,0x0000,0x1082,0x118B,0x0001,
  0x0000,0x18C3,0x39E8,0x3186,0x31A6,0x3186,0x3186,0x39C7,0x1082,0x0000,0x0021,0x0041,0x0000,0x2124,0x2125,0x18E3,
  0x18E4,0x18E4,0x1904,0x18E4,0x18E4,0x18E4,0x18E4,0x18E4,0x18E4,0x1904,0x1904,0x1904,0x2104,0x1904,0x0000,0x0861,
  0x31A7,0x18E4,0x2104,0x2124,0x2125,0x2125,0x2125,0x2124,0x2124,0x2124,0x2124,0x2124,0x2124,0x2104,0x2124,0x0861,
  0x0000,0x2966,0x2945,0x2145,0x2145,0x2145,0x2945,0x2145,0x2945,0x2945,0x2945,0x2145,0x2145,0x2966,0x10A3,0x0000,
  0x2966,0x2946,0x2945,0x2966,0x2966,0x2966,0x2966,0x2966,0x2966,0x2966,0x2966,0x2966,0x2986,0x0882,0x0841,0x39C7,
  0x2945,0x2966,0x2966,0x2966,0x2966,0x2966,0x2966,0x2966,0x2966,0x2966,0x3186,0x2145,0x0000,0x2104,0x31A7,0x2966,
  0x2966,0x2966,0x2966,0x2966,0x2966,0x2966,0x2966,0x2966,0x2966,0x2986,0x0841,0x0861,0x31C7,0x2966,0x2966,0x2966,
  0x2966,0x2986,0x3186,0x3186,0x2966,0x2966,0x2966,0x3186,0x10C3,0x0000,0x31A7,0x2966,0x2966,0x2966,0x2986,0x2986,
  0x2966,0x2966,0x2966,0x2966,0x2966,0x3186,0x18E4,0x0000,0x39C7,0x2966,0x2966,0x2966,0x2966,0x2966,0x2986,0x2966,
  0x2966,0x2966,0x2966,0x3186,0x10C3,0x0841,0x39E7,0x2945,0x2966,0x2966,0x2966,0x2965,0x2965,0x2965,0x2945,0x2965,
  0x2965,0x3186,0x0861,0x10A2,0x39C7,0x2945,0x2965,0x2965,0x2965,0x2965,0x2965,0x2965,0x2965,0x2945,0x2965,0x2104,
  0x0000,0x9800,0xA001,0x9000,0x9800,0x9800,0x9800,0x9800,0x9800,0x9800,0x9800,0x9800,0x9000,0x0000,0xA801,0xD001,
  0xB801,0xC001,0xC000,0xC800,0xC800,0xC800,0xC801,0xC801,0xD800,0x8000,0x0000,0x0020,0x0020,0x0020,0x0020,0x0020,
  0x0020,0x0020,0x0020,0x0021,0x0000,0x0173,0x027F,0x0000,0x0020,0x0020,0x528A,0x52CB,0x5AEC,0x1904,0x0000,0x0041,
  0x0041,0x0841,0x0041,0x0841,0x0841,0x0841,0x0841,0x0841,0x0841,0x0841,0x0861,0x0841,0x0841,0x0841,0x0861,0x0861,
  0x0861,0x0861,0x0861,0x0862,0x0862,0x0862,0x0862,0x0861,0x0861,0x0861,0x0861,0x0861,0x0861,0x0861,0x0861,0x0861,
  0x0861,0x0862,0x0862,0x0862,0x0862,0x0862,0x0861,0x0861,0x0861,0x0861,0x0861,0x0861,0x0861,0x0861,0x0861,0x0841,
  0x0841,0x0861,0x0861,0x0841,0x0041,0x0841,0x0841,0x0861,0x0841,0x0841,0x0861,0x0861,0x0841,0x0841,0x0841,0x0841,
  0x0041,0x0041,0x0041,0x0041,0x0041,0x0041,0x0041,0x0041,0x0041,0x0041,0x0041,0x0041,0x0041,0x0041,0x0041,0x0041,
  0x0041,0x0041,0x0041,0x0041,0x0041,0x0041,0x0021,0x0021,0x0021,0x0021,0x0021,0x0021,0x0000,0x1082,0x098B,0x0001,
  0x0000,0x2945,0x2986,0x31A6,0x31A6,0x31A7,0x39C7,0x2145,0x0000,0x0020,0x0021,0x0000,0x0861,0x3186,0x18E3,0x18E4,
  0x18E4,0x18E4,0x18E4,0x18E4,0x18E4,0x18E4,0x18E4,0x18E4,0x1904,0x1904,0x2104,0x1904,0x2124,0x10A2,0x0000,0x2125,
  0x2145,0x1904,0x2104,0x2104,0x2104,0x2124,0x2125,0x2125,0x2124,0x2124,0x2124,0x2124,0x2104,0x2124,0x18E4,0x0000,
  0x1082,0x2986,0x2145,0x2145,0x2145,0x2945,0x2945,0x2945,0x2945,0x2145,0x2945,0x2145,0x2945,0x2145,0x0000,0x1082,
  0x31A7,0x2945,0x2966,0x2966,0x2966,0x2966,0x2966,0x2966,0x2966,0x2966,0x2966,0x2986,0x2145,0x0000,0x2104,0x31A7,
  0x2945,0x2966,0x2966,0x2966,0x2966,0x2966,0x2966,0x2966,0x2966,0x2966,0x3187,0x10A3,0x0000,0x3186,0x2966,0x2966,
  0x2986,0x2986,0x2966,0x2966,0x2966,0x2966,0x2966,0x2966,0x3186,0x2945,0x0000,0x2125,0x31A7,0x2966,0x3186,0x2986,
  0x2966,0x3186,0x3186,0x3186,0x2966,0x2966,0x2966,0x2966,0x0021,0x10C3,0x39C7,0x2945,0x2966,0x2966,0x2986,0x3186,
  0x2986,0x2966,0x2966,0x2966,0x2966,0x3186,0x0841,0x10A2,0x39C7,0x2945,0x2966,0x2966,0x2966,0x2966,0x2966,0x2966,
  0x2966,0x2966,0x2986,0x2986,0x0021,0x18E3,0x39C7,0x2945,0x2966,0x2965,0x2965,0x2965,0x2965,0x2965,0x2965,0x2965,
  0x2966,0x2145,0x0000,0x2965,0x3186,0x2965,0x2945,0x2965,0x2945,0x2965,0x2965,0x2965,0x2945,0x2945,0x2965,0x0882,
  0x1820,0xB001,0x9000,0x9800,0x9800,0x9800,0x9800,0x9800,0x9800,0x9800,0x9800,0xA001,0x5000,0x1800,0xE001,0xB800,
  0xC000,0xC000,0xC000,0xC000,0xC000,0xC800,0xC800,0xC800,0xD000,0x2800,0x0000,0x0020,0x0020,0x0020,0x0020,0x0020,
  0x0020,0x0020,0x0020,0x0021,0x0000,0x0174,0x027F,0x0000,0x0000,0x0000,0x4A69,0x52AA,0x18E3,0x0000,0x0041,0x0041,
  0x0041,0x0841,0x0841,0x0841,0x0841,0x0861,0x0841,0x0841,0x0841,0x0841,0x0841,0x0861,0x0841,0x0841,0x0861,0x0861,
  0x0861,0x0861,0x0861,0x0861,0x0861,0x0861,0x0861,0x0861,0x0861,0x0861,0x0861,0x0861,0x0861,0x0862,0x0862,0x0862,
  0x0862,0x0862,0x0862,0x0862,0x0861,0x0862,0x0861,0x0861,0x0861,0x0861,0x0861,0x0862,0x0861,0x0861,0x0861,0x0861,
  0x0861,0x0861,0x0861,0x0861,0x0861,0x0841,0x0861,0x0841,0x0841,0x0861,0x0041,0x0841,0x0041,0x0841,0x0841,0x0041,
  0x0041,0x0041,0x0041,0x0041,0x0041,0x0041,0x0041,0x0041,0x0041,0x0041,0x0041,0x0041,0x0041,0x0041,0x0041,0x0041,
  0x0041,0x0041,0x0041,0x0041,0x0021,0x0041,0x0041,0x0041,0x0021,0x0021,0x0021,0x0021,0x0000,0x10A3,0x098B,0x0001,
  0x0000,0x2124,0x2945,0x31A6,0x31A6,0x31C7,0x39C7,0x0861,0x0000,0x0021,0x0021,0x0000,0x2125,0x2145,0x18C3,0x18E4,
  0x18E4,0x18E4,0x18E4,0x18E4,0x18E4,0x18E4,0x18E4,0x18E4,0x1904,0x1904,0x2104,0x2104,0x1904,0x0020,0x0841,0x2966,
  0x18E4,0x2104,0x2104,0x2104,0x2104,0x2104,0x2124,0x2125,0x2125,0x2124,0x2104,0x2124,0x2104,0x2124,0x10A2,0x0000,
  0x2145,0x2945,0x2145,0x2145,0x2945,0x2945,0x2945,0x2945,0x2945,0x2145,0x2145,0x2145,0x2966,0x18E4,0x0000,0x2125,
  0x2966,0x2945,0x2966,0x2966,0x2966,0x2966,0x2966,0x2966,0x2966,0x2966,0x2966,0x2986,0x10C3,0x0000,0x2966,0x2965,
  0x2966,0x2966,0x2966,0x2966,0x2986,0x2986,0x2986,0x2966,0x2966,0x3186,0x2966,0x0020,0x1082,0x31A7,0x2945,0x2966,
  0x2986,0x3186,0x2966,0x2966,0x3186,0x2986,0x2986,0x3186,0x31A7,0x18C3,0x0000,0x31C7,0x2966,0x2966,0x2966,0x2986,
  0x3186,0x3186,0x2986,0x3186,0x2986,0x2966,0x3186,0x2125,0x0000,0x2966,0x3186,0x2966,0x2966,0x2966,0x2986,0x3186,
  0x2986,0x2986,0x2986,0x2986,0x3186,0x2945,0x0000,0x2966,0x3186,0x2966,0x2986,0x3186,0x2966,0x2966,0x2966,0x2966,
  0x2966,0x2966,0x3186,0x2125,0x0000,0x3186,0x2966,0x2965,0x2965,0x2965,0x2965,0x2965,0x2965,0x2965,0x2965,0x2965,
  0x3186,0x10A2,0x0020,0x39C7,0x2965,0x2965,0x2965,0x2945,0x2945,0x2945,0x2945,0x2945,0x2945,0x2945,0x2945,0x0020,
  0x5800,0xA001,0x9000,0x9800,0x9800,0x9800,0x9000,0x9800,0x9800,0x9800,0x9800,0xA000,0x1020,0x7000,0xE801,0xB800,
  0xC000,0xC000,0xC000,0xC000,0xC800,0xC800,0xC800,0xD000,0xA000,0x0000,0x0020,0x0020,0x0020,0x0020,0x0020,0x0020,
  0x0020,0x0020,0x0020,0x0021,0x0000,0x0195,0x027F,0x0000,0x0000,0x0000,0x4A69,0x4249,0x0000,0x0021,0x0041,0x0041,
  0x0841,0x0841,0x0841,0x0841,0x0841,0x0841,0x0841,0x0841,0x0841,0x0861,0x0841,0x0841,0x0861,0x0861,0x0861,0x0861,
  0x0861,0x0861,0x0861,0x0861,0x0861,0x0861,0x0861,0x0861,0x0861,0x0862,0x0861,0x0861,0x0862,0x0861,0x0861,0x0861,
  0x0862,0x0862,0x0862,0x0861,0x0861,0x0861,0x0862,0x0862,0x0861,0x0861,0x0861,0x0861,0x0861,0x0861,0x0861,0x0861,
  0x0861,0x0841,0x0861,0x0861,0x0861,0x0861,0x0861,0x0861,0x0841,0x0841,0x0841,0x0841,0x0041,0x0041,0x0041,0x0841,
  0x0041,0x0041,0x0041,0x0841,0x0041,0x0041,0x0041,0x0041,0x0041,0x0041,0x0041,0x0041,0x0041,0x0041,0x0041,0x0041,
  0x0041,0x0041,0x0041,0x0041,0x0041,0x0041,0x0041,0x0041,0x0041,0x0041,0x0021,0x0021,0x0000,0x10A3,0x098B,0x0001,
  0x0000,0x2945,0x2965,0x31A6,0x3186,0x39C7,0x2124,0x0000,0x0020,0x0021,0x0020,0x0841,0x2945,0x18C3,0x18E3,0x18E3,
  0x18E3,0x18E3,0x18E4,0x18E4,0x18E4,0x18E4,0x18E4,0x18E4,0x18E4,0x1904,0x1904,0x2104,0x10A3,0x0000,0x18E4,0x2125,
  0x18E4,0x2104,0x1904,0x2104,0x2104,0x2104,0x2124,0x2124,0x2124,0x2124,0x2124,0x2124,0x2125,0x2124,0x0020,0x0841,
  0x2966,0x2125,0x2145,0x2145,0x2945,0x2945,0x2945,0x2145,0x2145,0x2145,0x2945,0x2145,0x2945,0x0841,0x0021,0x3186,
  0x2945,0x2945,0x2966,0x2966,0x2966,0x2966,0x2966,0x2966,0x2966,0x2966,0x2966,0x2966,0x0020,0x0862,0x31A6,0x2945,
  0x2966,0x2966,0x2966,0x2966,0x2966,0x2966,0x2966,0x2966,0x2966,0x3186,0x2104,0x0000,0x2125,0x2966,0x2966,0x2966,
  0x2966,0x2966,0x2966,0x2966,0x2966,0x2966,0x2986,0x3186,0x2986,0x0020,0x10A2,0x31A7,0x2966,0x2966,0x2966,0x2966,
  0x3186,0x3186,0x2986,0x2986,0x2966,0x2966,0x3186,0x10A2,0x0841,0x31C7,0x2966,0x2966,0x2966,0x2966,0x3186,0x3186,
  0x2966,0x2966,0x2986,0x2986,0x3186,0x10A3,0x0020,0x39C7,0x2966,0x2966,0x2986,0x2986,0x2966,0x2966,0x2966,0x2966,
  0x2966,0x2966,0x3186,0x1082,0x0861,0x39E7,0x2945,0x2965,0x2965,0x2945,0x2945,0x2945,0x2965,0x2965,0x2965,0x2966,
  0x2965,0x0020,0x18C3,0x3186,0x2945,0x2965,0x2965,0x2965,0x2945,0x2945,0x2945,0x2945,0x2945,0x2965,0x18E3,0x0000,
  0xA000,0x9800,0x9000,0x9000,0x9000,0x9000,0x9000,0x9000,0x9000,0x9000,0xA000,0x7000,0x0000,0xC001,0xC801,0xB800,
  0xC000,0xC000,0xC000,0xC000,0xC000,0xC800,0xC000,0xD000,0x4800,0x0000,0x0021,0x0020,0x0020,0x0020,0x0020,0x0020,
  0x0020,0x0020,0x0020,0x0021,0x0000,0x0195,0x027F,0x0021,0x18C3,0x0000,0x4A8A,0x424A,0x0000,0x0041,0x0041,0x0841,
  0x0841,0x0841,0x0861,0x0841,0x0041,0x0841,0x0841,0x0841,0x0841,0x0861,0x0841,0x0841,0x0861,0x0861,0x0861,0x0861,
  0x0861,0x0861,0x0861,0x0861,0x0861,0x0861,0x0862,0x0861,0x0862,0x0862,0x0861,0x0861,0x0861,0x0861,0x0861,0x0861,
  0x0862,0x0862,0x0861,0x0861,0x0862,0x0861,0x0861,0x0861,0x0861,0x0861,0x0861,0x0861,0x0861,0x0861,0x0861,0x0861,
  0x0861,0x0861,0x0841,0x0861,0x0862,0x0861,0x0861,0x0861,0x0861,0x0861,0x0041,0x0041,0x0841,0x0041,0x0041,0x0841,
  0x0041,0x0841,0x0841,0x0861,0x0841,0x0861,0x0041,0x0041,0x0041,0x0041,0x0041,0x0041,0x0041,0x0041,0x0041,0x0041,
  0x0041,0x0041,0x0041,0x0041,0x0041,0x0041,0x0041,0x0041,0x0041,0x0021,0x0021,0x0041,0x0000,0x10A3,0x11AB,0x0001,
  0x0000,0x2145,0x3186,0x31C7,0x31A6,0x31C7,0x0841,0x0000,0x0021,0x0021,0x0000,0x18E4,0x2125,0x10C3,0x18E3,0x18E3,
  0x18E3,0x18E3,0x18E3,0x18E4,0x18E3,0x18E4,0x18E4,0x18E4,0x18E4,0x18E4,0x18E4,0x1904,0x0021,0x0020,0x2966,0x18E4,
  0x18E4,0x1904,0x1904,0x2104,0x2104,0x2104,0x2104,0x2124,0x2124,0x2124,0x2124,0x2104,0x2125,0x18C3,0x0000,0x1904,
  0x2945,0x2125,0x2145,0x2945,0x2945,0x2945,0x2145,0x2145,0x2145,0x2145,0x2145,0x2945,0x1904,0x0000,0x18E3,0x2986,
  0x2945,0x2965,0x2966,0x2966,0x2966,0x2966,0x2966,0x2965,0x2945,0x2945,0x2966,0x2104,0x0000,0x2125,0x3186,0x2965,
  0x2966,0x2966,0x2966,0x2966,0x2966,0x2966,0x2966,0x2966,0x2966,0x3186,0x0862,0x0841,0x31A7,0x2966,0x2966,0x2966,
  0x2966,0x2966,0x2966,0x2966,0x2966,0x2966,0x2966,0x3186,0x2104,0x0000,0x2945,0x2986,0x2966,0x2966,0x2966,0x2966,
  0x2966,0x2966,0x2986,0x2966,0x2966,0x2986,0x2966,0x0000,0x1904,0x31A7,0x2945,0x2966,0x2966,0x2966,0x2966,0x2966,
  0x2966,0x2966,0x2966,0x3186,0x2966,0x0000,0x18E3,0x39A7,0x2945,0x2966,0x2966,0x2966,0x2966,0x2966,0x2966,0x2966,
  0x2966,0x2986,0x2966,0x0000,0x2104,0x3186,0x2945,0x2965,0x2965,0x2945,0x2965,0x2945,0x2965,0x2965,0x2945,0x2966,
  0x2104,0x0000,0x2965,0x2965,0x2945,0x2965,0x2965,0x2965,0x2945,0x2945,0x2965,0x2945,0x2945,0x2945,0x0061,0x2821,
  0xB800,0x9000,0x9000,0x9000,0x9000,0x9000,0x9000,0x9000,0x9800,0x9800,0xA800,0x2841,0x2021,0xE001,0xB001,0xB801,
  0xB801,0xC001,0xC000,0xC000,0xC000,0xC000,0xC001,0xB800,0x1000,0x0020,0x0020,0x0020,0x0020,0x0020,0x0020,0x0020,
  0x0020,0x0020,0x0020,0x0021,0x0000,0x01B5,0x02BF,0x0020,0x10A3,0x0000,0x528A,0x424A,0x0000,0x0841,0x0841,0x0841,
  0x0841,0x0841,0x0841,0x0841,0x0841,0x0841,0x0841,0x0841,0x0841,0x0841,0x0841,0x0861,0x0861,0x0861,0x0861,0x0861,
  0x0861,0x0861,0x0861,0x0861,0x0861,0x0861,0x0861,0x0861,0x0862,0x0861,0x0861,0x0861,0x0861,0x0861,0x0861,0x0861,
  0x0861,0x0861,0x0861,0x0861,0x0861,0x0861,0x0861,0x0862,0x0862,0x0861,0x0861,0x0861,0x0861,0x0861,0x0861,0x0861,
  0x0841,0x0841,0x0061,0x0861,0x0861,0x0861,0x0862,0x0862,0x0861,0x0861,0x0861,0x0861,0x0041,0x0041,0x0861,0x0841,
  0x0841,0x0861,0x0841,0x0041,0x0041,0x0041,0x0041,0x0041,0x0041,0x0041,0x0041,0x0041,0x0041,0x0041,0x0041,0x0041,
  0x0041,0x0041,0x0041,0x0041,0x0041,0x0021,0x0021,0x0041,0x0041,0x0041,0x0041,0x0041,0x0000,0x10A3,0x118B,0x0001,
  0x0000,0x2125,0x31A6,0x31C7,0x39C7,0x2104,0x0000,0x0021,0x0021,0x0020,0x0020,0x2145,0x18C3,0x18C3,0x18E3,0x18E3,
  0x18E3,0x18E3,0x18E3,0x18E3,0x18E3,0x18E3,0x18E4,0x18E4,0x18E4,0x18E3,0x1904,0x10C3,0x0000,0x18C3,0x2145,0x18E3,
  0x1904,0x1904,0x1904,0x1904,0x2104,0x2104,0x2104,0x2104,0x2104,0x2104,0x2124,0x2124,0x2125,0x0841,0x0020,0x2966,
  0x2125,0x2125,0x2145,0x2145,0x2145,0x2145,0x2145,0x2145,0x2145,0x2145,0x2145,0x2945,0x0882,0x0000,0x2966,0x2945,
  0x2945,0x2965,0x2966,0x2966,0x2966,0x2965,0x2945,0x2945,0x2945,0x2945,0x2966,0x0862,0x0020,0x31A7,0x2966,0x2966,
  0x2966,0x2966,0x2966,0x2966,0x2966,0x2966,0x2966,0x2965,0x2966,0x2125,0x0000,0x2104,0x31A7,0x2966,0x2966,0x2966,
  0x2966,0x2966,0x2966,0x2966,0x2966,0x2966,0x2966,0x3186,0x1082,0x0021,0x3186,0x2945,0x2966,0x2966,0x2986,0x2966,
  0x2966,0x2966,0x2966,0x2966,0x2966,0x3186,0x1904,0x0000,0x31A6,0x2986,0x2966,0x2966,0x2966,0x2966,0x2966,0x2966,
  0x2966,0x2966,0x2966,0x3186,0x2104,0x0000,0x31A6,0x3186,0x2966,0x2966,0x2966,0x2966,0x2966,0x2966,0x2966,0x2966,
  0x2966,0x3186,0x18E4,0x0000,0x3186,0x2945,0x2945,0x2965,0x2965,0x2945,0x2945,0x2965,0x2965,0x2965,0x2945,0x2965,
  0x0861,0x0861,0x31A6,0x2945,0x2965,0x2965,0x2965,0x2965,0x2965,0x2945,0x2965,0x2945,0x2945,0x2104,0x0000,0x8000,
  0xA800,0x9000,0x9000,0x9000,0x9000,0x9000,0x9000,0x9800,0x9800,0xA000,0x9800,0x0800,0x8801,0xD801,0xB800,0xC000,
  0xB801,0xC000,0xC000,0xC000,0xC001,0xB800,0xD000,0x8000,0x0000,0x0021,0x0021,0x0021,0x0020,0x0021,0x0020,0x0020,
  0x0020,0x0020,0x0020,0x0021,0x0000,0x0196,0x02BF,0x0000,0x0021,0x0020,0x528A,0x424A,0x0000,0x0841,0x0841,0x0841,
  0x0841,0x0841,0x0861,0x0841,0x0841,0x0861,0x0841,0x0861,0x0861,0x0861,0x0841,0x0841,0x0861,0x0861,0x0841,0x0861,
  0x0861,0x0861,0x0861,0x0861,0x0861,0x0861,0x0861,0x0861,0x0861,0x0861,0x0841,0x0841,0x0841,0x0861,0x0861,0x0861,
  0x0861,0x0861,0x0861,0x0861,0x0861,0x0861,0x0861,0x0841,0x0841,0x0861,0x0861,0x0861,0x0861,0x0861,0x0861,0x0861,
  0x0841,0x0841,0x0861,0x0841,0x0841,0x0861,0x0862,0x0861,0x0861,0x0862,0x0861,0x0841,0x0841,0x0841,0x0841,0x0841,
  0x0841,0x0841,0x0041,0x0041,0x0041,0x0041,0x0041,0x0041,0x0041,0x0041,0x0041,0x0041,0x0041,0x0041,0x0041,0x0041,
  0x0041,0x0041,0x0041,0x0041,0x0041,0x0041,0x0041,0x0021,0x0021,0x0041,0x0041,0x0041,0x0000,0x10C4,0x118B,0x0000,
  0x0000,0x2945,0x3186,0x31A6,0x31C7,0x0841,0x0000,0x0021,0x0041,0x0000,0x10C3,0x2124,0x10C3,0x18C3,0x18E3,0x18E3,
  0x18E3,0x18E3,0x18E3,0x18E3,0x18E3,0x18E3,0x18E4,0x18E3,0x18E3,0x18E4,0x1904,0x0841,0x0000,0x2966,0x1904,0x18E4,
  0x18E4,0x1904,0x1904,0x1904,0x2104,0x2104,0x2104,0x2104,0x2104,0x2104,0x2124,0x2125,0x18E4,0x0000,0x10A3,0x2966,
  0x2125,0x2145,0x2145,0x2145,0x2145,0x2145,0x2145,0x2145,0x2145,0x2145,0x2945,0x2125,0x0000,0x1082,0x2986,0x2145,
  0x2945,0x2945,0x2945,0x2945,0x2945,0x2965,0x2965,0x2945,0x2945,0x2966,0x2125,0x0000,0x18C3,0x3186,0x2945,0x2966,
  0x2966,0x2966,0x2966,0x2966,0x2966,0x2966,0x2966,0x2966,0x3186,0x18C3,0x0000,0x3186,0x2966,0x2965,0x2966,0x2966,
  0x2966,0x2966,0x2966,0x2966,0x2966,0x2966,0x2966,0x2966,0x0000,0x18E3,0x3186,0x2965,0x2966,0x2966,0x2966,0x2966,
  0x2966,0x2966,0x2966,0x2966,0x2966,0x31A7,0x0861,0x1082,0x31A7,0x2945,0x2966,0x2966,0x2966,0x2966,0x2966,0x2966,
  0x2966,0x2966,0x2966,0x31A6,0x0862,0x1082,0x39C7,0x2945,0x2966,0x2966,0x2966,0x2966,0x2966,0x2966,0x2966,0x2966,
  0x2966,0x2966,0x0841,0x1082,0x31A6,0x2945,0x2945,0x2945,0x2945,0x2945,0x2945,0x2965,0x2965,0x2945,0x2945,0x2125,
  0x0000,0x2104,0x3186,0x2945,0x2945,0x2945,0x2945,0x2965,0x2945,0x2945,0x2945,0x2945,0x2965,0x10A2,0x0800,0xA800,
  0x9800,0x9000,0x9000,0x9000,0x9000,0x9000,0x9000,0x9000,0x9000,0xA000,0x6800,0x0800,0xD001,0xB800,0xB800,0xB800,
  0xB800,0xB801,0xC000,0xC000,0xB801,0xB800,0xC800,0x2800,0x0000,0x0021,0x0020,0x0020,0x0021,0x0021,0x0021,0x0020,
  0x0020,0x0020,0x0020,0x0021,0x0000,0x0195,0x027F,0x0000,0x0021,0x0000,0x528A,0x424A,0x0001,0x0041,0x0841,0x0841,
  0x0841,0x0841,0x0841,0x0861,0x0841,0x0841,0x0841,0x0861,0x0861,0x0861,0x0861,0x0841,0x0841,0x0841,0x0861,0x0861,
  0x0861,0x0861,0x0861,0x0861,0x0861,0x0841,0x0861,0x0861,0x0861,0x0841,0x0841,0x0841,0x0841,0x0861,0x0861,0x0861,
  0x0861,0x0861,0x0861,0x0861,0x0861,0x0861,0x0861,0x0861,0x0861,0x0861,0x0861,0x0861,0x0861,0x0861,0x0861,0x0861,
  0x0861,0x0841,0x0841,0x0841,0x0861,0x0861,0x0861,0x0861,0x0862,0x0862,0x0861,0x0861,0x0841,0x0841,0x0841,0x0841,
  0x0841,0x0041,0x0041,0x0041,0x0841,0x0041,0x0041,0x0041,0x0041,0x0041,0x0041,0x0041,0x0041,0x0041,0x0041,0x0041,
  0x0041,0x0041,0x0041,0x0041,0x0041,0x0041,0x0021,0x0021,0x0041,0x0021,0x0021,0x0041,0x0000,0x10C4,0x118B,0x0000,
  0x0000,0x2945,0x2965,0x39C7,0x2104,0x0000,0x0021,0x0021,0x0021,0x0020,0x2125,0x18C3,0x18C3,0x18C3,0x18E3,0x18E3,
  0x18E3,0x18E3,0x18E3,0x18E3,0x18E3,0x18E3,0x18E3,0x18E4,0x18E4,0x1904,0x18C3,0x0000,0x1082,0x2966,0x18E3,0x1904,
  0x18E4,0x1904,0x1904,0x1904,0x1904,0x1904,0x2104,0x2104,0x2104,0x2104,0x2104,0x2125,0x0862,0x0000,0x2125,0x2145,
  0x2145,0x2145,0x2145,0x2145,0x2145,0x2125,0x2145,0x2145,0x2145,0x2145,0x2945,0x10C3,0x0000,0x2125,0x2945,0x2125,
  0x2945,0x2945,0x2945,0x2945,0x2945,0x2945,0x2945,0x2945,0x2945,0x2966,0x18C3,0x0000,0x2966,0x2966,0x2945,0x2965,
  0x2945,0x2966,0x2966,0x2966,0x2966,0x2966,0x2966,0x2966,0x3186,0x0841,0x1082,0x31A7,0x2945,0x2965,0x2966,0x2966,
  0x2966,0x2966,0x2966,0x2966,0x2966,0x2966,0x2986,0x18E4,0x0000,0x2966,0x2965,0x2966,0x2966,0x2966,0x2965,0x2965,
  0x2966,0x2966,0x2965,0x2966,0x3186,0x2966,0x0000,0x2104,0x2966,0x2945,0x2966,0x2966,0x2966,0x2966,0x2966,0x2966,
  0x2966,0x2966,0x2966,0x2945,0x0000,0x2104,0x3186,0x2945,0x2966,0x2966,0x2966,0x2966,0x2966,0x2966,0x2966,0x2966,
  0x2966,0x2125,0x0000,0x2945,0x2966,0x2945,0x2965,0x2945,0x2945,0x2945,0x2945,0x2945,0x2965,0x2945,0x2965,0x10C3,
  0x0000,0x31A6,0x2945,0x2945,0x2945,0x2945,0x2945,0x2945,0x2945,0x2945,0x2945,0x2945,0x2965,0x0041,0x3021,0xA001,
  0x8800,0x9000,0x9000,0x9000,0x9000,0x9000,0x9000,0x9000,0x9000,0x9800,0x1820,0x3820,0xD801,0xA800,0xB800,0xB800,
  0xB800,0xB800,0xB801,0xB800,0xB800,0xC000,0xA001,0x0000,0x0020,0x0021,0x0021,0x0021,0x0021,0x0020,0x0020,0x0020,
  0x0020,0x0020,0x0020,0x0021,0x0000,0x0195,0x027F,0x0021,0x18E4,0x0000,0x52AA,0x426B,0x0021,0x0841,0x0841,0x0841,
  0x0841,0x0841,0x0841,0x0861,0x0841,0x0841,0x0861,0x0861,0x0841,0x0841,0x0861,0x0841,0x0841,0x0841,0x0841,0x0841,
  0x0861,0x0861,0x0861,0x0861,0x0861,0x0841,0x0861,0x0861,0x0041,0x0841,0x0841,0x0841,0x0861,0x0841,0x0861,0x0861,
  0x0861,0x0841,0x0861,0x0861,0x0861,0x0861,0x0861,0x0861,0x0841,0x0841,0x0841,0x0841,0x0861,0x0861,0x0841,0x0861,
  0x0841,0x0841,0x0041,0x0841,0x0841,0x0861,0x0861,0x0861,0x0861,0x0861,0x0861,0x0861,0x0861,0x0841,0x0841,0x0841,
  0x0041,0x0041,0x0041,0x0041,0x0841,0x0841,0x0041,0x0041,0x0041,0x0041,0x0041,0x0041,0x0041,0x0041,0x0041,0x0041,
  0x0041,0x0041,0x0041,0x0041,0x0041,0x0041,0x0021,0x0021,0x0021,0x0021,0x0021,0x0041,0x0000,0x10C4,0x118B,0x0000,
  0x0020,0x2945,0x3186,0x2945,0x0000,0x0020,0x0021,0x0041,0x0000,0x10A3,0x2125,0x10C3,0x18C3,0x18E3,0x18E3,0x18E3,
  0x18E3,0x18E3,0x18E3,0x18E3,0x18E3,0x18E3,0x18E3,0x18E3,0x18E3,0x2104,0x0862,0x0000,0x2125,0x2104,0x18E4,0x1904,
  0x1904,0x1904,0x1904,0x1904,0x1904,0x1904,0x1904,0x2104,0x2104,0x2104,0x2104,0x1904,0x0000,0x0861,0x2946,0x2125,
  0x2125,0x2145,0x2145,0x2125,0x2125,0x2125,0x2125,0x2145,0x2145,0x2145,0x2145,0x0041,0x0021,0x2966,0x2125,0x2945,
  0x2945,0x2945,0x2945,0x2945,0x2945,0x2945,0x2945,0x2145,0x2145,0x2945,0x0041,0x1082,0x39C7,0x2945,0x2966,0x2945,
  0x2945,0x2965,0x2966,0x2966,0x2966,0x2966,0x2966,0x2986,0x2125,0x0000,0x2145,0x2986,0x2965,0x2966,0x2966,0x2966,
  0x2966,0x2966,0x2966,0x2966,0x2966,0x2966,0x2966,0x0021,0x1082,0x31A7,0x2965,0x2966,0x2965,0x2966,0x2966,0x2966,
  0x2966,0x2966,0x2966,0x2966,0x2986,0x10A3,0x0000,0x3186,0x2945,0x2966,0x2966,0x2966,0x2966,0x2966,0x2945,0x2966,
  0x2966,0x2966,0x3186,0x18C3,0x0000,0x31A7,0x2945,0x2966,0x2966,0x2966,0x2966,0x2966,0x2966,0x2966,0x2966,0x2945,
  0x2966,0x1082,0x0841,0x39E7,0x2945,0x2945,0x2945,0x2965,0x2965,0x2945,0x2945,0x2945,0x2945,0x2945,0x2965,0x0020,
  0x10A2,0x39C7,0x2945,0x2965,0x2945,0x2945,0x2945,0x2945,0x2945,0x2945,0x2945,0x2965,0x2104,0x0000,0x9000,0x9800,
  0x8800,0x8800,0x8800,0x9000,0x9000,0x9000,0x9000,0x9000,0x9000,0x8000,0x0000,0xA000,0xC800,0xB000,0xB800,0xB800,
  0xB800,0xB800,0xB801,0xB800,0xB800,0xC800,0x5000,0x0000,0x0021,0x0021,0x0021,0x0021,0x0021,0x0021,0x0020,0x0020,
  0x0020,0x0020,0x0020,0x0021,0x0000,0x01B5,0x02BF,0x0041,0x2946,0x0020,0x52AB,0x4AAB,0x0021,0x0041,0x0841,0x0841,
  0x0861,0x0861,0x0861,0x0861,0x0861,0x0861,0x0861,0x0841,0x0861,0x0861,0x0841,0x0841,0x0841,0x0861,0x0861,0x0841,
  0x0861,0x0861,0x0841,0x0841,0x0861,0x0841,0x0841,0x0861,0x0841,0x0841,0x0841,0x0841,0x0841,0x0861,0x0861,0x0861,
  0x0841,0x0841,0x0841,0x0841,0x0861,0x0841,0x0841,0x0841,0x0841,0x0841,0x0841,0x0041,0x0861,0x0841,0x0841,0x0841,
  0x0841,0x0041,0x0841,0x0841,0x0841,0x0861,0x0861,0x0861,0x0841,0x0862,0x0861,0x0861,0x0841,0x0841,0x0861,0x0041,
  0x0041,0x0041,0x0041,0x0041,0x0041,0x0041,0x0041,0x0041,0x0041,0x0041,0x0041,0x0041,0x0041,0x0041,0x0041,0x0041,
  0x0041,0x0041,0x0041,0x0041,0x0041,0x0041,0x0021,0x0021,0x0021,0x0021,0x0021,0x0041,0x0000,0x10C4,0x11AB,0x0000,
  0x0000,0x2966,0x31A6,0x0021,0x0000,0x0041,0x0021,0x0020,0x0020,0x2145,0x18E4,0x18E3,0x18E3,0x18E3,0x18E3,0x18E3,
  0x18E3,0x18E3,0x18E3,0x18E3,0x18E4,0x18E4,0x18E4,0x18E4,0x18E4,0x1904,0x0000,0x0861,0x2966,0x18E4,0x1904,0x1904,
  0x1904,0x1904,0x1904,0x1904,0x1904,0x2104,0x2124,0x2105,0x2125,0x2124,0x2125,0x10A3,0x0000,0x2104,0x2145,0x2125,
  0x2125,0x2125,0x2125,0x2145,0x2145,0x2145,0x2145,0x2145,0x2125,0x2945,0x1904,0x0000,0x18E4,0x2966,0x2125,0x2945,
  0x2945,0x2965,0x2966,0x2966,0x2966,0x2966,0x2945,0x2145,0x2945,0x18E4,0x0000,0x2945,0x3186,0x2966,0x2986,0x2966,
  0x2966,0x2966,0x2966,0x2966,0x2966,0x2966,0x2966,0x2966,0x0862,0x0841,0x31A7,0x2966,0x2966,0x2966,0x2966,0x2966,
  0x2966,0x2966,0x2966,0x2966,0x2966,0x2966,0x2124,0x0000,0x2945,0x31A7,0x2966,0x2966,0x2966,0x2965,0x2966,0x2966,
  0x2966,0x2966,0x2966,0x2966,0x2966,0x0020,0x18C3,0x31C7,0x2966,0x2986,0x2966,0x2966,0x2966,0x2966,0x2966,0x2966,
  0x2966,0x2966,0x2986,0x0841,0x18C3,0x31C7,0x2945,0x3186,0x3186,0x3186,0x2986,0x2966,0x2966,0x2945,0x2945,0x2945,
  0x2966,0x0021,0x2104,0x39E7,0x2965,0x2965,0x2965,0x2965,0x2965,0x2965,0x2965,0x2965,0x2965,0x3186,0x2125,0x0000,
  0x2945,0x2965,0x2945,0x2965,0x2945,0x2945,0x2945,0x2945,0x2945,0x2965,0x2965,0x3186,0x0882,0x2020,0xC000,0x9000,
  0x9000,0x8800,0x8800,0x9000,0x9000,0x9000,0x9000,0x8800,0x9800,0x4000,0x1800,0xE801,0xC000,0xC000,0xC000,0xC000,
  0xC000,0xB800,0xB800,0xB800,0xC000,0xC800,0x1800,0x0020,0x0021,0x0021,0x0021,0x0021,0x0021,0x0021,0x0021,0x0020,
  0x0020,0x0020,0x0020,0x0021,0x0000,0x01B6,0x02BF,0x0021,0x18C4,0x0000,0x4A6A,0x4AAB,0x0021,0x0841,0x0861,0x0841,
  0x0861,0x0861,0x0861,0x0861,0x0861,0x0861,0x0841,0x0841,0x0841,0x0861,0x0841,0x0861,0x0841,0x0841,0x0861,0x0841,
  0x0841,0x0861,0x0861,0x0841,0x0041,0x0841,0x0841,0x0041,0x0841,0x0041,0x0841,0x0841,0x0841,0x0861,0x0841,0x0841,
  0x0841,0x0041,0x0841,0x0041,0x0841,0x0041,0x0841,0x0841,0x0841,0x0041,0x0841,0x0841,0x0841,0x0841,0x0841,0x0861,
  0x0041,0x0841,0x0861,0x0841,0x0861,0x0841,0x0861,0x0861,0x0841,0x0861,0x0861,0x0841,0x0041,0x0841,0x0041,0x0041,
  0x0041,0x0041,0x0041,0x0041,0x0041,0x0041,0x0041,0x0041,0x0041,0x0041,0x0041,0x0041,0x0041,0x0041,0x0041,0x0041,
  0x0041,0x0041,0x0041,0x0041,0x0041,0x0041,0x0021,0x0021,0x0021,0x0021,0x0021,0x0021,0x0000,0x18C3,0x11AB,0x0001,
  0x0000,0x3185,0x10A3,0x0000,0x0021,0x0021,0x0021,0x0000,0x0000,0x0041,0x0020,0x0020,0x0000,0x0000,0x0020,0x0020,
  0x0000,0x0000,0x0000,0x0000,0x0000,0x0020,0x0000,0x0020,0x0020,0x0020,0x0000,0x0020,0x0021,0x0000,0x0000,0x0020,
  0x0021,0x0021,0x0021,0x0021,0x0021,0x0021,0x0021,0x0021,0x0021,0x0021,0x0021,0x0000,0x0000,0x0841,0x0000,0x0020,
  0x0020,0x0020,0x0020,0x0020,0x0020,0x0020,0x0020,0x0020,0x0020,0x0020,0x0000,0x0000,0x0020,0x0020,0x0020,0x0020,
  0x0020,0x0020,0x0020,0x0020,0x0020,0x0020,0x0020,0x0020,0x0020,0x0000,0x0000,0x0841,0x0000,0x0020,0x0020,0x0020,
  0x0020,0x0020,0x0020,0x0020,0x0020,0x0020,0x0020,0x0020,0x0000,0x0020,0x0841,0x0020,0x0020,0x0020,0x0020,0x0020,
  0x0020,0x0020,0x0020,0x0020,0x0020,0x0020,0x0000,0x0000,0x0841,0x0020,0x0020,0x0020,0x0020,0x0020,0x0020,0x0020,
  0x0021,0x0821,0x0020,0x0020,0x0020,0x0000,0x0841,0x0021,0x0821,0x0020,0x0020,0x0020,0x0020,0x0020,0x0020,0x0020,
  0x0020,0x0020,0x0020,0x0000,0x0020,0x0020,0x0020,0x0020,0x0020,0x0021,0x0021,0x0020,0x0020,0x0020,0x0020,0x0020,
  0x0041,0x0000,0x0861,0x0020,0x0020,0x0020,0x0020,0x0020,0x0020,0x0020,0x0020,0x0020,0x0020,0x0841,0x0020,0x0000,
  0x0841,0x0000,0x0020,0x0020,0x0020,0x0020,0x0020,0x0020,0x0020,0x0020,0x0020,0x0841,0x0000,0x1800,0x2000,0x1000,
  0x1000,0x1000,0x1800,0x1800,0x1800,0x1800,0x1800,0x1800,0x2000,0x0800,0x1800,0x3000,0x2800,0x2800,0x2800,0x2800,
  0x2800,0x2000,0x2000,0x2000,0x2000,0x2000,0x0000,0x0021,0x0021,0x0021,0x0021,0x0021,0x0021,0x0020,0x0020,0x0020,
  0x0020,0x0020,0x0020,0x0021,0x0000,0x0195,0x027F,0x0000,0x0021,0x0000,0x4A6A,0x4ACC,0x0021,0x0041,0x0841,0x0841,
  0x0861,0x0861,0x0861,0x0841,0x0841,0x0841,0x0841,0x0841,0x0841,0x0841,0x0841,0x0841,0x0841,0x0841,0x0841,0x0841,
  0x0861,0x0841,0x0841,0x0841,0x0041,0x0041,0x0041,0x0041,0x0841,0x0041,0x0041,0x0841,0x0841,0x0841,0x0841,0x0841,
  0x0041,0x0041,0x0841,0x0841,0x0841,0x0861,0x0841,0x0041,0x0841,0x0841,0x0041,0x0041,0x0041,0x0841,0x0041,0x0841,
  0x0841,0x0841,0x0841,0x0841,0x0841,0x0841,0x0041,0x0841,0x0841,0x0841,0x0841,0x0041,0x0041,0x0041,0x0041,0x0041,
  0x0041,0x0041,0x0041,0x0041,0x0041,0x0041,0x0041,0x0041,0x0041,0x0041,0x0041,0x0041,0x0041,0x0041,0x0041,0x0041,
  0x0041,0x0041,0x0041,0x0041,0x0041,0x0021,0x0021,0x0021,0x0021,0x0041,0x0021,0x0021,0x0000,0x18C3,0x118B,0x0000,
  0x0000,0x016F,0x010B,0x0000,0x0041,0x0021,0x0020,0x0841,0x0882,0x0861,0x0861,0x0862,0x0861,0x0861,0x0861,0x0862,
  0x0862,0x0862,0x0862,0x0862,0x0862,0x0862,0x0862,0x0862,0x0862,0x0862,0x0862,0x0882,0x1082,0x1082,0x0882,0x0882,
  0x1082,0x1082,0x1082,0x0882,0x0882,0x1082,0x1082,0x0882,0x0882,0x0882,0x0882,0x0882,0x1082,0x1082,0x1082,0x1082,
  0x1082,0x1082,0x0882,0x1082,0x1082,0x1082,0x1082,0x1082,0x0882,0x0862,0x1082,0x1082,0x1082,0x10A2,0x10A2,0x1082,
  0x1082,0x1082,0x1082,0x1082,0x1082,0x1082,0x1082,0x1082,0x10A2,0x10A2,0x1082,0x10A2,0x10A2,0x10A2,0x1082,0x1082,
  0x1082,0x1082,0x1082,0x1082,0x1082,0x1082,0x1082,0x1082,0x1082,0x1082,0x10A2,0x10A2,0x1082,0x1082,0x1082,0x1082,
  0x1082,0x1082,0x1082,0x1082,0x1082,0x1082,0x1082,0x1082,0x10A2,0x10A2,0x1082,0x1082,0x1082,0x1082,0x1082,0x1082,
  0x0882,0x1082,0x1082,0x0882,0x0882,0x1082,0x10A3,0x10A2,0x1082,0x1082,0x1082,0x1082,0x1082,0x1082,0x1082,0x0882,
  0x0862,0x0862,0x0882,0x0882,0x1082,0x10A3,0x10A2,0x1082,0x1082,0x1082,0x0882,0x0882,0x1082,0x1082,0x0882,0x0862,
  0x0882,0x1082,0x10A2,0x1082,0x1082,0x1082,0x0882,0x0862,0x0861,0x0861,0x0862,0x0861,0x0861,0x0841,0x0861,0x0862,
  0x0882,0x0882,0x0882,0x0862,0x0862,0x0862,0x0861,0x0861,0x0861,0x0861,0x0861,0x0861,0x0862,0x0862,0x0861,0x0861,
  0x0861,0x0861,0x0041,0x0041,0x0041,0x0041,0x0041,0x0041,0x0061,0x0841,0x0841,0x0061,0x0041,0x0041,0x0041,0x0041,
  0x0041,0x0041,0x0041,0x0041,0x0041,0x0041,0x0020,0x0021,0x0021,0x0021,0x0020,0x0021,0x0021,0x0020,0x0020,0x0020,
  0x0020,0x0020,0x0020,0x0021,0x0000,0x0176,0x027F,0x0000,0x0021,0x0020,0x52AB,0x52CC,0x0041,0x0041,0x0841,0x0841,
  0x0841,0x0841,0x0841,0x0841,0x0841,0x0841,0x0841,0x0841,0x0841,0x0841,0x0841,0x0841,0x0841,0x0841,0x0841,0x0841,
  0x0841,0x0041,0x0841,0x0041,0x0841,0x0841,0x0041,0x0041,0x0841,0x0041,0x0041,0x0841,0x0841,0x0841,0x0041,0x0841,
  0x0841,0x0041,0x0841,0x0041,0x0041,0x0041,0x0041,0x0041,0x0041,0x0041,0x0041,0x0041,0x0041,0x0041,0x0041,0x0041,
  0x0041,0x0041,0x0041,0x0041,0x0041,0x0041,0x0041,0x0041,0x0041,0x0041,0x0041,0x0041,0x0041,0x0041,0x0041,0x0041,
  0x0041,0x0041,0x0841,0x0041,0x0041,0x0041,0x0041,0x0041,0x0041,0x0041,0x0041,0x0041,0x0041,0x0041,0x0041,0x0041,
  0x0041,0x0041,0x0041,0x0041,0x0041,0x0041,0x0021,0x0041,0x0021,0x0021,0x0021,0x0021,0x0000,0x10C3,0x118A,0x0000,
  0x0000,0x02DD,0x01B1,0x0000,0x0041,0x0041,0x0021,0x0861,0x0882,0x0882,0x0882,0x0882,0x0882,0x0882,0x0882,0x0882,
  0x0882,0x0882,0x0882,0x0882,0x0882,0x0882,0x0882,0x0882,0x0882,0x0882,0x0882,0x0882,0x10A2,0x10A2,0x1082,0x1082,
  0x1082,0x10A2,0x10A3,0x10A2,0x10A2,0x10A2,0x10A2,0x10A2,0x10A2,0x10A2,0x1082,0x0882,0x10A2,0x10A3,0x10A2,0x10A2,
  0x10A2,0x1082,0x10A2,0x10A2,0x10A2,0x10A2,0x10A2,0x10A2,0x10A2,0x10A2,0x10A2,0x10A2,0x10A3,0x10A3,0x10A3,0x10A3,
  0x10A3,0x10A3,0x10A2,0x10A3,0x10A3,0x10A3,0x10A3,0x10A3,0x10A3,0x10A2,0x1082,0x10A3,0x10C3,0x10A3,0x10A3,0x10A3,
  0x10A3,0x10A3,0x10A3,0x10A3,0x10A3,0x10A3,0x10A3,0x10A3,0x1082,0x10A2,0x10A3,0x10A3,0x10A3,0x10A3,0x10A3,0x10A3,
  0x10A3,0x10A3,0x10A3,0x10A3,0x10A3,0x10A3,0x10A3,0x10A3,0x10C3,0x10A3,0x10A3,0x10A3,0x10A3,0x10A3,0x10A3,0x10A3,
  0x10A2,0x10A2,0x10A3,0x10A3,0x10A3,0x10A2,0x10A3,0x10A3,0x10A3,0x10A3,0x10A3,0x10A3,0x10A3,0x10A3,0x10A3,0x10A3,
  0x10A2,0x10A2,0x10A3,0x10A3,0x10A3,0x10C3,0x10C3,0x10A3,0x10A3,0x10A3,0x10A3,0x10A3,0x10A3,0x10C3,0x10A3,0x10A3,
  0x10A3,0x1082,0x10A3,0x10A3,0x10A3,0x10A3,0x10A3,0x10A2,0x10A2,0x10A3,0x10A3,0x10A3,0x10A2,0x1082,0x0882,0x0882,
  0x10A2,0x10A2,0x10A2,0x10A2,0x10A2,0x10A2,0x1082,0x1082,0x10A2,0x10A2,0x1082,0x1082,0x0882,0x0882,0x1082,0x1082,
  0x1082,0x1082,0x0882,0x0882,0x0882,0x0882,0x0882,0x0882,0x1082,0x0882,0x0862,0x0882,0x0862,0x0862,0x0862,0x0862,
  0x0862,0x0862,0x0862,0x0861,0x0861,0x0861,0x0041,0x0021,0x0021,0x0020,0x0021,0x0020,0x0020,0x0020,0x0020,0x0020,
  0x0020,0x0020,0x0020,0x0021,0x0000,0x0196,0x027F,0x0000,0x0000,0x0021,0x52AB,0x530D,0x0041,0x0041,0x0841,0x0041,
  0x0841,0x0841,0x0841,0x0841,0x0841,0x0841,0x0841,0x0841,0x0041,0x0041,0x0841,0x0041,0x0841,0x0841,0x0041,0x0841,
  0x0041,0x0041,0x0041,0x0041,0x0841,0x0041,0x0041,0x0041,0x0041,0x0041,0x0041,0x0041,0x0041,0x0841,0x0041,0x0041,
  0x0041,0x0041,0x0041,0x0041,0x0041,0x0041,0x0041,0x0041,0x0041,0x0041,0x0041,0x0041,0x0041,0x0041,0x0041,0x0041,
  0x0041,0x0041,0x0041,0x0041,0x0041,0x0041,0x0041,0x0041,0x0041,0x0841,0x0041,0x0041,0x0041,0x0041,0x0041,0x0041,
  0x0041,0x0041,0x0041,0x0841,0x0041,0x0041,0x0041,0x0041,0x0041,0x0041,0x0041,0x0041,0x0041,0x0041,0x0041,0x0041,
  0x0041,0x0041,0x0041,0x0041,0x0041,0x0041,0x0021,0x0021,0x0021,0x0021,0x0021,0x0021,0x0000,0x18E4,0x19AA,0x0000,
  0x0000,0x029D,0x0190,0x0000,0x0041,0x0041,0x0041,0x0021,0x0020,0x0020,0x0020,0x0020,0x0020,0x0020,0x0020,0x0021,
  0x0020,0x0021,0x0021,0x0021,0x0021,0x0021,0x0021,0x0021,0x0021,0x0041,0x0041,0x0021,0x0020,0x0020,0x0021,0x0021,
  0x0021,0x0021,0x0021,0x0021,0x0021,0x0021,0x0041,0x0041,0x0041,0x0041,0x0041,0x0041,0x0041,0x0041,0x0041,0x0041,
  0x0041,0x0041,0x0041,0x0041,0x0041,0x0041,0x0041,0x0041,0x0041,0x0041,0x0041,0x0041,0x0041,0x0021,0x0041,0x0041,
  0x0041,0x0041,0x0041,0x0041,0x0041,0x0041,0x0041,0x0041,0x0041,0x0041,0x0041,0x0021,0x0041,0x0041,0x0041,0x0041,
  0x0041,0x0041,0x0041,0x0041,0x0041,0x0041,0x0041,0x0041,0x0041,0x0041,0x0041,0x0041,0x0041,0x0041,0x0041,0x0041,
  0x0041,0x0041,0x0041,0x0041,0x0041,0x0041,0x0041,0x0041,0x0021,0x0021,0x0041,0x0041,0x0041,0x0041,0x0041,0x0041,
  0x0041,0x0041,0x0041,0x0041,0x0041,0x0041,0x0041,0x0041,0x0041,0x0041,0x0041,0x0041,0x0041,0x0041,0x0041,0x0041,
  0x0041,0x0041,0x0041,0x0041,0x0041,0x0041,0x0041,0x0041,0x0041,0x0041,0x0041,0x0041,0x0041,0x0041,0x0841,0x0841,
  0x0041,0x0041,0x0041,0x0841,0x0041,0x0041,0x0041,0x0041,0x0041,0x0041,0x0041,0x0041,0x0041,0x0041,0x0041,0x0041,
  0x0041,0x0041,0x0041,0x0041,0x0041,0x0041,0x0041,0x0041,0x0041,0x0041,0x0041,0x0041,0x0041,0x0021,0x0021,0x0021,
  0x0041,0x0041,0x0021,0x0021,0x0021,0x0021,0x0021,0x0021,0x0021,0x0021,0x0021,0x0020,0x0021,0x0020,0x0020,0x0020,
  0x0021,0x0020,0x0020,0x0020,0x0020,0x0020,0x0021,0x0021,0x0021,0x0021,0x0021,0x0020,0x0021,0x0021,0x0020,0x0020,
  0x0020,0x0020,0x0020,0x0021,0x0000,0x0196,0x027F,0x0000,0x0000,0x0020,0x52CB,0x530E,0x0041,0x0041,0x0841,0x0041,
  0x0041,0x0041,0x0841,0x0841,0x0841,0x0841,0x0841,0x0841,0x0841,0x0041,0x0841,0x0841,0x0841,0x0041,0x0041,0x0841,
  0x0841,0x0041,0x0841,0x0841,0x0041,0x0041,0x0041,0x0041,0x0041,0x0041,0x0041,0x0841,0x0841,0x0041,0x0041,0x0041,
  0x0041,0x0041,0x0041,0x0041,0x0041,0x0041,0x0041,0x0041,0x0041,0x0041,0x0041,0x0041,0x0041,0x0041,0x0041,0x0041,
  0x0041,0x0041,0x0041,0x0841,0x0841,0x0041,0x0841,0x0841,0x0041,0x0041,0x0041,0x0041,0x0041,0x0041,0x0041,0x0041,
  0x0041,0x0041,0x0041,0x0041,0x0041,0x0041,0x0041,0x0041,0x0041,0x0041,0x0041,0x0041,0x0041,0x0041,0x0041,0x0041,
  0x0041,0x0041,0x0041,0x0041,0x0021,0x0041,0x0041,0x0041,0x0021,0x0021,0x0021,0x0021,0x0000,0x18E4,0x19AA,0x0000,
  0x0000,0x025C,0x0190,0x0000,0x0041,0x0041,0x0041,0x0041,0x0041,0x0041,0x0041,0x0041,0x0041,0x0041,0x0041,0x0041,
  0x0041,0x0041,0x0041,0x0041,0x0041,0x0041,0x0041,0x0041,0x0041,0x0041,0x0041,0x0041,0x0041,0x0041,0x0041,0x0041,
  0x0041,0x0041,0x0041,0x0041,0x0041,0x0841,0x0841,0x0041,0x0041,0x0841,0x0841,0x0841,0x0841,0x0841,0x0841,0x0841,
  0x0841,0x0841,0x0841,0x0841,0x0841,0x0841,0x0841,0x0841,0x0841,0x0841,0x0841,0x0841,0x0841,0x0841,0x0841,0x0841,
  0x0841,0x0841,0x0841,0x0841,0x0841,0x0841,0x0841,0x0841,0x0841,0x0841,0x0841,0x0841,0x0841,0x0841,0x0841,0x0841,
  0x0841,0x0841,0x0841,0x0841,0x0841,0x0841,0x0841,0x0841,0x0841,0x0841,0x0841,0x0841,0x0841,0x0861,0x0861,0x0861,
  0x0841,0x0841,0x0861,0x0861,0x0861,0x0861,0x0841,0x0841,0x0841,0x0841,0x0841,0x0841,0x0841,0x0841,0x0841,0x0841,
  0x0841,0x0841,0x0861,0x0841,0x0861,0x0841,0x0841,0x0861,0x0861,0x0861,0x0841,0x0841,0x0841,0x0841,0x0841,0x0861,
  0x0861,0x0841,0x0841,0x0841,0x0861,0x0841,0x0841,0x0841,0x0861,0x0841,0x0861,0x0861,0x0861,0x0861,0x0861,0x0861,
  0x0861,0x0861,0x0861,0x0861,0x0861,0x0861,0x0841,0x0861,0x0861,0x0841,0x0841,0x0841,0x0841,0x0841,0x0841,0x0841,
  0x0841,0x0841,0x0841,0x0841,0x0841,0x0841,0x0841,0x0841,0x0841,0x0841,0x0841,0x0041,0x0841,0x0041,0x0041,0x0041,
  0x0041,0x0041,0x0041,0x0041,0x0041,0x0041,0x0041,0x0041,0x0041,0x0041,0x0041,0x0041,0x0041,0x0041,0x0041,0x0041,
  0x0041,0x0041,0x0041,0x0021,0x0021,0x0021,0x0021,0x0021,0x0021,0x0021,0x0020,0x0021,0x0021,0x0021,0x0020,0x0020,
  0x0020,0x0020,0x0020,0x0021,0x0000,0x0195,0x027F,0x0000,0x0000,0x0020,0x52CC,0x532E,0x0041,0x0041,0x0041,0x0841,
  0x0841,0x0841,0x0041,0x0841,0x0841,0x0841,0x0041,0x0841,0x0841,0x0841,0x0041,0x0841,0x0041,0x0041,0x0841,0x0041,
  0x0041,0x0041,0x0041,0x0041,0x0041,0x0041,0x0041,0x0041,0x0041,0x0041,0x0041,0x0041,0x0041,0x0041,0x0041,0x0041,
  0x0041,0x0041,0x0041,0x0041,0x0041,0x0041,0x0041,0x0041,0x0041,0x0041,0x0041,0x0041,0x0041,0x0041,0x0041,0x0041,
  0x0041,0x0041,0x0041,0x0041,0x0041,0x0841,0x0041,0x0041,0x0041,0x0041,0x0041,0x0041,0x0041,0x0041,0x0041,0x0041,
  0x0041,0x0041,0x0041,0x0041,0x0041,0x0041,0x0041,0x0041,0x0041,0x0041,0x0041,0x0041,0x0041,0x0041,0x0041,0x0041,
  0x0041,0x0041,0x0041,0x0041,0x0041,0x0041,0x0021,0x0041,0x0041,0x0041,0x0021,0x0021,0x0000,0x10E4,0x19AA,0x0000,
  0x0000,0x025C,0x0170,0x0000,0x0041,0x0041,0x0041,0x0041,0x0041,0x0041,0x0041,0x0041,0x0041,0x0021,0x0041,0x0041,
  0x0041,0x0041,0x0041,0x0041,0x0041,0x0041,0x0041,0x0041,0x0041,0x0041,0x0841,0x0041,0x0041,0x0041,0x0041,0x0041,
  0x0041,0x0041,0x0041,0x0041,0x0041,0x0041,0x0041,0x0841,0x0841,0x0841,0x0841,0x0841,0x0841,0x0841,0x0841,0x0841,
  0x0841,0x0841,0x0841,0x0841,0x0841,0x0841,0x0841,0x0841,0x0841,0x0841,0x0841,0x0841,0x0841,0x0841,0x0841,0x0841,
  0x0841,0x0841,0x0841,0x0841,0x0841,0x0841,0x0841,0x0841,0x0841,0x0841,0x0841,0x0841,0x0841,0x0841,0x0841,0x0841,
  0x0841,0x0841,0x0841,0x0841,0x0841,0x0841,0x0841,0x0841,0x0841,0x0841,0x0841,0x0841,0x0841,0x0841,0x0841,0x0841,
  0x0841,0x0841,0x0841,0x0841,0x0841,0x0841,0x0841,0x0841,0x0841,0x0841,0x0841,0x0841,0x0841,0x0841,0x0841,0x0841,
  0x0841,0x0841,0x0841,0x0841,0x0841,0x0841,0x0841,0x0841,0x0841,0x0841,0x0841,0x0841,0x0841,0x0841,0x0841,0x0841,
  0x0841,0x0841,0x0841,0x0841,0x0861,0x0841,0x0841,0x0841,0x0841,0x0861,0x0861,0x0841,0x0841,0x0861,0x0861,0x0861,
  0x0861,0x0861,0x0861,0x0861,0x0841,0x0861,0x0841,0x0861,0x0861,0x0841,0x0841,0x0841,0x0841,0x0841,0x0841,0x0841,
  0x0841,0x0841,0x0841,0x0841,0x0841,0x0841,0x0841,0x0841,0x0841,0x0841,0x0841,0x0841,0x0841,0x0041,0x0041,0x0041,
  0x0041,0x0041,0x0841,0x0041,0x0041,0x0041,0x0041,0x0041,0x0041,0x0041,0x0041,0x0041,0x0041,0x0041,0x0041,0x0041,
  0x0041,0x0041,0x0041,0x0041,0x0041,0x0021,0x0021,0x0021,0x0021,0x0021,0x0021,0x0021,0x0021,0x0021,0x0021,0x0021,
  0x0020,0x0020,0x0020,0x0021,0x0000,0x0195,0x027F,0x0000,0x0020,0x0020,0x52CC,0x5B2F,0x0041,0x0041,0x0841,0x0841,
  0x0841,0x0841,0x0841,0x0841,0x0841,0x0841,0x0041,0x0841,0x0841,0x0041,0x0041,0x0041,0x0041,0x0041,0x0041,0x0041,
  0x0041,0x0041,0x0841,0x0041,0x0041,0x0041,0x0041,0x0041,0x0041,0x0041,0x0041,0x0041,0x0041,0x0041,0x0041,0x0041,
  0x0041,0x0041,0x0041,0x0041,0x0041,0x0041,0x0841,0x0041,0x0041,0x0041,0x0041,0x0041,0x0041,0x0041,0x0041,0x0041,
  0x0041,0x0041,0x0041,0x0041,0x0041,0x0841,0x0041,0x0041,0x0041,0x0041,0x0041,0x0041,0x0041,0x0041,0x0041,0x0041,
  0x0041,0x0041,0x0041,0x0041,0x0041,0x0041,0x0041,0x0041,0x0041,0x0041,0x0041,0x0041,0x0041,0x0041,0x0041,0x0041,
  0x0041,0x0041,0x0041,0x0041,0x0041,0x0021,0x0021,0x0021,0x0021,0x0021,0x0021,0x0041,0x0000,0x18E4,0x1989,0x0000,
  0x0000,0x025C,0x0170,0x0000,0x0041,0x0041,0x0041,0x0041,0x0041,0x0041,0x0041,0x0041,0x0041,0x0041,0x0041,0x0041,
  0x0041,0x0041,0x0041,0x0041,0x0041,0x0041,0x0041,0x0041,0x0041,0x0041,0x0041,0x0041,0x0041,0x0041,0x0041,0x0041,
  0x0041,0x0041,0x0041,0x0041,0x0041,0x0041,0x0841,0x0841,0x0841,0x0841,0x0041,0x0841,0x0841,0x0841,0x0841,0x0841,
  0x0841,0x0841,0x0841,0x0841,0x0841,0x0841,0x0841,0x0841,0x0841,0x0841,0x0841,0x0841,0x0841,0x0841,0x0841,0x0841,
  0x0841,0x0841,0x0861,0x0841,0x0841,0x0841,0x0841,0x0841,0x0841,0x0041,0x0841,0x0841,0x0841,0x0841,0x0841,0x0841,
  0x0841,0x0841,0x0841,0x0841,0x0841,0x0841,0x0841,0x0841,0x0841,0x0841,0x0841,0x0841,0x0841,0x0841,0x0841,0x0841,
  0x0841,0x0841,0x0841,0x0841,0x0841,0x0841,0x0841,0x0841,0x0841,0x0841,0x0841,0x0841,0x0841,0x0841,0x0841,0x0841,
  0x0841,0x0841,0x0841,0x0861,0x0841,0x0841,0x0841,0x0841,0x0841,0x0841,0x0841,0x0841,0x0841,0x0861,0x0861,0x0861,
  0x0841,0x0841,0x0841,0x0841,0x0861,0x0861,0x0841,0x0861,0x0841,0x0841,0x0861,0x0861,0x0861,0x0841,0x0861,0x0861,
  0x0861,0x0861,0x0861,0x0861,0x0861,0x0841,0x0841,0x0861,0x0841,0x0841,0x0841,0x0861,0x0841,0x0841,0x0841,0x0841,
  0x0841,0x0841,0x0841,0x0841,0x0841,0x0841,0x0841,0x0861,0x0841,0x0861,0x0841,0x0841,0x0841,0x0041,0x0841,0x0041,
  0x0041,0x0041,0x0841,0x0841,0x0841,0x0041,0x0041,0x0041,0x0041,0x0041,0x0041,0x0041,0x0041,0x0041,0x0041,0x0041,
  0x0041,0x0041,0x0041,0x0041,0x0041,0x0021,0x0021,0x0041,0x0021,0x0021,0x0021,0x0021,0x0021,0x0021,0x0021,0x0021,
  0x0020,0x0020,0x0020,0x0021,0x0000,0x0195,0x027F,0x0021,0x0883,0x0020,0x4AEE,0x5B70,0x0041,0x0041,0x0841,0x0841,
  0x0841,0x0841,0x0841,0x0841,0x0841,0x0841,0x0841,0x0841,0x0841,0x0041,0x0041,0x0841,0x0041,0x0041,0x0041,0x0841,
  0x0841,0x0841,0x0841,0x0041,0x0041,0x0041,0x0041,0x0041,0x0041,0x0841,0x0041,0x0041,0x0041,0x0041,0x0041,0x0041,
  0x0041,0x0041,0x0041,0x0041,0x0041,0x0041,0x0041,0x0041,0x0041,0x0041,0x0041,0x0041,0x0841,0x0041,0x0041,0x0841,
  0x0041,0x0041,0x0041,0x0041,0x0041,0x0041,0x0041,0x0041,0x0041,0x0041,0x0041,0x0041,0x0041,0x0041,0x0041,0x0041,
  0x0041,0x0041,0x0041,0x0041,0x0841,0x0041,0x0041,0x0041,0x0041,0x0041,0x0041,0x0041,0x0041,0x0041,0x0041,0x0041,
  0x0041,0x0041,0x0041,0x0041,0x0041,0x0021,0x0021,0x0041,0x0021,0x0021,0x0021,0x0021,0x0000,0x18E4,0x2188,0x0000,
  0x0000,0x025C,0x016F,0x0000,0x0041,0x0041,0x0041,0x0041,0x0041,0x0041,0x0041,0x0041,0x0041,0x0041,0x0041,0x0041,
  0x0041,0x0041,0x0041,0x0041,0x0041,0x0041,0x0041,0x0041,0x0041,0x0041,0x0041,0x0041,0x0041,0x0041,0x0041,0x0041,
  0x0041,0x0041,0x0041,0x0041,0x0841,0x0841,0x0841,0x0841,0x0841,0x0041,0x0041,0x0841,0x0841,0x0841,0x0841,0x0841,
  0x0841,0x0841,0x0841,0x0841,0x0841,0x0841,0x0841,0x0841,0x0841,0x0841,0x0841,0x0841,0x0841,0x0841,0x0841,0x0841,
  0x0841,0x0841,0x0841,0x0841,0x0841,0x0861,0x0841,0x0841,0x0841,0x0841,0x0841,0x0841,0x0841,0x0841,0x0841,0x0841,
  0x0841,0x0841,0x0841,0x0841,0x0841,0x0841,0x0841,0x0841,0x0841,0x0841,0x0841,0x0841,0x0841,0x0841,0x0861,0x0861,
  0x0861,0x0841,0x0841,0x0841,0x0841,0x0861,0x0841,0x0841,0x0861,0x0841,0x0841,0x0841,0x0841,0x0841,0x0841,0x0841,
  0x0841,0x0841,0x0841,0x0861,0x0861,0x0841,0x0841,0x0861,0x0861,0x0841,0x0841,0x0841,0x0841,0x0861,0x0861,0x0841,
  0x0861,0x0861,0x0841,0x0861,0x0861,0x0861,0x0861,0x0841,0x0841,0x0841,0x0861,0x0861,0x0861,0x0861,0x0861,0x0861,
  0x0861,0x0861,0x0861,0x0861,0x0861,0x0861,0x0841,0x0861,0x0861,0x0861,0x0861,0x0861,0x0841,0x0861,0x0841,0x0841,
  0x0841,0x0861,0x0861,0x0861,0x0841,0x0841,0x0861,0x0841,0x0861,0x0841,0x0841,0x0841,0x0841,0x0841,0x0841,0x0841,
  0x0841,0x0041,0x0841,0x0841,0x0041,0x0041,0x0841,0x0041,0x0041,0x0041,0x0041,0x0041,0x0041,0x0041,0x0041,0x0041,
  0x0041,0x0041,0x0041,0x0041,0x0041,0x0041,0x0041,0x0021,0x0041,0x0021,0x0021,0x0021,0x0021,0x0021,0x0021,0x0021,
  0x0020,0x0020,0x0020,0x0021,0x0000,0x0195,0x025F,0x0042,0x00C8,0x0021,0x530D,0x63B0,0x0062,0x0021,0x0841,0x0841,
  0x0841,0x0841,0x0841,0x0841,0x0841,0x0841,0x0841,0x0841,0x0041,0x0041,0x0041,0x0041,0x0041,0x0041,0x0041,0x0841,
  0x0041,0x0841,0x0841,0x0841,0x0041,0x0041,0x0841,0x0041,0x0041,0x0841,0x0041,0x0041,0x0041,0x0041,0x0041,0x0041,
  0x0041,0x0041,0x0041,0x0041,0x0041,0x0041,0x0041,0x0041,0x0041,0x0041,0x0041,0x0041,0x0041,0x0841,0x0841,0x0841,
  0x0041,0x0041,0x0041,0x0041,0x0041,0x0041,0x0041,0x0041,0x0041,0x0041,0x0041,0x0041,0x0041,0x0041,0x0041,0x0041,
  0x0041,0x0041,0x0841,0x0041,0x0041,0x0041,0x0041,0x0041,0x0041,0x0041,0x0041,0x0041,0x0041,0x0041,0x0041,0x0041,
  0x0041,0x0041,0x0041,0x0041,0x0041,0x0041,0x0021,0x0041,0x0041,0x0021,0x0021,0x0021,0x0000,0x18E4,0x2187,0x0000,
  0x0000,0x025C,0x016F,0x0000,0x0041,0x0041,0x0041,0x0041,0x0041,0x0041,0x0041,0x0041,0x0041,0x0041,0x0041,0x0041,
  0x0041,0x0041,0x0041,0x0041,0x0041,0x0041,0x0041,0x0041,0x0041,0x0841,0x0841,0x0041,0x0041,0x0841,0x0041,0x0041,
  0x0041,0x0841,0x0841,0x0841,0x0841,0x0841,0x0841,0x0841,0x0841,0x0841,0x0841,0x0841,0x0841,0x0841,0x0841,0x0841,
  0x0841,0x0841,0x0841,0x0841,0x0841,0x0841,0x0841,0x0841,0x0841,0x0841,0x0841,0x0841,0x0861,0x0841,0x0841,0x0841,
  0x0841,0x0841,0x0841,0x0841,0x0841,0x0841,0x0861,0x0841,0x0841,0x0841,0x0841,0x0841,0x0861,0x0841,0x0861,0x0841,
  0x0841,0x0841,0x0841,0x0841,0x0841,0x0841,0x0841,0x0841,0x0841,0x0841,0x0841,0x0841,0x0861,0x0861,0x0841,0x0861,
  0x0861,0x0841,0x0841,0x0841,0x0861,0x0861,0x0861,0x0841,0x0861,0x0841,0x0841,0x0841,0x0841,0x0841,0x0841,0x0841,
  0x0841,0x0861,0x0861,0x0841,0x0841,0x0841,0x0841,0x0861,0x0841,0x0861,0x0861,0x0861,0x0861,0x0861,0x0861,0x0861,
  0x0861,0x0861,0x0841,0x0861,0x0861,0x0861,0x0861,0x0841,0x0841,0x0841,0x0861,0x0861,0x0861,0x0861,0x0861,0x0861,
  0x0861,0x0861,0x0861,0x0861,0x0861,0x0861,0x0841,0x0841,0x0861,0x0861,0x0861,0x0861,0x0861,0x0841,0x0861,0x0861,
  0x0861,0x0841,0x0861,0x0841,0x0841,0x0861,0x0861,0x0841,0x0861,0x0861,0x0861,0x0841,0x0861,0x0841,0x0841,0x0841,
  0x0841,0x0041,0x0041,0x0841,0x0841,0x0841,0x0841,0x0841,0x0041,0x0041,0x0041,0x0841,0x0041,0x0041,0x0041,0x0041,
  0x0041,0x0041,0x0041,0x0041,0x0041,0x0041,0x0041,0x0021,0x0021,0x0021,0x0041,0x0021,0x0021,0x0021,0x0020,0x0020,
  0x0020,0x0020,0x0020,0x0021,0x0000,0x0174,0x025F,0x0001,0x0043,0x0841,0x632D,0x636F,0x0841,0x0021,0x0841,0x0841,
  0x0841,0x0841,0x0841,0x0841,0x0841,0x0041,0x0041,0x0041,0x0041,0x0041,0x0041,0x0041,0x0041,0x0041,0x0841,0x0841,
  0x0841,0x0841,0x0041,0x0041,0x0041,0x0041,0x0041,0x0041,0x0041,0x0041,0x0041,0x0041,0x0041,0x0041,0x0041,0x0041,
  0x0041,0x0041,0x0041,0x0041,0x0041,0x0041,0x0041,0x0041,0x0041,0x0041,0x0041,0x0041,0x0041,0x0041,0x0041,0x0041,
  0x0041,0x0041,0x0041,0x0041,0x0041,0x0041,0x0041,0x0041,0x0041,0x0041,0x0041,0x0041,0x0041,0x0041,0x0041,0x0041,
  0x0041,0x0041,0x0041,0x0041,0x0041,0x0041,0x0041,0x0041,0x0041,0x0041,0x0041,0x0041,0x0041,0x0041,0x0021,0x0021,
  0x0041,0x0041,0x0041,0x0041,0x0041,0x0041,0x0021,0x0021,0x0021,0x0021,0x0021,0x0041,0x0000,0x1904,0x2167,0x0000,
  0x0000,0x025B,0x014F,0x0000,0x0041,0x0041,0x0041,0x0041,0x0041,0x0041,0x0041,0x0041,0x0041,0x0041,0x0041,0x0041,
  0x0041,0x0041,0x0041,0x0041,0x0041,0x0041,0x0041,0x0041,0x0041,0x0041,0x0041,0x0041,0x0841,0x0041,0x0041,0x0041,
  0x0841,0x0841,0x0041,0x0841,0x0841,0x0841,0x0841,0x0841,0x0841,0x0841,0x0841,0x0841,0x0841,0x0841,0x0841,0x0841,
  0x0841,0x0841,0x0841,0x0841,0x0841,0x0841,0x0841,0x0841,0x0841,0x0841,0x0841,0x0841,0x0841,0x0841,0x0841,0x0841,
  0x0841,0x0841,0x0841,0x0861,0x0841,0x0861,0x0861,0x0841,0x0861,0x0861,0x0861,0x0861,0x0861,0x0861,0x0861,0x0841,
  0x0841,0x0841,0x0841,0x0841,0x0841,0x0841,0x0841,0x0841,0x0841,0x0861,0x0841,0x0841,0x0841,0x0861,0x0861,0x0841,
  0x0861,0x0841,0x0841,0x0841,0x0861,0x0861,0x0861,0x0861,0x0841,0x0841,0x0861,0x0841,0x0841,0x0861,0x0841,0x0841,
  0x0841,0x0841,0x0861,0x0841,0x0841,0x0861,0x0861,0x0861,0x0861,0x0861,0x0861,0x0861,0x0861,0x0861,0x0861,0x0861,
  0x0861,0x0861,0x0861,0x0861,0x0861,0x0861,0x0861,0x0841,0x0861,0x0861,0x0861,0x0861,0x0861,0x0861,0x0861,0x0861,
  0x0861,0x0861,0x0861,0x0861,0x0861,0x0861,0x0861,0x0861,0x0861,0x0861,0x0861,0x0861,0x0861,0x0861,0x0861,0x0861,
  0x0861,0x0861,0x0861,0x0861,0x0861,0x0861,0x0861,0x0861,0x0861,0x0861,0x0861,0x0861,0x0861,0x0841,0x0841,0x0841,
  0x0841,0x0841,0x0041,0x0041,0x0041,0x0841,0x0041,0x0841,0x0841,0x0041,0x0841,0x0041,0x0041,0x0041,0x0041,0x0041,
  0x0041,0x0041,0x0041,0x0041,0x0041,0x0041,0x0041,0x0041,0x0041,0x0021,0x0021,0x0021,0x0021,0x0020,0x0020,0x0021,
  0x0021,0x0020,0x0020,0x0021,0x0000,0x0173,0x027F,0x0841,0x1905,0x0841,0x632D,0x636E,0x0841,0x0041,0x0841,0x0841,
  0x0841,0x0841,0x0841,0x0841,0x0841,0x0841,0x0841,0x0841,0x0841,0x0041,0x0041,0x0841,0x0841,0x0041,0x0841,0x0841,
  0x0841,0x0841,0x0841,0x0041,0x0041,0x0841,0x0041,0x0841,0x0041,0x0041,0x0041,0x0041,0x0041,0x0041,0x0041,0x0041,
  0x0041,0x0041,0x0041,0x0041,0x0041,0x0041,0x0041,0x0041,0x0041,0x0041,0x0041,0x0041,0x0041,0x0041,0x0041,0x0041,
  0x0041,0x0041,0x0041,0x0041,0x0041,0x0041,0x0041,0x0041,0x0041,0x0041,0x0041,0x0041,0x0041,0x0041,0x0041,0x0041,
  0x0041,0x0041,0x0041,0x0041,0x0041,0x0041,0x0041,0x0041,0x0041,0x0041,0x0041,0x0041,0x0041,0x0041,0x0041,0x0041,
  0x0041,0x0041,0x0041,0x0041,0x0021,0x0021,0x0021,0x0041,0x0021,0x0041,0x0021,0x0041,0x0000,0x2104,0x2967,0x0000,
  0x0000,0x025B,0x016F,0x0000,0x0041,0x0041,0x0041,0x0041,0x0041,0x0041,0x0041,0x0041,0x0041,0x0041,0x0041,0x0041,
  0x0841,0x0041,0x0041,0x0041,0x0041,0x0041,0x0041,0x0841,0x0041,0x0041,0x0041,0x0041,0x0041,0x0041,0x0841,0x0841,
  0x0841,0x0841,0x0841,0x0841,0x0841,0x0841,0x0841,0x0841,0x0841,0x0841,0x0841,0x0841,0x0841,0x0841,0x0841,0x0841,
  0x0841,0x0841,0x0841,0x0841,0x0841,0x0841,0x0841,0x0841,0x0841,0x0841,0x0841,0x0841,0x0841,0x0841,0x0841,0x0841,
  0x0041,0x0841,0x0841,0x0861,0x0861,0x0861,0x0861,0x0841,0x0861,0x0861,0x0861,0x0861,0x0861,0x0861,0x0861,0x0841,
  0x0841,0x0841,0x0861,0x0861,0x0841,0x0841,0x0841,0x0841,0x0841,0x0841,0x0841,0x0861,0x0861,0x0861,0x0861,0x0861,
  0x0861,0x0861,0x0841,0x0841,0x0861,0x0861,0x0861,0x0861,0x0861,0x0861,0x0841,0x0841,0x0841,0x0841,0x0861,0x0841,
  0x0861,0x0841,0x0841,0x0861,0x0841,0x0841,0x0861,0x0861,0x0841,0x0861,0x0861,0x0841,0x0861,0x0861,0x0861,0x0861,
  0x0861,0x0861,0x0861,0x0861,0x0861,0x0861,0x0861,0x0861,0x0861,0x0861,0x0861,0x0861,0x0861,0x0861,0x0862,0x0861,
  0x0862,0x0862,0x0861,0x0862,0x0861,0x0861,0x0861,0x0861,0x0861,0x0861,0x0861,0x0861,0x0861,0x0861,0x0861,0x0861,
  0x0861,0x0861,0x0861,0x0861,0x0861,0x0861,0x0861,0x0861,0x0841,0x0861,0x0861,0x0861,0x0861,0x0861,0x0841,0x0841,
  0x0841,0x0041,0x0041,0x0841,0x0041,0x0041,0x0041,0x0841,0x0841,0x0841,0x0041,0x0841,0x0041,0x0041,0x0041,0x0041,
  0x0041,0x0041,0x0041,0x0041,0x0041,0x0041,0x0041,0x0041,0x0041,0x0021,0x0021,0x0021,0x0021,0x0021,0x0021,0x0021,
  0x0020,0x0020,0x0020,0x0021,0x0000,0x0172,0x029E,0x0021,0x1905,0x0841,0x5B0C,0x638F,0x0862,0x0021,0x0041,0x0041,
  0x0841,0x0841,0x0841,0x0841,0x0841,0x0841,0x0841,0x0841,0x0041,0x0041,0x0841,0x0841,0x0841,0x0841,0x0041,0x0841,
  0x0841,0x0041,0x0041,0x0841,0x0041,0x0041,0x0041,0x0041,0x0041,0x0041,0x0041,0x0041,0x0041,0x0041,0x0041,0x0041,
  0x0041,0x0041,0x0041,0x0041,0x0041,0x0041,0x0041,0x0041,0x0041,0x0041,0x0041,0x0041,0x0041,0x0041,0x0041,0x0041,
  0x0041,0x0041,0x0041,0x0041,0x0041,0x0041,0x0041,0x0041,0x0041,0x0041,0x0041,0x0041,0x0041,0x0041,0x0041,0x0041,
  0x0041,0x0041,0x0041,0x0041,0x0041,0x0041,0x0041,0x0041,0x0041,0x0041,0x0041,0x0041,0x0041,0x0041,0x0041,0x0021,
  0x0041,0x0041,0x0041,0x0041,0x0041,0x0041,0x0021,0x0041,0x0021,0x0021,0x0041,0x0021,0x0000,0x2124,0x2966,0x0000,
  0x0000,0x025B,0x0170,0x0000,0x0041,0x0041,0x0041,0x0041,0x0041,0x0041,0x0041,0x0041,0x0041,0x0041,0x0041,0x0041,
  0x0041,0x0041,0x0041,0x0841,0x0041,0x0041,0x0041,0x0041,0x0041,0x0841,0x0841,0x0841,0x0041,0x0041,0x0841,0x0841,
  0x0841,0x0841,0x0841,0x0841,0x0841,0x0841,0x0841,0x0841,0x0841,0x0841,0x0841,0x0041,0x0841,0x0841,0x0841,0x0861,
  0x0841,0x0841,0x0841,0x0841,0x0841,0x0841,0x0841,0x0841,0x0841,0x0841,0x0841,0x0841,0x0841,0x0841,0x0841,0x0841,
  0x0041,0x0841,0x0841,0x0841,0x0861,0x0861,0x0861,0x0861,0x0861,0x0861,0x0861,0x0861,0x0861,0x0861,0x0861,0x0861,
  0x0861,0x0841,0x0861,0x0841,0x0861,0x0861,0x0841,0x0841,0x0861,0x0861,0x0861,0x0861,0x0841,0x0841,0x0861,0x0861,
  0x0861,0x0861,0x0861,0x0861,0x0861,0x0841,0x0861,0x0861,0x0861,0x0861,0x0841,0x0841,0x0841,0x0841,0x0841,0x0861,
  0x0861,0x0861,0x0861,0x0861,0x0861,0x0861,0x0861,0x0861,0x0861,0x0861,0x0861,0x0861,0x0861,0x0861,0x0861,0x0861,
  0x0861,0x0861,0x0861,0x0861,0x0861,0x0861,0x0861,0x0861,0x0861,0x0861,0x0861,0x0861,0x0861,0x0862,0x0862,0x0861,
  0x0861,0x0861,0x0861,0x0861,0x0861,0x0861,0x0861,0x0861,0x0861,0x0861,0x0861,0x0861,0x0861,0x0861,0x0861,0x0861,
  0x0861,0x0861,0x0861,0x0861,0x0861,0x0861,0x0861,0x0861,0x0841,0x0861,0x0861,0x0861,0x0861,0x0861,0x0861,0x0841,
  0x0841,0x0841,0x0041,0x0841,0x0041,0x0041,0x0041,0x0041,0x0041,0x0841,0x0841,0x0041,0x0041,0x0841,0x0041,0x0041,
  0x0041,0x0041,0x0041,0x0041,0x0041,0x0041,0x0041,0x0041,0x0041,0x0021,0x0021,0x0021,0x0021,0x0021,0x0021,0x0021,
  0x0021,0x0020,0x0020,0x0021,0x0000,0x0171,0x029F,0x0021,0x10A4,0x0041,0x632D,0x6BAF,0x0861,0x0021,0x0841,0x0841,
  0x0841,0x0841,0x0841,0x0841,0x0841,0x0841,0x0841,0x0841,0x0041,0x0841,0x0841,0x0841,0x0841,0x0841,0x0841,0x0841,
  0x0041,0x0041,0x0841,0x0841,0x0041,0x0041,0x0841,0x0041,0x0041,0x0041,0x0041,0x0841,0x0041,0x0041,0x0041,0x0041,
  0x0041,0x0041,0x0041,0x0041,0x0041,0x0041,0x0041,0x0041,0x0041,0x0041,0x0041,0x0041,0x0041,0x0041,0x0041,0x0041,
  0x0041,0x0041,0x0041,0x0041,0x0041,0x0041,0x0041,0x0041,0x0041,0x0041,0x0041,0x0041,0x0041,0x0041,0x0041,0x0041,
  0x0041,0x0041,0x0041,0x0041,0x0041,0x0041,0x0041,0x0041,0x0041,0x0041,0x0041,0x0041,0x0041,0x0041,0x0041,0x0041,
  0x0041,0x0041,0x0041,0x0041,0x0021,0x0041,0x0041,0x0021,0x0021,0x0021,0x0021,0x0021,0x0000,0x2124,0x2966,0x0000,
  0x0000,0x029C,0x0170,0x0000,0x0041,0x0041,0x0041,0x0041,0x0041,0x0041,0x0041,0x0041,0x0041,0x0041,0x0041,0x0041,
  0x0041,0x0041,0x0041,0x0041,0x0041,0x0041,0x0041,0x0841,0x0041,0x0041,0x0841,0x0841,0x0041,0x0841,0x0841,0x0841,
  0x0841,0x0841,0x0841,0x0841,0x0841,0x0841,0x0841,0x0841,0x0841,0x0041,0x0841,0x0841,0x0841,0x0841,0x0841,0x0861,
  0x0841,0x0841,0x0841,0x0861,0x0841,0x0841,0x0841,0x0841,0x0841,0x0841,0x0841,0x0841,0x0841,0x0841,0x0841,0x0841,
  0x0841,0x0841,0x0841,0x0841,0x0841,0x0861,0x0861,0x0861,0x0861,0x0861,0x0861,0x0861,0x0861,0x0861,0x0861,0x0861,
  0x0861,0x0861,0x0861,0x0861,0x0861,0x0861,0x0841,0x0861,0x0861,0x0861,0x0861,0x0861,0x0861,0x0861,0x0861,0x0861,
  0x0861,0x0861,0x0861,0x0861,0x0861,0x0861,0x0861,0x0861,0x0861,0x0861,0x0841,0x0841,0x0861,0x0841,0x0841,0x0861,
  0x0861,0x0861,0x0861,0x0861,0x0841,0x0861,0x0861,0x0861,0x0861,0x0861,0x0861,0x0861,0x0861,0x0861,0x0861,0x0861,
  0x0861,0x0861,0x0861,0x0861,0x0861,0x0861,0x0861,0x0861,0x0862,0x0862,0x0862,0x0861,0x0861,0x0861,0x0861,0x0861,
  0x0862,0x0861,0x0862,0x0861,0x0861,0x0861,0x0861,0x0861,0x0861,0x0861,0x0861,0x0861,0x0861,0x0861,0x0861,0x0861,
  0x0861,0x0861,0x0861,0x0861,0x0861,0x0861,0x0861,0x0861,0x0861,0x0861,0x0861,0x0861,0x0861,0x0861,0x0861,0x0841,
  0x0841,0x0841,0x0841,0x0841,0x0041,0x0041,0x0041,0x0041,0x0041,0x0841,0x0041,0x0841,0x0041,0x0841,0x0041,0x0041,
  0x0041,0x0041,0x0041,0x0041,0x0041,0x0041,0x0041,0x0041,0x0041,0x0041,0x0021,0x0021,0x0021,0x0021,0x0021,0x0020,
  0x0020,0x0021,0x0020,0x0021,0x0000,0x0172,0x02BF,0x0000,0x0842,0x0841,0x634D,0x6BAF,0x0861,0x0041,0x0841,0x0841,
  0x0041,0x0841,0x0041,0x0841,0x0841,0x0841,0x0841,0x0841,0x0041,0x0841,0x0041,0x0041,0x0041,0x0841,0x0041,0x0841,
  0x0041,0x0041,0x0841,0x0841,0x0841,0x0041,0x0041,0x0041,0x0041,0x0041,0x0041,0x0041,0x0041,0x0041,0x0041,0x0041,
  0x0041,0x0041,0x0041,0x0041,0x0041,0x0041,0x0041,0x0041,0x0041,0x0041,0x0041,0x0041,0x0041,0x0041,0x0041,0x0041,
  0x0041,0x0041,0x0041,0x0041,0x0041,0x0041,0x0041,0x0041,0x0041,0x0041,0x0041,0x0041,0x0041,0x0041,0x0041,0x0041,
  0x0041,0x0041,0x0041,0x0041,0x0041,0x0041,0x0041,0x0041,0x0041,0x0041,0x0041,0x0041,0x0041,0x0041,0x0041,0x0021,
  0x0041,0x0041,0x0041,0x0041,0x0021,0x0041,0x0021,0x0021,0x0041,0x0021,0x0021,0x0021,0x0000,0x2124,0x2966,0x0000,
  0x0000,0x027C,0x0190,0x0000,0x0041,0x0041,0x0041,0x0041,0x0041,0x0041,0x0041,0x0041,0x0041,0x0041,0x0041,0x0041,
  0x0041,0x0041,0x0041,0x0041,0x0041,0x0841,0x0041,0x0041,0x0841,0x0841,0x0841,0x0841,0x0841,0x0841,0x0861,0x0841,
  0x0841,0x0841,0x0841,0x0041,0x0841,0x0841,0x0841,0x0841,0x0841,0x0841,0x0841,0x0841,0x0841,0x0841,0x0841,0x0841,
  0x0841,0x0841,0x0841,0x0841,0x0841,0x0841,0x0841,0x0841,0x0841,0x0841,0x0861,0x0841,0x0861,0x0841,0x0841,0x0841,
  0x0841,0x0861,0x0861,0x0861,0x0861,0x0861,0x0861,0x0861,0x0861,0x0861,0x0861,0x0861,0x0861,0x0861,0x0861,0x0861,
  0x0861,0x0861,0x0861,0x0861,0x0861,0x0861,0x0861,0x0861,0x0861,0x0861,0x0861,0x0861,0x0861,0x0861,0x0861,0x0861,
  0x0861,0x0861,0x0861,0x0861,0x0861,0x0861,0x0861,0x0861,0x0861,0x0861,0x0861,0x0841,0x0861,0x0861,0x0861,0x0861,
  0x0841,0x0861,0x0841,0x0861,0x0861,0x0861,0x0861,0x0861,0x0861,0x0861,0x0861,0x0861,0x0861,0x0861,0x0861,0x0862,
  0x0861,0x0861,0x0861,0x0861,0x0861,0x0861,0x0861,0x0861,0x0861,0x0862,0x0862,0x0862,0x0862,0x0862,0x0861,0x0861,
  0x0861,0x0861,0x0861,0x0861,0x0861,0x0861,0x0861,0x0861,0x0861,0x0861,0x0861,0x0861,0x0861,0x0861,0x0861,0x0861,
  0x0861,0x0861,0x0861,0x0861,0x0861,0x0861,0x0861,0x0861,0x0861,0x0861,0x0861,0x0861,0x0861,0x0861,0x0861,0x0861,
  0x0841,0x0841,0x0841,0x0841,0x0841,0x0041,0x0041,0x0841,0x0041,0x0041,0x0041,0x0041,0x0041,0x0041,0x0041,0x0041,
  0x0041,0x0041,0x0041,0x0041,0x0041,0x0041,0x0041,0x0041,0x0041,0x0041,0x0021,0x0021,0x0021,0x0021,0x0021,0x0021,
  0x0020,0x0021,0x0020,0x0021,0x0000,0x0192,0x02BF,0x0000,0x0000,0x0841,0x6B6E,0x73B0,0x0861,0x0021,0x0841,0x0041,
  0x0841,0x0841,0x0041,0x0041,0x0041,0x0041,0x0841,0x0041,0x0841,0x0841,0x0041,0x0841,0x0841,0x0041,0x0041,0x0041,
  0x0841,0x0041,0x0041,0x0841,0x0841,0x0041,0x0841,0x0041,0x0041,0x0041,0x0041,0x0041,0x0041,0x0041,0x0041,0x0041,
  0x0041,0x0041,0x0041,0x0041,0x0041,0x0041,0x0041,0x0041,0x0041,0x0041,0x0041,0x0041,0x0041,0x0041,0x0041,0x0041,
  0x0041,0x0041,0x0041,0x0041,0x0041,0x0041,0x0041,0x0041,0x0041,0x0041,0x0041,0x0041,0x0041,0x0041,0x0041,0x0041,
  0x0041,0x0041,0x0041,0x0041,0x0041,0x0041,0x0041,0x0041,0x0041,0x0041,0x0041,0x0041,0x0041,0x0041,0x0041,0x0021,
  0x0041,0x0041,0x0041,0x0041,0x0041,0x0041,0x0021,0x0021,0x0021,0x0021,0x0021,0x0021,0x0000,0x2945,0x2966,0x0000,
  0x0000,0x027C,0x0170,0x0000,0x0041,0x0041,0x0041,0x0041,0x0041,0x0041,0x0041,0x0041,0x0041,0x0041,0x0041,0x0041,
  0x0041,0x0041,0x0041,0x0041,0x0841,0x0041,0x0041,0x0041,0x0041,0x0841,0x0041,0x0841,0x0841,0x0841,0x0841,0x0861,
  0x0841,0x0841,0x0841,0x0841,0x0841,0x0841,0x0841,0x0841,0x0841,0x0841,0x0841,0x0861,0x0861,0x0841,0x0861,0x0841,
  0x0861,0x0841,0x0841,0x0841,0x0841,0x0841,0x0841,0x0841,0x0841,0x0861,0x0861,0x0841,0x0861,0x0861,0x0861,0x0841,
  0x0861,0x0861,0x0861,0x0861,0x0861,0x0861,0x0861,0x0861,0x0861,0x0861,0x0861,0x0861,0x0862,0x0861,0x0861,0x0861,
  0x0861,0x0861,0x0861,0x0861,0x0861,0x0861,0x0861,0x0861,0x0861,0x0861,0x0861,0x0861,0x0861,0x0861,0x0861,0x0861,
  0x0861,0x0841,0x0861,0x0861,0x0861,0x0861,0x0861,0x0861,0x0841,0x0861,0x0861,0x0861,0x0861,0x0841,0x0841,0x0841,
  0x0841,0x0861,0x0861,0x0861,0x0861,0x0861,0x0861,0x0861,0x0861,0x0861,0x0861,0x0861,0x0861,0x0861,0x0862,0x0862,
  0x0862,0x0862,0x0862,0x0861,0x0861,0x0861,0x0862,0x0862,0x0861,0x0861,0x0862,0x0862,0x0862,0x0862,0x0862,0x0862,
  0x0861,0x0861,0x0862,0x0861,0x0861,0x0862,0x0862,0x0862,0x0862,0x0861,0x0861,0x0861,0x0861,0x0861,0x0861,0x0861,
  0x0861,0x0861,0x0861,0x0861,0x0861,0x0861,0x0861,0x0861,0x0861,0x0861,0x0861,0x0861,0x0861,0x0861,0x0861,0x0841,
  0x0841,0x0841,0x0841,0x0041,0x0841,0x0841,0x0841,0x0841,0x0841,0x0841,0x0841,0x0841,0x0041,0x0041,0x0841,0x0041,
  0x0041,0x0041,0x0041,0x0041,0x0041,0x0041,0x0041,0x0041,0x0041,0x0041,0x0041,0x0021,0x0021,0x0021,0x0021,0x0021,
  0x0020,0x0020,0x0021,0x0021,0x0000,0x0172,0x029F,0x0000,0x0021,0x0841,0x6B4D,0x6BAF,0x0861,0x0021,0x0841,0x0041,
  0x0041,0x0041,0x0041,0x0041,0x0041,0x0841,0x0041,0x0041,0x0841,0x0041,0x0041,0x0841,0x0841,0x0841,0x0041,0x0041,
  0x0041,0x0041,0x0841,0x0841,0x0041,0x0041,0x0841,0x0841,0x0041,0x0841,0x0041,0x0041,0x0041,0x0041,0x0041,0x0041,
  0x0041,0x0041,0x0041,0x0041,0x0041,0x0041,0x0041,0x0041,0x0041,0x0041,0x0041,0x0041,0x0041,0x0041,0x0041,0x0041,
  0x0041,0x0041,0x0041,0x0041,0x0041,0x0041,0x0041,0x0041,0x0041,0x0041,0x0041,0x0041,0x0041,0x0041,0x0041,0x0041,
  0x0041,0x0041,0x0041,0x0041,0x0041,0x0041,0x0041,0x0041,0x0041,0x0041,0x0041,0x0041,0x0041,0x0041,0x0041,0x0041,
  0x0041,0x0041,0x0041,0x0041,0x0041,0x0021,0x0021,0x0021,0x0021,0x0021,0x0021,0x0021,0x0000,0x2945,0x2966,0x0000,
  0x0000,0x027C,0x0190,0x0000,0x0041,0x0041,0x0041,0x0041,0x0041,0x0041,0x0041,0x0041,0x0041,0x0041,0x0041,0x0041,
  0x0041,0x0041,0x0041,0x0041,0x0041,0x0041,0x0841,0x0841,0x0841,0x0841,0x0841,0x0841,0x0841,0x0841,0x0841,0x0841,
  0x0841,0x0841,0x0841,0x0841,0x0841,0x0841,0x0841,0x0841,0x0841,0x0841,0x0861,0x0861,0x0861,0x0861,0x0861,0x0861,
  0x0841,0x0861,0x0841,0x0841,0x0841,0x0861,0x0861,0x0841,0x0841,0x0861,0x0841,0x0861,0x0841,0x0861,0x0861,0x0861,
  0x0861,0x0861,0x0861,0x0861,0x0861,0x0861,0x0861,0x0861,0x0861,0x0861,0x0861,0x0861,0x0861,0x0861,0x0862,0x0861,
  0x0861,0x0861,0x0861,0x0861,0x0841,0x0861,0x0861,0x0861,0x0861,0x0861,0x0861,0x0861,0x0861,0x0861,0x0861,0x0861,
  0x0841,0x0861,0x0861,0x0861,0x0861,0x0861,0x0861,0x0861,0x0861,0x0861,0x0861,0x0861,0x0861,0x0861,0x0841,0x0841,
  0x0861,0x0861,0x0861,0x0861,0x0862,0x0861,0x0861,0x0861,0x0861,0x0861,0x0861,0x0861,0x0861,0x0861,0x0861,0x0862,
  0x0862,0x0862,0x0862,0x0862,0x0861,0x0861,0x0862,0x0862,0x0862,0x0862,0x0861,0x0862,0x0862,0x0862,0x0862,0x0862,
  0x0862,0x0861,0x0861,0x0861,0x0861,0x0862,0x0861,0x0862,0x0862,0x0862,0x0862,0x0861,0x0861,0x0861,0x0861,0x0862,
  0x0861,0x0861,0x0861,0x0861,0x0861,0x0861,0x0861,0x0861,0x0861,0x0861,0x0861,0x0861,0x0861,0x0861,0x0861,0x0841,
  0x0841,0x0841,0x0841,0x0841,0x0841,0x0841,0x0841,0x0841,0x0841,0x0841,0x0841,0x0841,0x0841,0x0041,0x0841,0x0041,
  0x0041,0x0041,0x0041,0x0041,0x0041,0x0041,0x0041,0x0041,0x0041,0x0041,0x0041,0x0041,0x0021,0x0021,0x0021,0x0021,
  0x0020,0x0020,0x0020,0x0021,0x0000,0x0172,0x029E,0x0000,0x0041,0x0841,0x634D,0x6BAF,0x0861,0x0021,0x0041,0x0041,
  0x0041,0x0041,0x0041,0x0041,0x0041,0x0041,0x0041,0x0841,0x0041,0x0841,0x0841,0x0041,0x0841,0x0841,0x0041,0x0041,
  0x0841,0x0841,0x0841,0x0841,0x0841,0x0841,0x0841,0x0841,0x0841,0x0841,0x0041,0x0041,0x0041,0x0041,0x0041,0x0041,
  0x0041,0x0041,0x0041,0x0041,0x0041,0x0041,0x0041,0x0041,0x0041,0x0041,0x0041,0x0041,0x0041,0x0041,0x0041,0x0041,
  0x0041,0x0041,0x0041,0x0041,0x0041,0x0041,0x0041,0x0041,0x0041,0x0041,0x0041,0x0041,0x0041,0x0041,0x0041,0x0041,
  0x0041,0x0041,0x0041,0x0041,0x0041,0x0041,0x0041,0x0041,0x0041,0x0041,0x0041,0x0041,0x0041,0x0041,0x0041,0x0041,
  0x0041,0x0041,0x0041,0x0041,0x0021,0x0021,0x0021,0x0021,0x0021,0x0021,0x0021,0x0021,0x0000,0x2124,0x2966,0x0000,
  0x0000,0x027D,0x0170,0x0000,0x0041,0x0041,0x0041,0x0041,0x0041,0x0041,0x0041,0x0041,0x0041,0x0041,0x0041,0x0041,
  0x0041,0x0041,0x0041,0x0841,0x0841,0x0041,0x0041,0x0841,0x0841,0x0841,0x0841,0x0841,0x0841,0x0841,0x0841,0x0861,
  0x0841,0x0841,0x0841,0x0841,0x0841,0x0841,0x0861,0x0841,0x0841,0x0861,0x0861,0x0861,0x0861,0x0861,0x0841,0x0861,
  0x0861,0x0861,0x0861,0x0861,0x0861,0x0861,0x0861,0x0861,0x0861,0x0841,0x0861,0x0861,0x0841,0x0861,0x0841,0x0861,
  0x0841,0x0841,0x0841,0x0861,0x0861,0x0861,0x0861,0x0861,0x0862,0x0862,0x0861,0x0861,0x0861,0x0861,0x0862,0x0862,
  0x0861,0x0861,0x0861,0x0861,0x0861,0x0861,0x0861,0x0861,0x0861,0x0861,0x0861,0x0861,0x0861,0x0861,0x0861,0x0861,
  0x0861,0x0861,0x0861,0x0861,0x0861,0x0861,0x0861,0x0861,0x0861,0x0861,0x0861,0x0861,0x0861,0x0861,0x0861,0x0861,
  0x0861,0x0861,0x0861,0x0861,0x0861,0x0861,0x0861,0x0861,0x0861,0x0861,0x0861,0x0861,0x0861,0x0861,0x0861,0x0862,
  0x0862,0x0862,0x0862,0x0862,0x0862,0x0862,0x0862,0x0862,0x0862,0x0862,0x0861,0x0862,0x0862,0x0862,0x0862,0x0862,
  0x0862,0x0862,0x0861,0x0862,0x0862,0x0862,0x0861,0x0862,0x0862,0x0862,0x0862,0x0861,0x0862,0x0862,0x0861,0x0861,
  0x0861,0x0861,0x0861,0x0861,0x0861,0x0861,0x0861,0x0861,0x0861,0x0861,0x0861,0x0861,0x0861,0x0861,0x0861,0x0861,
  0x0841,0x0841,0x0841,0x0841,0x0841,0x0041,0x0841,0x0841,0x0841,0x0841,0x0841,0x0841,0x0841,0x0841,0x0041,0x0041,
  0x0041,0x0041,0x0041,0x0041,0x0041,0x0041,0x0041,0x0041,0x0041,0x0041,0x0041,0x0041,0x0021,0x0041,0x0021,0x0021,
  0x0021,0x0020,0x0021,0x0021,0x0000,0x0172,0x029E,0x0020,0x1082,0x0021,0x634D,0x6BAF,0x0861,0x0021,0x0041,0x0041,
  0x0841,0x0041,0x0041,0x0041,0x0041,0x0041,0x0041,0x0041,0x0841,0x0841,0x0841,0x0841,0x0841,0x0841,0x0841,0x0841,
  0x0841,0x0041,0x0841,0x0841,0x0041,0x0041,0x0841,0x0841,0x0841,0x0041,0x0041,0x0041,0x0041,0x0041,0x0041,0x0041,
  0x0041,0x0041,0x0041,0x0041,0x0041,0x0041,0x0041,0x0041,0x0041,0x0041,0x0041,0x0041,0x0041,0x0041,0x0041,0x0041,
  0x0041,0x0041,0x0041,0x0041,0x0041,0x0041,0x0041,0x0041,0x0041,0x0041,0x0041,0x0041,0x0041,0x0041,0x0041,0x0041,
  0x0041,0x0041,0x0041,0x0041,0x0041,0x0041,0x0041,0x0041,0x0041,0x0041,0x0041,0x0041,0x0041,0x0041,0x0021,0x0041,
  0x0041,0x0041,0x0041,0x0021,0x0041,0x0021,0x0021,0x0021,0x0021,0x0021,0x0021,0x0000,0x0001,0x2967,0x2966,0x0000,
  0x0000,0x029E,0x0170,0x0000,0x0041,0x0041,0x0041,0x0041,0x0041,0x0041,0x0041,0x0041,0x0041,0x0041,0x0041,0x0041,
  0x0041,0x0041,0x0041,0x0041,0x0841,0x0041,0x0041,0x0841,0x0841,0x0841,0x0041,0x0841,0x0841,0x0841,0x0841,0x0841,
  0x0841,0x0841,0x0841,0x0841,0x0841,0x0841,0x0841,0x0841,0x0841,0x0861,0x0861,0x0861,0x0861,0x0861,0x0861,0x0861,
  0x0861,0x0861,0x0861,0x0861,0x0861,0x0861,0x0861,0x0861,0x0861,0x0841,0x0841,0x0861,0x0861,0x0841,0x0841,0x0841,
  0x0841,0x0861,0x0861,0x0861,0x0861,0x0862,0x0862,0x0862,0x0862,0x0861,0x0861,0x0861,0x0861,0x0861,0x0861,0x0861,
  0x0861,0x0861,0x0861,0x0861,0x0861,0x0861,0x0861,0x0861,0x0861,0x0861,0x0861,0x0861,0x0861,0x0861,0x0861,0x0861,
  0x0861,0x0861,0x0861,0x0861,0x0861,0x0862,0x0861,0x0861,0x0861,0x0862,0x0861,0x0862,0x0861,0x0861,0x0861,0x0861,
  0x0861,0x0861,0x0861,0x0861,0x0861,0x0862,0x0861,0x0861,0x0861,0x0862,0x0861,0x0861,0x0862,0x0861,0x0861,0x0862,
  0x0862,0x0862,0x0862,0x0862,0x0862,0x0862,0x0862,0x0862,0x0862,0x0862,0x0862,0x0862,0x0862,0x0862,0x0862,0x0862,
  0x0862,0x0862,0x0862,0x0862,0x0862,0x0862,0x0862,0x0862,0x0862,0x0862,0x0862,0x0862,0x0862,0x0862,0x0861,0x0861,
  0x0861,0x0861,0x0861,0x0861,0x0861,0x0861,0x0861,0x0861,0x0861,0x0861,0x0861,0x0861,0x0861,0x0861,0x0861,0x0841,
  0x0861,0x0841,0x0841,0x0841,0x0841,0x0841,0x0841,0x0841,0x0841,0x0841,0x0841,0x0841,0x0841,0x0841,0x0041,0x0041,
  0x0041,0x0041,0x0041,0x0041,0x0041,0x0041,0x0041,0x0041,0x0041,0x0041,0x0041,0x0041,0x0041,0x0021,0x0021,0x0021,
  0x0021,0x0021,0x0021,0x0021,0x0000,0x0171,0x027D,0x0020,0x18E4,0x0841,0x632D,0x6B8F,0x0861,0x0021,0x0841,0x0041,
  0x0041,0x0041,0x0041,0x0041,0x0841,0x0841,0x0841,0x0041,0x0841,0x0841,0x0841,0x0841,0x0841,0x0841,0x0841,0x0041,
  0x0841,0x0841,0x0841,0x0041,0x0041,0x0041,0x0041,0x0041,0x0041,0x0841,0x0041,0x0041,0x0041,0x0041,0x0041,0x0041,
  0x0041,0x0041,0x0041,0x0041,0x0041,0x0041,0x0041,0x0041,0x0041,0x0041,0x0041,0x0041,0x0041,0x0041,0x0041,0x0041,
  0x0041,0x0041,0x0041,0x0041,0x0041,0x0041,0x0041,0x0041,0x0041,0x0041,0x0041,0x0041,0x0041,0x0041,0x0041,0x0041,
  0x0041,0x0041,0x0041,0x0041,0x0041,0x0041,0x0041,0x0041,0x0041,0x0041,0x0041,0x0021,0x0021,0x0041,0x0041,0x0041,
  0x0041,0x0041,0x0041,0x0041,0x0021,0x0021,0x0021,0x0021,0x0021,0x0021,0x0000,0x0044,0x02DF,0x094A,0x2104,0x0000,
  0x0000,0x025E,0x0170,0x0000,0x0041,0x0041,0x0041,0x0041,0x0041,0x0041,0x0041,0x0041,0x0041,0x0041,0x0041,0x0041,
  0x0041,0x0041,0x0041,0x0041,0x0041,0x0041,0x0841,0x0841,0x0841,0x0841,0x0041,0x0841,0x0841,0x0841,0x0841,0x0841,
  0x0841,0x0841,0x0841,0x0841,0x0841,0x0841,0x0841,0x0841,0x0841,0x0861,0x0861,0x0861,0x0861,0x0861,0x0861,0x0861,
  0x0861,0x0861,0x0861,0x0861,0x0861,0x0861,0x0861,0x0861,0x0861,0x0861,0x0841,0x0841,0x0841,0x0841,0x0861,0x0861,
  0x0841,0x0861,0x0861,0x0861,0x0861,0x0861,0x0861,0x0862,0x0861,0x0861,0x0861,0x0861,0x0862,0x0861,0x0861,0x0861,
  0x0861,0x0861,0x0861,0x0861,0x0861,0x0861,0x0861,0x0861,0x0861,0x0861,0x0861,0x0861,0x0861,0x0861,0x0861,0x0861,
  0x0861,0x0861,0x0861,0x0861,0x0861,0x0861,0x0862,0x0862,0x0861,0x0861,0x0862,0x0862,0x0862,0x0861,0x0861,0x0861,
  0x0861,0x0861,0x0861,0x0862,0x0861,0x0861,0x0862,0x0862,0x0862,0x0862,0x0862,0x0861,0x0861,0x0862,0x0862,0x0862,
  0x0862,0x0862,0x0861,0x0862,0x0862,0x0862,0x0862,0x0862,0x0862,0x0862,0x0862,0x0862,0x0862,0x0862,0x0862,0x0862,
  0x0862,0x0862,0x0862,0x0862,0x0862,0x0862,0x0862,0x0862,0x0862,0x0862,0x0862,0x0861,0x0862,0x0862,0x0862,0x0862,
  0x0861,0x0861,0x0861,0x0862,0x0862,0x0862,0x0862,0x0861,0x0861,0x0861,0x0861,0x0861,0x0861,0x0861,0x0861,0x0841,
  0x0861,0x0841,0x0841,0x0841,0x0841,0x0841,0x0841,0x0841,0x0841,0x0841,0x0861,0x0861,0x0841,0x0841,0x0041,0x0041,
  0x0041,0x0041,0x0041,0x0041,0x0041,0x0041,0x0041,0x0041,0x0041,0x0041,0x0041,0x0041,0x0021,0x0021,0x0021,0x0021,
  0x0021,0x0021,0x0021,0x0021,0x0000,0x0171,0x027D,0x0020,0x2145,0x0841,0x5B0D,0x6B8F,0x0861,0x0021,0x0041,0x0041,
  0x0041,0x0041,0x0041,0x0041,0x0041,0x0041,0x0041,0x0841,0x0841,0x0841,0x0841,0x0841,0x0841,0x0841,0x0841,0x0841,
  0x0841,0x0841,0x0041,0x0841,0x0041,0x0041,0x0041,0x0041,0x0041,0x0041,0x0041,0x0041,0x0041,0x0041,0x0041,0x0041,
  0x0041,0x0041,0x0041,0x0041,0x0041,0x0041,0x0041,0x0041,0x0041,0x0041,0x0041,0x0041,0x0041,0x0041,0x0041,0x0041,
  0x0041,0x0041,0x0041,0x0041,0x0041,0x0041,0x0041,0x0041,0x0041,0x0041,0x0041,0x0041,0x0041,0x0041,0x0041,0x0041,
  0x0041,0x0041,0x0041,0x0041,0x0041,0x0041,0x0041,0x0041,0x0041,0x0041,0x0041,0x0041,0x0041,0x0021,0x0041,0x0021,
  0x0041,0x0021,0x0041,0x0021,0x0021,0x0021,0x0021,0x0021,0x0041,0x0000,0x0044,0x02DF,0x01F8,0x39C6,0x18E4,0x0000,
  0x0000,0x025E,0x0190,0x0000,0x0041,0x0041,0x0041,0x0041,0x0041,0x0041,0x0041,0x0041,0x0041,0x0041,0x0041,0x0041,
  0x0041,0x0041,0x0041,0x0041,0x0041,0x0041,0x0041,0x0841,0x0841,0x0041,0x0841,0x0841,0x0841,0x0841,0x0861,0x0841,
  0x0841,0x0841,0x0841,0x0841,0x0841,0x0841,0x0841,0x0841,0x0841,0x0841,0x0841,0x0861,0x0861,0x0861,0x0861,0x0861,
  0x0861,0x0861,0x0861,0x0861,0x0861,0x0861,0x0861,0x0861,0x0861,0x0841,0x0841,0x0841,0x0841,0x0841,0x0861,0x0861,
  0x0861,0x0861,0x0861,0x0861,0x0861,0x0861,0x0861,0x0861,0x0861,0x0861,0x0861,0x0861,0x0861,0x0861,0x0861,0x0861,
  0x0861,0x0861,0x0861,0x0861,0x0861,0x0861,0x0861,0x0861,0x0861,0x0861,0x0861,0x0861,0x0861,0x0861,0x0861,0x0861,
  0x0861,0x0861,0x0861,0x0861,0x0861,0x0861,0x0862,0x0862,0x0861,0x0861,0x0861,0x0862,0x0861,0x0861,0x0861,0x0861,
  0x0861,0x0861,0x0861,0x0862,0x0861,0x0861,0x0862,0x0861,0x0861,0x0862,0x0862,0x0862,0x0862,0x0862,0x0862,0x0862,
  0x0862,0x0862,0x0862,0x0862,0x0862,0x0862,0x0862,0x0862,0x0862,0x0862,0x0862,0x0862,0x0862,0x0862,0x0862,0x0862,
  0x0862,0x0862,0x0862,0x0862,0x0862,0x0862,0x0862,0x0862,0x0862,0x0862,0x0862,0x0861,0x0862,0x0862,0x0862,0x0862,
  0x0862,0x0862,0x0862,0x0862,0x0862,0x0862,0x0862,0x0862,0x0861,0x0861,0x0861,0x0861,0x0861,0x0861,0x0841,0x0841,
  0x0861,0x0841,0x0841,0x0841,0x0841,0x0841,0x0841,0x0861,0x0841,0x0861,0x0841,0x0841,0x0841,0x0841,0x0041,0x0041,
  0x0041,0x0041,0x0041,0x0041,0x0041,0x0041,0x0041,0x0021,0x0041,0x0041,0x0041,0x0021,0x0021,0x0021,0x0021,0x0021,
  0x0021,0x0020,0x0020,0x0021,0x0000,0x0171,0x029E,0x0020,0x2104,0x0841,0x632D,0x6B8F,0x0861,0x0021,0x0041,0x0041,
  0x0041,0x0041,0x0041,0x0041,0x0841,0x0041,0x0041,0x0041,0x0041,0x0041,0x0841,0x0041,0x0841,0x0841,0x0041,0x0841,
  0x0841,0x0841,0x0041,0x0041,0x0041,0x0041,0x0041,0x0041,0x0041,0x0041,0x0041,0x0041,0x0041,0x0041,0x0041,0x0041,
  0x0041,0x0041,0x0041,0x0041,0x0041,0x0041,0x0041,0x0041,0x0041,0x0041,0x0041,0x0041,0x0041,0x0041,0x0041,0x0041,
  0x0041,0x0041,0x0041,0x0041,0x0041,0x0041,0x0041,0x0041,0x0041,0x0041,0x0041,0x0041,0x0041,0x0041,0x0041,0x0041,
  0x0041,0x0041,0x0041,0x0041,0x0041,0x0041,0x0041,0x0041,0x0041,0x0041,0x0041,0x0041,0x0021,0x0041,0x0021,0x0041,
  0x0021,0x0021,0x0021,0x0021,0x0021,0x0021,0x0021,0x0021,0x0000,0x0065,0x02DF,0x01B7,0x39A5,0x94B3,0x1083,0x0000,
  0x0000,0x027F,0x0191,0x0000,0x0041,0x0041,0x0041,0x0041,0x0041,0x0041,0x0041,0x0041,0x0041,0x0041,0x0041,0x0041,
  0x0041,0x0041,0x0041,0x0041,0x0041,0x0041,0x0841,0x0841,0x0841,0x0841,0x0841,0x0841,0x0841,0x0841,0x0841,0x0841,
  0x0841,0x0841,0x0841,0x0841,0x0841,0x0861,0x0841,0x0841,0x0861,0x0861,0x0861,0x0861,0x0861,0x0861,0x0861,0x0861,
  0x0861,0x0861,0x0861,0x0861,0x0861,0x0861,0x0861,0x0861,0x0861,0x0861,0x0861,0x0861,0x0861,0x0841,0x0861,0x0861,
  0x0861,0x0841,0x0861,0x0861,0x0841,0x0861,0x0861,0x0861,0x0861,0x0861,0x0861,0x0861,0x0861,0x0861,0x0861,0x0861,
  0x0861,0x0861,0x0861,0x0861,0x0861,0x0861,0x0861,0x0861,0x0861,0x0861,0x0861,0x0861,0x0861,0x0861,0x0861,0x0861,
  0x0861,0x0861,0x0861,0x0861,0x0861,0x0861,0x0862,0x0862,0x0862,0x0861,0x0861,0x0861,0x0861,0x0861,0x0861,0x0861,
  0x0861,0x0861,0x0862,0x0861,0x0861,0x0862,0x0862,0x0861,0x0861,0x0862,0x0862,0x0861,0x0862,0x0862,0x0862,0x0862,
  0x0862,0x0862,0x0861,0x0862,0x0862,0x0862,0x0862,0x0862,0x0862,0x0862,0x0862,0x0862,0x0862,0x0862,0x0862,0x0862,
  0x0862,0x0862,0x0862,0x0862,0x0862,0x0862,0x0862,0x0862,0x0861,0x0862,0x0862,0x0862,0x0862,0x0862,0x0862,0x0861,
  0x0862,0x0862,0x0862,0x0861,0x0862,0x0861,0x0861,0x0861,0x0861,0x0861,0x0861,0x0861,0x0861,0x0861,0x0861,0x0861,
  0x0861,0x0861,0x0861,0x0841,0x0841,0x0841,0x0841,0x0861,0x0861,0x0841,0x0841,0x0841,0x0841,0x0841,0x0041,0x0041,
  0x0041,0x0041,0x0041,0x0041,0x0041,0x0041,0x0041,0x0041,0x0041,0x0041,0x0041,0x0021,0x0021,0x0021,0x0021,0x0021,
  0x0021,0x0020,0x0020,0x0021,0x0000,0x0151,0x027D,0x0000,0x1083,0x0861,0x634D,0x6B6E,0x0861,0x0021,0x0041,0x0041,
  0x0041,0x0041,0x0041,0x0041,0x0041,0x0041,0x0041,0x0041,0x0041,0x0041,0x0841,0x0841,0x0041,0x0841,0x0041,0x0041,
  0x0041,0x0041,0x0041,0x0041,0x0041,0x0841,0x0841,0x0841,0x0041,0x0041,0x0041,0x0041,0x0041,0x0041,0x0041,0x0041,
  0x0041,0x0041,0x0041,0x0041,0x0041,0x0041,0x0041,0x0041,0x0041,0x0041,0x0041,0x0041,0x0041,0x0041,0x0041,0x0041,
  0x0041,0x0041,0x0041,0x0041,0x0041,0x0041,0x0041,0x0041,0x0041,0x0041,0x0041,0x0041,0x0041,0x0041,0x0041,0x0041,
  0x0041,0x0041,0x0041,0x0041,0x0041,0x0041,0x0041,0x0041,0x0041,0x0041,0x0021,0x0021,0x0021,0x0021,0x0021,0x0021,
  0x0021,0x0021,0x0021,0x0021,0x0021,0x0021,0x0041,0x0000,0x00A8,0x02DF,0x0176,0x41A5,0x94B3,0x31EA,0x0862,0x0000,
  0x0000,0x027F,0x0191,0x0000,0x0041,0x0041,0x0041,0x0041,0x0041,0x0041,0x0041,0x0041,0x0041,0x0041,0x0041,0x0041,
  0x0041,0x0041,0x0041,0x0041,0x0041,0x0041,0x0041,0x0841,0x0841,0x0841,0x0041,0x0841,0x0841,0x0841,0x0841,0x0841,
  0x0841,0x0841,0x0841,0x0861,0x0841,0x0861,0x0841,0x0861,0x0861,0x0861,0x0861,0x0861,0x0861,0x0861,0x0861,0x0861,
  0x0861,0x0861,0x0861,0x0861,0x0861,0x0861,0x0861,0x0861,0x0861,0x0861,0x0861,0x0861,0x0841,0x0861,0x0861,0x0841,
  0x0861,0x0861,0x0861,0x0861,0x0861,0x0861,0x0861,0x0861,0x0861,0x0861,0x0861,0x0861,0x0861,0x0861,0x0861,0x0861,
  0x0861,0x0861,0x0861,0x0861,0x0861,0x0861,0x0861,0x0861,0x0861,0x0861,0x0861,0x0861,0x0861,0x0861,0x0861,0x0861,
  0x0861,0x0861,0x0861,0x0861,0x0861,0x0861,0x0861,0x0861,0x0861,0x0862,0x0861,0x0861,0x0861,0x0861,0x0861,0x0861,
  0x0861,0x0861,0x0861,0x0861,0x0861,0x0861,0x0862,0x0862,0x0862,0x0862,0x0862,0x0862,0x0861,0x0862,0x0862,0x0861,
  0x0862,0x0862,0x0862,0x0862,0x0862,0x0862,0x0862,0x0862,0x0862,0x0862,0x0862,0x0862,0x0862,0x0862,0x0862,0x0862,
  0x0862,0x0862,0x0862,0x0861,0x0862,0x0862,0x0862,0x0861,0x0862,0x0862,0x0861,0x0862,0x0862,0x0862,0x0862,0x0861,
  0x0862,0x0862,0x0862,0x0861,0x0861,0x0861,0x0861,0x0861,0x0861,0x0861,0x0861,0x0861,0x0861,0x0861,0x0861,0x0861,
  0x0861,0x0861,0x0861,0x0861,0x0841,0x0841,0x0861,0x0861,0x0861,0x0841,0x0841,0x0841,0x0841,0x0041,0x0041,0x0041,
  0x0041,0x0041,0x0041,0x0041,0x0041,0x0041,0x0041,0x0041,0x0041,0x0041,0x0041,0x0041,0x0021,0x0021,0x0021,0x0021,
  0x0021,0x0021,0x0020,0x0021,0x0000,0x0151,0x027D,0x0000,0x0862,0x0841,0x634D,0x6B8F,0x0861,0x0021,0x0041,0x0041,
  0x0041,0x0041,0x0041,0x0041,0x0041,0x0041,0x0041,0x0041,0x0041,0x0041,0x0041,0x0041,0x0041,0x0041,0x0041,0x0041,
  0x0041,0x0041,0x0041,0x0041,0x0041,0x0041,0x0041,0x0041,0x0041,0x0041,0x0041,0x0041,0x0041,0x0041,0x0041,0x0041,
  0x0041,0x0041,0x0041,0x0041,0x0041,0x0041,0x0041,0x0041,0x0041,0x0041,0x0041,0x0041,0x0041,0x0041,0x0041,0x0041,
  0x0041,0x0041,0x0041,0x0041,0x0041,0x0041,0x0041,0x0041,0x0041,0x0041,0x0041,0x0041,0x0041,0x0041,0x0041,0x0041,
  0x0041,0x0041,0x0041,0x0041,0x0041,0x0041,0x0041,0x0041,0x0021,0x0041,0x0021,0x0021,0x0021,0x0021,0x0021,0x0021,
  0x0021,0x0021,0x0021,0x0021,0x0021,0x0041,0x0000,0x00CA,0x02DF,0x0174,0x41E6,0x94F4,0x31E9,0x31C8,0x0862,0x0000,
  0x0000,0x027F,0x0170,0x0000,0x0041,0x0041,0x0041,0x0041,0x0041,0x0041,0x0041,0x0041,0x0041,0x0041,0x0041,0x0041,
  0x0041,0x0041,0x0041,0x0041,0x0841,0x0041,0x0841,0x0041,0x0841,0x0841,0x0841,0x0841,0x0841,0x0841,0x0841,0x0841,
  0x0841,0x0841,0x0841,0x0861,0x0861,0x0841,0x0841,0x0861,0x0841,0x0861,0x0861,0x0861,0x0861,0x0861,0x0861,0x0861,
  0x0861,0x0861,0x0861,0x0861,0x0861,0x0861,0x0861,0x0861,0x0861,0x0861,0x0861,0x0861,0x0861,0x0861,0x0861,0x0861,
  0x0861,0x0861,0x0861,0x0861,0x0861,0x0861,0x0861,0x0861,0x0861,0x0861,0x0861,0x0862,0x0862,0x0861,0x0861,0x0861,
  0x0861,0x0861,0x0841,0x0861,0x0861,0x0861,0x0861,0x0861,0x0861,0x0861,0x0861,0x0861,0x0861,0x0861,0x0861,0x0861,
  0x0861,0x0861,0x0861,0x0861,0x0861,0x0861,0x0861,0x0861,0x0862,0x0862,0x0861,0x0861,0x0861,0x0861,0x0861,0x0861,
  0x0861,0x0861,0x0861,0x0861,0x0861,0x0861,0x0862,0x0862,0x0861,0x0862,0x0862,0x0861,0x0862,0x0862,0x0861,0x0862,
  0x0862,0x0862,0x0862,0x0862,0x0862,0x0862,0x0862,0x0862,0x0862,0x0862,0x0862,0x0862,0x0862,0x0862,0x0862,0x0861,
  0x0862,0x0862,0x0862,0x0862,0x0862,0x0862,0x0862,0x0862,0x0862,0x0861,0x0862,0x0862,0x0862,0x0862,0x0862,0x0862,
  0x0862,0x0861,0x0861,0x0861,0x0861,0x0861,0x0861,0x0861,0x0861,0x0861,0x0861,0x0861,0x0861,0x0861,0x0861,0x0861,
  0x0861,0x0861,0x0861,0x0861,0x0861,0x0841,0x0841,0x0841,0x0861,0x0861,0x0841,0x0841,0x0841,0x0841,0x0041,0x0041,
  0x0041,0x0041,0x0041,0x0041,0x0041,0x0041,0x0041,0x0041,0x0041,0x0041,0x0041,0x0041,0x0021,0x0021,0x0021,0x0021,
  0x0021,0x0021,0x0021,0x0021,0x0000,0x0172,0x025E,0x0000,0x0021,0x0841,0x6B6E,0x6BAF,0x0861,0x0041,0x0041,0x0041,
  0x0041,0x0041,0x0041,0x0041,0x0041,0x0041,0x0041,0x0041,0x0041,0x0041,0x0041,0x0041,0x0041,0x0041,0x0041,0x0041,
  0x0041,0x0041,0x0041,0x0041,0x0041,0x0041,0x0041,0x0041,0x0041,0x0041,0x0041,0x0041,0x0041,0x0041,0x0041,0x0041,
  0x0041,0x0041,0x0041,0x0041,0x0041,0x0041,0x0041,0x0041,0x0041,0x0041,0x0041,0x0041,0x0041,0x0041,0x0041,0x0041,
  0x0041,0x0041,0x0041,0x0041,0x0041,0x0041,0x0041,0x0041,0x0041,0x0041,0x0041,0x0041,0x0041,0x0041,0x0041,0x0041,
  0x0041,0x0041,0x0041,0x0041,0x0041,0x0041,0x0041,0x0041,0x0041,0x0021,0x0021,0x0021,0x0021,0x0021,0x0021,0x0021,
  0x0021,0x0021,0x0021,0x0021,0x0021,0x0000,0x00EA,0x02DF,0x0153,0x49E6,0x94F4,0x3A2A,0x31E9,0x31E9,0x0862,0x0000,
  0x0000,0x027F,0x0170,0x0000,0x0041,0x0041,0x0041,0x0041,0x0041,0x0041,0x0041,0x0041,0x0041,0x0041,0x0041,0x0041,
  0x0041,0x0041,0x0041,0x0041,0x0041,0x0041,0x0041,0x0841,0x0841,0x0841,0x0841,0x0841,0x0841,0x0841,0x0841,0x0841,
  0x0841,0x0841,0x0861,0x0861,0x0841,0x0841,0x0841,0x0861,0x0861,0x0861,0x0861,0x0841,0x0861,0x0861,0x0861,0x0861,
  0x0861,0x0861,0x0841,0x0841,0x0861,0x0861,0x0861,0x0861,0x0841,0x0861,0x0861,0x0841,0x0841,0x0861,0x0861,0x0861,
  0x0861,0x0861,0x0861,0x0861,0x0861,0x0861,0x0861,0x0861,0x0862,0x0861,0x0862,0x0862,0x0861,0x0861,0x0861,0x0861,
  0x0861,0x0861,0x0861,0x0841,0x0841,0x0861,0x0861,0x0861,0x0861,0x0861,0x0861,0x0861,0x0861,0x0861,0x0861,0x0861,
  0x0861,0x0861,0x0861,0x0861,0x0861,0x0861,0x0861,0x0861,0x0862,0x0861,0x0861,0x0861,0x0861,0x0861,0x0861,0x0861,
  0x0861,0x0861,0x0861,0x0861,0x0861,0x0861,0x0862,0x0862,0x0862,0x0862,0x0862,0x0862,0x0862,0x0862,0x0862,0x0862,
  0x0862,0x0862,0x0862,0x0862,0x0862,0x0862,0x0862,0x0862,0x0862,0x0862,0x0862,0x0862,0x0862,0x0862,0x0862,0x0862,
  0x0861,0x0862,0x0862,0x0862,0x0862,0x0862,0x0862,0x0862,0x0862,0x0862,0x0862,0x0862,0x0862,0x0862,0x0862,0x0862,
  0x0862,0x0862,0x0861,0x0862,0x0861,0x0861,0x0861,0x0861,0x0861,0x0861,0x0861,0x0861,0x0861,0x0861,0x0861,0x0861,
  0x0861,0x0861,0x0861,0x0861,0x0841,0x0841,0x0861,0x0861,0x0861,0x0861,0x0841,0x0841,0x0841,0x0841,0x0041,0x0041,
  0x0841,0x0041,0x0041,0x0041,0x0041,0x0041,0x0041,0x0041,0x0041,0x0041,0x0041,0x0041,0x0021,0x0021,0x0021,0x0021,
  0x0021,0x0021,0x0021,0x0021,0x0000,0x0173,0x025E,0x0000,0x0001,0x0841,0x634D,0x6B8F,0x0861,0x0020,0x0041,0x0041,
  0x0041,0x0041,0x0041,0x0041,0x0041,0x0041,0x0041,0x0041,0x0041,0x0041,0x0041,0x0041,0x0041,0x0041,0x0041,0x0041,
  0x0041,0x0041,0x0041,0x0041,0x0041,0x0041,0x0041,0x0041,0x0041,0x0041,0x0041,0x0041,0x0041,0x0041,0x0041,0x0041,
  0x0041,0x0041,0x0041,0x0041,0x0041,0x0041,0x0041,0x0041,0x0041,0x0041,0x0041,0x0041,0x0041,0x0041,0x0041,0x0041,
  0x0041,0x0041,0x0041,0x0041,0x0041,0x0041,0x0041,0x0041,0x0041,0x0041,0x0041,0x0041,0x0041,0x0041,0x0041,0x0041,
  0x0041,0x0041,0x0041,0x0041,0x0041,0x0041,0x0041,0x0021,0x0021,0x0021,0x0021,0x0021,0x0021,0x0021,0x0021,0x0021,
  0x0021,0x0021,0x0021,0x0021,0x0000,0x012C,0x031F,0x0153,0x4A27,0x8C93,0x320A,0x3A09,0x31E9,0x31E9,0x0862,0x0000,
  0x0000,0x02BF,0x0191,0x0000,0x0041,0x0041,0x0041,0x0041,0x0041,0x0041,0x0041,0x0041,0x0041,0x0041,0x0041,0x0041,
  0x0041,0x0041,0x0041,0x0041,0x0041,0x0041,0x0041,0x0841,0x0041,0x0841,0x0841,0x0841,0x0841,0x0841,0x0041,0x0041,
  0x0841,0x0841,0x0841,0x0841,0x0841,0x0841,0x0841,0x0861,0x0861,0x0861,0x0861,0x0841,0x0861,0x0861,0x0861,0x0861,
  0x0861,0x0861,0x0861,0x0861,0x0861,0x0841,0x0861,0x0861,0x0861,0x0861,0x0861,0x0841,0x0861,0x0861,0x0841,0x0861,
  0x0861,0x0861,0x0861,0x0861,0x0861,0x0861,0x0861,0x0861,0x0861,0x0861,0x0861,0x0862,0x0861,0x0861,0x0861,0x0861,
  0x0861,0x0861,0x0861,0x0861,0x0861,0x0861,0x0861,0x0861,0x0861,0x0861,0x0861,0x0861,0x0861,0x0861,0x0861,0x0861,
  0x0861,0x0861,0x0861,0x0861,0x0861,0x0861,0x0861,0x0861,0x0861,0x0861,0x0861,0x0861,0x0862,0x0862,0x0861,0x0861,
  0x0861,0x0861,0x0861,0x0861,0x0861,0x0861,0x0862,0x0862,0x0862,0x0862,0x0862,0x0862,0x0862,0x0862,0x0862,0x0862,
  0x0862,0x0862,0x0862,0x0862,0x0862,0x0862,0x0862,0x0862,0x0862,0x0862,0x0862,0x0862,0x0862,0x0862,0x0862,0x0862,
  0x0862,0x0862,0x0862,0x0862,0x0862,0x0862,0x0862,0x0862,0x0861,0x0861,0x0862,0x0862,0x0861,0x0862,0x0861,0x0862,
  0x0862,0x0862,0x0862,0x0862,0x0862,0x0861,0x0861,0x0861,0x0861,0x0861,0x0861,0x0861,0x0861,0x0861,0x0861,0x0861,
  0x0861,0x0861,0x0861,0x0861,0x0841,0x0861,0x0861,0x0861,0x0861,0x0841,0x0861,0x0841,0x0841,0x0841,0x0841,0x0041,
  0x0041,0x0041,0x0041,0x0041,0x0041,0x0041,0x0041,0x0041,0x0041,0x0041,0x0041,0x0021,0x0041,0x0021,0x0021,0x0021,
  0x0021,0x0021,0x0021,0x0021,0x0000,0x0193,0x025D,0x0000,0x10A3,0x0841,0x632D,0x634E,0x0841,0x0041,0x0041,0x0041,
  0x0041,0x0041,0x0041,0x0041,0x0041,0x0041,0x0041,0x0041,0x0041,0x0041,0x0041,0x0041,0x0041,0x0041,0x0041,0x0041,
  0x0041,0x0041,0x0041,0x0041,0x0041,0x0041,0x0041,0x0041,0x0041,0x0041,0x0041,0x0041,0x0041,0x0041,0x0041,0x0041,
  0x0041,0x0041,0x0041,0x0041,0x0041,0x0041,0x0041,0x0041,0x0041,0x0041,0x0041,0x0041,0x0041,0x0041,0x0041,0x0041,
  0x0041,0x0041,0x0041,0x0041,0x0041,0x0041,0x0041,0x0021,0x0041,0x0041,0x0041,0x0041,0x0021,0x0041,0x0041,0x0041,
  0x0041,0x0041,0x0041,0x0041,0x0041,0x0021,0x0021,0x0021,0x0021,0x0021,0x0021,0x0021,0x0021,0x0021,0x0021,0x0021,
  0x0021,0x0021,0x0041,0x0000,0x0190,0x033F,0x0173,0x5227,0x9D14,0x322A,0x3A2A,0x3A2A,0x31C8,0x31E9,0x0862,0x0000,
  0x0000,0x02BF,0x0191,0x0000,0x0041,0x0041,0x0041,0x0041,0x0041,0x0041,0x0041,0x0041,0x0041,0x0041,0x0041,0x0041,
  0x0041,0x0041,0x0041,0x0841,0x0841,0x0841,0x0841,0x0041,0x0841,0x0841,0x0841,0x0841,0x0841,0x0841,0x0841,0x0841,
  0x0841,0x0841,0x0841,0x0841,0x0861,0x0841,0x0841,0x0861,0x0841,0x0861,0x0861,0x0841,0x0841,0x0841,0x0841,0x0861,
  0x0861,0x0861,0x0861,0x0861,0x0861,0x0861,0x0861,0x0861,0x0861,0x0861,0x0841,0x0861,0x0861,0x0841,0x0841,0x0861,
  0x0861,0x0861,0x0861,0x0861,0x0861,0x0861,0x0861,0x0861,0x0861,0x0861,0x0861,0x0861,0x0862,0x0861,0x0861,0x0861,
  0x0861,0x0861,0x0861,0x0861,0x0861,0x0861,0x0861,0x0861,0x0861,0x0861,0x0861,0x0861,0x0861,0x0861,0x0862,0x0862,
  0x0862,0x0862,0x0862,0x0862,0x0861,0x0862,0x0862,0x0862,0x0862,0x0862,0x0861,0x0861,0x0862,0x0862,0x0861,0x0861,
  0x0861,0x0861,0x0862,0x0862,0x0862,0x0862,0x0862,0x0862,0x0862,0x0862,0x0862,0x0862,0x0862,0x0862,0x0862,0x0861,
  0x0862,0x0862,0x0862,0x0862,0x0862,0x0862,0x0862,0x0862,0x0862,0x0862,0x0862,0x0862,0x0862,0x0862,0x0862,0x0862,
  0x0862,0x0862,0x0862,0x0862,0x0862,0x0862,0x0862,0x0862,0x0861,0x0862,0x0862,0x0862,0x0862,0x0861,0x0861,0x0862,
  0x0862,0x0862,0x0862,0x0862,0x0861,0x0861,0x0861,0x0861,0x0861,0x0861,0x0861,0x0861,0x0861,0x0861,0x0861,0x0861,
  0x0861,0x0861,0x0861,0x0861,0x0861,0x0861,0x0841,0x0861,0x0841,0x0841,0x0841,0x0841,0x0841,0x0841,0x0841,0x0041,
  0x0041,0x0041,0x0041,0x0041,0x0041,0x0041,0x0041,0x0041,0x0041,0x0041,0x0041,0x0021,0x0021,0x0021,0x0021,0x0021,
  0x0021,0x0021,0x0021,0x0021,0x0000,0x0174,0x023E,0x0840,0x31A7,0x0841,0x634D,0x7C10,0x2125,0x0000,0x0841,0x0041,
  0x0041,0x0041,0x0041,0x0041,0x0041,0x0041,0x0041,0x0041,0x0041,0x0041,0x0041,0x0041,0x0041,0x0041,0x0041,0x0041,
  0x0041,0x0041,0x0041,0x0041,0x0041,0x0041,0x0041,0x0041,0x0041,0x0041,0x0041,0x0041,0x0041,0x0041,0x0041,0x0041,
  0x0041,0x0041,0x0041,0x0041,0x0041,0x0041,0x0041,0x0041,0x0021,0x0041,0x0041,0x0041,0x0041,0x0041,0x0041,0x0021,
  0x0041,0x0041,0x0041,0x0041,0x0041,0x0041,0x0041,0x0021,0x0021,0x0041,0x0021,0x0021,0x0021,0x0041,0x0041,0x0021,
  0x0021,0x0021,0x0021,0x0021,0x0021,0x0021,0x0021,0x0021,0x0021,0x0021,0x0021,0x0021,0x0021,0x0021,0x0021,0x0021,
  0x0021,0x0021,0x0000,0x0192,0x033F,0x0152,0x4A27,0x94F4,0x3A4B,0x3A2A,0x3A2A,0x3A09,0x31E9,0x3209,0x0862,0x0000,
  0x0000,0x02BF,0x0191,0x0000,0x0041,0x0041,0x0041,0x0041,0x0041,0x0041,0x0041,0x0041,0x0041,0x0041,0x0041,0x0041,
  0x0041,0x0041,0x0041,0x0841,0x0041,0x0841,0x0841,0x0041,0x0841,0x0841,0x0841,0x0841,0x0841,0x0841,0x0841,0x0841,
  0x0841,0x0841,0x0841,0x0841,0x0861,0x0841,0x0841,0x0861,0x0861,0x0841,0x0861,0x0841,0x0841,0x0841,0x0841,0x0861,
  0x0861,0x0861,0x0861,0x0861,0x0861,0x0861,0x0861,0x0861,0x0861,0x0861,0x0861,0x0861,0x0861,0x0861,0x0861,0x0861,
  0x0841,0x0841,0x0841,0x0861,0x0841,0x0861,0x0861,0x0861,0x0861,0x0861,0x0862,0x0861,0x0861,0x0861,0x0861,0x0861,
  0x0861,0x0861,0x0861,0x0861,0x0861,0x0861,0x0861,0x0841,0x0861,0x0861,0x0861,0x0861,0x0861,0x0862,0x0862,0x0861,
  0x0862,0x0862,0x0862,0x0862,0x0862,0x0862,0x0861,0x0862,0x0862,0x0862,0x0861,0x0861,0x0862,0x0862,0x0862,0x0862,
  0x0862,0x0862,0x0862,0x0862,0x0862,0x0862,0x0862,0x0862,0x0862,0x0862,0x0862,0x0862,0x0862,0x0862,0x0862,0x0862,
  0x0862,0x0862,0x0862,0x0862,0x0862,0x0862,0x0862,0x0862,0x0862,0x0862,0x0862,0x0862,0x0862,0x0862,0x0862,0x0862,
  0x0862,0x0862,0x0862,0x0862,0x0862,0x0862,0x0862,0x0861,0x0862,0x0862,0x0862,0x0862,0x0862,0x0862,0x0861,0x0862,
  0x0862,0x0862,0x0862,0x0862,0x0862,0x0862,0x0861,0x0861,0x0861,0x0861,0x0861,0x0861,0x0861,0x0861,0x0861,0x0861,
  0x0861,0x0861,0x0861,0x0861,0x0861,0x0841,0x0841,0x0841,0x0841,0x0841,0x0841,0x0841,0x0841,0x0841,0x0841,0x0841,
  0x0041,0x0041,0x0041,0x0041,0x0041,0x0041,0x0041,0x0041,0x0021,0x0041,0x0021,0x0021,0x0021,0x0021,0x0021,0x0021,
  0x0021,0x0021,0x0021,0x0041,0x0000,0x0174,0x025F,0x0820,0x39C8,0x0020,0x2965,0x6B6E,0x8C71,0x18C3,0x0000,0x0041,
  0x0041,0x0041,0x0041,0x0041,0x0041,0x0041,0x0041,0x0041,0x0041,0x0041,0x0041,0x0041,0x0041,0x0041,0x0041,0x0041,
  0x0041,0x0041,0x0041,0x0041,0x0041,0x0041,0x0041,0x0041,0x0041,0x0041,0x0041,0x0041,0x0041,0x0041,0x0041,0x0041,
  0x0041,0x0041,0x0041,0x0041,0x0041,0x0041,0x0041,0x0041,0x0041,0x0041,0x0041,0x0041,0x0041,0x0041,0x0021,0x0041,
  0x0041,0x0041,0x0041,0x0041,0x0041,0x0041,0x0041,0x0041,0x0021,0x0041,0x0041,0x0041,0x0021,0x0041,0x0041,0x0021,
  0x0021,0x0021,0x0021,0x0041,0x0021,0x0021,0x0021,0x0021,0x0021,0x0021,0x0021,0x0021,0x0021,0x0021,0x0021,0x0021,
  0x0021,0x0000,0x01D4,0x031F,0x0153,0x41E6,0x8472,0x3A6B,0x426B,0x3A2A,0x320A,0x31E9,0x31C8,0x31E9,0x0862,0x0000,
  0x0000,0x02BF,0x01B2,0x0000,0x0041,0x0041,0x0041,0x0041,0x0041,0x0041,0x0041,0x0041,0x0041,0x0041,0x0041,0x0041,
  0x0041,0x0041,0x0041,0x0841,0x0041,0x0841,0x0841,0x0841,0x0841,0x0841,0x0041,0x0841,0x0841,0x0841,0x0841,0x0841,
  0x0841,0x0841,0x0841,0x0841,0x0841,0x0841,0x0861,0x0841,0x0861,0x0861,0x0861,0x0861,0x0841,0x0861,0x0861,0x0861,
  0x0861,0x0861,0x0861,0x0861,0x0861,0x0861,0x0861,0x0861,0x0861,0x0861,0x0861,0x0861,0x0861,0x0841,0x0861,0x0861,
  0x0861,0x0861,0x0861,0x0861,0x0861,0x0861,0x0861,0x0861,0x0862,0x0862,0x0862,0x0862,0x0861,0x0861,0x0861,0x0862,
  0x0861,0x0861,0x0861,0x0861,0x0861,0x0861,0x0861,0x0861,0x0861,0x0862,0x0862,0x0861,0x0861,0x0862,0x0861,0x0862,
  0x0862,0x0861,0x0861,0x0861,0x0862,0x0861,0x0862,0x0862,0x0862,0x0862,0x0861,0x0862,0x0862,0x0862,0x0862,0x0862,
  0x0862,0x0862,0x0862,0x0862,0x0862,0x0862,0x0862,0x0862,0x0862,0x0862,0x0862,0x0862,0x0862,0x0862,0x0862,0x0862,
  0x0862,0x0862,0x0862,0x0862,0x0862,0x0862,0x0862,0x0862,0x0862,0x0862,0x0862,0x0862,0x0862,0x0862,0x0862,0x0862,
  0x0862,0x0862,0x0862,0x0862,0x0862,0x0862,0x0862,0x0862,0x0862,0x0862,0x0862,0x0862,0x0862,0x0862,0x0862,0x0862,
  0x0862,0x0862,0x0862,0x0862,0x0862,0x0862,0x0862,0x0862,0x0861,0x0861,0x0861,0x0862,0x0861,0x0861,0x0861,0x0861,
  0x0861,0x0861,0x0861,0x0861,0x0861,0x0861,0x0841,0x0841,0x0841,0x0041,0x0841,0x0841,0x0841,0x0841,0x0841,0x0041,
  0x0041,0x0041,0x0041,0x0041,0x0041,0x0041,0x0041,0x0041,0x0041,0x0041,0x0021,0x0021,0x0021,0x0021,0x0021,0x0021,
  0x0021,0x0021,0x0021,0x0021,0x0000,0x0217,0x031F,0x0000,0x0882,0x0862,0x0000,0x2124,0x6B8F,0x8431,0x18C3,0x0000,
  0x0841,0x0041,0x0041,0x0041,0x0041,0x0041,0x0041,0x0041,0x0041,0x0041,0x0041,0x0041,0x0041,0x0041,0x0041,0x0041,
  0x0041,0x0041,0x0041,0x0041,0x0041,0x0041,0x0041,0x0041,0x0041,0x0041,0x0041,0x0041,0x0041,0x0041,0x0041,0x0020,
  0x0000,0x0020,0x0020,0x0020,0x0020,0x0000,0x0020,0x0020,0x0020,0x0020,0x0020,0x0000,0x0020,0x0020,0x0020,0x0020,
  0x0020,0x0020,0x0020,0x0020,0x0020,0x0020,0x0020,0x0020,0x0020,0x0020,0x0020,0x0020,0x0020,0x0020,0x0020,0x0020,
  0x0020,0x0020,0x0020,0x0020,0x0020,0x0020,0x0020,0x0020,0x0020,0x0020,0x0020,0x0020,0x0020,0x0020,0x0020,0x0000,
  0x0021,0x0218,0x031F,0x0112,0x5247,0x94D3,0x320A,0x426B,0x424B,0x3A2A,0x3209,0x31E8,0x31C8,0x31C8,0x0862,0x0000,
  0x0000,0x02BF,0x01D2,0x0000,0x0041,0x0041,0x0041,0x0041,0x0041,0x0041,0x0041,0x0041,0x0041,0x0041,0x0041,0x0041,
  0x0041,0x0041,0x0041,0x0041,0x0041,0x0841,0x0841,0x0841,0x0841,0x0041,0x0041,0x0841,0x0841,0x0841,0x0841,0x0841,
  0x0841,0x0841,0x0841,0x0841,0x0841,0x0841,0x0841,0x0841,0x0861,0x0861,0x0861,0x0861,0x0861,0x0841,0x0841,0x0861,
  0x0841,0x0861,0x0861,0x0861,0x0861,0x0861,0x0861,0x0861,0x0861,0x0861,0x0841,0x0861,0x0861,0x0861,0x0861,0x0861,
  0x0861,0x0841,0x0861,0x0861,0x0841,0x0861,0x0861,0x0861,0x0861,0x0861,0x0862,0x0862,0x0861,0x0861,0x0861,0x0861,
  0x0861,0x0861,0x0861,0x0861,0x0861,0x0861,0x0861,0x0861,0x0861,0x0862,0x0861,0x0861,0x0861,0x0862,0x0862,0x0861,
  0x0862,0x0862,0x0861,0x0861,0x0862,0x0862,0x0862,0x0862,0x0862,0x0862,0x0862,0x0862,0x0862,0x0862,0x0862,0x0862,
  0x0862,0x0862,0x0862,0x0862,0x0862,0x0862,0x0862,0x0862,0x0862,0x0862,0x0862,0x0862,0x0862,0x0862,0x0862,0x0862,
  0x0862,0x0862,0x0862,0x0862,0x0862,0x0862,0x0862,0x0862,0x0862,0x0862,0x0862,0x0862,0x0862,0x0862,0x0862,0x0862,
  0x0862,0x0862,0x0862,0x0862,0x0862,0x0862,0x0862,0x0862,0x0862,0x0862,0x0862,0x0862,0x0861,0x0861,0x0862,0x0862,
  0x0862,0x0862,0x0862,0x0862,0x0862,0x0862,0x0862,0x0862,0x0862,0x0861,0x0861,0x0861,0x0861,0x0861,0x0861,0x0861,
  0x0861,0x0861,0x0861,0x0861,0x0841,0x0861,0x0861,0x0841,0x0841,0x0841,0x0041,0x0841,0x0841,0x0841,0x0841,0x0041,
  0x0041,0x0041,0x0841,0x0041,0x0041,0x0041,0x0041,0x0041,0x0041,0x0041,0x0021,0x0021,0x0021,0x0021,0x0041,0x0021,
  0x0021,0x0021,0x0021,0x0021,0x0000,0x0216,0x031F,0x0000,0x0000,0x0862,0x18E4,0x0000,0x2965,0x7BF0,0x8431,0x18C3,
  0x0000,0x0841,0x0021,0x0041,0x0041,0x0041,0x0041,0x0041,0x0041,0x0041,0x0041,0x0041,0x0041,0x0041,0x0041,0x0041,
  0x0041,0x0041,0x0041,0x0041,0x0041,0x0041,0x0041,0x0041,0x0041,0x0041,0x0041,0x0041,0x0041,0x0041,0x0020,0x0021,
  0x0065,0x0045,0x0065,0x0065,0x0045,0x0045,0x0045,0x0045,0x0065,0x0045,0x0045,0x0045,0x0045,0x0065,0x0045,0x0045,
  0x0045,0x0045,0x0045,0x0045,0x0045,0x0045,0x0045,0x0045,0x0025,0x0025,0x0045,0x0025,0x0025,0x0024,0x0024,0x0024,
  0x0024,0x0025,0x0024,0x0024,0x0024,0x0024,0x0024,0x0004,0x0004,0x0004,0x0004,0x0003,0x0003,0x0004,0x0024,0x0003,
  0x00CC,0x021D,0x00AD,0x4A48,0x94D4,0x3A4B,0x3A2A,0x424A,0x3A2A,0x3A09,0x3A09,0x31E9,0x31C8,0x31C8,0x0862,0x0000,
  0x0000,0x02BF,0x01B2,0x0000,0x0041,0x0041,0x0041,0x0041,0x0041,0x0041,0x0041,0x0041,0x0041,0x0041,0x0041,0x0041,
  0x0041,0x0041,0x0041,0x0041,0x0041,0x0041,0x0841,0x0841,0x0041,0x0041,0x0841,0x0841,0x0841,0x0841,0x0841,0x0841,
  0x0841,0x0841,0x0841,0x0841,0x0841,0x0841,0x0841,0x0841,0x0861,0x0841,0x0861,0x0861,0x0861,0x0861,0x0861,0x0861,
  0x0861,0x0861,0x0861,0x0861,0x0861,0x0862,0x0861,0x0861,0x0861,0x0861,0x0861,0x0861,0x0861,0x0861,0x0861,0x0841,
  0x0841,0x0861,0x0861,0x0841,0x0841,0x0861,0x0861,0x0861,0x0861,0x0861,0x0861,0x0862,0x0861,0x0862,0x0861,0x0861,
  0x0861,0x0861,0x0862,0x0861,0x0861,0x0861,0x0861,0x0861,0x0861,0x0862,0x0862,0x0862,0x0861,0x0862,0x0862,0x0862,
  0x0862,0x0862,0x0861,0x0862,0x0862,0x0862,0x0862,0x0862,0x0862,0x0862,0x0862,0x0862,0x0861,0x0861,0x0862,0x0862,
  0x0862,0x0862,0x0862,0x0862,0x0862,0x0862,0x0862,0x0862,0x0862,0x0862,0x0862,0x0862,0x0862,0x0862,0x0862,0x0862,
  0x0862,0x0862,0x0862,0x0862,0x0862,0x0862,0x0862,0x0862,0x0862,0x0862,0x0862,0x0862,0x0862,0x0862,0x0862,0x0862,
  0x0862,0x0862,0x0862,0x0862,0x0862,0x0862,0x0862,0x0862,0x0862,0x0862,0x0862,0x0862,0x0862,0x0862,0x0862,0x0862,
  0x0862,0x0862,0x0862,0x0862,0x0862,0x0862,0x0862,0x0862,0x0862,0x0862,0x0862,0x0861,0x0861,0x0861,0x0861,0x0861,
  0x0861,0x0861,0x0861,0x0861,0x0861,0x0861,0x0861,0x0841,0x0841,0x0841,0x0041,0x0841,0x0841,0x0841,0x0841,0x0841,
  0x0041,0x0041,0x0041,0x0041,0x0041,0x0041,0x0041,0x0041,0x0041,0x0041,0x0041,0x0041,0x0021,0x0021,0x0021,0x0021,
  0x0021,0x0020,0x0021,0x0021,0x0000,0x0216,0x031F,0x0000,0x0041,0x0841,0x2965,0x2104,0x0000,0x2965,0x73AF,0x73CF,
  0x10A3,0x0000,0x0041,0x0021,0x0041,0x0041,0x0041,0x0041,0x0041,0x0041,0x0041,0x0041,0x0041,0x0041,0x0041,0x0041,
  0x0041,0x0041,0x0041,0x0041,0x0041,0x0041,0x0041,0x0041,0x0041,0x0041,0x0041,0x0041,0x0041,0x0000,0x0084,0x039F,
  0x037E,0x449D,0x54FF,0x5CFE,0x54BC,0x449E,0x449F,0x4CBF,0x54DE,0x54BE,0x447F,0x3C5F,0x449E,0x54BE,0x4CBF,0x3C7F,
  0x445F,0x4C9E,0x445F,0x2BBF,0x23BF,0x23BF,0x23BF,0x23BF,0x2BBF,0x239F,0x237F,0x237F,0x1B7F,0x235F,0x235F,0x235F,
  0x1B3F,0x1B3F,0x237F,0x239F,0x235F,0x237F,0x2B7F,0x2B9F,0x2B9F,0x2B9F,0x2B9F,0x3BDF,0x3BFF,0x4C1F,0x545F,0x545F,
  0x7414,0x6B4C,0x738D,0x8C72,0x428B,0x426B,0x426B,0x424A,0x422A,0x3A09,0x31E9,0x31E8,0x31C8,0x31C8,0x0862,0x0000,
  0x0000,0x02BF,0x01B2,0x0000,0x0041,0x0041,0x0041,0x0041,0x0041,0x0041,0x0041,0x0041,0x0041,0x0041,0x0041,0x0041,
  0x0041,0x0041,0x0041,0x0041,0x0041,0x0041,0x0841,0x0841,0x0841,0x0841,0x0841,0x0841,0x0841,0x0841,0x0841,0x0841,
  0x0841,0x0841,0x0861,0x0861,0x0841,0x0841,0x0861,0x0841,0x0841,0x0861,0x0861,0x0861,0x0861,0x0861,0x0861,0x0861,
  0x0861,0x0861,0x0861,0x0861,0x0861,0x0861,0x0861,0x0861,0x0861,0x0861,0x0861,0x0861,0x0841,0x0841,0x0861,0x0861,
  0x0861,0x0861,0x0861,0x0841,0x0861,0x0861,0x0861,0x0861,0x0861,0x0861,0x0861,0x0861,0x0861,0x0861,0x0861,0x0861,
  0x0861,0x0861,0x0862,0x0862,0x0861,0x0861,0x0861,0x0861,0x0861,0x0862,0x0862,0x0862,0x0862,0x0862,0x0862,0x0862,
  0x0862,0x0862,0x0861,0x0862,0x0862,0x0862,0x0862,0x0862,0x0862,0x0862,0x0862,0x0862,0x0862,0x0861,0x0862,0x0861,
  0x0862,0x0862,0x0862,0x0862,0x0862,0x0862,0x0862,0x0862,0x0862,0x0862,0x0862,0x0862,0x0862,0x0862,0x0862,0x0862,
  0x0862,0x0862,0x0862,0x0862,0x0862,0x0862,0x0862,0x0862,0x0862,0x0862,0x0862,0x0862,0x0862,0x0862,0x0862,0x0862,
  0x0862,0x0862,0x0862,0x0862,0x0862,0x0862,0x0862,0x0862,0x0862,0x0862,0x0862,0x0862,0x0862,0x0862,0x0862,0x0862,
  0x0862,0x0862,0x0862,0x0862,0x0862,0x0862,0x0862,0x0862,0x0862,0x0862,0x0861,0x0862,0x0861,0x0861,0x0861,0x0861,
  0x0861,0x0861,0x0861,0x0861,0x0861,0x0861,0x0841,0x0861,0x0841,0x0841,0x0841,0x0841,0x0841,0x0041,0x0841,0x0841,
  0x0841,0x0041,0x0041,0x0041,0x0041,0x0041,0x0041,0x0041,0x0041,0x0041,0x0041,0x0041,0x0021,0x0021,0x0021,0x0021,
  0x0021,0x0021,0x0020,0x0021,0x0000,0x0236,0x037F,0x10A2,0x31A7,0x0862,0x0021,0x0841,0x0020,0x0000,0x2125,0x6B6E,
  0x8411,0x18C3,0x0000,0x0041,0x0020,0x0020,0x0020,0x0020,0x0020,0x0020,0x0020,0x0000,0x0000,0x0000,0x0000,0x0000,
  0x0020,0x0000,0x0000,0x0000,0x0000,0x0000,0x0000,0x0000,0x0000,0x0000,0x0000,0x0041,0x0020,0x0064,0x03DF,0x035B,
  0x4A06,0x6AE9,0x49E5,0x5226,0x51E5,0x49E4,0x49E5,0x4A05,0x4A05,0x49E5,0x41E5,0x41E5,0x41C5,0x49E5,0x41E5,0x41C5,
  0x41E5,0x41E6,0x4206,0x41E6,0x4206,0x4206,0x41E6,0x41E6,0x4207,0x4207,0x4207,0x41E6,0x4207,0x4227,0x4228,0x4228,
  0x4228,0x4228,0x4A49,0x4A69,0x4A69,0x4A8A,0x4A69,0x4A69,0x4A6A,0x4A8A,0x4A8A,0x4A8A,0x52CB,0x5AEC,0x5AEC,0x632D,
  0x5B2D,0x530D,0x52ED,0x3A2A,0x426A,0x3A2A,0x3A09,0x3A2A,0x3A09,0x31E8,0x31C8,0x31E9,0x31C8,0x31C8,0x0862,0x0000,
  0x0000,0x02BF,0x01B2,0x0000,0x0041,0x0041,0x0041,0x0041,0x0041,0x0041,0x0041,0x0041,0x0041,0x0041,0x0041,0x0041,
  0x0041,0x0041,0x0041,0x0041,0x0041,0x0041,0x0841,0x0841,0x0841,0x0841,0x0841,0x0841,0x0841,0x0841,0x0841,0x0841,
  0x0861,0x0841,0x0861,0x0861,0x0841,0x0841,0x0861,0x0861,0x0861,0x0861,0x0861,0x0861,0x0861,0x0861,0x0861,0x0861,
  0x0861,0x0861,0x0861,0x0861,0x0861,0x0862,0x0861,0x0862,0x0861,0x0861,0x0861,0x0861,0x0861,0x0861,0x0861,0x0861,
  0x0861,0x0861,0x0861,0x0861,0x0861,0x0841,0x0861,0x0861,0x0861,0x0861,0x0861,0x0861,0x0861,0x0861,0x0861,0x0861,
  0x0861,0x0861,0x0862,0x0862,0x0861,0x0861,0x0861,0x0861,0x0861,0x0862,0x0861,0x0862,0x0862,0x0862,0x0862,0x0862,
  0x0862,0x0862,0x0862,0x0862,0x0862,0x0862,0x0862,0x0862,0x0862,0x0862,0x0862,0x0862,0x0862,0x0861,0x0862,0x0862,
  0x0862,0x0862,0x0862,0x0862,0x0862,0x0862,0x0862,0x0862,0x0862,0x0862,0x0862,0x0862,0x0862,0x0862,0x0862,0x0862,
  0x0862,0x0862,0x0862,0x0862,0x0862,0x0862,0x0862,0x0862,0x0862,0x0862,0x0862,0x0862,0x0862,0x0862,0x0862,0x0862,
  0x0862,0x0862,0x0862,0x0862,0x0862,0x0862,0x0862,0x0862,0x0862,0x0862,0x0862,0x0862,0x0862,0x0862,0x0862,0x0862,
  0x0862,0x0862,0x0862,0x0862,0x0862,0x0862,0x0862,0x0862,0x0862,0x0862,0x0862,0x0862,0x0861,0x0861,0x0861,0x0861,
  0x0861,0x0861,0x0861,0x0861,0x0861,0x0861,0x0861,0x0861,0x0841,0x0841,0x0841,0x0841,0x0841,0x0841,0x0841,0x0841,
  0x0841,0x0841,0x0041,0x0041,0x0041,0x0041,0x0041,0x0041,0x0041,0x0041,0x0041,0x0041,0x0021,0x0021,0x0021,0x0021,
  0x0021,0x0021,0x0021,0x0041,0x0000,0x0257,0x039F,0x18C3,0x4229,0x10A3,0x0001,0x0000,0x0841,0x10A3,0x0000,0x2986,
  0x7C11,0x8C72,0x18C3,0x0000,0x0064,0x0086,0x0086,0x0087,0x00A7,0x00C8,0x00E8,0x00E9,0x00E9,0x0109,0x010A,0x012A,
  0x0109,0x0109,0x0109,0x0109,0x010A,0x010A,0x010A,0x00E9,0x00C9,0x00C8,0x00EA,0x0021,0x0044,0x03DF,0x0339,0x5206,
  0x52AA,0x18C3,0x10C3,0x18C3,0x10C3,0x10C3,0x18C3,0x18C3,0x18E3,0x18E3,0x1904,0x1904,0x1904,0x18E4,0x2104,0x2124,
  0x2104,0x2125,0x2125,0x2145,0x2125,0x2125,0x2125,0x2145,0x2966,0x2145,0x2145,0x2125,0x2145,0x2146,0x2966,0x2146,
  0x2146,0x2146,0x2966,0x29A7,0x29A7,0x2987,0x29A7,0x31A8,0x2987,0x29A8,0x31C8,0x31E9,0x31E9,0x31E9,0x3209,0x3A09,
  0x3A09,0x3A29,0x3A09,0x3A2A,0x3A29,0x3A09,0x3A09,0x3A2A,0x31E9,0x31C8,0x31C8,0x31C8,0x31C8,0x31E9,0x0862,0x0000,
  0x0000,0x02BF,0x01B3,0x0000,0x0041,0x0041,0x0041,0x0041,0x0041,0x0041,0x0041,0x0041,0x0041,0x0041,0x0041,0x0041,
  0x0041,0x0041,0x0041,0x0041,0x0041,0x0841,0x0841,0x0841,0x0841,0x0841,0x0841,0x0841,0x0841,0x0841,0x0841,0x0841,
  0x0861,0x0841,0x0861,0x0861,0x0861,0x0841,0x0841,0x0861,0x0861,0x0861,0x0861,0x0861,0x0861,0x0861,0x0861,0x0861,
  0x0861,0x0861,0x0861,0x0861,0x0861,0x0861,0x0861,0x0861,0x0861,0x0861,0x0862,0x0861,0x0861,0x0861,0x0861,0x0861,
  0x0861,0x0841,0x0861,0x0861,0x0861,0x0861,0x0861,0x0862,0x0862,0x0862,0x0861,0x0861,0x0861,0x0861,0x0861,0x0861,
  0x0861,0x0862,0x0862,0x0861,0x0862,0x0861,0x0861,0x0862,0x0862,0x0862,0x0862,0x0862,0x0862,0x0862,0x0862,0x0862,
  0x0862,0x0862,0x0862,0x0862,0x0862,0x0862,0x0862,0x0862,0x0862,0x0862,0x0862,0x0862,0x0861,0x0861,0x0862,0x0862,
  0x0862,0x0862,0x0862,0x0862,0x0862,0x0862,0x0861,0x0861,0x0861,0x0861,0x0862,0x0862,0x0862,0x0862,0x0862,0x0862,
  0x0862,0x0862,0x0862,0x0862,0x0862,0x0862,0x0862,0x0862,0x0862,0x0862,0x0862,0x0862,0x0862,0x0862,0x0862,0x0862,
  0x0862,0x0862,0x0862,0x0862,0x0862,0x0862,0x0862,0x0862,0x0862,0x0862,0x0862,0x0862,0x0862,0x0862,0x0862,0x0862,
  0x0862,0x0862,0x0862,0x0862,0x0862,0x0862,0x0862,0x0862,0x0862,0x0862,0x0862,0x0861,0x0861,0x0861,0x0861,0x0861,
  0x0861,0x0861,0x0861,0x0861,0x0861,0x0861,0x0841,0x0841,0x0841,0x0841,0x0841,0x0841,0x0841,0x0841,0x0041,0x0041,
  0x0041,0x0041,0x0041,0x0041,0x0041,0x0041,0x0041,0x0041,0x0041,0x0041,0x0041,0x0041,0x0041,0x0021,0x0021,0x0021,
  0x0021,0x0021,0x0021,0x0021,0x0000,0x0257,0x039F,0x18C3,0x5AEB,0x39C7,0x10A2,0x0021,0x0841,0x18E4,0x1082,0x0000,
  0x31C7,0x7C11,0x8C72,0x18C3,0x0023,0x01F9,0x027D,0x029E,0x02BF,0x02DF,0x033F,0x037F,0x037F,0x037F,0x039F,0x03DF,
  0x039F,0x039F,0x039F,0x039F,0x037F,0x037F,0x033F,0x033F,0x031F,0x02DF,0x0238,0x0085,0x039F,0x0298,0x5A26,0x630C,
  0x18E3,0x18E3,0x2104,0x2103,0x2104,0x2104,0x2124,0x2124,0x2104,0x2124,0x2124,0x2124,0x2124,0x2124,0x2945,0x2124,
  0x2945,0x2945,0x2945,0x2945,0x2945,0x2965,0x2966,0x2986,0x2986,0x2966,0x2966,0x2986,0x2986,0x31A7,0x2986,0x2986,
  0x2986,0x2986,0x2986,0x31A7,0x31A7,0x31A7,0x31A7,0x31A7,0x31A7,0x31C8,0x31C8,0x39E8,0x3A09,0x39E8,0x39E8,0x3A09,
  0x3A09,0x3A09,0x3A29,0x3A29,0x3A29,0x39E9,0x3A09,0x3A09,0x31E8,0x31E9,0x31A8,0x29A7,0x31C8,0x31C8,0x0862,0x0000,
  0x0000,0x02BF,0x01B2,0x0000,0x0041,0x0041,0x0041,0x0041,0x0041,0x0041,0x0041,0x0041,0x0041,0x0041,0x0041,0x0041,
  0x0041,0x0041,0x0041,0x0041,0x0841,0x0841,0x0841,0x0841,0x0841,0x0841,0x0841,0x0841,0x0841,0x0841,0x0841,0x0841,
  0x0861,0x0841,0x0841,0x0861,0x0861,0x0841,0x0841,0x0861,0x0861,0x0861,0x0861,0x0861,0x0861,0x0861,0x0861,0x0861,
  0x0861,0x0861,0x0861,0x0861,0x0861,0x0861,0x0862,0x0861,0x0861,0x0861,0x0861,0x0861,0x0861,0x0861,0x0861,0x0861,
  0x0861,0x0861,0x0841,0x0841,0x0861,0x0861,0x0861,0x0862,0x0861,0x0862,0x0861,0x0861,0x0862,0x0861,0x0861,0x0861,
  0x0861,0x0861,0x0861,0x0861,0x0861,0x0861,0x0861,0x0861,0x0861,0x0862,0x0862,0x0862,0x0862,0x0862,0x0862,0x0862,
  0x0862,0x0862,0x0861,0x0861,0x0861,0x0861,0x0862,0x0862,0x0861,0x0862,0x0862,0x0862,0x0861,0x0861,0x0861,0x0861,
  0x0862,0x0862,0x0862,0x0862,0x0862,0x0862,0x0861,0x0861,0x0861,0x0862,0x0862,0x0862,0x0862,0x0862,0x0862,0x0862,
  0x0862,0x0862,0x0862,0x0862,0x0862,0x0862,0x0862,0x0862,0x0862,0x0862,0x0862,0x0862,0x0862,0x0862,0x0862,0x0862,
  0x0862,0x0862,0x0862,0x0862,0x0862,0x0862,0x0862,0x0862,0x0862,0x0862,0x0862,0x0862,0x0862,0x0862,0x0862,0x0862,
  0x0862,0x0862,0x0861,0x0862,0x0862,0x0862,0x0862,0x0862,0x0862,0x0862,0x0862,0x0862,0x0861,0x0861,0x0861,0x0861,
  0x0861,0x0861,0x0861,0x0861,0x0861,0x0861,0x0841,0x0841,0x0841,0x0841,0x0841,0x0841,0x0841,0x0841,0x0841,0x0041,
  0x0841,0x0841,0x0041,0x0041,0x0041,0x0041,0x0041,0x0041,0x0041,0x0041,0x0041,0x0041,0x0041,0x0041,0x0021,0x0021,
  0x0021,0x0021,0x0021,0x0041,0x0000,0x0276,0x039F,0x0861,0x52AA,0x630C,0x4228,0x2124,0x0841,0x0021,0x0041,0x0862,
  0x0000,0x31A7,0x7BF0,0x8430,0x18A2,0x0000,0x0000,0x0000,0x0000,0x0000,0x0000,0x0000,0x0000,0x0000,0x0000,0x0000,
  0x0000,0x0000,0x0000,0x0000,0x0000,0x0000,0x0000,0x0000,0x0000,0x0000,0x0086,0x03FF,0x02B7,0x5A26,0x6B6D,0x2104,
  0x18E3,0x2104,0x2103,0x2104,0x20E3,0x2104,0x2104,0x2104,0x2104,0x2104,0x2104,0x2124,0x2124,0x2124,0x2124,0x2124,
  0x2945,0x2945,0x2945,0x2945,0x2945,0x2966,0x2986,0x2966,0x2986,0x2965,0x2965,0x2986,0x2986,0x2986,0x2986,0x2966,
  0x2986,0x2986,0x2986,0x31A7,0x31A7,0x31A7,0x31A7,0x2987,0x31A7,0x31C8,0x31A7,0x31C8,0x39E8,0x31E8,0x31E8,0x31E9,
  0x31E9,0x3A09,0x3A09,0x3A09,0x3A09,0x39E8,0x31C8,0x31E8,0x31E8,0x31E8,0x31A7,0x29A7,0x2987,0x29A8,0x0862,0x0000,
  0x0000,0x02DF,0x01D3,0x0000,0x0041,0x0041,0x0041,0x0041,0x0041,0x0041,0x0041,0x0041,0x0041,0x0041,0x0041,0x0041,
  0x0041,0x0041,0x0041,0x0041,0x0041,0x0841,0x0841,0x0841,0x0841,0x0841,0x0841,0x0841,0x0841,0x0841,0x0841,0x0841,
  0x0861,0x0861,0x0861,0x0861,0x0841,0x0841,0x0841,0x0841,0x0861,0x0861,0x0861,0x0861,0x0861,0x0861,0x0861,0x0861,
  0x0861,0x0861,0x0861,0x0861,0x0861,0x0861,0x0861,0x0861,0x0861,0x0861,0x0861,0x0861,0x0861,0x0861,0x0861,0x0861,
  0x0861,0x0861,0x0841,0x0861,0x0862,0x0861,0x0861,0x0862,0x0862,0x0861,0x0861,0x0862,0x0861,0x0861,0x0861,0x0861,
  0x0861,0x0861,0x0861,0x0861,0x0861,0x0862,0x0861,0x0862,0x0861,0x0862,0x0862,0x0862,0x0862,0x0862,0x0862,0x0862,
  0x0862,0x0861,0x0861,0x0861,0x0861,0x0861,0x0861,0x0861,0x0862,0x0861,0x0861,0x0862,0x0861,0x0862,0x0862,0x0861,
  0x0861,0x0862,0x0862,0x0862,0x0862,0x0862,0x0862,0x0862,0x0862,0x0862,0x0862,0x0862,0x0862,0x0862,0x0862,0x0862,
  0x0862,0x0862,0x0862,0x0862,0x0862,0x0862,0x0862,0x0862,0x0862,0x0862,0x0862,0x0862,0x0862,0x0862,0x0862,0x0862,
  0x0862,0x0862,0x0862,0x0862,0x0862,0x0862,0x0862,0x0862,0x0862,0x0862,0x0862,0x0862,0x0862,0x0862,0x0862,0x0862,
  0x0862,0x0862,0x0862,0x0861,0x0862,0x0861,0x0862,0x0862,0x0862,0x0862,0x0861,0x0862,0x0861,0x0861,0x0861,0x0861,
  0x0861,0x0861,0x0861,0x0861,0x0861,0x0841,0x0861,0x0861,0x0841,0x0841,0x0841,0x0841,0x0841,0x0841,0x0841,0x0841,
  0x0841,0x0841,0x0041,0x0041,0x0041,0x0041,0x0041,0x0041,0x0041,0x0041,0x0041,0x0041,0x0041,0x0041,0x0041,0x0021,
  0x0021,0x0021,0x0021,0x0041,0x0000,0x0256,0x039F,0x0841,0x2965,0x4208,0x4A69,0x2104,0x0841,0x0041,0x0000,0x1082,
  0x0861,0x0000,0x31A6,0x6B6E,0x8C92,0x94D3,0x9D14,0x9CF4,0x94D3,0x94B3,0x9492,0x8C72,0x8C72,0x8C92,0x8C72,0x8C51,
  0x8C92,0x9492,0x8C92,0x8C92,0x8451,0x8431,0x7C31,0x7C31,0x6C34,0x0358,0x03FF,0x0294,0x5206,0x634D,0x2104,0x2104,
  0x2104,0x2103,0x2124,0x2104,0x2104,0x2104,0x2104,0x2124,0x2124,0x2124,0x2124,0x2124,0x2124,0x2945,0x2945,0x2945,
  0x2945,0x2945,0x2945,0x2965,0x2965,0x2986,0x2986,0x2986,0x2986,0x2986,0x2966,0x3186,0x3186,0x2986,0x2986,0x2986,
  0x3187,0x2986,0x2986,0x31A7,0x31A7,0x31A7,0x31A7,0x31A7,0x31C8,0x31A7,0x31C8,0x31C8,0x31C8,0x31E9,0x39E9,0x3A09,
  0x3A09,0x39E9,0x3A2A,0x3A2A,0x3A09,0x31E8,0x31E8,0x31E8,0x31E8,0x31C8,0x31A8,0x31C8,0x31C8,0x1925,0x0000,0x0041,
  0x0000,0x02DF,0x01F3,0x0000,0x0042,0x0041,0x0041,0x0041,0x0041,0x0041,0x0041,0x0041,0x0041,0x0041,0x0041,0x0041,
  0x0041,0x0041,0x0041,0x0041,0x0041,0x0841,0x0841,0x0841,0x0841,0x0841,0x0841,0x0841,0x0041,0x0841,0x0841,0x0841,
  0x0841,0x0841,0x0841,0x0841,0x0841,0x0841,0x0861,0x0841,0x0861,0x0841,0x0861,0x0861,0x0861,0x0841,0x0861,0x0861,
  0x0861,0x0861,0x0861,0x0861,0x0861,0x0861,0x0861,0x0861,0x0861,0x0861,0x0861,0x0861,0x0841,0x0861,0x0861,0x0861,
  0x0841,0x0841,0x0841,0x0861,0x0861,0x0861,0x0861,0x0861,0x0861,0x0861,0x0861,0x0861,0x0862,0x0862,0x0861,0x0861,
  0x0861,0x0861,0x0861,0x0861,0x0862,0x0862,0x0861,0x0861,0x0862,0x0861,0x0862,0x0862,0x0862,0x0862,0x0862,0x0862,
  0x0862,0x0862,0x0861,0x0861,0x0861,0x0861,0x0861,0x0861,0x0862,0x0862,0x0862,0x0861,0x0861,0x0861,0x0862,0x0862,
  0x0862,0x0862,0x0862,0x0862,0x0862,0x0862,0x0862,0x0862,0x0862,0x0862,0x0862,0x0861,0x0862,0x0862,0x0862,0x0862,
  0x0862,0x0862,0x0862,0x0862,0x0862,0x0862,0x0862,0x0862,0x0862,0x0862,0x0862,0x0862,0x0862,0x0862,0x0862,0x0862,
  0x0862,0x0862,0x0862,0x0862,0x0862,0x0862,0x0862,0x0862,0x0861,0x0862,0x0862,0x0862,0x0862,0x0862,0x0861,0x0862,
  0x0862,0x0862,0x0862,0x0862,0x0862,0x0862,0x0862,0x0862,0x0862,0x0862,0x0862,0x0862,0x0862,0x0861,0x0861,0x0862,
  0x0861,0x0861,0x0861,0x0861,0x0841,0x0841,0x0861,0x0861,0x0841,0x0841,0x0841,0x0841,0x0841,0x0841,0x0841,0x0841,
  0x0041,0x0041,0x0041,0x0041,0x0041,0x0041,0x0041,0x0041,0x0041,0x0041,0x0041,0x0041,0x0041,0x0041,0x0041,0x0021,
  0x0021,0x0021,0x0021,0x0041,0x0000,0x0256,0x039F,0x0021,0x10A3,0x2945,0x39E7,0x4A6A,0x4208,0x2104,0x0841,0x0020,
  0x0882,0x0841,0x0000,0x3186,0x5B0C,0x634D,0x632D,0x5B0C,0x52AB,0x4A6A,0x4A6A,0x4249,0x4229,0x4229,0x4229,0x4229,
  0x4229,0x31C7,0x31A7,0x3186,0x2946,0x2145,0x2145,0x2945,0x2145,0x2126,0x18C3,0x41E6,0x738E,0x18E3,0x18C3,0x18E3,
  0x18E3,0x18E3,0x18E3,0x2104,0x2104,0x18E3,0x18E3,0x2104,0x2124,0x2124,0x2104,0x2104,0x2104,0x2124,0x2945,0x2945,
  0x2945,0x2945,0x2945,0x2945,0x2945,0x2145,0x2145,0x2945,0x2965,0x2966,0x2986,0x3186,0x2986,0x2966,0x2966,0x2986,
  0x2986,0x2146,0x2966,0x2966,0x2987,0x2987,0x3187,0x31A8,0x29A7,0x2987,0x2987,0x2987,0x2987,0x29A8,0x31A8,0x31C8,
  0x31E9,0x39E9,0x31E9,0x31E9,0x39E8,0x31C8,0x31C8,0x29A8,0x2987,0x2987,0x29A7,0x31C8,0x2146,0x0000,0x0862,0x10A3,
  0x0000,0x02DF,0x01D3,0x0000,0x0041,0x0041,0x0041,0x0041,0x0041,0x0041,0x0041,0x0041,0x0041,0x0041,0x0041,0x0041,
  0x0041,0x0041,0x0041,0x0041,0x0041,0x0841,0x0841,0x0841,0x0841,0x0841,0x0841,0x0841,0x0041,0x0841,0x0841,0x0841,
  0x0841,0x0861,0x0861,0x0841,0x0861,0x0841,0x0841,0x0841,0x0861,0x0861,0x0861,0x0861,0x0861,0x0861,0x0861,0x0861,
  0x0861,0x0861,0x0861,0x0861,0x0861,0x0861,0x0861,0x0861,0x0861,0x0861,0x0861,0x0861,0x0861,0x0861,0x0861,0x0861,
  0x0841,0x0861,0x0861,0x0861,0x0861,0x0861,0x0861,0x0861,0x0861,0x0861,0x0861,0x0861,0x0861,0x0861,0x0861,0x0861,
  0x0861,0x0861,0x0861,0x0861,0x0862,0x0862,0x0861,0x0861,0x0861,0x0861,0x0862,0x0862,0x0862,0x0862,0x0862,0x0862,
  0x0862,0x0862,0x0861,0x0861,0x0861,0x0862,0x0861,0x0861,0x0861,0x0862,0x0862,0x0862,0x0861,0x0861,0x0862,0x0862,
  0x0862,0x0862,0x0862,0x0862,0x0862,0x0862,0x0862,0x0862,0x0862,0x0862,0x0862,0x0862,0x0862,0x0862,0x0862,0x0862,
  0x0862,0x0861,0x0861,0x0862,0x0862,0x0862,0x0862,0x0862,0x0862,0x0862,0x0862,0x0862,0x0862,0x0862,0x0862,0x0862,
  0x0861,0x0862,0x0862,0x0862,0x0862,0x0862,0x0862,0x0862,0x0862,0x0862,0x0862,0x0862,0x0862,0x0862,0x0861,0x0861,
  0x0861,0x0862,0x0862,0x0862,0x0862,0x0862,0x0862,0x0862,0x0862,0x0862,0x0862,0x0862,0x0861,0x0861,0x0861,0x0861,
  0x0861,0x0861,0x0841,0x0841,0x0841,0x0841,0x0841,0x0841,0x0841,0x0841,0x0841,0x0841,0x0841,0x0841,0x0841,0x0041,
  0x0841,0x0041,0x0041,0x0841,0x0041,0x0041,0x0041,0x0041,0x0041,0x0041,0x0041,0x0041,0x0041,0x0041,0x0041,0x0041,
  0x0041,0x0021,0x0021,0x0041,0x0000,0x0256,0x039F,0x0001,0x0841,0x1082,0x2945,0x6B8D,0x5AEB,0x18E4,0x0841,0x1082,
  0x0861,0x0841,0x1082,0x0000,0x0020,0x0000,0x0000,0x0000,0x0000,0x0000,0x0000,0x0000,0x0000,0x0000,0x0000,0x0020,
  0x0020,0x0000,0x0000,0x0000,0x0000,0x0000,0x0000,0x0000,0x0000,0x0020,0x0000,0x0882,0x0000,0x0000,0x0000,0x0000,
  0x0000,0x0000,0x0000,0x0020,0x0000,0x0000,0x0000,0x0000,0x0020,0x0000,0x0000,0x0000,0x0000,0x0000,0x0000,0x0020,
  0x0020,0x0020,0x0020,0x0000,0x0000,0x0000,0x0000,0x0000,0x0000,0x0000,0x0021,0x0020,0x0000,0x0000,0x0020,0x0020,
  0x0000,0x0000,0x0000,0x0000,0x0020,0x0020,0x0020,0x0020,0x0020,0x0020,0x0000,0x0000,0x0000,0x0000,0x0000,0x0000,
  0x0020,0x0021,0x0020,0x0000,0x0020,0x0020,0x0020,0x0020,0x0000,0x0000,0x0020,0x0020,0x0000,0x10A3,0x39E8,0x39C7,
  0x0000,0x02DF,0x01D3,0x0000,0x0041,0x0041,0x0041,0x0041,0x0041,0x0041,0x0041,0x0041,0x0041,0x0041,0x0041,0x0041,
  0x0041,0x0041,0x0041,0x0041,0x0041,0x0841,0x0841,0x0841,0x0841,0x0841,0x0841,0x0841,0x0841,0x0841,0x0841,0x0841,
  0x0841,0x0841,0x0841,0x0861,0x0841,0x0841,0x0841,0x0841,0x0841,0x0861,0x0861,0x0861,0x0861,0x0861,0x0861,0x0861,
  0x0861,0x0861,0x0861,0x0861,0x0861,0x0861,0x0862,0x0861,0x0861,0x0861,0x0861,0x0861,0x0861,0x0841,0x0841,0x0861,
  0x0841,0x0861,0x0861,0x0861,0x0861,0x0841,0x0861,0x0861,0x0862,0x0861,0x0861,0x0862,0x0861,0x0861,0x0861,0x0861,
  0x0861,0x0861,0x0861,0x0861,0x0861,0x0861,0x0861,0x0862,0x0861,0x0862,0x0862,0x0862,0x0862,0x0862,0x0862,0x0862,
  0x0862,0x0862,0x0862,0x0861,0x0862,0x0862,0x0862,0x0862,0x0861,0x0861,0x0862,0x0862,0x0862,0x0862,0x0862,0x0862,
  0x0862,0x0862,0x0862,0x0862,0x0862,0x0862,0x0862,0x0862,0x0862,0x0862,0x0862,0x0862,0x0862,0x0862,0x0862,0x0862,
  0x0862,0x0862,0x0862,0x0862,0x0862,0x0862,0x0862,0x0862,0x0862,0x0862,0x0862,0x0862,0x0862,0x0862,0x0862,0x0862,
  0x0862,0x0862,0x0862,0x0862,0x0862,0x0862,0x0862,0x0862,0x0862,0x0862,0x0862,0x0862,0x0862,0x0862,0x0862,0x0862,
  0x0862,0x0862,0x0862,0x0862,0x0862,0x0862,0x0862,0x0862,0x0861,0x0861,0x0861,0x0861,0x0861,0x0861,0x0861,0x0861,
  0x0861,0x0861,0x0841,0x0841,0x0841,0x0841,0x0841,0x0841,0x0841,0x0841,0x0841,0x0841,0x0841,0x0841,0x0041,0x0841,
  0x0041,0x0841,0x0841,0x0841,0x0041,0x0041,0x0041,0x0041,0x0041,0x0041,0x0041,0x0041,0x0041,0x0041,0x0041,0x0041,
  0x0021,0x0021,0x0021,0x0041,0x0000,0x0276,0x03DF,0x0000,0x0000,0x0021,0x2104,0x528A,0x4208,0x18E3,0x10A2,0x18C3,
  0x1082,0x0020,0x18C3,0x18E3,0x0841,0x0861,0x0861,0x0020,0x0020,0x0000,0x0000,0x1082,0x2104,0x2124,0x0861,0x0000,
  0x0000,0x0861,0x1082,0x18C3,0x1904,0x10A2,0x0021,0x0021,0x0021,0x1082,0x18E3,0x18C3,0x18C3,0x0841,0x0000,0x0000,
  0x0021,0x10C3,0x18C3,0x18C3,0x18C3,0x0841,0x0841,0x0020,0x0000,0x0862,0x18C3,0x2125,0x1082,0x0000,0x0000,0x0021,
  0x0862,0x10C3,0x2104,0x10C3,0x0020,0x0000,0x0000,0x0021,0x10A3,0x18E4,0x0862,0x0000,0x0020,0x0841,0x0021,0x0000,
  0x1083,0x1905,0x0042,0x0022,0x0000,0x0000,0x0021,0x0041,0x0021,0x0000,0x0000,0x0862,0x2125,0x2125,0x0841,0x0021,
  0x0000,0x0000,0x0000,0x0862,0x10C3,0x0862,0x0020,0x0021,0x0001,0x0000,0x0020,0x0862,0x0862,0x2125,0x4229,0x4229,
  0x0000,0x02DF,0x01D3,0x0000,0x0042,0x0041,0x0041,0x0041,0x0041,0x0041,0x0041,0x0041,0x0041,0x0041,0x0041,0x0041,
  0x0041,0x0041,0x0041,0x0841,0x0841,0x0841,0x0041,0x0841,0x0841,0x0841,0x0841,0x0841,0x0841,0x0841,0x0841,0x0841,
  0x0861,0x0841,0x0861,0x0861,0x0861,0x0841,0x0841,0x0841,0x0841,0x0841,0x0861,0x0861,0x0861,0x0861,0x0861,0x0861,
  0x0861,0x0861,0x0861,0x0861,0x0861,0x0862,0x0862,0x0861,0x0861,0x0861,0x0861,0x0841,0x0861,0x0841,0x0841,0x0841,
  0x0861,0x0861,0x0861,0x0861,0x0861,0x0861,0x0861,0x0861,0x0841,0x0861,0x0861,0x0861,0x0861,0x0861,0x0861,0x0861,
  0x0862,0x0861,0x0862,0x0861,0x0861,0x0861,0x0862,0x0861,0x0861,0x0861,0x0861,0x0862,0x0862,0x0862,0x0862,0x0862,
  0x0862,0x0862,0x0862,0x0862,0x0862,0x0861,0x0862,0x0862,0x0861,0x0861,0x0862,0x0862,0x0862,0x0862,0x0862,0x0862,
  0x0862,0x0862,0x0862,0x0862,0x0862,0x0862,0x0862,0x0862,0x0862,0x0862,0x0862,0x0861,0x0861,0x0862,0x0862,0x0862,
  0x0862,0x0862,0x0862,0x0862,0x0862,0x0862,0x0862,0x0862,0x0862,0x0862,0x0862,0x0862,0x0862,0x0862,0x0862,0x0862,
  0x0862,0x0862,0x0862,0x0862,0x0862,0x0862,0x0862,0x0862,0x0862,0x0862,0x0862,0x0862,0x0862,0x0862,0x0862,0x0862,
  0x0862,0x0862,0x0862,0x0861,0x0862,0x0862,0x0862,0x0862,0x0862,0x0862,0x0861,0x0861,0x0861,0x0861,0x0861,0x0862,
  0x0861,0x0841,0x0841,0x0861,0x0841,0x0841,0x0841,0x0841,0x0841,0x0841,0x0841,0x0841,0x0841,0x0841,0x0841,0x0041,
  0x0841,0x0841,0x0841,0x0841,0x0841,0x0041,0x0041,0x0041,0x0041,0x0041,0x0041,0x0041,0x0041,0x0041,0x0041,0x0021,
  0x0041,0x0021,0x0021,0x0041,0x0000,0x0276,0x03DF,0x0882,0x18E4,0x0021,0x0862,0x18C3,0x3186,0x5ACB,0x630C,0x39C7,
  0x2104,0x0882,0x0020,0x0841,0x18E3,0x4208,0x4208,0x18E4,0x10A3,0x10A2,0x1082,0x1082,0x18E3,0x2965,0x39C7,0x2945,
  0x1082,0x0041,0x0021,0x10A2,0x2125,0x41E8,0x4A69,0x3186,0x0862,0x0841,0x0862,0x1082,0x39E8,0x4229,0x2945,0x1082,
  0x0021,0x1083,0x0882,0x0882,0x2986,0x528A,0x4208,0x18C4,0x0000,0x0041,0x1082,0x2125,0x4208,0x39E8,0x1905,0x0842,
  0x0021,0x0841,0x18C4,0x2987,0x4A49,0x31C7,0x1904,0x0041,0x0862,0x0882,0x0861,0x2125,0x528A,0x528A,0x18E4,0x0021,
  0x0841,0x10A3,0x10C5,0x39E8,0x4A6A,0x2946,0x0862,0x0041,0x0021,0x0021,0x0021,0x0021,0x18E4,0x31A7,0x2987,0x18E5,
  0x0042,0x0000,0x0001,0x0000,0x0020,0x0862,0x10A3,0x10A3,0x0021,0x0000,0x0000,0x0000,0x0000,0x0000,0x18E4,0x39C7,
  0x0000,0x02DF,0x01F3,0x0000,0x0042,0x0041,0x0041,0x0041,0x0041,0x0041,0x0041,0x0041,0x0041,0x0041,0x0041,0x0041,
  0x0041,0x0841,0x0841,0x0041,0x0841,0x0041,0x0841,0x0041,0x0841,0x0841,0x0841,0x0841,0x0841,0x0841,0x0841,0x0841,
  0x0841,0x0841,0x0861,0x0861,0x0861,0x0841,0x0861,0x0841,0x0841,0x0841,0x0861,0x0861,0x0861,0x0861,0x0861,0x0861,
  0x0861,0x0861,0x0861,0x0861,0x0861,0x0861,0x0861,0x0861,0x0861,0x0861,0x0861,0x0861,0x0841,0x0841,0x0861,0x0841,
  0x0861,0x0861,0x0861,0x0861,0x0861,0x0861,0x0861,0x0861,0x0861,0x0861,0x0861,0x0861,0x0862,0x0861,0x0861,0x0861,
  0x0861,0x0861,0x0861,0x0861,0x0862,0x0861,0x0861,0x0861,0x0862,0x0862,0x0861,0x0862,0x0861,0x0862,0x0861,0x0862,
  0x0862,0x0862,0x0862,0x0862,0x0862,0x0862,0x0862,0x0862,0x0861,0x0861,0x0861,0x0862,0x0862,0x0862,0x0862,0x0862,
  0x0862,0x0862,0x0862,0x0862,0x0862,0x0862,0x0862,0x0862,0x0862,0x0862,0x0862,0x0862,0x0861,0x0862,0x0862,0x0862,
  0x0862,0x0862,0x0862,0x0862,0x0862,0x0862,0x0862,0x0862,0x0862,0x0862,0x0862,0x0862,0x0862,0x0862,0x0862,0x0862,
  0x0862,0x0862,0x0862,0x0862,0x0862,0x0862,0x0862,0x0862,0x0862,0x0862,0x0862,0x0862,0x0862,0x0862,0x0862,0x0862,
  0x0862,0x0862,0x0862,0x0862,0x0862,0x0862,0x0862,0x0862,0x0862,0x0862,0x0861,0x0861,0x0861,0x0861,0x0861,0x0861,
  0x0861,0x0861,0x0861,0x0841,0x0841,0x0841,0x0841,0x0841,0x0841,0x0041,0x0841,0x0841,0x0841,0x0841,0x0041,0x0841,
  0x0841,0x0841,0x0841,0x0841,0x0841,0x0841,0x0041,0x0041,0x0041,0x0041,0x0041,0x0041,0x0041,0x0041,0x0041,0x0021,
  0x0021,0x0021,0x0021,0x0041,0x0000,0x0256,0x03DF,0x18E4,0x2966,0x0021,0x0000,0x0841,0x10A3,0x31A7,0x39E8,0x1082,
  0x0020,0x0000,0x0000,0x0000,0x0000,0x1082,0x10A2,0x0841,0x0000,0x0000,0x0000,0x0000,0x0000,0x0000,0x10A3,0x1082,
  0x0020,0x0000,0x0000,0x0000,0x0000,0x1082,0x2104,0x10A3,0x0000,0x0000,0x0000,0x0000,0x0861,0x18E4,0x18C3,0x0841,
  0x0000,0x0000,0x0000,0x0000,0x0841,0x1904,0x18C3,0x0841,0x0000,0x0000,0x0000,0x0021,0x18C3,0x2125,0x0862,0x0000,
  0x0000,0x0000,0x0000,0x0861,0x18E4,0x18E4,0x0882,0x0001,0x0000,0x0000,0x0000,0x0861,0x18C3,0x1904,0x10C3,0x0841,
  0x18E4,0x4208,0x3A08,0x4A49,0x52CB,0x4A49,0x4208,0x4A49,0x4A49,0x4228,0x3A08,0x4229,0x4228,0x52AA,0x52AB,0x52AB,
  0x528A,0x4A69,0x4208,0x31A6,0x2965,0x2966,0x31A7,0x31A7,0x3186,0x31A6,0x31A6,0x3186,0x2966,0x0862,0x0000,0x1082,
  0x0000,0x031F,0x01F3,0x0000,0x0041,0x0041,0x0041,0x0041,0x0041,0x0041,0x0041,0x0041,0x0041,0x0041,0x0041,0x0041,
  0x0041,0x0041,0x0841,0x0841,0x0841,0x0041,0x0841,0x0841,0x0841,0x0841,0x0841,0x0841,0x0841,0x0841,0x0861,0x0841,
  0x0841,0x0841,0x0841,0x0841,0x0861,0x0841,0x0841,0x0841,0x0841,0x0861,0x0841,0x0861,0x0861,0x0861,0x0861,0x0861,
  0x0861,0x0861,0x0861,0x0861,0x0861,0x0861,0x0861,0x0861,0x0861,0x0861,0x0841,0x0841,0x0861,0x0841,0x0861,0x0861,
  0x0861,0x0861,0x0861,0x0861,0x0861,0x0861,0x0861,0x0861,0x0861,0x0861,0x0861,0x0861,0x0862,0x0861,0x0861,0x0861,
  0x0841,0x0861,0x0861,0x0861,0x0861,0x0862,0x0861,0x0862,0x0862,0x0862,0x0862,0x0861,0x0862,0x0861,0x0862,0x0862,
  0x0862,0x0862,0x0862,0x0862,0x0862,0x0862,0x0862,0x0862,0x0861,0x0861,0x0861,0x0862,0x0862,0x0862,0x0862,0x0862,
  0x0862,0x0862,0x0862,0x0861,0x0862,0x0862,0x0862,0x0862,0x0862,0x0862,0x0861,0x0861,0x0862,0x0862,0x0862,0x0862,
  0x0862,0x0862,0x0862,0x0862,0x0862,0x0862,0x0862,0x0862,0x0862,0x0862,0x0862,0x0862,0x0862,0x0862,0x0862,0x0862,
  0x0862,0x0862,0x0862,0x0862,0x0862,0x0862,0x0862,0x0862,0x0862,0x0862,0x0862,0x0862,0x0862,0x0862,0x0862,0x0862,
  0x0862,0x0862,0x0862,0x0862,0x0862,0x0861,0x0862,0x0862,0x0862,0x0862,0x0862,0x0861,0x0861,0x0861,0x0861,0x0861,
  0x0861,0x0861,0x0841,0x0841,0x0861,0x0841,0x0861,0x0861,0x0861,0x0841,0x0841,0x0841,0x0841,0x0841,0x0841,0x0041,
  0x0841,0x0841,0x0041,0x0841,0x0841,0x0041,0x0041,0x0041,0x0041,0x0041,0x0041,0x0041,0x0041,0x0041,0x0041,0x0021,
  0x0021,0x0021,0x0021,0x0041,0x0000,0x0255,0x039F,0x18E4,0x4A49,0x2965,0x10A3,0x0821,0x0021,0x1082,0x0000,0x18C3,
  0x2965,0x2945,0x2965,0x3165,0x2965,0x2945,0x2945,0x2945,0x2965,0x2945,0x2965,0x2965,0x2965,0x2945,0x2124,0x2124,
  0x2945,0x2944,0x2945,0x2945,0x2124,0x2104,0x18E3,0x18E3,0x20E3,0x18E3,0x18E3,0x18C3,0x10A2,0x1082,0x1082,0x10A2,
  0x10A2,0x10A2,0x1082,0x1082,0x1081,0x0861,0x0861,0x0861,0x1082,0x1082,0x1082,0x0861,0x0861,0x0861,0x1082,0x10A2,
  0x10A2,0x10A2,0x1082,0x1082,0x0861,0x0861,0x1082,0x1082,0x1082,0x1082,0x1082,0x1082,0x0861,0x0000,0x0021,0x0020,
  0x0020,0x0020,0x0000,0x0000,0x0000,0x0000,0x0000,0x0020,0x0000,0x0000,0x0001,0x0000,0x0000,0x0041,0x0020,0x0021,
  0x0841,0x0841,0x0041,0x0861,0x0862,0x10A3,0x18E4,0x18E4,0x18C3,0x18C3,0x18E4,0x18E4,0x31C7,0x31A7,0x0020,0x0000,
  0x0000,0x031F,0x01F3,0x0000,0x0041,0x0041,0x0041,0x0041,0x0041,0x0041,0x0041,0x0041,0x0041,0x0041,0x0041,0x0041,
  0x0041,0x0041,0x0841,0x0841,0x0841,0x0041,0x0841,0x0841,0x0841,0x0841,0x0841,0x0841,0x0841,0x0841,0x0841,0x0841,
  0x0841,0x0841,0x0841,0x0841,0x0841,0x0841,0x0841,0x0861,0x0861,0x0861,0x0861,0x0861,0x0861,0x0861,0x0861,0x0861,
  0x0861,0x0861,0x0861,0x0861,0x0861,0x0861,0x0861,0x0861,0x0861,0x0861,0x0841,0x0861,0x0861,0x0861,0x0861,0x0861,
  0x0861,0x0861,0x0861,0x0861,0x0861,0x0841,0x0861,0x0861,0x0861,0x0861,0x0861,0x0861,0x0861,0x0861,0x0861,0x0861,
  0x0861,0x0861,0x0861,0x0861,0x0862,0x0862,0x0862,0x0861,0x0861,0x0862,0x0862,0x0861,0x0862,0x0862,0x0861,0x0861,
  0x0862,0x0862,0x0862,0x0862,0x0862,0x0862,0x0861,0x0861,0x0861,0x0861,0x0861,0x0862,0x0861,0x0861,0x0862,0x0862,
  0x0862,0x0862,0x0862,0x0862,0x0862,0x0862,0x0862,0x0862,0x0862,0x0862,0x0862,0x0862,0x0862,0x0862,0x0862,0x0862,
  0x0862,0x0862,0x0862,0x0862,0x0862,0x0862,0x0862,0x0861,0x0861,0x0862,0x0862,0x0862,0x0862,0x0862,0x0862,0x0862,
  0x0862,0x0862,0x0862,0x0862,0x0862,0x0862,0x0862,0x0862,0x0862,0x0862,0x0862,0x0862,0x0862,0x0862,0x0862,0x0862,
  0x0862,0x0862,0x0862,0x0862,0x0862,0x0861,0x0861,0x0862,0x0862,0x0862,0x0861,0x0861,0x0861,0x0861,0x0861,0x0861,
  0x0861,0x0861,0x0861,0x0861,0x0841,0x0841,0x0861,0x0861,0x0861,0x0861,0x0841,0x0841,0x0841,0x0841,0x0841,0x0041,
  0x0841,0x0841,0x0841,0x0841,0x0841,0x0041,0x0041,0x0041,0x0041,0x0041,0x0041,0x0041,0x0041,0x0041,0x0041,0x0021,
  0x0021,0x0021,0x0021,0x0041,0x0000,0x0255,0x03DF,0x10A3,0x6B6D,0x5ACB,0x2966,0x0882,0x0020,0x0000,0x31A6,0x94B2,
  0x7BEF,0x8410,0x8C51,0x8C92,0x8C72,0x8410,0x8431,0x7BF0,0x8410,0x8410,0x8430,0x7BF0,0x73AE,0x73AF,0x6B8E,0x6B8E,
  0x6B6E,0x6B6D,0x6B4D,0x6B4D,0x632C,0x5AEB,0x52AA,0x52AA,0x528A,0x528A,0x4A69,0x4228,0x4208,0x4208,0x4208,0x4208,
  0x39E7,0x39C7,0x39C7,0x39C7,0x31A6,0x31A6,0x3186,0x31A6,0x31A6,0x39C7,0x31A6,0x3186,0x31A6,0x39C7,0x39E7,0x4208,
  0x4228,0x4228,0x4228,0x4208,0x4229,0x4A49,0x4A69,0x4228,0x4228,0x4228,0x4A69,0x52CB,0x2124,0x0021,0x0041,0x0000,
  0x0000,0x0020,0x0020,0x0020,0x0020,0x0000,0x0000,0x0000,0x0021,0x0041,0x0021,0x0041,0x0021,0x0000,0x0021,0x0000,
  0x0000,0x0021,0x0041,0x1083,0x10A3,0x0041,0x0000,0x0000,0x0000,0x0000,0x0000,0x0000,0x0841,0x2986,0x2124,0x0000,
  0x0000,0x031F,0x0212,0x0000,0x0041,0x0041,0x0041,0x0041,0x0041,0x0041,0x0041,0x0041,0x0041,0x0041,0x0041,0x0041,
  0x0041,0x0841,0x0841,0x0841,0x0841,0x0841,0x0841,0x0841,0x0841,0x0841,0x0841,0x0841,0x0861,0x0841,0x0841,0x0841,
  0x0841,0x0841,0x0841,0x0841,0x0841,0x0861,0x0841,0x0861,0x0861,0x0861,0x0861,0x0861,0x0861,0x0861,0x0861,0x0861,
  0x0861,0x0861,0x0861,0x0861,0x0861,0x0861,0x0861,0x0861,0x0861,0x0861,0x0861,0x0861,0x0861,0x0861,0x0841,0x0861,
  0x0861,0x0861,0x0861,0x0861,0x0861,0x0861,0x0861,0x0861,0x0861,0x0861,0x0861,0x0861,0x0861,0x0861,0x0861,0x0861,
  0x0861,0x0841,0x0861,0x0861,0x0861,0x0861,0x0862,0x0861,0x0862,0x0862,0x0862,0x0862,0x0862,0x0862,0x0861,0x0861,
  0x0862,0x0862,0x0862,0x0862,0x0862,0x0862,0x0861,0x0861,0x0861,0x0861,0x0861,0x0861,0x0861,0x0862,0x0862,0x0862,
  0x0862,0x0862,0x0862,0x0862,0x0862,0x0862,0x0862,0x0862,0x0862,0x0862,0x0862,0x0862,0x0862,0x0862,0x0862,0x0862,
  0x0862,0x0862,0x0862,0x0862,0x0862,0x0862,0x0862,0x0862,0x0862,0x0862,0x0862,0x0861,0x0862,0x0862,0x0862,0x0861,
  0x0861,0x0862,0x0862,0x0862,0x0862,0x0862,0x0862,0x0862,0x0862,0x0862,0x0862,0x0862,0x0862,0x0862,0x0862,0x0862,
  0x0862,0x0862,0x0861,0x0861,0x0861,0x0862,0x0861,0x0861,0x0861,0x0862,0x0862,0x0862,0x0861,0x0861,0x0861,0x0861,
  0x0861,0x0861,0x0861,0x0861,0x0861,0x0861,0x0861,0x0861,0x0841,0x0841,0x0841,0x0841,0x0861,0x0861,0x0841,0x0841,
  0x0841,0x0841,0x0841,0x0041,0x0841,0x0041,0x0041,0x0041,0x0041,0x0041,0x0041,0x0041,0x0041,0x0041,0x0041,0x0021,
  0x0021,0x0021,0x0021,0x0041,0x0000,0x0236,0x03DF,0x0862,0x4208,0x39E8,0x31A7,0x1082,0x0000,0x39C7,0x9CD3,0x52CB,
  0x52AB,0x528A,0x4A8A,0x5AEC,0x52AB,0x52CB,0x52AB,0x52CB,0x52AB,0x52AA,0x528A,0x4A6A,0x4A6A,0x4229,0x4228,0x4249,
  0x4229,0x4229,0x39C7,0x39C7,0x31A7,0x31A7,0x31A6,0x3186,0x2986,0x3186,0x2965,0x2945,0x2945,0x2965,0x2965,0x2965,
  0x2945,0x2945,0x2124,0x2124,0x2124,0x2124,0x2104,0x2124,0x2124,0x2945,0x2124,0x2945,0x2945,0x2965,0x2986,0x3186,
  0x3186,0x3186,0x31A7,0x39C7,0x39E7,0x39E7,0x39C7,0x39E7,0x39E7,0x39E7,0x4228,0x18C3,0x0000,0x0862,0x0021,0x0000,
  0x2986,0x31C7,0x31C7,0x3A08,0x2124,0x0020,0x0000,0x0861,0x2987,0x2146,0x2966,0x2986,0x0882,0x0021,0x0041,0x0000,
  0x0020,0x0021,0x0042,0x0022,0x0001,0x0021,0x0042,0x0021,0x0020,0x0000,0x0042,0x0021,0x0000,0x18C3,0x3186,0x0000,
  0x0000,0x031F,0x0213,0x0000,0x0041,0x0041,0x0041,0x0041,0x0041,0x0041,0x0041,0x0041,0x0041,0x0041,0x0041,0x0041,
  0x0041,0x0841,0x0841,0x0041,0x0841,0x0841,0x0841,0x0841,0x0841,0x0841,0x0841,0x0841,0x0841,0x0841,0x0841,0x0841,
  0x0841,0x0841,0x0841,0x0841,0x0841,0x0841,0x0841,0x0841,0x0861,0x0861,0x0861,0x0861,0x0841,0x0861,0x0861,0x0861,
  0x0861,0x0841,0x0861,0x0861,0x0841,0x0861,0x0861,0x0861,0x0861,0x0861,0x0861,0x0861,0x0861,0x0861,0x0861,0x0861,
  0x0861,0x0861,0x0861,0x0861,0x0861,0x0861,0x0861,0x0861,0x0861,0x0861,0x0861,0x0861,0x0861,0x0861,0x0861,0x0861,
  0x0861,0x0841,0x0841,0x0861,0x0861,0x0861,0x0862,0x0862,0x0862,0x0862,0x0862,0x0862,0x0862,0x0861,0x0861,0x0861,
  0x0861,0x0862,0x0862,0x0862,0x0862,0x0861,0x0861,0x0861,0x0861,0x0862,0x0862,0x0861,0x0861,0x0862,0x0862,0x0861,
  0x0861,0x0862,0x0862,0x0862,0x0862,0x0862,0x0862,0x0862,0x0862,0x0862,0x0862,0x0862,0x0862,0x0862,0x0862,0x0862,
  0x0862,0x0862,0x0862,0x0862,0x0862,0x0862,0x0862,0x0861,0x0862,0x0862,0x0861,0x0862,0x0862,0x0862,0x0862,0x0861,
  0x0861,0x0861,0x0862,0x0862,0x0862,0x0862,0x0862,0x0862,0x0862,0x0862,0x0862,0x0862,0x0862,0x0862,0x0862,0x0862,
  0x0861,0x0862,0x0862,0x0862,0x0862,0x0862,0x0861,0x0861,0x0862,0x0861,0x0861,0x0862,0x0861,0x0861,0x0861,0x0861,
  0x0861,0x0861,0x0861,0x0861,0x0861,0x0861,0x0841,0x0861,0x0861,0x0861,0x0861,0x0841,0x0861,0x0841,0x0841,0x0841,
  0x0041,0x0841,0x0841,0x0841,0x0041,0x0041,0x0041,0x0041,0x0041,0x0041,0x0041,0x0041,0x0041,0x0041,0x0041,0x0041,
  0x0021,0x0021,0x0021,0x0041,0x0000,0x0256,0x039F,0x0000,0x0841,0x2125,0x3186,0x0000,0x3186,0x94B3,0x5AEC,0x5AEC,
  0x5AEC,0x5AEC,0x632D,0x630C,0x630C,0x632D,0x632D,0x5B0C,0x52CB,0x5AEC,0x5AEC,0x5AEC,0x5AEC,0x52AB,0x5ACC,0x52AB,
  0x52AB,0x4A8A,0x4A6A,0x4229,0x4208,0x4229,0x3A08,0x39E7,0x39C7,0x31C7,0x39C7,0x31C7,0x31A7,0x31A7,0x31A6,0x31A6,
  0x2966,0x2966,0x2966,0x2965,0x2965,0x2945,0x2945,0x2945,0x2945,0x2965,0x2966,0x2966,0x2986,0x31A7,0x31C7,0x31C7,
  0x31A7,0x39C7,0x39E8,0x4208,0x4229,0x4208,0x4229,0x4208,0x4208,0x4208,0x10A2,0x0000,0x0041,0x0041,0x0021,0x39E7,
  0x31C7,0x2966,0x31C7,0x1904,0x0020,0x0021,0x1082,0x3A08,0x2987,0x2146,0x2145,0x0841,0x0000,0x0042,0x0000,0x018C,
  0x03FF,0x03DF,0x039F,0x037F,0x033F,0x031F,0x031F,0x02DF,0x02BF,0x02BF,0x027B,0x0021,0x0000,0x1082,0x3186,0x0020,
  0x0000,0x031F,0x01F3,0x0000,0x0041,0x0041,0x0041,0x0041,0x0041,0x0041,0x0041,0x0041,0x0041,0x0041,0x0041,0x0041,
  0x0841,0x0041,0x0041,0x0841,0x0841,0x0841,0x0841,0x0841,0x0841,0x0841,0x0841,0x0841,0x0841,0x0841,0x0841,0x0841,
  0x0841,0x0841,0x0861,0x0841,0x0841,0x0841,0x0841,0x0841,0x0861,0x0861,0x0861,0x0861,0x0861,0x0861,0x0861,0x0861,
  0x0861,0x0861,0x0841,0x0841,0x0861,0x0861,0x0861,0x0861,0x0861,0x0861,0x0861,0x0861,0x0861,0x0861,0x0861,0x0861,
  0x0861,0x0861,0x0861,0x0861,0x0861,0x0861,0x0861,0x0861,0x0861,0x0861,0x0861,0x0861,0x0861,0x0861,0x0861,0x0861,
  0x0861,0x0841,0x0861,0x0861,0x0861,0x0861,0x0861,0x0862,0x0862,0x0862,0x0862,0x0862,0x0862,0x0862,0x0862,0x0862,
  0x0862,0x0862,0x0862,0x0862,0x0862,0x0862,0x0862,0x0861,0x0861,0x0861,0x0861,0x0862,0x0862,0x0862,0x0862,0x0861,
  0x0861,0x0862,0x0862,0x0862,0x0862,0x0862,0x0862,0x0862,0x0862,0x0862,0x0862,0x0862,0x0862,0x0862,0x0862,0x0862,
  0x0862,0x0862,0x0862,0x0862,0x0862,0x0861,0x0861,0x0861,0x0862,0x0862,0x0862,0x0862,0x0862,0x0862,0x0861,0x0861,
  0x0861,0x0861,0x0861,0x0861,0x0862,0x0862,0x0862,0x0862,0x0862,0x0862,0x0862,0x0862,0x0862,0x0862,0x0862,0x0862,
  0x0862,0x0862,0x0861,0x0862,0x0862,0x0862,0x0862,0x0862,0x0861,0x0861,0x0861,0x0862,0x0861,0x0861,0x0862,0x0861,
  0x0861,0x0861,0x0861,0x0861,0x0861,0x0861,0x0861,0x0861,0x0861,0x0861,0x0861,0x0861,0x0861,0x0861,0x0841,0x0841,
  0x0841,0x0841,0x0841,0x0841,0x0041,0x0041,0x0041,0x0041,0x0041,0x0041,0x0041,0x0041,0x0041,0x0041,0x0021,0x0041,
  0x0021,0x0021,0x0021,0x0041,0x0000,0x0256,0x039F,0x0001,0x0021,0x0882,0x0000,0x2945,0x8431,0x528A,0x52AB,0x52AB,
  0x5B0C,0x6B4D,0x634D,0x634D,0x632D,0x52CB,0x5B0C,0x52AB,0x52CB,0x4229,0x10A1,0x18C2,0x18A2,0x10A1,0x18A2,0x10A1,
  0x10A1,0x1081,0x1081,0x1060,0x1060,0x1060,0x1060,0x1060,0x0840,0x1060,0x1060,0x1060,0x0840,0x0840,0x0840,0x0840,
  0x0840,0x0820,0x0840,0x0840,0x0840,0x0820,0x0820,0x0820,0x0820,0x0820,0x0840,0x0840,0x0840,0x0840,0x0840,0x0860,
  0x0860,0x1061,0x1061,0x1081,0x1081,0x1061,0x1061,0x1081,0x10A3,0x0882,0x0000,0x0021,0x0020,0x0000,0x39E8,0x4229,
  0x2986,0x31A7,0x18C3,0x0000,0x0000,0x0882,0x3A08,0x31A7,0x2987,0x2987,0x0861,0x0000,0x0041,0x0000,0x018D,0x03FF,
  0x03FF,0x039F,0x037F,0x033F,0x031F,0x02DF,0x02DF,0x02BF,0x02DF,0x027F,0x0023,0x0000,0x0000,0x1082,0x2966,0x0000,
  0x0000,0x031F,0x0213,0x0000,0x0041,0x0041,0x0041,0x0041,0x0041,0x0041,0x0041,0x0041,0x0041,0x0041,0x0041,0x0041,
  0x0041,0x0841,0x0841,0x0841,0x0841,0x0841,0x0841,0x0841,0x0841,0x0841,0x0841,0x0841,0x0841,0x0841,0x0841,0x0841,
  0x0841,0x0841,0x0861,0x0861,0x0861,0x0841,0x0861,0x0841,0x0841,0x0861,0x0861,0x0861,0x0861,0x0861,0x0861,0x0861,
  0x0861,0x0861,0x0861,0x0861,0x0861,0x0861,0x0861,0x0841,0x0861,0x0861,0x0861,0x0841,0x0861,0x0861,0x0861,0x0861,
  0x0861,0x0861,0x0861,0x0861,0x0861,0x0861,0x0861,0x0861,0x0861,0x0861,0x0861,0x0861,0x0861,0x0861,0x0861,0x0861,
  0x0861,0x0861,0x0861,0x0861,0x0861,0x0861,0x0862,0x0861,0x0862,0x0862,0x0862,0x0862,0x0862,0x0862,0x0862,0x0862,
  0x0862,0x0862,0x0862,0x0862,0x0862,0x0862,0x0862,0x0862,0x0861,0x0862,0x0861,0x0862,0x0862,0x0862,0x0862,0x0862,
  0x0862,0x0861,0x0862,0x0862,0x0862,0x0862,0x0862,0x0862,0x0862,0x0862,0x0862,0x0862,0x0862,0x0862,0x0862,0x0862,
  0x0862,0x0862,0x0862,0x0862,0x0862,0x0862,0x0861,0x0861,0x0861,0x0862,0x0862,0x0862,0x0862,0x0862,0x0862,0x0862,
  0x0862,0x0861,0x0861,0x0862,0x0862,0x0862,0x0862,0x0862,0x0862,0x0862,0x0862,0x0862,0x0862,0x0862,0x0862,0x0862,
  0x0862,0x0862,0x0861,0x0861,0x0862,0x0862,0x0861,0x0861,0x0862,0x0861,0x0861,0x0861,0x0861,0x0861,0x0861,0x0861,
  0x0861,0x0861,0x0861,0x0861,0x0861,0x0861,0x0861,0x0861,0x0861,0x0861,0x0861,0x0861,0x0861,0x0861,0x0841,0x0841,
  0x0861,0x0841,0x0841,0x0841,0x0041,0x0041,0x0041,0x0041,0x0041,0x0041,0x0041,0x0041,0x0041,0x0041,0x0041,0x0041,
  0x0021,0x0021,0x0021,0x0041,0x0000,0x0276,0x03DF,0x0021,0x0041,0x0000,0x3186,0x8451,0x528A,0x52CB,0x52CB,0x5AEC,
  0x6B6E,0x634D,0x6B6E,0x630C,0x5ACB,0x5AEC,0x5AEC,0x5AEC,0x4A69,0x0000,0x012F,0x01FA,0x01B9,0x01B9,0x01BA,0x01DB,
  0x01FB,0x021B,0x021B,0x023B,0x025B,0x025B,0x025B,0x025B,0x025B,0x025B,0x025C,0x023B,0x021B,0x021B,0x025C,0x025C,
  0x025B,0x025B,0x025C,0x023C,0x023C,0x023C,0x023C,0x023B,0x023B,0x023B,0x023C,0x023C,0x023C,0x023C,0x023C,0x023C,
  0x023C,0x023B,0x01FA,0x01D9,0x01F8,0x01D9,0x01D9,0x023A,0x0086,0x0020,0x0862,0x0020,0x0000,0x31A7,0x39E8,0x31A7,
  0x39E8,0x18C3,0x0000,0x0000,0x0862,0x39E8,0x2987,0x2987,0x31A7,0x0882,0x0001,0x0042,0x0000,0x018C,0x03FF,0x03DF,
  0x03DF,0x039F,0x039F,0x033F,0x031F,0x02DF,0x02BF,0x02DF,0x02BF,0x0022,0x0000,0x0021,0x0000,0x10A3,0x2146,0x0000,
  0x0000,0x031F,0x0213,0x0000,0x0041,0x0041,0x0041,0x0041,0x0041,0x0041,0x0041,0x0041,0x0041,0x0041,0x0041,0x0041,
  0x0041,0x0041,0x0841,0x0841,0x0841,0x0841,0x0841,0x0841,0x0841,0x0841,0x0841,0x0841,0x0841,0x0861,0x0861,0x0841,
  0x0841,0x0841,0x0841,0x0861,0x0861,0x0841,0x0841,0x0841,0x0861,0x0861,0x0861,0x0861,0x0861,0x0861,0x0861,0x0861,
  0x0861,0x0861,0x0861,0x0861,0x0861,0x0861,0x0861,0x0841,0x0841,0x0861,0x0841,0x0861,0x0861,0x0861,0x0861,0x0861,
  0x0861,0x0861,0x0861,0x0861,0x0861,0x0861,0x0861,0x0861,0x0861,0x0861,0x0841,0x0861,0x0861,0x0841,0x0861,0x0861,
  0x0841,0x0861,0x0861,0x0861,0x0861,0x0861,0x0861,0x0862,0x0861,0x0862,0x0862,0x0862,0x0862,0x0862,0x0862,0x0862,
  0x0862,0x0862,0x0862,0x0862,0x0862,0x0861,0x0861,0x0862,0x0861,0x0862,0x0862,0x0862,0x0862,0x0862,0x0861,0x0862,
  0x0861,0x0861,0x0862,0x0862,0x0861,0x0862,0x0862,0x0862,0x0862,0x0862,0x0862,0x0862,0x0862,0x0862,0x0862,0x0862,
  0x0862,0x0862,0x0862,0x0862,0x0862,0x0861,0x0861,0x0861,0x0862,0x0862,0x0862,0x0862,0x0862,0x0862,0x0862,0x0862,
  0x0862,0x0862,0x0862,0x0862,0x0862,0x0862,0x0862,0x0862,0x0862,0x0862,0x0862,0x0862,0x0862,0x0862,0x0862,0x0862,
  0x0862,0x0862,0x0862,0x0862,0x0862,0x0862,0x0862,0x0862,0x0862,0x0862,0x0861,0x0861,0x0861,0x0861,0x0861,0x0861,
  0x0861,0x0861,0x0861,0x0861,0x0861,0x0862,0x0861,0x0861,0x0861,0x0861,0x0861,0x0861,0x0861,0x0861,0x0861,0x0841,
  0x0841,0x0841,0x0841,0x0841,0x0041,0x0041,0x0041,0x0041,0x0041,0x0041,0x0041,0x0041,0x0041,0x0041,0x0041,0x0021,
  0x0021,0x0021,0x0021,0x0041,0x0000,0x0276,0x03DF,0x0021,0x0041,0x0000,0x6B4D,0x5B0C,0x52CB,0x5AEC,0x5AEB,0x634D,
  0x634D,0x6B8E,0x634D,0x5AEC,0x632D,0x5B0C,0x5B0C,0x4A8B,0x0841,0x01D5,0x02BF,0x02BF,0x02DF,0x02DF,0x031F,0x033F,
  0x033F,0x033F,0x037F,0x037F,0x037F,0x037F,0x039F,0x039F,0x039F,0x039F,0x039F,0x039F,0x037F,0x037F,0x039F,0x039F,
  0x039F,0x039F,0x039F,0x037F,0x037F,0x037F,0x037F,0x033F,0x033F,0x033F,0x031F,0x031F,0x031F,0x031F,0x031F,0x031F,
  0x031F,0x02DF,0x02BF,0x02BF,0x02BF,0x027F,0x027F,0x0194,0x0020,0x0041,0x0041,0x0861,0x39E8,0x31C8,0x2987,0x39E8,
  0x1904,0x0000,0x0020,0x10A3,0x4229,0x2987,0x2987,0x2986,0x0862,0x0000,0x0041,0x0000,0x0231,0x043F,0x03FF,0x03DF,
  0x03DF,0x03DF,0x039F,0x037F,0x031F,0x02DF,0x031F,0x02DF,0x0021,0x0000,0x0021,0x0021,0x0000,0x10A4,0x1968,0x0000,
  0x0000,0x033F,0x0213,0x0000,0x0041,0x0041,0x0041,0x0041,0x0041,0x0041,0x0041,0x0041,0x0041,0x0041,0x0041,0x0041,
  0x0041,0x0041,0x0041,0x0841,0x0841,0x0841,0x0841,0x0841,0x0841,0x0841,0x0841,0x0841,0x0861,0x0841,0x0841,0x0841,
  0x0861,0x0861,0x0841,0x0861,0x0841,0x0841,0x0861,0x0841,0x0841,0x0841,0x0861,0x0861,0x0861,0x0861,0x0861,0x0861,
  0x0841,0x0861,0x0841,0x0861,0x0841,0x0861,0x0861,0x0861,0x0861,0x0841,0x0841,0x0861,0x0861,0x0861,0x0861,0x0861,
  0x0861,0x0861,0x0841,0x0861,0x0861,0x0861,0x0861,0x0861,0x0861,0x0861,0x0861,0x0841,0x0861,0x0861,0x0861,0x0861,
  0x0861,0x0861,0x0861,0x0861,0x0861,0x0861,0x0861,0x0862,0x0861,0x0862,0x0862,0x0862,0x0862,0x0862,0x0862,0x0862,
  0x0862,0x0862,0x0862,0x0862,0x0862,0x0862,0x0861,0x0862,0x0862,0x0862,0x0862,0x0862,0x0862,0x0861,0x0861,0x0861,
  0x0861,0x0861,0x0861,0x0862,0x0861,0x0862,0x0861,0x0861,0x0862,0x0862,0x0862,0x0862,0x0862,0x0862,0x0862,0x0862,
  0x0862,0x0862,0x0862,0x0862,0x0862,0x0861,0x0861,0x0862,0x0862,0x0862,0x0862,0x0862,0x0862,0x0862,0x0862,0x0862,
  0x0862,0x0862,0x0862,0x0862,0x0862,0x0862,0x0862,0x0862,0x0862,0x0862,0x0862,0x0862,0x0862,0x0862,0x0862,0x0862,
  0x0861,0x0862,0x0862,0x0862,0x0862,0x0861,0x0862,0x0862,0x0862,0x0861,0x0862,0x0861,0x0861,0x0861,0x0861,0x0861,
  0x0861,0x0861,0x0861,0x0861,0x0861,0x0861,0x0862,0x0861,0x0861,0x0861,0x0861,0x0861,0x0861,0x0861,0x0861,0x0861,
  0x0861,0x0841,0x0841,0x0841,0x0041,0x0041,0x0041,0x0041,0x0041,0x0041,0x0041,0x0041,0x0021,0x0041,0x0021,0x0021,
  0x0021,0x0021,0x0021,0x0041,0x0000,0x0276,0x03DF,0x0000,0x0020,0x0000,0x4249,0x52AB,0x5ACB,0x5AEB,0x5B0C,0x632D,
  0x6B4E,0x6B6E,0x632D,0x632D,0x5B0C,0x5B0C,0x528B,0x0840,0x0064,0x0279,0x0237,0x0257,0x0278,0x02D8,0x02D8,0x02D8,
  0x02F7,0x02F7,0x02F7,0x02F7,0x02F8,0x02F8,0x0318,0x0358,0x0358,0x0318,0x0318,0x0317,0x0317,0x02F8,0x0338,0x0318,
  0x02F8,0x0338,0x0318,0x0338,0x0318,0x0318,0x02D8,0x02D8,0x02B8,0x02B8,0x0298,0x0298,0x0298,0x0298,0x0278,0x0278,
  0x0277,0x0257,0x0217,0x0217,0x0216,0x0217,0x0170,0x0000,0x0041,0x0041,0x0021,0x2966,0x2986,0x2104,0x2145,0x18C3,
  0x0000,0x0021,0x0841,0x31A6,0x2146,0x2125,0x2125,0x0862,0x0000,0x0041,0x0000,0x00C5,0x043F,0x03DF,0x03DF,0x03DF,
  0x03DF,0x03DF,0x039F,0x037F,0x031F,0x031F,0x02BC,0x0022,0x0020,0x0021,0x0021,0x0021,0x0000,0x08C4,0x1149,0x0000,
  0x0000,0x037F,0x0233,0x0000,0x0041,0x0041,0x0041,0x0041,0x0041,0x0041,0x0041,0x0041,0x0041,0x0041,0x0041,0x0041,
  0x0041,0x0841,0x0041,0x0841,0x0841,0x0841,0x0841,0x0861,0x0841,0x0841,0x0841,0x0841,0x0841,0x0841,0x0861,0x0861,
  0x0841,0x0841,0x0841,0x0841,0x0841,0x0841,0x0841,0x0841,0x0841,0x0841,0x0861,0x0841,0x0861,0x0841,0x0861,0x0861,
  0x0861,0x0841,0x0841,0x0841,0x0861,0x0861,0x0861,0x0861,0x0861,0x0841,0x0861,0x0861,0x0861,0x0861,0x0861,0x0861,
  0x0861,0x0861,0x0861,0x0861,0x0861,0x0861,0x0861,0x0861,0x0861,0x0861,0x0861,0x0861,0x0861,0x0861,0x0861,0x0861,
  0x0861,0x0861,0x0861,0x0861,0x0861,0x0861,0x0862,0x0861,0x0861,0x0861,0x0862,0x0862,0x0862,0x0862,0x0862,0x0862,
  0x0862,0x0862,0x0861,0x0861,0x0862,0x0862,0x0862,0x0862,0x0861,0x0862,0x0862,0x0861,0x0862,0x0862,0x0861,0x0861,
  0x0862,0x0861,0x0861,0x0862,0x0861,0x0861,0x0861,0x0861,0x0862,0x0862,0x0862,0x0862,0x0862,0x0862,0x0862,0x0862,
  0x0862,0x0862,0x0862,0x0862,0x0862,0x0861,0x0862,0x0862,0x0862,0x0862,0x0862,0x0862,0x0862,0x0862,0x0862,0x0862,
  0x0862,0x0862,0x0862,0x0862,0x0862,0x0862,0x0862,0x0862,0x0862,0x0862,0x0862,0x0862,0x0862,0x0862,0x0862,0x0862,
  0x0862,0x0862,0x0862,0x0862,0x0862,0x0862,0x0862,0x0862,0x0862,0x0861,0x0861,0x0862,0x0861,0x0861,0x0861,0x0862,
  0x0862,0x0861,0x0861,0x0861,0x0861,0x0861,0x0861,0x0861,0x0861,0x0861,0x0861,0x0861,0x0861,0x0861,0x0861,0x0841,
  0x0841,0x0841,0x0841,0x0841,0x0041,0x0041,0x0041,0x0041,0x0041,0x0041,0x0041,0x0041,0x0041,0x0041,0x0041,0x0021,
  0x0021,0x0021,0x0021,0x0021,0x0000,0x0256,0x039F,0x0841,0x2125,0x0000,0x4A8A,0x5AEC,0x5B0C,0x630C,0x5B0C,0x634D,
  0x73AF,0x634D,0x630D,0x5B0C,0x5B0C,0x4A8A,0x0841,0x0000,0x0020,0x0000,0x0000,0x0000,0x0000,0x0000,0x0000,0x0000,
  0x0000,0x0000,0x0000,0x0000,0x0000,0x0000,0x0000,0x0000,0x0000,0x0000,0x0000,0x0000,0x0000,0x0000,0x0000,0x0000,
  0x0000,0x0000,0x0000,0x0000,0x0000,0x0000,0x0000,0x0000,0x0000,0x0000,0x0000,0x0000,0x0000,0x0000,0x0000,0x0000,
  0x0000,0x0000,0x0000,0x0000,0x0000,0x0000,0x0000,0x0041,0x0041,0x0041,0x0041,0x0021,0x0000,0x0020,0x0000,0x0000,
  0x0021,0x0041,0x0041,0x0020,0x0000,0x0020,0x0020,0x0020,0x0041,0x0041,0x0041,0x0041,0x0000,0x0000,0x0000,0x0000,
  0x0000,0x0000,0x0000,0x0000,0x0000,0x0000,0x0000,0x0020,0x0041,0x0021,0x0021,0x0021,0x0000,0x08C5,0x094A,0x0000,
  0x0000,0x037F,0x0233,0x0000,0x0041,0x0041,0x0041,0x0041,0x0041,0x0041,0x0041,0x0841,0x0041,0x0041,0x0041,0x0841,
  0x0841,0x0041,0x0841,0x0841,0x0841,0x0841,0x0841,0x0841,0x0841,0x0841,0x0841,0x0841,0x0841,0x0841,0x0861,0x0841,
  0x0841,0x0861,0x0841,0x0841,0x0841,0x0841,0x0841,0x0841,0x0841,0x0861,0x0841,0x0861,0x0861,0x0861,0x0861,0x0861,
  0x0861,0x0861,0x0861,0x0841,0x0841,0x0841,0x0861,0x0861,0x0861,0x0861,0x0861,0x0861,0x0861,0x0861,0x0861,0x0861,
  0x0861,0x0861,0x0861,0x0861,0x0861,0x0861,0x0861,0x0861,0x0861,0x0861,0x0861,0x0861,0x0862,0x0861,0x0861,0x0861,
  0x0861,0x0861,0x0861,0x0861,0x0861,0x0861,0x0861,0x0861,0x0861,0x0861,0x0862,0x0861,0x0862,0x0862,0x0862,0x0862,
  0x0862,0x0862,0x0861,0x0862,0x0862,0x0862,0x0862,0x0862,0x0862,0x0862,0x0862,0x0862,0x0861,0x0862,0x0862,0x0862,
  0x0861,0x0861,0x0862,0x0861,0x0861,0x0862,0x0861,0x0861,0x0861,0x0862,0x0862,0x0862,0x0862,0x0862,0x0862,0x0862,
  0x0862,0x0862,0x0861,0x0862,0x0862,0x0862,0x0862,0x0862,0x0862,0x0862,0x0862,0x0862,0x0862,0x0862,0x0862,0x0862,
  0x0862,0x0862,0x0862,0x0862,0x0862,0x0862,0x0862,0x0862,0x0862,0x0862,0x0862,0x0862,0x0862,0x0862,0x0862,0x0862,
  0x0862,0x0862,0x0862,0x0862,0x0862,0x0862,0x0862,0x0862,0x0862,0x0861,0x0861,0x0861,0x0861,0x0861,0x0862,0x0862,
  0x0861,0x0861,0x0861,0x0861,0x0861,0x0861,0x0861,0x0861,0x0861,0x0861,0x0861,0x0861,0x0861,0x0861,0x0861,0x0841,
  0x0841,0x0841,0x0841,0x0041,0x0041,0x0041,0x0041,0x0041,0x0041,0x0041,0x0041,0x0041,0x0041,0x0041,0x0041,0x0021,
  0x0021,0x0021,0x0021,0x0041,0x0000,0x0256,0x039F,0x0841,0x2966,0x0000,0x52CB,0x634D,0x5B0C,0x632D,0x6B6E,0x738E,
  0x6B6E,0x6B4D,0x6B6E,0x6B4D,0x5B0C,0x0861,0x0000,0x0041,0x0041,0x0041,0x0041,0x0041,0x0041,0x0041,0x0041,0x0041,
  0x0041,0x0041,0x0041,0x0041,0x0041,0x0041,0x0041,0x0041,0x0041,0x0041,0x0061,0x0061,0x0041,0x0041,0x0041,0x0062,
  0x0062,0x0062,0x0862,0x0062,0x0062,0x0862,0x0862,0x0062,0x0042,0x0862,0x0041,0x0042,0x0062,0x0042,0x0042,0x0042,
  0x0062,0x0042,0x0041,0x0041,0x0041,0x0041,0x0041,0x0041,0x0041,0x0041,0x0041,0x0041,0x0041,0x0041,0x0041,0x0041,
  0x0041,0x0041,0x0041,0x0041,0x0041,0x0041,0x0041,0x0041,0x0041,0x0041,0x0041,0x0021,0x0041,0x0041,0x0041,0x0021,
  0x0021,0x0041,0x0041,0x0021,0x0021,0x0021,0x0021,0x0021,0x0021,0x0021,0x0021,0x0021,0x0000,0x08C5,0x014C,0x0000,
  0x0000,0x037F,0x0233,0x0000,0x0062,0x0041,0x0041,0x0041,0x0041,0x0041,0x0041,0x0041,0x0041,0x0041,0x0841,0x0841,
  0x0041,0x0041,0x0841,0x0841,0x0841,0x0841,0x0841,0x0841,0x0841,0x0841,0x0841,0x0841,0x0841,0x0861,0x0841,0x0861,
  0x0841,0x0841,0x0841,0x0841,0x0841,0x0841,0x0841,0x0841,0x0841,0x0841,0x0861,0x0861,0x0841,0x0861,0x0861,0x0861,
  0x0861,0x0861,0x0861,0x0841,0x0861,0x0841,0x0861,0x0861,0x0861,0x0861,0x0841,0x0861,0x0861,0x0861,0x0861,0x0861,
  0x0861,0x0861,0x0861,0x0861,0x0861,0x0861,0x0861,0x0861,0x0861,0x0861,0x0861,0x0861,0x0861,0x0861,0x0861,0x0861,
  0x0861,0x0861,0x0861,0x0861,0x0861,0x0861,0x0861,0x0861,0x0861,0x0861,0x0862,0x0861,0x0861,0x0861,0x0861,0x0862,
  0x0862,0x0862,0x0861,0x0862,0x0862,0x0862,0x0862,0x0862,0x0862,0x0862,0x0861,0x0862,0x0861,0x0861,0x0862,0x0861,
  0x0861,0x0861,0x0862,0x0862,0x0862,0x0862,0x0862,0x0861,0x0861,0x0862,0x0862,0x0862,0x0862,0x0862,0x0861,0x0862,
  0x0862,0x0861,0x0862,0x0861,0x0862,0x0861,0x0862,0x0862,0x0862,0x0862,0x0862,0x0862,0x0862,0x0862,0x0862,0x0862,
  0x0862,0x0862,0x0862,0x0862,0x0862,0x0862,0x0862,0x0862,0x0862,0x0862,0x0862,0x0862,0x0862,0x0862,0x0862,0x0862,
  0x0862,0x0862,0x0862,0x0862,0x0862,0x0862,0x0862,0x0862,0x0861,0x0861,0x0861,0x0861,0x0861,0x0861,0x0862,0x0862,
  0x0862,0x0862,0x0862,0x0862,0x0861,0x0861,0x0861,0x0861,0x0861,0x0861,0x0861,0x0861,0x0861,0x0841,0x0841,0x0841,
  0x0841,0x0841,0x0841,0x0041,0x0041,0x0041,0x0041,0x0041,0x0041,0x0041,0x0041,0x0041,0x0041,0x0021,0x0021,0x0021,
  0x0021,0x0021,0x0021,0x0021,0x0000,0x0236,0x039F,0x0000,0x0842,0x0020,0x52AB,0x5AEC,0x632D,0x6B6E,0x6B6E,0x6B6E,
  0x6B4D,0x6B8E,0x6B8E,0x5ACB,0x0881,0x0000,0x0041,0x0041,0x0041,0x0041,0x0041,0x0041,0x0041,0x0041,0x0041,0x0041,
  0x0041,0x0041,0x0041,0x0041,0x0041,0x0041,0x0041,0x0041,0x0041,0x0041,0x0041,0x0841,0x0041,0x0041,0x0041,0x0041,
  0x0841,0x0841,0x0841,0x0841,0x0841,0x0841,0x0041,0x0041,0x0041,0x0041,0x0041,0x0041,0x0041,0x0041,0x0041,0x0041,
  0x0041,0x0041,0x0041,0x0041,0x0041,0x0041,0x0041,0x0041,0x0041,0x0041,0x0041,0x0041,0x0041,0x0041,0x0041,0x0041,
  0x0041,0x0041,0x0041,0x0041,0x0041,0x0041,0x0041,0x0041,0x0041,0x0041,0x0041,0x0041,0x0041,0x0041,0x0021,0x0041,
  0x0041,0x0041,0x0021,0x0041,0x0021,0x0021,0x0021,0x0021,0x0021,0x0021,0x0021,0x0021,0x0000,0x08C5,0x014C,0x0000,
  0x0000,0x037F,0x0233,0x0000,0x0041,0x0041,0x0041,0x0041,0x0041,0x0041,0x0041,0x0041,0x0041,0x0041,0x0041,0x0041,
  0x0041,0x0041,0x0841,0x0841,0x0841,0x0841,0x0861,0x0841,0x0841,0x0841,0x0841,0x0841,0x0841,0x0841,0x0841,0x0841,
  0x0841,0x0841,0x0841,0x0841,0x0841,0x0841,0x0841,0x0841,0x0841,0x0861,0x0861,0x0841,0x0861,0x0861,0x0861,0x0841,
  0x0861,0x0861,0x0861,0x0861,0x0861,0x0861,0x0861,0x0861,0x0861,0x0861,0x0841,0x0841,0x0861,0x0861,0x0861,0x0861,
  0x0841,0x0861,0x0861,0x0861,0x0861,0x0861,0x0861,0x0861,0x0861,0x0861,0x0861,0x0861,0x0861,0x0861,0x0861,0x0861,
  0x0861,0x0861,0x0861,0x0861,0x0861,0x0861,0x0861,0x0861,0x0861,0x0861,0x0862,0x0861,0x0861,0x0861,0x0862,0x0861,
  0x0862,0x0862,0x0862,0x0862,0x0862,0x0861,0x0862,0x0862,0x0862,0x0862,0x0861,0x0861,0x0862,0x0861,0x0861,0x0862,
  0x0861,0x0861,0x0861,0x0862,0x0862,0x0861,0x0861,0x0861,0x0861,0x0861,0x0862,0x0862,0x0861,0x0861,0x0862,0x0862,
  0x0861,0x0861,0x0862,0x0861,0x0861,0x0861,0x0861,0x0861,0x0862,0x0862,0x0862,0x0862,0x0862,0x0862,0x0862,0x0862,
  0x0862,0x0862,0x0862,0x0862,0x0862,0x0862,0x0862,0x0862,0x0862,0x0862,0x0862,0x0862,0x0862,0x0862,0x0862,0x0862,
  0x0862,0x0862,0x0862,0x0862,0x0862,0x0862,0x0861,0x0861,0x0861,0x0861,0x0861,0x0861,0x0861,0x0861,0x0861,0x0861,
  0x0861,0x0861,0x0861,0x0861,0x0861,0x0862,0x0861,0x0861,0x0861,0x0861,0x0861,0x0841,0x0841,0x0841,0x0841,0x0841,
  0x0841,0x0841,0x0841,0x0841,0x0841,0x0041,0x0041,0x0041,0x0041,0x0041,0x0041,0x0041,0x0021,0x0021,0x0041,0x0021,
  0x0021,0x0021,0x0021,0x0021,0x0000,0x0236,0x039F,0x0000,0x0001,0x0020,0x5ACB,0x5B0C,0x634D,0x632D,0x632D,0x6B4E,
  0x632D,0x6B6E,0x5AEC,0x0841,0x0000,0x0041,0x0041,0x0041,0x0041,0x0041,0x0041,0x0041,0x0041,0x0041,0x0041,0x0041,
  0x0041,0x0041,0x0041,0x0041,0x0041,0x0041,0x0041,0x0041,0x0041,0x0841,0x0041,0x0841,0x0041,0x0041,0x0041,0x0041,
  0x0841,0x0861,0x0841,0x0861,0x0861,0x0861,0x0841,0x0041,0x0041,0x0041,0x0041,0x0041,0x0041,0x0041,0x0041,0x0041,
  0x0041,0x0041,0x0041,0x0041,0x0041,0x0041,0x0041,0x0041,0x0041,0x0041,0x0041,0x0041,0x0041,0x0041,0x0041,0x0041,
  0x0041,0x0041,0x0041,0x0041,0x0041,0x0041,0x0041,0x0041,0x0041,0x0041,0x0041,0x0041,0x0041,0x0041,0x0041,0x0041,
  0x0021,0x0041,0x0021,0x0021,0x0041,0x0041,0x0041,0x0021,0x0021,0x0021,0x0021,0x0021,0x0000,0x08C5,0x014B,0x0000,
  0x0000,0x037F,0x0233,0x0000,0x0061,0x0041,0x0041,0x0041,0x0041,0x0041,0x0041,0x0041,0x0041,0x0041,0x0041,0x0041,
  0x0041,0x0041,0x0841,0x0841,0x0841,0x0841,0x0841,0x0841,0x0841,0x0841,0x0841,0x0841,0x0841,0x0841,0x0841,0x0841,
  0x0841,0x0841,0x0841,0x0841,0x0841,0x0841,0x0841,0x0841,0x0861,0x0861,0x0861,0x0861,0x0861,0x0861,0x0861,0x0861,
  0x0861,0x0861,0x0861,0x0861,0x0861,0x0861,0x0861,0x0861,0x0861,0x0861,0x0861,0x0841,0x0841,0x0861,0x0861,0x0861,
  0x0861,0x0861,0x0861,0x0861,0x0861,0x0861,0x0861,0x0861,0x0861,0x0861,0x0861,0x0861,0x0862,0x0861,0x0862,0x0861,
  0x0861,0x0861,0x0861,0x0861,0x0861,0x0861,0x0861,0x0861,0x0861,0x0861,0x0861,0x0861,0x0861,0x0861,0x0861,0x0862,
  0x0861,0x0862,0x0862,0x0862,0x0861,0x0861,0x0861,0x0862,0x0862,0x0862,0x0862,0x0862,0x0862,0x0862,0x0862,0x0861,
  0x0861,0x0861,0x0862,0x0862,0x0862,0x0861,0x0861,0x0861,0x0861,0x0861,0x0861,0x0861,0x0861,0x0861,0x0861,0x0861,
  0x0861,0x0861,0x0861,0x0861,0x0861,0x0861,0x0861,0x0862,0x0862,0x0862,0x0862,0x0862,0x0862,0x0862,0x0862,0x0862,
  0x0862,0x0862,0x0862,0x0862,0x0862,0x0862,0x0862,0x0862,0x0862,0x0862,0x0862,0x0862,0x0862,0x0862,0x0862,0x0862,
  0x0862,0x0862,0x0862,0x0862,0x0861,0x0861,0x0862,0x0861,0x0861,0x0861,0x0861,0x0861,0x0861,0x0861,0x0861,0x0861,
  0x0861,0x0861,0x0861,0x0862,0x0861,0x0861,0x0861,0x0861,0x0861,0x0861,0x0861,0x0841,0x0841,0x0841,0x0841,0x0841,
  0x0841,0x0841,0x0841,0x0041,0x0841,0x0041,0x0041,0x0041,0x0041,0x0041,0x0041,0x0041,0x0041,0x0021,0x0041,0x0021,
  0x0021,0x0021,0x0021,0x0021,0x0000,0x0276,0x039F,0x0001,0x0042,0x0020,0x632C,0x634D,0x632D,0x738E,0x6B6E,0x5B0C,
  0x6B6E,0x5B0C,0x0861,0x0000,0x0041,0x0041,0x0841,0x0041,0x0041,0x0041,0x0041,0x0041,0x0041,0x0041,0x0041,0x0841,
  0x0841,0x0841,0x0841,0x0841,0x0841,0x0841,0x0041,0x0841,0x0841,0x0841,0x0841,0x0841,0x0841,0x0841,0x0841,0x0841,
  0x0841,0x0861,0x0841,0x0861,0x0861,0x0861,0x0841,0x0861,0x0041,0x0841,0x0041,0x0041,0x0041,0x0041,0x0041,0x0041,
  0x0041,0x0041,0x0041,0x0041,0x0041,0x0041,0x0041,0x0041,0x0041,0x0041,0x0041,0x0041,0x0041,0x0041,0x0041,0x0041,
  0x0041,0x0041,0x0041,0x0041,0x0041,0x0041,0x0841,0x0041,0x0041,0x0041,0x0041,0x0041,0x0041,0x0041,0x0041,0x0041,
  0x0041,0x0041,0x0041,0x0021,0x0021,0x0041,0x0021,0x0021,0x0041,0x0021,0x0021,0x0021,0x0000,0x08E6,0x016C,0x0000,
  0x0000,0x033F,0x0233,0x0000,0x0042,0x0041,0x0041,0x0041,0x0041,0x0041,0x0041,0x0041,0x0041,0x0041,0x0041,0x0041,
  0x0041,0x0841,0x0841,0x0841,0x0841,0x0841,0x0841,0x0841,0x0841,0x0841,0x0861,0x0841,0x0841,0x0841,0x0841,0x0841,
  0x0841,0x0841,0x0841,0x0841,0x0841,0x0841,0x0861,0x0861,0x0861,0x0841,0x0861,0x0861,0x0861,0x0861,0x0861,0x0861,
  0x0861,0x0861,0x0861,0x0861,0x0861,0x0861,0x0861,0x0861,0x0861,0x0861,0x0861,0x0861,0x0861,0x0861,0x0861,0x0861,
  0x0861,0x0861,0x0861,0x0861,0x0861,0x0861,0x0861,0x0861,0x0861,0x0861,0x0861,0x0862,0x0861,0x0861,0x0861,0x0861,
  0x0861,0x0861,0x0861,0x0861,0x0861,0x0861,0x0861,0x0861,0x0861,0x0861,0x0861,0x0861,0x0861,0x0861,0x0861,0x0861,
  0x0861,0x0862,0x0862,0x0861,0x0861,0x0861,0x0861,0x0861,0x0861,0x0861,0x0861,0x0862,0x0861,0x0862,0x0862,0x0861,
  0x0861,0x0861,0x0861,0x0861,0x0862,0x0862,0x0861,0x0861,0x0862,0x0861,0x0861,0x0861,0x0861,0x0861,0x0861,0x0861,
  0x0862,0x0861,0x0861,0x0862,0x0861,0x0861,0x0861,0x0862,0x0862,0x0862,0x0861,0x0862,0x0862,0x0862,0x0862,0x0862,
  0x0862,0x0862,0x0862,0x0862,0x0862,0x0862,0x0862,0x0862,0x0862,0x0862,0x0862,0x0862,0x0862,0x0862,0x0861,0x0862,
  0x0862,0x0862,0x0862,0x0862,0x0862,0x0861,0x0861,0x0861,0x0861,0x0861,0x0861,0x0861,0x0861,0x0862,0x0862,0x0862,
  0x0862,0x0861,0x0862,0x0862,0x0861,0x0861,0x0861,0x0861,0x0861,0x0861,0x0861,0x0861,0x0841,0x0841,0x0841,0x0861,
  0x0841,0x0841,0x0841,0x0841,0x0841,0x0041,0x0041,0x0041,0x0041,0x0041,0x0041,0x0021,0x0041,0x0041,0x0021,0x0041,
  0x0021,0x0021,0x0021,0x0041,0x0000,0x0256,0x03DF,0x0021,0x0862,0x0020,0x632D,0x634D,0x6B6E,0x6B6E,0x630C,0x632D,
  0x5AEC,0x0862,0x0000,0x0041,0x0041,0x0841,0x0041,0x0841,0x0041,0x0841,0x0841,0x0841,0x0841,0x0841,0x0841,0x0841,
  0x0841,0x0841,0x0841,0x0841,0x0841,0x0841,0x0841,0x0841,0x0841,0x0841,0x0841,0x0841,0x0861,0x0861,0x0861,0x0861,
  0x0861,0x0841,0x0861,0x0861,0x0861,0x0861,0x0861,0x0861,0x0861,0x0861,0x0841,0x0841,0x0041,0x0041,0x0041,0x0841,
  0x0841,0x0041,0x0041,0x0041,0x0041,0x0041,0x0041,0x0041,0x0041,0x0041,0x0041,0x0041,0x0041,0x0041,0x0041,0x0841,
  0x0041,0x0041,0x0841,0x0041,0x0041,0x0041,0x0041,0x0041,0x0041,0x0041,0x0041,0x0041,0x0041,0x0041,0x0041,0x0041,
  0x0041,0x0041,0x0041,0x0041,0x0041,0x0041,0x0041,0x0041,0x0021,0x0021,0x0021,0x0021,0x0000,0x08E7,0x014C,0x0000,
  0x0000,0x033F,0x0213,0x0000,0x0041,0x0041,0x0041,0x0041,0x0041,0x0041,0x0041,0x0041,0x0041,0x0041,0x0841,0x0041,
  0x0041,0x0841,0x0841,0x0841,0x0841,0x0841,0x0841,0x0841,0x0841,0x0841,0x0841,0x0841,0x0841,0x0841,0x0841,0x0841,
  0x0841,0x0861,0x0841,0x0841,0x0861,0x0861,0x0841,0x0841,0x0861,0x0841,0x0861,0x0861,0x0861,0x0861,0x0861,0x0861,
  0x0861,0x0861,0x0861,0x0861,0x0861,0x0861,0x0861,0x0861,0x0861,0x0861,0x0861,0x0861,0x0861,0x0841,0x0861,0x0861,
  0x0861,0x0861,0x0861,0x0861,0x0861,0x0861,0x0861,0x0861,0x0861,0x0861,0x0841,0x0861,0x0862,0x0861,0x0861,0x0861,
  0x0861,0x0861,0x0861,0x0861,0x0861,0x0861,0x0861,0x0861,0x0861,0x0861,0x0861,0x0861,0x0861,0x0861,0x0861,0x0861,
  0x0862,0x0862,0x0861,0x0861,0x0861,0x0861,0x0861,0x0861,0x0861,0x0861,0x0861,0x0861,0x0861,0x0861,0x0861,0x0861,
  0x0861,0x0861,0x0861,0x0862,0x0862,0x0862,0x0861,0x0861,0x0861,0x0862,0x0861,0x0861,0x0861,0x0861,0x0861,0x0861,
  0x0861,0x0862,0x0861,0x0861,0x0861,0x0861,0x0861,0x0862,0x0862,0x0861,0x0861,0x0862,0x0862,0x0862,0x0862,0x0862,
  0x0862,0x0862,0x0862,0x0862,0x0862,0x0862,0x0862,0x0862,0x0862,0x0862,0x0862,0x0862,0x0862,0x0862,0x0862,0x0862,
  0x0862,0x0862,0x0862,0x0862,0x0862,0x0861,0x0861,0x0862,0x0861,0x0861,0x0861,0x0861,0x0861,0x0861,0x0861,0x0861,
  0x0862,0x0861,0x0861,0x0862,0x0861,0x0861,0x0841,0x0861,0x0861,0x0861,0x0861,0x0841,0x0861,0x0841,0x0841,0x0841,
  0x0841,0x0841,0x0841,0x0841,0x0841,0x0041,0x0041,0x0041,0x0041,0x0041,0x0041,0x0041,0x0041,0x0021,0x0041,0x0021,
  0x0021,0x0021,0x0021,0x0021,0x0000,0x0236,0x039F,0x0862,0x2966,0x0000,0x5AEC,0x634D,0x5B0C,0x5AEC,0x6B8E,0x5AEC,
  0x0861,0x0000,0x0041,0x0041,0x0041,0x0041,0x0841,0x0841,0x0041,0x0841,0x0841,0x0841,0x0841,0x0841,0x0841,0x0861,
  0x0861,0x0861,0x0841,0x0861,0x0861,0x0861,0x0861,0x0841,0x0861,0x0841,0x0841,0x0861,0x0861,0x0861,0x0861,0x0861,
  0x0861,0x0861,0x0861,0x0861,0x0861,0x0861,0x0861,0x0841,0x0841,0x0841,0x0841,0x0841,0x0841,0x0841,0x0861,0x0041,
  0x0841,0x0841,0x0041,0x0041,0x0041,0x0041,0x0841,0x0041,0x0041,0x0041,0x0041,0x0041,0x0041,0x0041,0x0841,0x0041,
  0x0841,0x0841,0x0041,0x0841,0x0041,0x0841,0x0041,0x0041,0x0041,0x0041,0x0041,0x0041,0x0041,0x0041,0x0041,0x0041,
  0x0041,0x0041,0x0041,0x0041,0x0041,0x0041,0x0041,0x0041,0x0021,0x0021,0x0021,0x0021,0x0000,0x08E7,0x014C,0x0000,
  0x0000,0x033F,0x0213,0x0000,0x0041,0x0041,0x0841,0x0041,0x0041,0x0041,0x0041,0x0041,0x0041,0x0041,0x0041,0x0041,
  0x0041,0x0841,0x0841,0x0841,0x0841,0x0841,0x0841,0x0841,0x0841,0x0861,0x0841,0x0861,0x0841,0x0841,0x0841,0x0861,
  0x0861,0x0841,0x0841,0x0841,0x0861,0x0841,0x0861,0x0861,0x0841,0x0841,0x0861,0x0861,0x0861,0x0861,0x0861,0x0861,
  0x0861,0x0861,0x0861,0x0861,0x0861,0x0861,0x0861,0x0861,0x0861,0x0861,0x0861,0x0861,0x0841,0x0841,0x0841,0x0841,
  0x0861,0x0861,0x0861,0x0861,0x0861,0x0861,0x0861,0x0861,0x0861,0x0861,0x0861,0x0861,0x0861,0x0861,0x0861,0x0861,
  0x0861,0x0861,0x0861,0x0861,0x0861,0x0861,0x0861,0x0861,0x0861,0x0861,0x0861,0x0861,0x0861,0x0861,0x0861,0x0861,
  0x0861,0x0861,0x0861,0x0862,0x0861,0x0862,0x0862,0x0862,0x0861,0x0862,0x0861,0x0861,0x0861,0x0861,0x0861,0x0861,
  0x0861,0x0861,0x0861,0x0862,0x0862,0x0862,0x0861,0x0861,0x0861,0x0861,0x0861,0x0861,0x0861,0x0861,0x0861,0x0861,
  0x0861,0x0861,0x0861,0x0861,0x0861,0x0861,0x0861,0x0861,0x0861,0x0862,0x0862,0x0862,0x0862,0x0862,0x0862,0x0861,
  0x0862,0x0862,0x0862,0x0862,0x0862,0x0862,0x0862,0x0862,0x0862,0x0862,0x0862,0x0862,0x0862,0x0862,0x0862,0x0862,
  0x0862,0x0862,0x0862,0x0862,0x0862,0x0862,0x0861,0x0861,0x0861,0x0861,0x0861,0x0861,0x0861,0x0861,0x0861,0x0861,
  0x0861,0x0861,0x0861,0x0861,0x0861,0x0861,0x0861,0x0861,0x0861,0x0861,0x0861,0x0841,0x0841,0x0841,0x0861,0x0841,
  0x0841,0x0841,0x0841,0x0841,0x0041,0x0041,0x0041,0x0041,0x0041,0x0041,0x0041,0x0041,0x0041,0x0021,0x0041,0x0021,
  0x0021,0x0021,0x0021,0x0041,0x0000,0x0276,0x039F,0x0862,0x2125,0x0000,0x5B0C,0x5AEC,0x5AEC,0x6B6E,0x5AEC,0x0861,
  0x0000,0x0041,0x0041,0x0041,0x0041,0x0041,0x0841,0x0841,0x0841,0x0841,0x0861,0x0861,0x0841,0x0841,0x0861,0x0861,
  0x0841,0x0861,0x0841,0x0861,0x0861,0x0841,0x0861,0x0861,0x0861,0x0861,0x0861,0x0861,0x0861,0x0861,0x0861,0x0861,
  0x0861,0x0861,0x0861,0x0861,0x0861,0x0861,0x0841,0x0861,0x0861,0x0841,0x0841,0x0841,0x0841,0x0841,0x0841,0x0861,
  0x0841,0x0841,0x0861,0x0041,0x0841,0x0041,0x0041,0x0041,0x0041,0x0041,0x0841,0x0041,0x0041,0x0841,0x0841,0x0861,
  0x0861,0x0841,0x0041,0x0041,0x0041,0x0041,0x0041,0x0041,0x0041,0x0041,0x0041,0x0041,0x0041,0x0041,0x0041,0x0041,
  0x0041,0x0041,0x0041,0x0041,0x0041,0x0041,0x0041,0x0041,0x0041,0x0021,0x0021,0x0041,0x0000,0x00E7,0x014C,0x0000,
  0x0000,0x033F,0x0213,0x0000,0x0042,0x0041,0x0041,0x0041,0x0041,0x0041,0x0041,0x0041,0x0041,0x0841,0x0841,0x0841,
  0x0841,0x0841,0x0841,0x0841,0x0841,0x0841,0x0861,0x0861,0x0841,0x0841,0x0841,0x0841,0x0841,0x0841,0x0841,0x0861,
  0x0841,0x0841,0x0841,0x0841,0x0841,0x0841,0x0841,0x0861,0x0861,0x0861,0x0861,0x0861,0x0861,0x0861,0x0861,0x0861,
  0x0861,0x0861,0x0861,0x0861,0x0861,0x0861,0x0841,0x0861,0x0861,0x0861,0x0841,0x0841,0x0841,0x0841,0x0841,0x0841,
  0x0861,0x0861,0x0861,0x0861,0x0861,0x0861,0x0861,0x0861,0x0861,0x0861,0x0861,0x0841,0x0861,0x0861,0x0861,0x0861,
  0x0861,0x0861,0x0861,0x0861,0x0861,0x0861,0x0861,0x0861,0x0861,0x0861,0x0861,0x0861,0x0861,0x0862,0x0861,0x0861,
  0x0861,0x0861,0x0861,0x0861,0x0862,0x0862,0x0861,0x0861,0x0862,0x0862,0x0861,0x0861,0x0862,0x0861,0x0861,0x0861,
  0x0861,0x0861,0x0861,0x0861,0x0861,0x0862,0x0862,0x0861,0x0862,0x0862,0x0861,0x0861,0x0861,0x0861,0x0861,0x0861,
  0x0861,0x0861,0x0861,0x0861,0x0862,0x0861,0x0861,0x0861,0x0862,0x0862,0x0862,0x0862,0x0861,0x0862,0x0862,0x0862,
  0x0862,0x0862,0x0862,0x0862,0x0862,0x0862,0x0862,0x0862,0x0862,0x0862,0x0862,0x0862,0x0862,0x0861,0x0862,0x0862,
  0x0862,0x0862,0x0862,0x0862,0x0862,0x0861,0x0861,0x0861,0x0862,0x0861,0x0861,0x0862,0x0861,0x0861,0x0861,0x0861,
  0x0861,0x0861,0x0861,0x0861,0x0861,0x0861,0x0861,0x0861,0x0861,0x0841,0x0861,0x0841,0x0841,0x0861,0x0841,0x0841,
  0x0841,0x0841,0x0841,0x0841,0x0041,0x0041,0x0041,0x0041,0x0041,0x0041,0x0041,0x0041,0x0041,0x0041,0x0041,0x0021,
  0x0041,0x0021,0x0021,0x0041,0x0000,0x0277,0x039F,0x0021,0x0882,0x0020,0x632D,0x632D,0x6B6E,0x5B0C,0x0841,0x0000,
  0x0041,0x0041,0x0041,0x0041,0x0841,0x0841,0x0841,0x0841,0x0841,0x0861,0x0861,0x0861,0x0861,0x0861,0x0841,0x0861,
  0x0861,0x0861,0x0861,0x0861,0x0861,0x0861,0x0861,0x0861,0x0861,0x0861,0x0861,0x0861,0x0861,0x0861,0x0861,0x0861,
  0x0861,0x0861,0x0861,0x0861,0x0861,0x0841,0x0861,0x0861,0x0861,0x0861,0x0861,0x0861,0x0841,0x0861,0x0861,0x0841,
  0x0841,0x0861,0x0861,0x0041,0x0841,0x0041,0x0041,0x0841,0x0841,0x0841,0x0841,0x0841,0x0041,0x0041,0x0861,0x0841,
  0x0841,0x0841,0x0861,0x0841,0x0861,0x0841,0x0841,0x0841,0x0841,0x0041,0x0041,0x0041,0x0041,0x0041,0x0041,0x0041,
  0x0041,0x0041,0x0041,0x0041,0x0041,0x0041,0x0041,0x0041,0x0021,0x0021,0x0021,0x0041,0x0000,0x0907,0x014B,0x0000,
  0x0000,0x033F,0x0213,0x0000,0x0041,0x0041,0x0041,0x0041,0x0041,0x0041,0x0041,0x0041,0x0041,0x0841,0x0841,0x0841,
  0x0841,0x0841,0x0841,0x0841,0x0841,0x0861,0x0861,0x0841,0x0861,0x0841,0x0841,0x0841,0x0841,0x0841,0x0841,0x0841,
  0x0841,0x0841,0x0861,0x0841,0x0841,0x0841,0x0841,0x0841,0x0841,0x0841,0x0861,0x0861,0x0861,0x0861,0x0861,0x0861,
  0x0861,0x0861,0x0861,0x0861,0x0861,0x0841,0x0841,0x0841,0x0841,0x0861,0x0861,0x0861,0x0841,0x0041,0x0841,0x0841,
  0x0841,0x0861,0x0861,0x0861,0x0861,0x0841,0x0861,0x0861,0x0861,0x0861,0x0861,0x0841,0x0861,0x0861,0x0861,0x0862,
  0x0861,0x0861,0x0861,0x0861,0x0861,0x0861,0x0861,0x0861,0x0861,0x0861,0x0861,0x0861,0x0861,0x0861,0x0861,0x0861,
  0x0861,0x0861,0x0861,0x0861,0x0861,0x0861,0x0861,0x0861,0x0861,0x0861,0x0862,0x0861,0x0861,0x0861,0x0862,0x0861,
  0x0861,0x0861,0x0862,0x0862,0x0861,0x0862,0x0862,0x0862,0x0862,0x0861,0x0862,0x0862,0x0861,0x0861,0x0862,0x0862,
  0x0862,0x0861,0x0861,0x0861,0x0862,0x0861,0x0862,0x0862,0x0862,0x0862,0x0862,0x0862,0x0862,0x0862,0x0862,0x0862,
  0x0861,0x0862,0x0862,0x0862,0x0862,0x0862,0x0862,0x0862,0x0862,0x0862,0x0862,0x0862,0x0862,0x0862,0x0861,0x0862,
  0x0862,0x0862,0x0862,0x0862,0x0862,0x0861,0x0861,0x0861,0x0861,0x0861,0x0862,0x0861,0x0861,0x0861,0x0861,0x0861,
  0x0861,0x0861,0x0861,0x0861,0x0861,0x0861,0x0861,0x0861,0x0861,0x0841,0x0861,0x0861,0x0841,0x0841,0x0841,0x0841,
  0x0041,0x0841,0x0841,0x0841,0x0841,0x0841,0x0041,0x0041,0x0041,0x0041,0x0041,0x0041,0x0041,0x0041,0x0041,0x0041,
  0x0021,0x0021,0x0021,0x0041,0x0000,0x0277,0x039F,0x0000,0x0861,0x0020,0x632D,0x73AF,0x634D,0x0861,0x0000,0x0041,
  0x0041,0x0041,0x0841,0x0841,0x0841,0x0841,0x0841,0x0841,0x0861,0x0861,0x0861,0x0861,0x0861,0x0861,0x0861,0x0861,
  0x0861,0x0861,0x0861,0x0861,0x0841,0x0861,0x0861,0x0861,0x0861,0x0861,0x0861,0x0861,0x0861,0x0861,0x0861,0x0861,
  0x0861,0x0861,0x0861,0x0861,0x0861,0x0841,0x0861,0x0861,0x0861,0x0861,0x0861,0x0861,0x0861,0x0861,0x0861,0x0061,
  0x0061,0x0841,0x0861,0x0841,0x0841,0x0841,0x0861,0x0841,0x0841,0x0861,0x0861,0x0861,0x0861,0x0861,0x0861,0x0861,
  0x0861,0x0861,0x0841,0x0861,0x0841,0x0841,0x0841,0x0841,0x0841,0x0041,0x0041,0x0041,0x0041,0x0041,0x0041,0x0041,
  0x0041,0x0041,0x0041,0x0041,0x0041,0x0041,0x0041,0x0021,0x0021,0x0021,0x0021,0x0041,0x0000,0x0907,0x012B,0x0000,
  0x0000,0x033F,0x0233,0x0000,0x0041,0x0041,0x0041,0x0041,0x0041,0x0041,0x0041,0x0041,0x0041,0x0841,0x0841,0x0841,
  0x0841,0x0841,0x0841,0x0841,0x0841,0x0861,0x0841,0x0861,0x0861,0x0841,0x0841,0x0841,0x0841,0x0841,0x0861,0x0841,
  0x0861,0x0841,0x0841,0x0841,0x0841,0x0841,0x0841,0x0841,0x0841,0x0841,0x0861,0x0841,0x0861,0x0861,0x0861,0x0861,
  0x0841,0x0841,0x0861,0x0861,0x0841,0x0841,0x0861,0x0841,0x0841,0x0841,0x0841,0x0841,0x0841,0x0041,0x0841,0x0841,
  0x0861,0x0861,0x0861,0x0861,0x0861,0x0861,0x0861,0x0861,0x0861,0x0861,0x0861,0x0861,0x0861,0x0861,0x0861,0x0861,
  0x0861,0x0862,0x0862,0x0861,0x0861,0x0861,0x0841,0x0861,0x0861,0x0861,0x0861,0x0861,0x0861,0x0861,0x0861,0x0861,
  0x0861,0x0861,0x0861,0x0861,0x0861,0x0861,0x0861,0x0861,0x0862,0x0862,0x0862,0x0861,0x0861,0x0861,0x0862,0x0861,
  0x0861,0x0861,0x0861,0x0861,0x0862,0x0862,0x0862,0x0862,0x0862,0x0862,0x0862,0x0861,0x0861,0x0861,0x0861,0x0862,
  0x0861,0x0861,0x0861,0x0861,0x0862,0x0862,0x0862,0x0862,0x0861,0x0861,0x0862,0x0862,0x0862,0x0862,0x0862,0x0862,
  0x0861,0x0861,0x0862,0x0862,0x0862,0x0862,0x0862,0x0862,0x0862,0x0862,0x0862,0x0862,0x0862,0x0862,0x0862,0x0862,
  0x0862,0x0862,0x0862,0x0862,0x0862,0x0862,0x0862,0x0861,0x0861,0x0861,0x0861,0x0862,0x0862,0x0862,0x0861,0x0861,
  0x0861,0x0861,0x0861,0x0861,0x0861,0x0862,0x0861,0x0861,0x0861,0x0841,0x0841,0x0861,0x0841,0x0861,0x0841,0x0841,
  0x0841,0x0841,0x0841,0x0041,0x0841,0x0841,0x0041,0x0041,0x0041,0x0041,0x0041,0x0041,0x0041,0x0041,0x0041,0x0041,
  0x0021,0x0041,0x0021,0x0041,0x0000,0x0256,0x039F,0x0000,0x0000,0x0020,0x6B6E,0x634D,0x1082,0x0000,0x0841,0x0041,
  0x0041,0x0041,0x0041,0x0841,0x0841,0x0841,0x0841,0x0841,0x0861,0x0861,0x0861,0x0861,0x0861,0x0861,0x0861,0x0861,
  0x0861,0x0861,0x0861,0x0861,0x0861,0x0861,0x0861,0x0841,0x0861,0x0861,0x0841,0x0861,0x0861,0x0861,0x0861,0x0861,
  0x0861,0x0841,0x0861,0x0861,0x0861,0x0861,0x0861,0x0861,0x0861,0x0861,0x0861,0x0861,0x0861,0x0861,0x0861,0x0861,
  0x0841,0x0861,0x0841,0x0841,0x0861,0x0861,0x0841,0x0861,0x0861,0x0861,0x0861,0x0861,0x0861,0x0861,0x0841,0x0861,
  0x0841,0x0861,0x0861,0x0861,0x0861,0x0861,0x0861,0x0041,0x0041,0x0041,0x0841,0x0041,0x0041,0x0041,0x0041,0x0041,
  0x0041,0x0041,0x0041,0x0041,0x0041,0x0041,0x0041,0x0041,0x0041,0x0021,0x0021,0x0041,0x0000,0x0107,0x012B,0x0000,
  0x0000,0x037F,0x0213,0x0000,0x0041,0x0041,0x0041,0x0041,0x0041,0x0041,0x0041,0x0841,0x0841,0x0841,0x0841,0x0841,
  0x0841,0x0841,0x0841,0x0841,0x0841,0x0841,0x0841,0x0841,0x0861,0x0841,0x0841,0x0841,0x0841,0x0841,0x0841,0x0841,
  0x0841,0x0841,0x0841,0x0841,0x0841,0x0841,0x0841,0x0841,0x0841,0x0841,0x0841,0x0841,0x0861,0x0861,0x0861,0x0861,
  0x0861,0x0841,0x0841,0x0841,0x0841,0x0841,0x0861,0x0861,0x0841,0x0841,0x0841,0x0841,0x0861,0x0861,0x0841,0x0841,
  0x0841,0x0841,0x0861,0x0861,0x0861,0x0861,0x0861,0x0861,0x0861,0x0861,0x0861,0x0862,0x0861,0x0861,0x0861,0x0861,
  0x0861,0x0861,0x0861,0x0861,0x0861,0x0861,0x0861,0x0861,0x0861,0x0861,0x0861,0x0861,0x0862,0x0861,0x0861,0x0861,
  0x0861,0x0861,0x0861,0x0861,0x0861,0x0861,0x0861,0x0861,0x0861,0x0861,0x0862,0x0862,0x0861,0x0861,0x0861,0x0862,
  0x0862,0x0862,0x0862,0x0862,0x0861,0x0862,0x0861,0x0861,0x0861,0x0862,0x0862,0x0861,0x0861,0x0861,0x0862,0x0862,
  0x0862,0x0861,0x0861,0x0862,0x0862,0x0862,0x0861,0x0862,0x0862,0x0862,0x0862,0x0862,0x0862,0x0862,0x0862,0x0862,
  0x0861,0x0861,0x0862,0x0862,0x0862,0x0862,0x0862,0x0861,0x0862,0x0862,0x0861,0x0861,0x0862,0x0862,0x0862,0x0862,
  0x0862,0x0862,0x0862,0x0862,0x0862,0x0862,0x0861,0x0861,0x0862,0x0861,0x0861,0x0861,0x0861,0x0862,0x0862,0x0861,
  0x0862,0x0861,0x0861,0x0861,0x0861,0x0862,0x0861,0x0861,0x0861,0x0841,0x0861,0x0841,0x0841,0x0841,0x0841,0x0841,
  0x0841,0x0841,0x0841,0x0041,0x0041,0x0041,0x0041,0x0041,0x0041,0x0041,0x0041,0x0041,0x0041,0x0041,0x0021,0x0021,
  0x0021,0x0021,0x0021,0x0041,0x0000,0x0256,0x039F,0x0021,0x0022,0x0020,0x634D,0x4A8B,0x0000,0x0041,0x0041,0x0041,
  0x0041,0x0041,0x0041,0x0041,0x0841,0x0841,0x0861,0x0841,0x0861,0x0861,0x0861,0x0861,0x0861,0x0861,0x0841,0x0861,
  0x0861,0x0861,0x0861,0x0841,0x0841,0x0861,0x0861,0x0861,0x0861,0x0861,0x0841,0x0841,0x0861,0x0861,0x0861,0x0861,
  0x0861,0x0861,0x0861,0x0861,0x0861,0x0861,0x0861,0x0861,0x0861,0x0861,0x0861,0x0861,0x0861,0x0861,0x0861,0x0861,
  0x0861,0x0861,0x0861,0x0861,0x0861,0x0861,0x0861,0x0861,0x0861,0x0861,0x0861,0x0841,0x0841,0x0861,0x0861,0x0861,
  0x0841,0x0861,0x0861,0x0861,0x0861,0x0861,0x0061,0x0861,0x0041,0x0041,0x0041,0x0041,0x0041,0x0041,0x0041,0x0041,
  0x0041,0x0041,0x0041,0x0041,0x0041,0x0041,0x0041,0x0041,0x0021,0x0041,0x0021,0x0041,0x0000,0x0107,0x014A,0x0000,
  0x0000,0x037F,0x0233,0x0000,0x0062,0x0041,0x0041,0x0841,0x0041,0x0041,0x0041,0x0841,0x0841,0x0841,0x0841,0x0841,
  0x0841,0x0841,0x0841,0x0841,0x0841,0x0841,0x0841,0x0841,0x0841,0x0841,0x0841,0x0841,0x0841,0x0841,0x0841,0x0841,
  0x0841,0x0861,0x0841,0x0841,0x0841,0x0861,0x0861,0x0861,0x0861,0x0841,0x0841,0x0861,0x0861,0x0861,0x0861,0x0861,
  0x0861,0x0861,0x0841,0x0841,0x0841,0x0861,0x0861,0x0861,0x0841,0x0861,0x0841,0x0861,0x0841,0x0841,0x0841,0x0861,
  0x0841,0x0861,0x0841,0x0841,0x0861,0x0861,0x0861,0x0861,0x0861,0x0861,0x0861,0x0861,0x0861,0x0861,0x0861,0x0861,
  0x0861,0x0861,0x0861,0x0861,0x0861,0x0861,0x0861,0x0861,0x0861,0x0861,0x0861,0x0861,0x0861,0x0861,0x0861,0x0861,
  0x0861,0x0861,0x0861,0x0861,0x0861,0x0861,0x0861,0x0862,0x0861,0x0861,0x0861,0x0861,0x0861,0x0861,0x0862,0x0862,
  0x0861,0x0862,0x0861,0x0861,0x0861,0x0861,0x0861,0x0861,0x0862,0x0861,0x0861,0x0861,0x0861,0x0862,0x0861,0x0861,
  0x0861,0x0861,0x0861,0x0862,0x0862,0x0861,0x0862,0x0862,0x0862,0x0862,0x0862,0x0862,0x0862,0x0862,0x0862,0x0862,
  0x0862,0x0862,0x0862,0x0862,0x0862,0x0862,0x0861,0x0861,0x0861,0x0862,0x0861,0x0862,0x0862,0x0862,0x0861,0x0861,
  0x0862,0x0861,0x0861,0x0861,0x0862,0x0862,0x0862,0x0861,0x0861,0x0861,0x0861,0x0861,0x0861,0x0862,0x0862,0x0861,
  0x0862,0x0861,0x0861,0x0862,0x0861,0x0861,0x0861,0x0861,0x0861,0x0841,0x0861,0x0861,0x0841,0x0841,0x0841,0x0841,
  0x0841,0x0841,0x0841,0x0841,0x0841,0x0041,0x0041,0x0041,0x0041,0x0041,0x0041,0x0041,0x0041,0x0041,0x0021,0x0021,
  0x0021,0x0021,0x0021,0x0041,0x0000,0x0276,0x03DF,0x0021,0x0842,0x0000,0x632D,0x4AAC,0x0000,0x0041,0x0041,0x0041,
  0x0041,0x0041,0x0041,0x0841,0x0841,0x0841,0x0841,0x0861,0x0861,0x0841,0x0841,0x0861,0x0861,0x0861,0x0861,0x0861,
  0x0861,0x0841,0x0861,0x0841,0x0841,0x0861,0x0841,0x0861,0x0861,0x0841,0x0841,0x0861,0x0861,0x0861,0x0841,0x0861,
  0x0861,0x0861,0x0861,0x0841,0x0861,0x0841,0x0841,0x0861,0x0861,0x0861,0x0841,0x0861,0x0861,0x0861,0x0861,0x0861,
  0x0861,0x0861,0x0861,0x0861,0x0861,0x0861,0x0861,0x0861,0x0861,0x0861,0x0861,0x0861,0x0861,0x0861,0x0861,0x0861,
  0x0061,0x0841,0x0861,0x0861,0x0841,0x0861,0x0061,0x0861,0x0041,0x0041,0x0041,0x0041,0x0041,0x0041,0x0041,0x0041,
  0x0041,0x0041,0x0041,0x0041,0x0041,0x0041,0x0041,0x0041,0x0041,0x0041,0x0021,0x0041,0x0000,0x0927,0x094A,0x0000,
  0x0000,0x033F,0x0233,0x0000,0x0062,0x0041,0x0041,0x0041,0x0041,0x0041,0x0041,0x0841,0x0841,0x0841,0x0041,0x0041,
  0x0841,0x0841,0x0841,0x0841,0x0041,0x0841,0x0841,0x0841,0x0841,0x0841,0x0841,0x0841,0x0841,0x0841,0x0841,0x0841,
  0x0841,0x0841,0x0841,0x0841,0x0861,0x0861,0x0841,0x0861,0x0861,0x0861,0x0841,0x0861,0x0861,0x0861,0x0861,0x0861,
  0x0861,0x0861,0x0861,0x0841,0x0841,0x0841,0x0861,0x0841,0x0841,0x0841,0x0841,0x0861,0x0841,0x0841,0x0841,0x0841,
  0x0841,0x0861,0x0861,0x0861,0x0861,0x0861,0x0861,0x0861,0x0861,0x0861,0x0861,0x0861,0x0861,0x0861,0x0861,0x0861,
  0x0861,0x0861,0x0861,0x0861,0x0861,0x0861,0x0861,0x0861,0x0861,0x0861,0x0861,0x0861,0x0861,0x0861,0x0861,0x0861,
  0x0861,0x0861,0x0861,0x0861,0x0861,0x0861,0x0862,0x0861,0x0861,0x0861,0x0861,0x0861,0x0861,0x0862,0x0862,0x0862,
  0x0861,0x0861,0x0862,0x0861,0x0861,0x0861,0x0861,0x0861,0x0862,0x0861,0x0862,0x0861,0x0861,0x0862,0x0861,0x0861,
  0x0862,0x0862,0x0861,0x0861,0x0862,0x0862,0x0862,0x0862,0x0862,0x0862,0x0862,0x0862,0x0862,0x0861,0x0862,0x0862,
  0x0862,0x0862,0x0862,0x0862,0x0862,0x0862,0x0861,0x0861,0x0861,0x0862,0x0861,0x0861,0x0862,0x0861,0x0861,0x0861,
  0x0861,0x0861,0x0861,0x0862,0x0861,0x0861,0x0861,0x0861,0x0861,0x0861,0x0861,0x0861,0x0861,0x0861,0x0861,0x0862,
  0x0862,0x0861,0x0862,0x0861,0x0861,0x0861,0x0861,0x0861,0x0861,0x0861,0x0841,0x0861,0x0841,0x0841,0x0861,0x0841,
  0x0841,0x0841,0x0841,0x0841,0x0841,0x0041,0x0041,0x0041,0x0041,0x0041,0x0041,0x0041,0x0041,0x0041,0x0021,0x0021,
  0x0021,0x0021,0x0021,0x0041,0x0000,0x0276,0x03DF,0x0021,0x0862,0x0000,0x632D,0x52CC,0x0021,0x0041,0x0041,0x0041,
  0x0041,0x0841,0x0841,0x0841,0x0841,0x0841,0x0861,0x0861,0x0841,0x0861,0x0841,0x0861,0x0841,0x0861,0x0861,0x0861,
  0x0841,0x0841,0x0841,0x0841,0x0841,0x0841,0x0841,0x0841,0x0861,0x0861,0x0861,0x0841,0x0861,0x0861,0x0841,0x0861,
  0x0861,0x0861,0x0861,0x0841,0x0841,0x0041,0x0841,0x0841,0x0861,0x0861,0x0861,0x0861,0x0861,0x0861,0x0861,0x0862,
  0x0861,0x0861,0x0861,0x0861,0x0861,0x0861,0x0861,0x0861,0x0861,0x0861,0x0861,0x0861,0x0862,0x0861,0x0861,0x0861,
  0x0861,0x0841,0x0041,0x0861,0x0861,0x0841,0x0041,0x0841,0x0841,0x0041,0x0041,0x0041,0x0041,0x0041,0x0041,0x0041,
  0x0041,0x0041,0x0041,0x0041,0x0041,0x0041,0x0021,0x0021,0x0041,0x0041,0x0041,0x0041,0x0000,0x0927,0x094A,0x0000,
  0x0000,0x033F,0x0213,0x0000,0x0041,0x0041,0x0041,0x0041,0x0041,0x0041,0x0041,0x0841,0x0041,0x0041,0x0841,0x0041,
  0x0041,0x0841,0x0841,0x0841,0x0841,0x0841,0x0841,0x0841,0x0841,0x0041,0x0841,0x0841,0x0841,0x0841,0x0841,0x0841,
  0x0841,0x0841,0x0841,0x0841,0x0841,0x0841,0x0841,0x0841,0x0841,0x0861,0x0841,0x0841,0x0861,0x0861,0x0861,0x0861,
  0x0861,0x0861,0x0841,0x0841,0x0841,0x0861,0x0841,0x0841,0x0861,0x0841,0x0841,0x0841,0x0841,0x0861,0x0841,0x0861,
  0x0861,0x0861,0x0861,0x0861,0x0861,0x0861,0x0861,0x0861,0x0862,0x0861,0x0861,0x0861,0x0861,0x0861,0x0861,0x0861,
  0x0861,0x0861,0x0861,0x0861,0x0861,0x0861,0x0861,0x0861,0x0861,0x0861,0x0861,0x0861,0x0861,0x0861,0x0861,0x0861,
  0x0862,0x0862,0x0861,0x0861,0x0861,0x0861,0x0861,0x0861,0x0861,0x0861,0x0861,0x0862,0x0861,0x0861,0x0862,0x0862,
  0x0861,0x0861,0x0862,0x0862,0x0861,0x0861,0x0862,0x0861,0x0861,0x0861,0x0861,0x0862,0x0861,0x0861,0x0861,0x0862,
  0x0861,0x0862,0x0862,0x0861,0x0861,0x0862,0x0862,0x0862,0x0862,0x0862,0x0862,0x0862,0x0862,0x0862,0x0862,0x0862,
  0x0862,0x0862,0x0862,0x0862,0x0861,0x0862,0x0861,0x0861,0x0861,0x0861,0x0862,0x0861,0x0862,0x0862,0x0862,0x0861,
  0x0861,0x0861,0x0861,0x0861,0x0861,0x0861,0x0861,0x0861,0x0861,0x0861,0x0861,0x0861,0x0862,0x0861,0x0861,0x0861,
  0x0861,0x0862,0x0861,0x0861,0x0861,0x0861,0x0861,0x0861,0x0861,0x0861,0x0861,0x0841,0x0841,0x0841,0x0841,0x0841,
  0x0841,0x0841,0x0841,0x0841,0x0041,0x0041,0x0841,0x0841,0x0841,0x0041,0x0041,0x0041,0x0041,0x0041,0x0021,0x0041,
  0x0021,0x0021,0x0021,0x0041,0x0000,0x0277,0x03DF,0x0841,0x18E4,0x0000,0x632D,0x52EC,0x0021,0x0041,0x0841,0x0841,
  0x0041,0x0841,0x0841,0x0841,0x0841,0x0841,0x0841,0x0861,0x0861,0x0861,0x0861,0x0861,0x0861,0x0861,0x0861,0x0841,
  0x0861,0x0841,0x0841,0x0841,0x0841,0x0841,0x0841,0x0861,0x0841,0x0841,0x0841,0x0861,0x0861,0x0841,0x0841,0x0861,
  0x0061,0x0041,0x0861,0x0841,0x0841,0x0041,0x0041,0x0841,0x0041,0x0861,0x0841,0x0841,0x0841,0x0861,0x0861,0x0861,
  0x0861,0x0861,0x0861,0x0861,0x0861,0x0861,0x0861,0x0861,0x0861,0x0861,0x0861,0x0861,0x0862,0x0861,0x0841,0x0861,
  0x0861,0x0861,0x0041,0x0861,0x0861,0x0861,0x0841,0x0841,0x0861,0x0041,0x0041,0x0041,0x0041,0x0041,0x0041,0x0041,
  0x0041,0x0041,0x0041,0x0041,0x0041,0x0041,0x0041,0x0041,0x0021,0x0041,0x0041,0x0041,0x0000,0x0948,0x116A,0x0000,
  0x0000,0x033F,0x0212,0x0000,0x0062,0x0041,0x0041,0x0041,0x0041,0x0041,0x0041,0x0041,0x0841,0x0841,0x0841,0x0841,
  0x0841,0x0841,0x0041,0x0841,0x0841,0x0041,0x0841,0x0841,0x0041,0x0041,0x0841,0x0041,0x0841,0x0841,0x0841,0x0841,
  0x0841,0x0841,0x0841,0x0861,0x0841,0x0841,0x0841,0x0841,0x0861,0x0861,0x0841,0x0861,0x0861,0x0841,0x0861,0x0841,
  0x0841,0x0841,0x0841,0x0841,0x0841,0x0841,0x0841,0x0841,0x0841,0x0841,0x0841,0x0041,0x0841,0x0841,0x0841,0x0841,
  0x0861,0x0861,0x0861,0x0861,0x0861,0x0861,0x0861,0x0861,0x0861,0x0861,0x0861,0x0861,0x0861,0x0861,0x0861,0x0861,
  0x0861,0x0861,0x0861,0x0861,0x0861,0x0861,0x0861,0x0861,0x0861,0x0861,0x0861,0x0861,0x0861,0x0861,0x0861,0x0862,
  0x0861,0x0861,0x0862,0x0861,0x0861,0x0861,0x0861,0x0861,0x0861,0x0861,0x0861,0x0861,0x0861,0x0861,0x0862,0x0862,
  0x0862,0x0861,0x0861,0x0862,0x0862,0x0862,0x0861,0x0861,0x0861,0x0861,0x0861,0x0861,0x0862,0x0862,0x0861,0x0862,
  0x0862,0x0862,0x0861,0x0862,0x0861,0x0861,0x0862,0x0862,0x0861,0x0861,0x0862,0x0862,0x0862,0x0862,0x0862,0x0862,
  0x0861,0x0862,0x0862,0x0861,0x0861,0x0861,0x0861,0x0862,0x0862,0x0861,0x0861,0x0862,0x0862,0x0862,0x0861,0x0861,
  0x0861,0x0861,0x0861,0x0861,0x0861,0x0861,0x0861,0x0861,0x0861,0x0862,0x0862,0x0861,0x0861,0x0861,0x0861,0x0861,
  0x0861,0x0861,0x0861,0x0861,0x0861,0x0861,0x0861,0x0861,0x0861,0x0861,0x0861,0x0841,0x0841,0x0841,0x0841,0x0841,
  0x0841,0x0841,0x0841,0x0041,0x0041,0x0041,0x0041,0x0841,0x0041,0x0041,0x0041,0x0041,0x0041,0x0041,0x0041,0x0021,
  0x0041,0x0021,0x0021,0x0041,0x0000,0x0296,0x03DF,0x0841,0x2125,0x0021,0x634D,0x52CC,0x0021,0x0041,0x0841,0x0841,
  0x0841,0x0841,0x0841,0x0841,0x0841,0x0861,0x0861,0x0861,0x0841,0x0841,0x0861,0x0841,0x0861,0x0841,0x0861,0x0841,
  0x0861,0x0861,0x0841,0x0841,0x0841,0x0041,0x0841,0x0841,0x0841,0x0841,0x0841,0x0841,0x0841,0x0841,0x0841,0x0841,
  0x0041,0x0861,0x0861,0x0041,0x0841,0x0841,0x0041,0x0041,0x0041,0x0841,0x0841,0x0841,0x0841,0x0861,0x0861,0x0861,
  0x0861,0x0861,0x0861,0x0862,0x0861,0x0861,0x0861,0x0861,0x0861,0x0861,0x0861,0x0862,0x0861,0x0862,0x0861,0x0861,
  0x0841,0x0841,0x0861,0x0861,0x0861,0x0861,0x0861,0x0841,0x0841,0x0041,0x0041,0x0041,0x0041,0x0041,0x0041,0x0041,
  0x0041,0x0041,0x0041,0x0041,0x0041,0x0041,0x0041,0x0041,0x0041,0x0041,0x0041,0x0041,0x0000,0x1148,0x116A,0x0000,
  0x0000,0x033F,0x0212,0x0000,0x0042,0x0041,0x0041,0x0041,0x0041,0x0041,0x0041,0x0041,0x0841,0x0841,0x0841,0x0841,
  0x0841,0x0841,0x0841,0x0841,0x0841,0x0841,0x0841,0x0041,0x0041,0x0841,0x0841,0x0841,0x0041,0x0841,0x0041,0x0041,
  0x0841,0x0841,0x0841,0x0841,0x0841,0x0841,0x0841,0x0841,0x0861,0x0861,0x0861,0x0841,0x0841,0x0841,0x0841,0x0841,
  0x0841,0x0841,0x0841,0x0041,0x0841,0x0841,0x0841,0x0841,0x0841,0x0841,0x0841,0x0841,0x0841,0x0841,0x0841,0x0861,
  0x0861,0x0841,0x0861,0x0861,0x0861,0x0861,0x0861,0x0861,0x0861,0x0861,0x0861,0x0862,0x0861,0x0861,0x0861,0x0861,
  0x0861,0x0861,0x0861,0x0861,0x0861,0x0861,0x0861,0x0861,0x0861,0x0861,0x0861,0x0861,0x0861,0x0861,0x0862,0x0861,
  0x0862,0x0861,0x0861,0x0862,0x0862,0x0862,0x0861,0x0861,0x0861,0x0861,0x0861,0x0861,0x0861,0x0861,0x0861,0x0861,
  0x0861,0x0861,0x0861,0x0861,0x0862,0x0862,0x0862,0x0862,0x0862,0x0862,0x0861,0x0861,0x0862,0x0862,0x0862,0x0862,
  0x0862,0x0862,0x0862,0x0862,0x0861,0x0862,0x0862,0x0862,0x0862,0x0862,0x0861,0x0862,0x0862,0x0862,0x0862,0x0862,
  0x0861,0x0862,0x0862,0x0861,0x0861,0x0862,0x0862,0x0862,0x0862,0x0862,0x0861,0x0861,0x0862,0x0861,0x0861,0x0861,
  0x0862,0x0861,0x0861,0x0861,0x0861,0x0861,0x0861,0x0861,0x0861,0x0862,0x0862,0x0861,0x0861,0x0861,0x0862,0x0861,
  0x0861,0x0861,0x0861,0x0861,0x0861,0x0861,0x0861,0x0861,0x0861,0x0841,0x0861,0x0841,0x0841,0x0841,0x0841,0x0841,
  0x0841,0x0841,0x0841,0x0041,0x0041,0x0041,0x0041,0x0041,0x0041,0x0041,0x0041,0x0041,0x0041,0x0041,0x0041,0x0041,
  0x0021,0x0021,0x0021,0x0041,0x0000,0x0256,0x039F,0x0862,0x3187,0x0020,0x5B0D,0x52ED,0x0021,0x0041,0x0841,0x0841,
  0x0841,0x0841,0x0841,0x0841,0x0841,0x0841,0x0861,0x0861,0x0841,0x0841,0x0841,0x0841,0x0841,0x0841,0x0841,0x0841,
  0x0841,0x0841,0x0841,0x0841,0x0041,0x0841,0x0841,0x0841,0x0841,0x0841,0x0041,0x0841,0x0841,0x0041,0x0041,0x0041,
  0x0841,0x0061,0x0041,0x0841,0x0861,0x0041,0x0061,0x0841,0x0041,0x0841,0x0041,0x0841,0x0861,0x0861,0x0861,0x0861,
  0x0861,0x0861,0x0861,0x0861,0x0861,0x0861,0x0861,0x0861,0x0861,0x0861,0x0862,0x0861,0x0861,0x0861,0x0861,0x0841,
  0x0861,0x0861,0x0061,0x0061,0x0841,0x0861,0x0861,0x0841,0x0041,0x0041,0x0041,0x0041,0x0041,0x0041,0x0041,0x0041,
  0x0041,0x0041,0x0041,0x0041,0x0041,0x0041,0x0041,0x0041,0x0041,0x0041,0x0041,0x0041,0x0000,0x1168,0x1969,0x0000,
  0x0000,0x031F,0x0212,0x0000,0x0041,0x0041,0x0041,0x0041,0x0041,0x0041,0x0041,0x0041,0x0041,0x0041,0x0841,0x0841,
  0x0841,0x0841,0x0841,0x0841,0x0841,0x0841,0x0841,0x0841,0x0841,0x0841,0x0041,0x0841,0x0041,0x0041,0x0841,0x0841,
  0x0841,0x0841,0x0841,0x0841,0x0841,0x0841,0x0841,0x0861,0x0861,0x0861,0x0861,0x0861,0x0861,0x0861,0x0861,0x0841,
  0x0041,0x0841,0x0841,0x0841,0x0841,0x0841,0x0841,0x0841,0x0841,0x0841,0x0841,0x0041,0x0841,0x0841,0x0841,0x0841,
  0x0841,0x0841,0x0841,0x0861,0x0861,0x0861,0x0861,0x0861,0x0861,0x0861,0x0861,0x0861,0x0861,0x0861,0x0861,0x0861,
  0x0861,0x0861,0x0861,0x0861,0x0861,0x0861,0x0861,0x0861,0x0861,0x0861,0x0861,0x0861,0x0861,0x0861,0x0861,0x0861,
  0x0861,0x0861,0x0862,0x0862,0x0861,0x0861,0x0862,0x0861,0x0861,0x0861,0x0861,0x0861,0x0861,0x0861,0x0861,0x0861,
  0x0861,0x0861,0x0862,0x0862,0x0861,0x0862,0x0862,0x0862,0x0861,0x0861,0x0861,0x0861,0x0861,0x0861,0x0861,0x0862,
  0x0862,0x0861,0x0862,0x0861,0x0861,0x0861,0x0862,0x0862,0x0861,0x0862,0x0862,0x0862,0x0861,0x0862,0x0862,0x0862,
  0x0861,0x0861,0x0862,0x0861,0x0862,0x0862,0x0862,0x0861,0x0862,0x0861,0x0861,0x0861,0x0861,0x0862,0x0861,0x0861,
  0x0861,0x0861,0x0861,0x0861,0x0861,0x0861,0x0861,0x0861,0x0861,0x0861,0x0861,0x0861,0x0861,0x0861,0x0861,0x0861,
  0x0861,0x0861,0x0861,0x0861,0x0841,0x0861,0x0861,0x0861,0x0861,0x0841,0x0841,0x0841,0x0841,0x0841,0x0841,0x0841,
  0x0841,0x0041,0x0041,0x0041,0x0041,0x0041,0x0041,0x0041,0x0041,0x0041,0x0041,0x0041,0x0041,0x0041,0x0041,0x0041,
  0x0041,0x0021,0x0021,0x0041,0x0000,0x0236,0x033F,0x0842,0x18E4,0x0000,0x5B0C,0x530D,0x0041,0x0041,0x0841,0x0841,
  0x0841,0x0841,0x0841,0x0841,0x0841,0x0841,0x0861,0x0841,0x0841,0x0841,0x0841,0x0841,0x0841,0x0841,0x0841,0x0841,
  0x0841,0x0841,0x0841,0x0841,0x0041,0x0841,0x0841,0x0841,0x0841,0x0841,0x0041,0x0041,0x0041,0x0041,0x0041,0x0841,
  0x0841,0x0041,0x0841,0x0841,0x0841,0x0841,0x0861,0x0041,0x0041,0x0841,0x0841,0x0841,0x0041,0x0841,0x0861,0x0861,
  0x0861,0x0862,0x0841,0x0861,0x0861,0x0862,0x0862,0x0861,0x0861,0x0841,0x0861,0x0841,0x0841,0x0861,0x0861,0x0861,
  0x0061,0x0841,0x0841,0x0841,0x0841,0x0861,0x0861,0x0841,0x0841,0x0041,0x0041,0x0041,0x0041,0x0041,0x0041,0x0041,
  0x0041,0x0041,0x0041,0x0041,0x0041,0x0041,0x0041,0x0041,0x0041,0x0041,0x0041,0x0041,0x0000,0x19A9,0x198A,0x0000,
  0x0000,0x033F,0x0213,0x0000,0x0041,0x0041,0x0041,0x0041,0x0041,0x0041,0x0041,0x0841,0x0041,0x0041,0x0841,0x0041,
  0x0841,0x0841,0x0841,0x0841,0x0841,0x0841,0x0841,0x0841,0x0041,0x0041,0x0041,0x0041,0x0041,0x0841,0x0041,0x0041,
  0x0841,0x0841,0x0841,0x0841,0x0841,0x0841,0x0841,0x0861,0x0841,0x0841,0x0841,0x0861,0x0861,0x0841,0x0841,0x0841,
  0x0841,0x0841,0x0841,0x0841,0x0861,0x0861,0x0841,0x0841,0x0841,0x0841,0x0841,0x0841,0x0841,0x0841,0x0841,0x0841,
  0x0841,0x0861,0x0861,0x0861,0x0861,0x0861,0x0861,0x0861,0x0861,0x0861,0x0861,0x0861,0x0861,0x0861,0x0861,0x0861,
  0x0861,0x0861,0x0861,0x0861,0x0861,0x0861,0x0861,0x0861,0x0861,0x0861,0x0861,0x0861,0x0861,0x0861,0x0861,0x0861,
  0x0862,0x0861,0x0861,0x0861,0x0861,0x0861,0x0861,0x0861,0x0861,0x0861,0x0861,0x0861,0x0861,0x0861,0x0861,0x0861,
  0x0861,0x0861,0x0862,0x0862,0x0862,0x0861,0x0861,0x0862,0x0862,0x0861,0x0861,0x0862,0x0861,0x0861,0x0861,0x0861,
  0x0862,0x0862,0x0861,0x0862,0x0862,0x0862,0x0862,0x0862,0x0862,0x0861,0x0862,0x0862,0x0861,0x0861,0x0862,0x0862,
  0x0862,0x0861,0x0861,0x0861,0x0861,0x0861,0x0861,0x0861,0x0862,0x0862,0x0861,0x0861,0x0861,0x0862,0x0862,0x0861,
  0x0861,0x0861,0x0861,0x0861,0x0861,0x0861,0x0861,0x0861,0x0862,0x0862,0x0861,0x0861,0x0861,0x0861,0x0861,0x0861,
  0x0861,0x0861,0x0861,0x0861,0x0861,0x0861,0x0861,0x0861,0x0861,0x0861,0x0841,0x0841,0x0841,0x0841,0x0841,0x0841,
  0x0841,0x0841,0x0041,0x0841,0x0841,0x0041,0x0041,0x0041,0x0041,0x0041,0x0041,0x0041,0x0041,0x0041,0x0041,0x0041,
  0x0021,0x0021,0x0021,0x0041,0x0000,0x0216,0x037F,0x0000,0x0000,0x0021,0x5B0C,0x532E,0x0041,0x0041,0x0841,0x0841,
  0x0841,0x0841,0x0841,0x0841,0x0841,0x0841,0x0841,0x0841,0x0841,0x0861,0x0841,0x0861,0x0861,0x0841,0x0841,0x0841,
  0x0841,0x0841,0x0861,0x0841,0x0841,0x0841,0x0841,0x0841,0x0841,0x0841,0x0841,0x0041,0x0041,0x0841,0x0041,0x0841,
  0x0041,0x0041,0x0041,0x0841,0x0841,0x0041,0x0841,0x0041,0x0041,0x0061,0x0841,0x0841,0x0861,0x0841,0x0861,0x0861,
  0x0861,0x0861,0x0862,0x0861,0x0861,0x0862,0x0862,0x0841,0x0861,0x0861,0x0841,0x0861,0x0841,0x0842,0x0861,0x0861,
  0x0041,0x0041,0x0041,0x0841,0x0841,0x0841,0x0041,0x0041,0x0841,0x0041,0x0041,0x0041,0x0041,0x0041,0x0041,0x0041,
  0x0041,0x0041,0x0041,0x0041,0x0041,0x0041,0x0041,0x0041,0x0041,0x0041,0x0041,0x0041,0x0000,0x19C9,0x21AA,0x0000,
  0x0000,0x033F,0x0233,0x0000,0x0042,0x0041,0x0041,0x0041,0x0041,0x0041,0x0041,0x0041,0x0041,0x0841,0x0041,0x0841,
  0x0841,0x0041,0x0841,0x0841,0x0841,0x0841,0x0841,0x0841,0x0841,0x0841,0x0041,0x0841,0x0841,0x0041,0x0041,0x0841,
  0x0841,0x0841,0x0841,0x0841,0x0841,0x0841,0x0841,0x0841,0x0841,0x0841,0x0841,0x0841,0x0841,0x0841,0x0861,0x0861,
  0x0861,0x0861,0x0861,0x0861,0x0861,0x0861,0x0841,0x0841,0x0841,0x0841,0x0841,0x0041,0x0841,0x0841,0x0841,0x0861,
  0x0841,0x0841,0x0841,0x0861,0x0861,0x0841,0x0861,0x0861,0x0861,0x0861,0x0861,0x0861,0x0861,0x0861,0x0861,0x0862,
  0x0861,0x0861,0x0861,0x0861,0x0861,0x0861,0x0861,0x0861,0x0861,0x0841,0x0861,0x0861,0x0861,0x0861,0x0861,0x0861,
  0x0861,0x0861,0x0861,0x0861,0x0861,0x0861,0x0861,0x0861,0x0861,0x0861,0x0861,0x0861,0x0861,0x0861,0x0861,0x0861,
  0x0861,0x0861,0x0861,0x0861,0x0862,0x0862,0x0861,0x0862,0x0861,0x0861,0x0861,0x0861,0x0861,0x0861,0x0861,0x0861,
  0x0862,0x0862,0x0861,0x0862,0x0862,0x0862,0x0862,0x0862,0x0862,0x0862,0x0862,0x0862,0x0862,0x0861,0x0862,0x0862,
  0x0861,0x0861,0x0861,0x0861,0x0861,0x0861,0x0861,0x0861,0x0861,0x0861,0x0861,0x0861,0x0861,0x0861,0x0861,0x0861,
  0x0861,0x0861,0x0861,0x0861,0x0861,0x0861,0x0861,0x0861,0x0861,0x0861,0x0862,0x0862,0x0861,0x0861,0x0861,0x0861,
  0x0861,0x0861,0x0861,0x0841,0x0861,0x0861,0x0861,0x0861,0x0861,0x0841,0x0841,0x0841,0x0841,0x0841,0x0841,0x0841,
  0x0041,0x0841,0x0041,0x0841,0x0041,0x0041,0x0041,0x0841,0x0041,0x0041,0x0041,0x0041,0x0041,0x0041,0x0041,0x0041,
  0x0041,0x0041,0x0021,0x0041,0x0000,0x0256,0x037F,0x0000,0x0000,0x0020,0x5B0D,0x532E,0x0041,0x0041,0x0841,0x0841,
  0x0841,0x0841,0x0841,0x0841,0x0841,0x0841,0x0841,0x0841,0x0841,0x0841,0x0841,0x0841,0x0841,0x0841,0x0841,0x0841,
  0x0841,0x0041,0x0041,0x0841,0x0841,0x0841,0x0041,0x0841,0x0041,0x0841,0x0841,0x0041,0x0041,0x0041,0x0841,0x0841,
  0x0041,0x0041,0x0041,0x0041,0x0841,0x0861,0x0861,0x0041,0x0041,0x0041,0x0041,0x0041,0x0841,0x0861,0x0841,0x0861,
  0x0861,0x0861,0x0861,0x0861,0x0861,0x0861,0x0861,0x0861,0x0861,0x0861,0x0841,0x0841,0x0841,0x0841,0x0041,0x0841,
  0x0061,0x0061,0x0061,0x0061,0x0061,0x0061,0x0041,0x0041,0x0041,0x0041,0x0841,0x0041,0x0041,0x0041,0x0041,0x0041,
  0x0041,0x0041,0x0041,0x0041,0x0041,0x0041,0x0041,0x0041,0x0041,0x0041,0x0041,0x0041,0x0000,0x29A8,0x29A8,0x0000,
  0x0000,0x033F,0x0213,0x0000,0x0042,0x0841,0x0041,0x0041,0x0041,0x0041,0x0041,0x0841,0x0041,0x0041,0x0841,0x0841,
  0x0841,0x0841,0x0041,0x0841,0x0841,0x0841,0x0841,0x0841,0x0841,0x0841,0x0841,0x0041,0x0041,0x0841,0x0041,0x0041,
  0x0841,0x0841,0x0841,0x0041,0x0841,0x0841,0x0841,0x0841,0x0861,0x0841,0x0841,0x0841,0x0861,0x0841,0x0861,0x0861,
  0x0861,0x0861,0x0861,0x0861,0x0861,0x0841,0x0841,0x0841,0x0841,0x0841,0x0841,0x0841,0x0841,0x0841,0x0861,0x0841,
  0x0841,0x0841,0x0841,0x0841,0x0861,0x0841,0x0861,0x0861,0x0861,0x0861,0x0861,0x0861,0x0841,0x0861,0x0861,0x0862,
  0x0862,0x0862,0x0861,0x0861,0x0861,0x0861,0x0861,0x0861,0x0861,0x0861,0x0861,0x0861,0x0861,0x0861,0x0861,0x0861,
  0x0861,0x0861,0x0861,0x0861,0x0861,0x0861,0x0861,0x0861,0x0861,0x0861,0x0861,0x0861,0x0861,0x0861,0x0861,0x0861,
  0x0861,0x0861,0x0861,0x0861,0x0861,0x0861,0x0861,0x0861,0x0862,0x0861,0x0861,0x0861,0x0861,0x0861,0x0861,0x0861,
  0x0862,0x0861,0x0861,0x0862,0x0861,0x0862,0x0862,0x0861,0x0862,0x0862,0x0861,0x0862,0x0862,0x0862,0x0862,0x0862,
  0x0862,0x0862,0x0862,0x0861,0x0861,0x0861,0x0861,0x0861,0x0861,0x0861,0x0862,0x0861,0x0861,0x0861,0x0861,0x0861,
  0x0861,0x0861,0x0861,0x0861,0x0861,0x0861,0x0861,0x0861,0x0861,0x0861,0x0861,0x0862,0x0861,0x0861,0x0861,0x0861,
  0x0861,0x0861,0x0861,0x0841,0x0841,0x0841,0x0841,0x0841,0x0841,0x0841,0x0841,0x0841,0x0841,0x0041,0x0041,0x0841,
  0x0841,0x0841,0x0841,0x0841,0x0841,0x0041,0x0041,0x0041,0x0041,0x0041,0x0041,0x0041,0x0041,0x0041,0x0041,0x0041,
  0x0021,0x0021,0x0021,0x0041,0x0000,0x0236,0x037F,0x0000,0x0000,0x0020,0x5B0C,0x5B2E,0x0041,0x0041,0x0841,0x0841,
  0x0861,0x0841,0x0841,0x0841,0x0841,0x0841,0x0861,0x0841,0x0841,0x0841,0x0841,0x0841,0x0841,0x0841,0x0841,0x0841,
  0x0841,0x0841,0x0041,0x0841,0x0841,0x0841,0x0041,0x0841,0x0841,0x0041,0x0041,0x0041,0x0041,0x0041,0x0841,0x0841,
  0x0041,0x0041,0x0041,0x0041,0x0841,0x0841,0x0861,0x0841,0x0041,0x0041,0x0041,0x0841,0x0041,0x0861,0x0861,0x0861,
  0x0861,0x0861,0x0841,0x0861,0x0861,0x0862,0x0861,0x0861,0x0861,0x0041,0x0841,0x0061,0x0841,0x0841,0x0841,0x0041,
  0x0841,0x0841,0x0041,0x0061,0x0841,0x0041,0x0041,0x0041,0x0041,0x0041,0x0041,0x0041,0x0041,0x0041,0x0041,0x0041,
  0x0041,0x0041,0x0041,0x0041,0x0041,0x0041,0x0041,0x0041,0x0021,0x0041,0x0041,0x0041,0x0000,0x29A7,0x2987,0x0000,
  0x0000,0x033F,0x0213,0x0000,0x0062,0x0041,0x0041,0x0041,0x0841,0x0041,0x0841,0x0041,0x0041,0x0041,0x0841,0x0841,
  0x0841,0x0041,0x0041,0x0841,0x0841,0x0841,0x0841,0x0041,0x0841,0x0841,0x0841,0x0041,0x0041,0x0841,0x0041,0x0041,
  0x0841,0x0841,0x0841,0x0841,0x0841,0x0841,0x0841,0x0841,0x0041,0x0841,0x0841,0x0861,0x0841,0x0861,0x0861,0x0861,
  0x0861,0x0861,0x0841,0x0841,0x0841,0x0841,0x0841,0x0841,0x0861,0x0861,0x0841,0x0841,0x0841,0x0041,0x0841,0x0841,
  0x0841,0x0841,0x0841,0x0861,0x0861,0x0841,0x0861,0x0861,0x0861,0x0841,0x0841,0x0841,0x0841,0x0841,0x0861,0x0861,
  0x0841,0x0861,0x0861,0x0861,0x0861,0x0861,0x0861,0x0861,0x0861,0x0861,0x0861,0x0861,0x0861,0x0861,0x0861,0x0861,
  0x0862,0x0861,0x0861,0x0861,0x0861,0x0861,0x0861,0x0841,0x0861,0x0861,0x0861,0x0861,0x0861,0x0861,0x0861,0x0841,
  0x0861,0x0861,0x0861,0x0861,0x0861,0x0861,0x0861,0x0861,0x0861,0x0861,0x0861,0x0861,0x0861,0x0862,0x0861,0x0862,
  0x0862,0x0861,0x0861,0x0861,0x0862,0x0861,0x0862,0x0862,0x0861,0x0862,0x0862,0x0861,0x0861,0x0861,0x0861,0x0862,
  0x0862,0x0862,0x0861,0x0861,0x0861,0x0861,0x0861,0x0861,0x0861,0x0861,0x0861,0x0861,0x0861,0x0861,0x0841,0x0861,
  0x0861,0x0861,0x0861,0x0861,0x0861,0x0861,0x0861,0x0861,0x0861,0x0861,0x0861,0x0861,0x0861,0x0861,0x0861,0x0861,
  0x0841,0x0841,0x0861,0x0841,0x0841,0x0841,0x0041,0x0041,0x0841,0x0841,0x0041,0x0841,0x0841,0x0841,0x0841,0x0841,
  0x0841,0x0841,0x0041,0x0841,0x0841,0x0841,0x0041,0x0041,0x0041,0x0041,0x0041,0x0041,0x0041,0x0041,0x0041,0x0041,
  0x0021,0x0041,0x0021,0x0041,0x0000,0x0236,0x037F,0x0041,0x10A3,0x0020,0x630D,0x5B4F,0x0041,0x0041,0x0841,0x0841,
  0x0841,0x0841,0x0841,0x0841,0x0841,0x0841,0x0841,0x0841,0x0841,0x0841,0x0841,0x0841,0x0841,0x0841,0x0841,0x0841,
  0x0841,0x0841,0x0841,0x0841,0x0041,0x0041,0x0041,0x0041,0x0041,0x0041,0x0041,0x0041,0x0041,0x0041,0x0041,0x0041,
  0x0041,0x0041,0x0041,0x0041,0x0841,0x0841,0x0861,0x0041,0x0841,0x0841,0x0041,0x0841,0x0841,0x0841,0x0041,0x0841,
  0x0841,0x0841,0x0861,0x0861,0x0861,0x0041,0x0861,0x0861,0x0841,0x0861,0x0041,0x0861,0x0841,0x0861,0x0041,0x0841,
  0x0841,0x0861,0x0041,0x0041,0x0041,0x0041,0x0041,0x0041,0x0041,0x0041,0x0041,0x0041,0x0041,0x0041,0x0041,0x0041,
  0x0041,0x0041,0x0041,0x0041,0x0041,0x0041,0x0041,0x0041,0x0021,0x0021,0x0041,0x0041,0x0000,0x31A7,0x2987,0x0000,
  0x0000,0x033F,0x0212,0x0000,0x0062,0x0041,0x0041,0x0041,0x0041,0x0041,0x0041,0x0041,0x0841,0x0841,0x0841,0x0841,
  0x0841,0x0841,0x0841,0x0841,0x0841,0x0841,0x0041,0x0041,0x0841,0x0041,0x0041,0x0041,0x0041,0x0041,0x0041,0x0041,
  0x0041,0x0841,0x0841,0x0841,0x0841,0x0841,0x0841,0x0841,0x0841,0x0841,0x0841,0x0861,0x0861,0x0861,0x0861,0x0861,
  0x0861,0x0861,0x0861,0x0841,0x0841,0x0841,0x0041,0x0841,0x0841,0x0841,0x0841,0x0841,0x0841,0x0041,0x0041,0x0041,
  0x0841,0x0841,0x0841,0x0841,0x0841,0x0841,0x0841,0x0861,0x0841,0x0861,0x0861,0x0841,0x0841,0x0841,0x0841,0x0861,
  0x0861,0x0861,0x0861,0x0861,0x0861,0x0861,0x0861,0x0861,0x0861,0x0861,0x0861,0x0861,0x0841,0x0861,0x0862,0x0861,
  0x0861,0x0861,0x0861,0x0861,0x0861,0x0861,0x0861,0x0861,0x0861,0x0861,0x0861,0x0861,0x0861,0x0861,0x0861,0x0861,
  0x0861,0x0861,0x0861,0x0861,0x0861,0x0861,0x0861,0x0861,0x0861,0x0861,0x0861,0x0861,0x0861,0x0862,0x0861,0x0861,
  0x0861,0x0861,0x0861,0x0861,0x0861,0x0862,0x0862,0x0862,0x0862,0x0861,0x0861,0x0861,0x0861,0x0861,0x0862,0x0862,
  0x0862,0x0861,0x0861,0x0861,0x0861,0x0861,0x0861,0x0861,0x0861,0x0861,0x0841,0x0841,0x0861,0x0861,0x0861,0x0861,
  0x0861,0x0841,0x0861,0x0861,0x0861,0x0861,0x0861,0x0861,0x0861,0x0861,0x0861,0x0861,0x0861,0x0861,0x0861,0x0861,
  0x0861,0x0861,0x0841,0x0841,0x0841,0x0841,0x0841,0x0841,0x0841,0x0841,0x0041,0x0841,0x0841,0x0841,0x0841,0x0841,
  0x0841,0x0841,0x0041,0x0841,0x0841,0x0041,0x0041,0x0041,0x0041,0x0041,0x0041,0x0041,0x0041,0x0041,0x0041,0x0041,
  0x0041,0x0021,0x0021,0x0041,0x0000,0x0236,0x037F,0x1082,0x2966,0x0021,0x634E,0x5370,0x0041,0x0041,0x0841,0x0841,
  0x0841,0x0841,0x0841,0x0841,0x0841,0x0841,0x0841,0x0841,0x0861,0x0841,0x0841,0x0841,0x0841,0x0841,0x0841,0x0841,
  0x0841,0x0841,0x0041,0x0041,0x0041,0x0041,0x0041,0x0041,0x0841,0x0041,0x0041,0x0041,0x0041,0x0041,0x0041,0x0041,
  0x0041,0x0041,0x0041,0x0041,0x0041,0x0041,0x0861,0x0841,0x0841,0x0041,0x0041,0x0041,0x0861,0x0841,0x0061,0x0041,
  0x0041,0x0041,0x0041,0x0041,0x0041,0x0841,0x0041,0x0841,0x0861,0x0841,0x0841,0x0861,0x0841,0x0841,0x0061,0x0841,
  0x0041,0x0861,0x0041,0x0041,0x0841,0x0841,0x0041,0x0041,0x0041,0x0041,0x0041,0x0041,0x0041,0x0041,0x0041,0x0041,
  0x0041,0x0041,0x0041,0x0041,0x0041,0x0041,0x0041,0x0021,0x0041,0x0041,0x0021,0x0041,0x0000,0x29A8,0x2187,0x0000,
  0x0000,0x037F,0x0212,0x0000,0x0062,0x0041,0x0041,0x0041,0x0041,0x0041,0x0041,0x0041,0x0041,0x0841,0x0841,0x0841,
  0x0841,0x0841,0x0841,0x0841,0x0841,0x0041,0x0841,0x0041,0x0041,0x0841,0x0041,0x0041,0x0041,0x0041,0x0041,0x0041,
  0x0041,0x0041,0x0041,0x0041,0x0841,0x0841,0x0841,0x0841,0x0841,0x0841,0x0841,0x0861,0x0861,0x0861,0x0861,0x0861,
  0x0861,0x0841,0x0841,0x0841,0x0841,0x0041,0x0841,0x0841,0x0841,0x0841,0x0041,0x0041,0x0841,0x0841,0x0041,0x0041,
  0x0041,0x0841,0x0841,0x0841,0x0841,0x0841,0x0841,0x0861,0x0861,0x0861,0x0861,0x0861,0x0861,0x0841,0x0841,0x0841,
  0x0841,0x0841,0x0861,0x0841,0x0861,0x0861,0x0861,0x0861,0x0861,0x0841,0x0861,0x0841,0x0861,0x0861,0x0861,0x0861,
  0x0861,0x0861,0x0861,0x0861,0x0861,0x0861,0x0861,0x0861,0x0861,0x0861,0x0861,0x0861,0x0861,0x0861,0x0861,0x0861,
  0x0861,0x0841,0x0841,0x0861,0x0861,0x0861,0x0861,0x0861,0x0861,0x0861,0x0861,0x0862,0x0861,0x0861,0x0861,0x0861,
  0x0861,0x0861,0x0861,0x0861,0x0861,0x0861,0x0861,0x0861,0x0862,0x0861,0x0861,0x0861,0x0861,0x0862,0x0862,0x0861,
  0x0862,0x0861,0x0861,0x0861,0x0861,0x0861,0x0861,0x0861,0x0861,0x0861,0x0861,0x0861,0x0861,0x0861,0x0861,0x0861,
  0x0861,0x0861,0x0861,0x0861,0x0861,0x0861,0x0861,0x0861,0x0861,0x0861,0x0861,0x0861,0x0861,0x0861,0x0861,0x0861,
  0x0861,0x0861,0x0841,0x0841,0x0841,0x0841,0x0841,0x0841,0x0841,0x0841,0x0041,0x0841,0x0841,0x0041,0x0841,0x0841,
  0x0841,0x0841,0x0841,0x0841,0x0041,0x0041,0x0041,0x0041,0x0041,0x0041,0x0041,0x0041,0x0041,0x0041,0x0041,0x0041,
  0x0041,0x0021,0x0041,0x0041,0x0000,0x0236,0x037F,0x0041,0x18E5,0x0841,0x634E,0x5392,0x0042,0x0041,0x0841,0x0841,
  0x0841,0x0841,0x0861,0x0841,0x0841,0x0841,0x0841,0x0841,0x0841,0x0841,0x0841,0x0841,0x0041,0x0841,0x0841,0x0841,
  0x0041,0x0841,0x0041,0x0041,0x0041,0x0041,0x0041,0x0841,0x0041,0x0041,0x0841,0x0041,0x0041,0x0841,0x0041,0x0041,
  0x0041,0x0041,0x0041,0x0841,0x0041,0x0841,0x0841,0x0041,0x0861,0x0841,0x0041,0x0841,0x0041,0x0841,0x0061,0x0041,
  0x0041,0x0041,0x0041,0x0041,0x0041,0x0041,0x0041,0x0841,0x0861,0x0841,0x0841,0x0041,0x0861,0x0861,0x0041,0x0041,
  0x0041,0x0041,0x0861,0x0041,0x0041,0x0841,0x0041,0x0041,0x0041,0x0041,0x0041,0x0041,0x0041,0x0041,0x0041,0x0041,
  0x0041,0x0041,0x0041,0x0041,0x0041,0x0041,0x0041,0x0041,0x0041,0x0041,0x0041,0x0041,0x0000,0x29C8,0x2187,0x0000,
  0x0000,0x033F,0x0212,0x0000,0x0042,0x0041,0x0041,0x0041,0x0041,0x0041,0x0041,0x0041,0x0841,0x0841,0x0041,0x0841,
  0x0841,0x0041,0x0841,0x0841,0x0841,0x0841,0x0841,0x0041,0x0041,0x0041,0x0041,0x0041,0x0041,0x0041,0x0041,0x0041,
  0x0041,0x0041,0x0041,0x0041,0x0841,0x0841,0x0841,0x0841,0x0841,0x0841,0x0841,0x0841,0x0841,0x0861,0x0861,0x0861,
  0x0841,0x0841,0x0841,0x0861,0x0861,0x0841,0x0841,0x0841,0x0841,0x0841,0x0841,0x0841,0x0841,0x0841,0x0041,0x0041,
  0x0041,0x0841,0x0041,0x0841,0x0841,0x0841,0x0841,0x0841,0x0861,0x0861,0x0861,0x0861,0x0861,0x0841,0x0841,0x0841,
  0x0841,0x0841,0x0861,0x0861,0x0861,0x0861,0x0861,0x0841,0x0861,0x0841,0x0841,0x0841,0x0861,0x0861,0x0861,0x0861,
  0x0861,0x0861,0x0861,0x0861,0x0861,0x0861,0x0861,0x0861,0x0861,0x0861,0x0861,0x0861,0x0861,0x0861,0x0861,0x0841,
  0x0861,0x0861,0x0861,0x0841,0x0861,0x0861,0x0861,0x0861,0x0861,0x0861,0x0861,0x0861,0x0861,0x0861,0x0861,0x0861,
  0x0861,0x0861,0x0861,0x0861,0x0861,0x0861,0x0861,0x0861,0x0862,0x0862,0x0862,0x0861,0x0861,0x0861,0x0862,0x0862,
  0x0861,0x0861,0x0861,0x0861,0x0861,0x0861,0x0861,0x0861,0x0861,0x0861,0x0861,0x0861,0x0861,0x0861,0x0841,0x0861,
  0x0861,0x0861,0x0841,0x0861,0x0861,0x0861,0x0861,0x0861,0x0861,0x0861,0x0861,0x0861,0x0861,0x0861,0x0861,0x0841,
  0x0861,0x0861,0x0841,0x0841,0x0841,0x0841,0x0841,0x0841,0x0841,0x0841,0x0041,0x0841,0x0041,0x0041,0x0041,0x0841,
  0x0041,0x0841,0x0041,0x0841,0x0841,0x0041,0x0041,0x0041,0x0041,0x0041,0x0041,0x0041,0x0041,0x0041,0x0041,0x0041,
  0x0041,0x0041,0x0021,0x0041,0x0000,0x0256,0x037F,0x0021,0x10A4,0x0841,0x634E,0x53B1,0x0042,0x0041,0x0841,0x0841,
  0x0841,0x0841,0x0841,0x0841,0x0041,0x0841,0x0841,0x0841,0x0841,0x0841,0x0041,0x0041,0x0841,0x0841,0x0841,0x0841,
  0x0841,0x0041,0x0841,0x0041,0x0041,0x0041,0x0041,0x0041,0x0841,0x0041,0x0041,0x0041,0x0041,0x0041,0x0841,0x0041,
  0x0041,0x0041,0x0841,0x0041,0x0041,0x0841,0x0841,0x0041,0x0841,0x0841,0x0041,0x0041,0x0041,0x0041,0x0041,0x0041,
  0x0041,0x0041,0x0041,0x0041,0x0041,0x0041,0x0041,0x0041,0x0841,0x0041,0x0041,0x0041,0x0841,0x0041,0x0041,0x0041,
  0x0041,0x0861,0x0061,0x0841,0x0861,0x0841,0x0041,0x0041,0x0041,0x0041,0x0041,0x0041,0x0041,0x0041,0x0041,0x0041,
  0x0041,0x0041,0x0041,0x0041,0x0041,0x0041,0x0041,0x0041,0x0041,0x0041,0x0041,0x0041,0x0000,0x29C8,0x2187,0x0000,
  0x0000,0x033F,0x0212,0x0000,0x0041,0x0041,0x0041,0x0041,0x0041,0x0041,0x0041,0x0041,0x0041,0x0841,0x0041,0x0041,
  0x0041,0x0841,0x0841,0x0841,0x0841,0x0841,0x0841,0x0041,0x0041,0x0841,0x0041,0x0841,0x0041,0x0041,0x0041,0x0041,
  0x0041,0x0841,0x0041,0x0841,0x0841,0x0841,0x0841,0x0841,0x0841,0x0841,0x0841,0x0841,0x0841,0x0841,0x0861,0x0861,
  0x0861,0x0861,0x0861,0x0841,0x0041,0x0861,0x0841,0x0841,0x0841,0x0841,0x0841,0x0841,0x0041,0x0041,0x0041,0x0041,
  0x0041,0x0041,0x0841,0x0841,0x0841,0x0841,0x0841,0x0841,0x0861,0x0861,0x0861,0x0841,0x0841,0x0861,0x0841,0x0841,
  0x0841,0x0841,0x0841,0x0861,0x0861,0x0861,0x0841,0x0841,0x0861,0x0841,0x0841,0x0861,0x0861,0x0861,0x0861,0x0861,
  0x0861,0x0861,0x0861,0x0861,0x0861,0x0861,0x0861,0x0861,0x0861,0x0861,0x0861,0x0861,0x0861,0x0861,0x0861,0x0861,
  0x0861,0x0861,0x0861,0x0841,0x0861,0x0861,0x0862,0x0861,0x0861,0x0861,0x0861,0x0861,0x0861,0x0862,0x0861,0x0861,
  0x0861,0x0861,0x0861,0x0861,0x0841,0x0861,0x0861,0x0862,0x0861,0x0861,0x0861,0x0861,0x0861,0x0861,0x0861,0x0861,
  0x0861,0x0862,0x0861,0x0861,0x0861,0x0861,0x0861,0x0861,0x0861,0x0861,0x0841,0x0861,0x0861,0x0861,0x0861,0x0861,
  0x0841,0x0861,0x0861,0x0861,0x0861,0x0861,0x0861,0x0861,0x0861,0x0861,0x0861,0x0861,0x0861,0x0861,0x0861,0x0861,
  0x0861,0x0841,0x0861,0x0861,0x0861,0x0841,0x0841,0x0841,0x0041,0x0841,0x0841,0x0041,0x0041,0x0841,0x0041,0x0041,
  0x0041,0x0041,0x0041,0x0041,0x0041,0x0041,0x0041,0x0041,0x0041,0x0041,0x0041,0x0041,0x0041,0x0041,0x0041,0x0041,
  0x0021,0x0041,0x0021,0x0041,0x0000,0x0257,0x039F,0x0021,0x0862,0x0841,0x634E,0x5BB1,0x0042,0x0041,0x0841,0x0041,
  0x0841,0x0841,0x0041,0x0841,0x0841,0x0841,0x0841,0x0841,0x0841,0x0841,0x0841,0x0041,0x0841,0x0841,0x0841,0x0041,
  0x0841,0x0841,0x0041,0x0041,0x0041,0x0041,0x0041,0x0041,0x0841,0x0041,0x0041,0x0041,0x0041,0x0041,0x0041,0x0041,
  0x0041,0x0041,0x0841,0x0041,0x0041,0x0841,0x0041,0x0861,0x0841,0x0041,0x0041,0x0041,0x0041,0x0041,0x0041,0x0041,
  0x0041,0x0041,0x0041,0x0041,0x0041,0x0041,0x0041,0x0041,0x0041,0x0041,0x0041,0x0041,0x0841,0x0061,0x0041,0x0041,
  0x0841,0x0061,0x0841,0x0861,0x0041,0x0041,0x0041,0x0041,0x0041,0x0041,0x0041,0x0041,0x0041,0x0041,0x0041,0x0041,
  0x0041,0x0041,0x0041,0x0041,0x0041,0x0041,0x0041,0x0041,0x0041,0x0041,0x0041,0x0041,0x0000,0x31E9,0x2168,0x0000,
  0x0000,0x033F,0x0232,0x0000,0x0041,0x0041,0x0041,0x0041,0x0041,0x0041,0x0041,0x0041,0x0041,0x0041,0x0041,0x0041,
  0x0041,0x0841,0x0841,0x0841,0x0041,0x0041,0x0041,0x0041,0x0041,0x0041,0x0041,0x0041,0x0041,0x0041,0x0041,0x0041,
  0x0841,0x0841,0x0841,0x0841,0x0841,0x0841,0x0841,0x0041,0x0841,0x0841,0x0841,0x0841,0x0841,0x0841,0x0841,0x0861,
  0x0861,0x0841,0x0861,0x0841,0x0841,0x0841,0x0841,0x0841,0x0861,0x0841,0x0841,0x0841,0x0841,0x0841,0x0841,0x0841,
  0x0841,0x0841,0x0841,0x0841,0x0841,0x0841,0x0841,0x0841,0x0861,0x0861,0x0861,0x0861,0x0861,0x0861,0x0841,0x0841,
  0x0841,0x0841,0x0841,0x0861,0x0861,0x0841,0x0841,0x0841,0x0861,0x0861,0x0861,0x0861,0x0861,0x0861,0x0861,0x0861,
  0x0861,0x0861,0x0861,0x0861,0x0861,0x0861,0x0861,0x0861,0x0861,0x0861,0x0861,0x0861,0x0861,0x0861,0x0861,0x0861,
  0x0861,0x0861,0x0861,0x0861,0x0861,0x0861,0x0861,0x0861,0x0841,0x0861,0x0862,0x0862,0x0861,0x0861,0x0861,0x0861,
  0x0861,0x0861,0x0861,0x0861,0x0841,0x0861,0x0861,0x0861,0x0861,0x0861,0x0861,0x0861,0x0861,0x0861,0x0861,0x0861,
  0x0861,0x0862,0x0861,0x0861,0x0861,0x0861,0x0861,0x0861,0x0861,0x0861,0x0861,0x0861,0x0861,0x0861,0x0861,0x0841,
  0x0861,0x0841,0x0861,0x0861,0x0861,0x0861,0x0861,0x0861,0x0861,0x0861,0x0861,0x0861,0x0861,0x0861,0x0861,0x0861,
  0x0861,0x0861,0x0841,0x0861,0x0861,0x0841,0x0841,0x0841,0x0841,0x0041,0x0041,0x0841,0x0841,0x0041,0x0041,0x0041,
  0x0041,0x0041,0x0041,0x0041,0x0041,0x0041,0x0041,0x0041,0x0041,0x0041,0x0041,0x0041,0x0041,0x0041,0x0041,0x0041,
  0x0041,0x0021,0x0021,0x0041,0x0000,0x0257,0x039F,0x0000,0x0000,0x0841,0x6B6E,0x5BF2,0x0041,0x0041,0x0841,0x0841,
  0x0841,0x0841,0x0841,0x0841,0x0841,0x0841,0x0841,0x0841,0x0841,0x0041,0x0041,0x0041,0x0041,0x0841,0x0041,0x0041,
  0x0841,0x0041,0x0041,0x0041,0x0841,0x0041,0x0041,0x0041,0x0841,0x0841,0x0041,0x0041,0x0041,0x0041,0x0041,0x0041,
  0x0041,0x0041,0x0041,0x0041,0x0041,0x0841,0x0041,0x0041,0x0041,0x0041,0x0041,0x0041,0x0041,0x0041,0x0041,0x0041,
  0x0041,0x0041,0x0041,0x0041,0x0041,0x0041,0x0041,0x0041,0x0041,0x0041,0x0041,0x0041,0x0841,0x0841,0x0841,0x0041,
  0x0861,0x0861,0x0861,0x0841,0x0041,0x0041,0x0041,0x0041,0x0041,0x0041,0x0041,0x0041,0x0041,0x0041,0x0041,0x0041,
  0x0041,0x0041,0x0041,0x0041,0x0041,0x0041,0x0041,0x0041,0x0041,0x0041,0x0041,0x0041,0x0000,0x3209,0x2167,0x0000,
  0x0000,0x033F,0x0233,0x0000,0x0041,0x0041,0x0041,0x0041,0x0041,0x0041,0x0041,0x0041,0x0041,0x0041,0x0041,0x0041,
  0x0041,0x0841,0x0841,0x0841,0x0841,0x0841,0x0041,0x0841,0x0041,0x0041,0x0041,0x0841,0x0841,0x0041,0x0041,0x0841,
  0x0041,0x0841,0x0841,0x0841,0x0841,0x0041,0x0841,0x0841,0x0841,0x0841,0x0841,0x0841,0x0841,0x0841,0x0841,0x0861,
  0x0841,0x0841,0x0861,0x0841,0x0841,0x0841,0x0841,0x0841,0x0841,0x0841,0x0841,0x0861,0x0841,0x0841,0x0841,0x0041,
  0x0041,0x0041,0x0841,0x0841,0x0841,0x0841,0x0841,0x0841,0x0841,0x0861,0x0861,0x0841,0x0861,0x0861,0x0841,0x0841,
  0x0841,0x0841,0x0841,0x0841,0x0861,0x0861,0x0861,0x0841,0x0841,0x0861,0x0841,0x0861,0x0841,0x0861,0x0861,0x0861,
  0x0861,0x0861,0x0861,0x0861,0x0861,0x0861,0x0861,0x0841,0x0861,0x0861,0x0861,0x0862,0x0861,0x0861,0x0861,0x0861,
  0x0861,0x0861,0x0861,0x0861,0x0861,0x0861,0x0861,0x0861,0x0861,0x0861,0x0861,0x0861,0x0861,0x0861,0x0861,0x0861,
  0x0861,0x0861,0x0861,0x0841,0x0861,0x0841,0x0841,0x0861,0x0861,0x0861,0x0861,0x0861,0x0861,0x0861,0x0861,0x0861,
  0x0861,0x0862,0x0861,0x0861,0x0861,0x0861,0x0861,0x0861,0x0861,0x0861,0x0861,0x0861,0x0841,0x0861,0x0861,0x0861,
  0x0841,0x0861,0x0841,0x0861,0x0861,0x0861,0x0861,0x0861,0x0861,0x0861,0x0861,0x0861,0x0861,0x0861,0x0861,0x0861,
  0x0861,0x0841,0x0841,0x0861,0x0861,0x0841,0x0841,0x0841,0x0841,0x0041,0x0841,0x0841,0x0841,0x0041,0x0041,0x0041,
  0x0041,0x0041,0x0041,0x0041,0x0041,0x0041,0x0041,0x0041,0x0041,0x0041,0x0041,0x0041,0x0041,0x0041,0x0041,0x0041,
  0x0041,0x0021,0x0021,0x0041,0x0000,0x0257,0x037F,0x0000,0x0000,0x0841,0x73AF,0x6412,0x0041,0x0021,0x0841,0x0841,
  0x0041,0x0841,0x0841,0x0041,0x0841,0x0841,0x0041,0x0841,0x0841,0x0841,0x0841,0x0041,0x0041,0x0041,0x0041,0x0841,
  0x0041,0x0041,0x0041,0x0041,0x0041,0x0041,0x0041,0x0841,0x0841,0x0041,0x0041,0x0041,0x0041,0x0841,0x0041,0x0041,
  0x0841,0x0041,0x0041,0x0841,0x0041,0x0041,0x0041,0x0041,0x0041,0x0041,0x0041,0x0041,0x0041,0x0041,0x0041,0x0041,
  0x0041,0x0041,0x0041,0x0041,0x0041,0x0041,0x0041,0x0041,0x0041,0x0041,0x0041,0x0041,0x0841,0x0841,0x0841,0x0041,
  0x0061,0x0841,0x0841,0x0041,0x0041,0x0041,0x0041,0x0041,0x0041,0x0041,0x0041,0x0041,0x0041,0x0041,0x0041,0x0041,
  0x0041,0x0041,0x0041,0x0041,0x0041,0x0041,0x0041,0x0041,0x0041,0x0041,0x0041,0x0041,0x0000,0x3A09,0x2167,0x0000,
  0x0000,0x033F,0x0233,0x0000,0x0041,0x0041,0x0041,0x0041,0x0041,0x0041,0x0041,0x0041,0x0041,0x0041,0x0041,0x0041,
  0x0041,0x0041,0x0041,0x0841,0x0041,0x0041,0x0041,0x0041,0x0841,0x0041,0x0041,0x0041,0x0041,0x0041,0x0041,0x0041,
  0x0041,0x0841,0x0841,0x0841,0x0841,0x0841,0x0841,0x0041,0x0841,0x0841,0x0841,0x0041,0x0841,0x0841,0x0841,0x0841,
  0x0841,0x0841,0x0841,0x0841,0x0841,0x0841,0x0041,0x0841,0x0841,0x0841,0x0841,0x0841,0x0841,0x0841,0x0841,0x0841,
  0x0041,0x0841,0x0841,0x0841,0x0041,0x0841,0x0841,0x0841,0x0841,0x0841,0x0861,0x0861,0x0841,0x0861,0x0841,0x0841,
  0x0841,0x0841,0x0861,0x0841,0x0841,0x0841,0x0841,0x0841,0x0841,0x0841,0x0861,0x0861,0x0861,0x0861,0x0861,0x0861,
  0x0861,0x0861,0x0861,0x0861,0x0861,0x0861,0x0861,0x0861,0x0861,0x0861,0x0861,0x0861,0x0861,0x0861,0x0861,0x0861,
  0x0861,0x0861,0x0861,0x0861,0x0861,0x0861,0x0861,0x0861,0x0861,0x0861,0x0861,0x0861,0x0861,0x0861,0x0861,0x0861,
  0x0861,0x0841,0x0861,0x0861,0x0841,0x0841,0x0841,0x0841,0x0841,0x0861,0x0861,0x0861,0x0861,0x0861,0x0861,0x0861,
  0x0861,0x0861,0x0861,0x0861,0x0861,0x0862,0x0861,0x0861,0x0861,0x0861,0x0861,0x0861,0x0861,0x0861,0x0861,0x0861,
  0x0861,0x0861,0x0861,0x0861,0x0861,0x0861,0x0861,0x0861,0x0861,0x0861,0x0861,0x0861,0x0861,0x0862,0x0861,0x0841,
  0x0861,0x0861,0x0861,0x0861,0x0861,0x0861,0x0841,0x0841,0x0861,0x0841,0x0841,0x0841,0x0041,0x0041,0x0041,0x0041,
  0x0041,0x0041,0x0041,0x0041,0x0041,0x0041,0x0041,0x0041,0x0041,0x0041,0x0041,0x0041,0x0041,0x0041,0x0041,0x0041,
  0x0021,0x0021,0x0021,0x0041,0x0000,0x0256,0x037F,0x0862,0x1904,0x0021,0x73AF,0x6C12,0x0041,0x0041,0x0841,0x0041,
  0x0041,0x0041,0x0841,0x0841,0x0841,0x0841,0x0841,0x0841,0x0841,0x0841,0x0841,0x0041,0x0041,0x0041,0x0041,0x0041,
  0x0041,0x0041,0x0041,0x0841,0x0841,0x0041,0x0841,0x0041,0x0041,0x0041,0x0041,0x0041,0x0041,0x0041,0x0041,0x0041,
  0x0041,0x0041,0x0041,0x0041,0x0041,0x0041,0x0041,0x0041,0x0041,0x0041,0x0041,0x0041,0x0041,0x0041,0x0041,0x0041,
  0x0041,0x0041,0x0041,0x0041,0x0041,0x0041,0x0041,0x0041,0x0841,0x0041,0x0041,0x0041,0x0041,0x0841,0x0041,0x0041,
  0x0041,0x0041,0x0841,0x0041,0x0041,0x0041,0x0041,0x0041,0x0041,0x0041,0x0041,0x0041,0x0041,0x0041,0x0041,0x0041,
  0x0041,0x0041,0x0041,0x0041,0x0041,0x0041,0x0041,0x0041,0x0041,0x0021,0x0021,0x0041,0x0000,0x3A29,0x2166,0x0000,
  0x0000,0x033F,0x0212,0x0000,0x0041,0x0041,0x0041,0x0041,0x0041,0x0041,0x0041,0x0041,0x0041,0x0041,0x0841,0x0841,
  0x0841,0x0841,0x0041,0x0841,0x0841,0x0041,0x0841,0x0841,0x0041,0x0841,0x0041,0x0041,0x0841,0x0041,0x0041,0x0041,
  0x0041,0x0041,0x0841,0x0841,0x0041,0x0841,0x0041,0x0841,0x0841,0x0041,0x0841,0x0841,0x0841,0x0841,0x0841,0x0841,
  0x0841,0x0841,0x0841,0x0841,0x0841,0x0041,0x0841,0x0041,0x0841,0x0841,0x0841,0x0841,0x0841,0x0841,0x0841,0x0841,
  0x0841,0x0841,0x0841,0x0041,0x0841,0x0841,0x0841,0x0841,0x0841,0x0841,0x0841,0x0861,0x0841,0x0841,0x0841,0x0841,
  0x0841,0x0841,0x0861,0x0841,0x0841,0x0841,0x0841,0x0841,0x0841,0x0841,0x0861,0x0861,0x0861,0x0861,0x0861,0x0861,
  0x0861,0x0861,0x0861,0x0861,0x0861,0x0861,0x0861,0x0861,0x0861,0x0861,0x0861,0x0861,0x0861,0x0861,0x0861,0x0861,
  0x0861,0x0861,0x0862,0x0861,0x0861,0x0861,0x0861,0x0861,0x0861,0x0861,0x0861,0x0861,0x0861,0x0861,0x0861,0x0861,
  0x0861,0x0841,0x0841,0x0861,0x0841,0x0841,0x0841,0x0861,0x0841,0x0841,0x0861,0x0861,0x0841,0x0861,0x0861,0x0861,
  0x0861,0x0861,0x0861,0x0861,0x0861,0x0861,0x0861,0x0861,0x0861,0x0861,0x0841,0x0841,0x0861,0x0861,0x0861,0x0861,
  0x0862,0x0862,0x0861,0x0861,0x0861,0x0861,0x0861,0x0861,0x0861,0x0861,0x0861,0x0861,0x0861,0x0861,0x0861,0x0841,
  0x0841,0x0861,0x0861,0x0861,0x0841,0x0841,0x0841,0x0841,0x0841,0x0841,0x0841,0x0841,0x0841,0x0841,0x0041,0x0041,
  0x0841,0x0041,0x0041,0x0041,0x0041,0x0041,0x0041,0x0041,0x0041,0x0041,0x0041,0x0041,0x0041,0x0041,0x0041,0x0041,
  0x0021,0x0021,0x0021,0x0041,0x0000,0x0256,0x037F,0x10A3,0x3A09,0x0021,0x73AF,0x6BF1,0x0041,0x0041,0x0041,0x0041,
  0x0041,0x0841,0x0841,0x0041,0x0041,0x0841,0x0841,0x0841,0x0041,0x0041,0x0841,0x0841,0x0841,0x0041,0x0041,0x0041,
  0x0841,0x0841,0x0841,0x0841,0x0841,0x0841,0x0841,0x0841,0x0841,0x0041,0x0041,0x0041,0x0041,0x0041,0x0041,0x0041,
  0x0041,0x0841,0x0041,0x0041,0x0041,0x0041,0x0041,0x0041,0x0041,0x0041,0x0041,0x0041,0x0041,0x0041,0x0041,0x0041,
  0x0041,0x0041,0x0041,0x0041,0x0041,0x0041,0x0041,0x0041,0x0041,0x0041,0x0041,0x0841,0x0041,0x0041,0x0041,0x0041,
  0x0041,0x0041,0x0041,0x0041,0x0041,0x0041,0x0041,0x0041,0x0041,0x0041,0x0041,0x0041,0x0041,0x0041,0x0041,0x0041,
  0x0041,0x0041,0x0041,0x0041,0x0041,0x0041,0x0041,0x0041,0x0041,0x0041,0x0041,0x0041,0x0000,0x4229,0x2125,0x0000,
  0x0000,0x033F,0x01F2,0x0000,0x0042,0x0041,0x0041,0x0041,0x0041,0x0041,0x0041,0x0041,0x0041,0x0041,0x0041,0x0041,
  0x0841,0x0841,0x0841,0x0841,0x0841,0x0041,0x0841,0x0841,0x0841,0x0041,0x0841,0x0841,0x0841,0x0841,0x0041,0x0041,
  0x0041,0x0041,0x0841,0x0041,0x0041,0x0041,0x0041,0x0041,0x0041,0x0041,0x0841,0x0841,0x0841,0x0841,0x0841,0x0841,
  0x0841,0x0841,0x0841,0x0841,0x0841,0x0841,0x0841,0x0041,0x0841,0x0841,0x0841,0x0841,0x0861,0x0861,0x0841,0x0841,
  0x0841,0x0841,0x0841,0x0841,0x0841,0x0841,0x0841,0x0841,0x0841,0x0841,0x0841,0x0841,0x0841,0x0841,0x0841,0x0841,
  0x0841,0x0841,0x0861,0x0841,0x0841,0x0841,0x0841,0x0841,0x0841,0x0861,0x0841,0x0841,0x0861,0x0861,0x0861,0x0861,
  0x0861,0x0861,0x0861,0x0861,0x0861,0x0861,0x0861,0x0861,0x0862,0x0861,0x0861,0x0861,0x0861,0x0862,0x0861,0x0861,
  0x0861,0x0861,0x0861,0x0861,0x0861,0x0861,0x0862,0x0861,0x0861,0x0861,0x0861,0x0861,0x0861,0x0861,0x0861,0x0861,
  0x0861,0x0861,0x0861,0x0861,0x0841,0x0841,0x0841,0x0841,0x0841,0x0841,0x0861,0x0861,0x0841,0x0861,0x0861,0x0841,
  0x0841,0x0861,0x0861,0x0861,0x0861,0x0861,0x0861,0x0861,0x0861,0x0861,0x0841,0x0841,0x0841,0x0861,0x0861,0x0861,
  0x0862,0x0861,0x0861,0x0861,0x0861,0x0861,0x0861,0x0861,0x0861,0x0861,0x0861,0x0861,0x0861,0x0861,0x0861,0x0861,
  0x0861,0x0861,0x0861,0x0841,0x0841,0x0841,0x0841,0x0841,0x0841,0x0841,0x0041,0x0841,0x0841,0x0041,0x0041,0x0841,
  0x0041,0x0041,0x0041,0x0041,0x0041,0x0041,0x0041,0x0041,0x0041,0x0041,0x0041,0x0041,0x0041,0x0041,0x0041,0x0041,
  0x0041,0x0041,0x0021,0x0041,0x0000,0x0236,0x037F,0x0862,0x2967,0x0841,0x7BF0,0x6C12,0x0041,0x0041,0x0041,0x0041,
  0x0041,0x0041,0x0841,0x0041,0x0841,0x0841,0x0841,0x0841,0x0841,0x0841,0x0841,0x0841,0x0841,0x0041,0x0041,0x0841,
  0x0841,0x0041,0x0841,0x0041,0x0041,0x0841,0x0841,0x0041,0x0841,0x0041,0x0041,0x0041,0x0041,0x0041,0x0041,0x0041,
  0x0041,0x0041,0x0041,0x0041,0x0041,0x0041,0x0041,0x0041,0x0041,0x0041,0x0041,0x0041,0x0041,0x0041,0x0041,0x0041,
  0x0041,0x0041,0x0041,0x0041,0x0041,0x0041,0x0041,0x0041,0x0041,0x0041,0x0041,0x0041,0x0041,0x0041,0x0041,0x0041,
  0x0041,0x0041,0x0041,0x0041,0x0041,0x0041,0x0841,0x0041,0x0041,0x0041,0x0041,0x0041,0x0041,0x0041,0x0041,0x0041,
  0x0041,0x0041,0x0041,0x0041,0x0041,0x0041,0x0041,0x0041,0x0041,0x0041,0x0041,0x0041,0x0000,0x4249,0x2125,0x0000,
  0x0000,0x031F,0x0212,0x0000,0x0042,0x0041,0x0041,0x0041,0x0041,0x0041,0x0041,0x0041,0x0041,0x0041,0x0041,0x0041,
  0x0841,0x0841,0x0841,0x0841,0x0841,0x0041,0x0841,0x0841,0x0041,0x0841,0x0841,0x0041,0x0041,0x0041,0x0841,0x0041,
  0x0841,0x0841,0x0041,0x0041,0x0041,0x0041,0x0041,0x0041,0x0041,0x0041,0x0841,0x0041,0x0841,0x0041,0x0841,0x0841,
  0x0041,0x0841,0x0841,0x0841,0x0841,0x0841,0x0041,0x0041,0x0841,0x0841,0x0841,0x0861,0x0861,0x0861,0x0841,0x0861,
  0x0841,0x0041,0x0841,0x0841,0x0041,0x0841,0x0841,0x0041,0x0841,0x0841,0x0841,0x0841,0x0841,0x0841,0x0841,0x0841,
  0x0041,0x0841,0x0841,0x0841,0x0841,0x0841,0x0041,0x0841,0x0841,0x0841,0x0861,0x0861,0x0841,0x0861,0x0861,0x0861,
  0x0861,0x0861,0x0861,0x0861,0x0861,0x0861,0x0861,0x0861,0x0862,0x0861,0x0861,0x0861,0x0861,0x0861,0x0861,0x0861,
  0x0861,0x0861,0x0861,0x0861,0x0861,0x0862,0x0861,0x0861,0x0861,0x0861,0x0861,0x0861,0x0861,0x0861,0x0861,0x0861,
  0x0861,0x0861,0x0861,0x0861,0x0841,0x0841,0x0841,0x0841,0x0841,0x0841,0x0861,0x0861,0x0841,0x0861,0x0841,0x0861,
  0x0861,0x0861,0x0861,0x0861,0x0861,0x0861,0x0861,0x0861,0x0861,0x0841,0x0841,0x0841,0x0841,0x0861,0x0861,0x0861,
  0x0861,0x0861,0x0862,0x0861,0x0861,0x0861,0x0861,0x0861,0x0861,0x0861,0x0861,0x0861,0x0861,0x0861,0x0861,0x0861,
  0x0861,0x0861,0x0861,0x0841,0x0841,0x0841,0x0861,0x0861,0x0841,0x0841,0x0841,0x0841,0x0041,0x0041,0x0041,0x0041,
  0x0041,0x0041,0x0041,0x0041,0x0041,0x0041,0x0041,0x0041,0x0041,0x0041,0x0041,0x0041,0x0041,0x0041,0x0041,0x0041,
  0x0041,0x0041,0x0021,0x0041,0x0000,0x0256,0x039F,0x0001,0x0863,0x0841,0x73D0,0x7411,0x0041,0x0021,0x0041,0x0041,
  0x0041,0x0041,0x0041,0x0041,0x0841,0x0041,0x0841,0x0841,0x0841,0x0841,0x0841,0x0841,0x0041,0x0041,0x0041,0x0041,
  0x0841,0x0841,0x0041,0x0841,0x0841,0x0041,0x0841,0x0041,0x0841,0x0041,0x0041,0x0041,0x0041,0x0041,0x0041,0x0041,
  0x0041,0x0041,0x0041,0x0041,0x0041,0x0041,0x0041,0x0041,0x0041,0x0041,0x0041,0x0041,0x0041,0x0041,0x0041,0x0041,
  0x0041,0x0041,0x0041,0x0041,0x0041,0x0041,0x0041,0x0841,0x0041,0x0041,0x0041,0x0041,0x0041,0x0041,0x0041,0x0041,
  0x0041,0x0041,0x0041,0x0041,0x0041,0x0041,0x0041,0x0041,0x0041,0x0041,0x0041,0x0041,0x0041,0x0041,0x0041,0x0041,
  0x0041,0x0041,0x0041,0x0041,0x0041,0x0041,0x0041,0x0041,0x0041,0x0021,0x0021,0x0041,0x0000,0x4A69,0x2125,0x0000,
  0x0000,0x031F,0x01F3,0x0000,0x0042,0x0041,0x0041,0x0041,0x0041,0x0041,0x0041,0x0041,0x0041,0x0041,0x0041,0x0041,
  0x0041,0x0041,0x0041,0x0841,0x0041,0x0841,0x0841,0x0041,0x0841,0x0841,0x0041,0x0841,0x0041,0x0041,0x0041,0x0041,
  0x0841,0x0841,0x0041,0x0041,0x0841,0x0041,0x0041,0x0041,0x0041,0x0041,0x0041,0x0841,0x0841,0x0841,0x0841,0x0841,
  0x0041,0x0841,0x0841,0x0041,0x0041,0x0041,0x0841,0x0841,0x0841,0x0841,0x0841,0x0841,0x0861,0x0841,0x0841,0x0841,
  0x0841,0x0841,0x0841,0x0841,0x0041,0x0841,0x0041,0x0041,0x0041,0x0841,0x0841,0x0841,0x0841,0x0841,0x0041,0x0041,
  0x0041,0x0041,0x0041,0x0041,0x0841,0x0841,0x0841,0x0041,0x0841,0x0841,0x0861,0x0861,0x0861,0x0861,0x0841,0x0841,
  0x0861,0x0861,0x0861,0x0841,0x0861,0x0841,0x0861,0x0861,0x0861,0x0861,0x0861,0x0861,0x0861,0x0861,0x0861,0x0861,
  0x0861,0x0861,0x0861,0x0862,0x0862,0x0861,0x0861,0x0861,0x0861,0x0861,0x0861,0x0861,0x0861,0x0861,0x0861,0x0861,
  0x0861,0x0862,0x0861,0x0861,0x0841,0x0841,0x0841,0x0841,0x0841,0x0861,0x0841,0x0841,0x0841,0x0841,0x0841,0x0861,
  0x0861,0x0861,0x0861,0x0861,0x0861,0x0861,0x0861,0x0861,0x0861,0x0861,0x0841,0x0841,0x0861,0x0861,0x0861,0x0861,
  0x0861,0x0861,0x0861,0x0861,0x0861,0x0861,0x0861,0x0861,0x0861,0x0861,0x0861,0x0861,0x0861,0x0861,0x0861,0x0861,
  0x0861,0x0841,0x0841,0x0841,0x0841,0x0841,0x0841,0x0841,0x0841,0x0841,0x0841,0x0041,0x0041,0x0841,0x0041,0x0041,
  0x0041,0x0041,0x0041,0x0841,0x0841,0x0041,0x0041,0x0041,0x0041,0x0041,0x0041,0x0041,0x0041,0x0041,0x0041,0x0021,
  0x0021,0x0021,0x0021,0x0041,0x0000,0x0276,0x039F,0x0001,0x0863,0x0041,0x6BAF,0x73F1,0x0041,0x0021,0x0041,0x0041,
  0x0041,0x0041,0x0841,0x0041,0x0041,0x0041,0x0041,0x0841,0x0841,0x0841,0x0841,0x0841,0x0041,0x0041,0x0041,0x0041,
  0x0041,0x0041,0x0841,0x0841,0x0041,0x0041,0x0841,0x0841,0x0041,0x0041,0x0041,0x0041,0x0041,0x0041,0x0041,0x0041,
  0x0041,0x0041,0x0041,0x0041,0x0041,0x0041,0x0041,0x0041,0x0041,0x0041,0x0041,0x0041,0x0041,0x0041,0x0041,0x0041,
  0x0041,0x0041,0x0041,0x0041,0x0041,0x0041,0x0041,0x0041,0x0041,0x0041,0x0041,0x0041,0x0041,0x0041,0x0041,0x0041,
  0x0041,0x0041,0x0041,0x0041,0x0041,0x0041,0x0041,0x0041,0x0041,0x0041,0x0041,0x0041,0x0041,0x0041,0x0041,0x0041,
  0x0041,0x0041,0x0041,0x0041,0x0041,0x0041,0x0021,0x0041,0x0041,0x0041,0x0041,0x0041,0x0000,0x4A6A,0x2125,0x0000,
  0x0000,0x031F,0x01F3,0x0000,0x0042,0x0041,0x0041,0x0041,0x0041,0x0041,0x0041,0x0041,0x0041,0x0041,0x0041,0x0041,
  0x0041,0x0041,0x0041,0x0041,0x0041,0x0041,0x0041,0x0041,0x0041,0x0041,0x0041,0x0041,0x0041,0x0041,0x0041,0x0041,
  0x0841,0x0041,0x0041,0x0041,0x0041,0x0841,0x0041,0x0841,0x0041,0x0041,0x0841,0x0841,0x0041,0x0841,0x0841,0x0041,
  0x0841,0x0841,0x0041,0x0841,0x0841,0x0041,0x0841,0x0041,0x0041,0x0841,0x0861,0x0841,0x0841,0x0841,0x0841,0x0041,
  0x0841,0x0841,0x0041,0x0041,0x0041,0x0041,0x0041,0x0041,0x0841,0x0841,0x0841,0x0841,0x0841,0x0041,0x0041,0x0041,
  0x0841,0x0841,0x0041,0x0041,0x0041,0x0041,0x0841,0x0841,0x0841,0x0861,0x0841,0x0861,0x0841,0x0861,0x0841,0x0861,
  0x0841,0x0861,0x0841,0x0841,0x0861,0x0861,0x0861,0x0861,0x0861,0x0861,0x0861,0x0861,0x0861,0x0861,0x0861,0x0861,
  0x0861,0x0861,0x0861,0x0861,0x0861,0x0861,0x0861,0x0861,0x0861,0x0861,0x0861,0x0861,0x0861,0x0841,0x0861,0x0861,
  0x0861,0x0861,0x0861,0x0861,0x0861,0x0841,0x0841,0x0841,0x0841,0x0841,0x0841,0x0841,0x0841,0x0841,0x0841,0x0861,
  0x0861,0x0861,0x0841,0x0861,0x0841,0x0841,0x0861,0x0861,0x0861,0x0861,0x0841,0x0861,0x0861,0x0861,0x0861,0x0861,
  0x0861,0x0861,0x0861,0x0861,0x0861,0x0861,0x0841,0x0861,0x0861,0x0861,0x0861,0x0861,0x0861,0x0861,0x0861,0x0861,
  0x0861,0x0861,0x0841,0x0841,0x0841,0x0841,0x0841,0x0861,0x0841,0x0041,0x0041,0x0041,0x0041,0x0041,0x0041,0x0041,
  0x0041,0x0041,0x0041,0x0041,0x0041,0x0041,0x0041,0x0041,0x0041,0x0041,0x0041,0x0041,0x0041,0x0041,0x0041,0x0021,
  0x0021,0x0021,0x0021,0x0041,0x0000,0x0276,0x039F,0x0001,0x0042,0x0021,0x6B6F,0x6BB0,0x0041,0x0021,0x0041,0x0041,
  0x0041,0x0041,0x0841,0x0041,0x0041,0x0841,0x0841,0x0841,0x0841,0x0041,0x0841,0x0841,0x0041,0x0841,0x0041,0x0041,
  0x0041,0x0041,0x0041,0x0041,0x0041,0x0041,0x0841,0x0841,0x0841,0x0041,0x0041,0x0041,0x0041,0x0041,0x0041,0x0041,
  0x0041,0x0041,0x0041,0x0041,0x0041,0x0041,0x0041,0x0041,0x0041,0x0041,0x0041,0x0041,0x0041,0x0041,0x0041,0x0041,
  0x0041,0x0041,0x0041,0x0041,0x0041,0x0041,0x0041,0x0041,0x0041,0x0041,0x0041,0x0041,0x0041,0x0041,0x0041,0x0041,
  0x0041,0x0041,0x0041,0x0041,0x0041,0x0041,0x0041,0x0041,0x0041,0x0041,0x0041,0x0041,0x0041,0x0041,0x0041,0x0041,
  0x0041,0x0041,0x0041,0x0041,0x0041,0x0041,0x0041,0x0041,0x0041,0x0041,0x0021,0x0041,0x0000,0x4A6A,0x2125,0x0000,
  0x0000,0x02DF,0x01F3,0x0000,0x0042,0x0041,0x0041,0x0041,0x0041,0x0041,0x0041,0x0041,0x0041,0x0041,0x0041,0x0041,
  0x0041,0x0041,0x0041,0x0041,0x0041,0x0041,0x0041,0x0041,0x0041,0x0841,0x0041,0x0041,0x0041,0x0041,0x0041,0x0841,
  0x0041,0x0841,0x0041,0x0041,0x0041,0x0841,0x0841,0x0041,0x0041,0x0041,0x0041,0x0041,0x0841,0x0841,0x0041,0x0841,
  0x0841,0x0041,0x0841,0x0841,0x0841,0x0841,0x0841,0x0841,0x0841,0x0841,0x0861,0x0841,0x0841,0x0841,0x0841,0x0841,
  0x0841,0x0841,0x0841,0x0041,0x0841,0x0841,0x0041,0x0041,0x0041,0x0041,0x0041,0x0841,0x0841,0x0041,0x0841,0x0841,
  0x0041,0x0041,0x0041,0x0041,0x0841,0x0841,0x0841,0x0841,0x0841,0x0841,0x0841,0x0861,0x0861,0x0861,0x0841,0x0841,
  0x0841,0x0841,0x0841,0x0841,0x0861,0x0841,0x0861,0x0861,0x0841,0x0861,0x0861,0x0861,0x0861,0x0861,0x0841,0x0861,
  0x0861,0x0861,0x0861,0x0861,0x0861,0x0861,0x0861,0x0861,0x0861,0x0861,0x0861,0x0861,0x0861,0x0841,0x0841,0x0841,
  0x0861,0x0861,0x0861,0x0861,0x0861,0x0861,0x0841,0x0841,0x0841,0x0841,0x0861,0x0841,0x0841,0x0841,0x0861,0x0861,
  0x0861,0x0861,0x0841,0x0841,0x0841,0x0841,0x0861,0x0861,0x0861,0x0861,0x0861,0x0861,0x0861,0x0861,0x0841,0x0861,
  0x0861,0x0861,0x0861,0x0861,0x0861,0x0861,0x0861,0x0861,0x0861,0x0861,0x0861,0x0861,0x0841,0x0841,0x0861,0x0861,
  0x0841,0x0861,0x0861,0x0861,0x0841,0x0841,0x0841,0x0841,0x0841,0x0841,0x0841,0x0041,0x0041,0x0041,0x0041,0x0041,
  0x0041,0x0041,0x0041,0x0041,0x0041,0x0041,0x0041,0x0041,0x0041,0x0041,0x0041,0x0041,0x0041,0x0041,0x0021,0x0021,
  0x0021,0x0021,0x0021,0x0041,0x0000,0x0276,0x039F,0x0000,0x0001,0x0021,0x6B6E,0x6BD0,0x0841,0x0021,0x0041,0x0041,
  0x0041,0x0041,0x0041,0x0041,0x0041,0x0041,0x0041,0x0841,0x0841,0x0841,0x0841,0x0841,0x0041,0x0041,0x0041,0x0041,
  0x0041,0x0041,0x0041,0x0041,0x0041,0x0041,0x0841,0x0841,0x0041,0x0041,0x0041,0x0041,0x0041,0x0041,0x0041,0x0041,
  0x0041,0x0041,0x0041,0x0041,0x0041,0x0041,0x0041,0x0041,0x0041,0x0041,0x0041,0x0041,0x0041,0x0041,0x0041,0x0041,
  0x0041,0x0041,0x0041,0x0041,0x0041,0x0041,0x0041,0x0041,0x0041,0x0041,0x0041,0x0041,0x0041,0x0041,0x0041,0x0041,
  0x0041,0x0041,0x0041,0x0041,0x0041,0x0041,0x0041,0x0041,0x0041,0x0041,0x0041,0x0041,0x0041,0x0041,0x0041,0x0041,
  0x0041,0x0041,0x0041,0x0041,0x0041,0x0041,0x0021,0x0021,0x0021,0x0021,0x0021,0x0041,0x0000,0x52AB,0x2105,0x0000,
  0x0000,0x02DF,0x01D3,0x0000,0x0042,0x0041,0x0041,0x0041,0x0041,0x0041,0x0041,0x0041,0x0041,0x0041,0x0041,0x0041,
  0x0041,0x0041,0x0041,0x0041,0x0041,0x0041,0x0041,0x0041,0x0041,0x0041,0x0041,0x0041,0x0041,0x0041,0x0041,0x0041,
  0x0041,0x0041,0x0041,0x0841,0x0041,0x0041,0x0841,0x0041,0x0041,0x0041,0x0041,0x0041,0x0041,0x0041,0x0041,0x0841,
  0x0841,0x0841,0x0041,0x0041,0x0041,0x0841,0x0841,0x0841,0x0841,0x0841,0x0841,0x0841,0x0841,0x0841,0x0841,0x0041,
  0x0041,0x0041,0x0841,0x0841,0x0841,0x0041,0x0041,0x0041,0x0041,0x0041,0x0041,0x0841,0x0041,0x0041,0x0841,0x0041,
  0x0041,0x0041,0x0041,0x0041,0x0041,0x0841,0x0841,0x0841,0x0841,0x0841,0x0841,0x0841,0x0841,0x0841,0x0841,0x0841,
  0x0861,0x0841,0x0841,0x0841,0x0861,0x0861,0x0841,0x0841,0x0841,0x0841,0x0861,0x0861,0x0861,0x0861,0x0861,0x0861,
  0x0861,0x0861,0x0861,0x0861,0x0861,0x0861,0x0861,0x0861,0x0861,0x0861,0x0861,0x0861,0x0861,0x0841,0x0841,0x0841,
  0x0841,0x0841,0x0841,0x0861,0x0861,0x0841,0x0841,0x0841,0x0841,0x0861,0x0841,0x0841,0x0841,0x0841,0x0841,0x0861,
  0x0841,0x0861,0x0841,0x0841,0x0841,0x0861,0x0841,0x0841,0x0841,0x0861,0x0841,0x0861,0x0861,0x0861,0x0861,0x0861,
  0x0861,0x0861,0x0861,0x0861,0x0861,0x0841,0x0861,0x0841,0x0861,0x0861,0x0841,0x0841,0x0861,0x0841,0x0841,0x0841,
  0x0841,0x0841,0x0841,0x0841,0x0841,0x0841,0x0841,0x0841,0x0841,0x0841,0x0041,0x0041,0x0041,0x0041,0x0041,0x0041,
  0x0841,0x0841,0x0041,0x0041,0x0041,0x0041,0x0041,0x0041,0x0041,0x0041,0x0041,0x0041,0x0041,0x0041,0x0021,0x0041,
  0x0021,0x0021,0x0021,0x0041,0x0000,0x0257,0x037F,0x0000,0x0000,0x0021,0x738F,0x73F0,0x0841,0x0021,0x0041,0x0041,
  0x0041,0x0841,0x0041,0x0041,0x0041,0x0041,0x0041,0x0841,0x0841,0x0041,0x0041,0x0841,0x0041,0x0041,0x0041,0x0041,
  0x0041,0x0041,0x0041,0x0041,0x0041,0x0841,0x0841,0x0041,0x0041,0x0041,0x0041,0x0041,0x0041,0x0041,0x0041,0x0041,
  0x0041,0x0041,0x0041,0x0041,0x0041,0x0041,0x0041,0x0041,0x0041,0x0041,0x0041,0x0041,0x0041,0x0041,0x0041,0x0041,
  0x0041,0x0041,0x0041,0x0041,0x0041,0x0041,0x0041,0x0041,0x0041,0x0041,0x0041,0x0041,0x0041,0x0041,0x0041,0x0041,
  0x0041,0x0041,0x0041,0x0041,0x0041,0x0041,0x0041,0x0041,0x0041,0x0041,0x0041,0x0041,0x0041,0x0041,0x0041,0x0041,
  0x0041,0x0041,0x0041,0x0041,0x0021,0x0021,0x0021,0x0021,0x0021,0x0021,0x0041,0x0000,0x018F,0x551E,0x18A2,0x0000,
  0x0000,0x02DF,0x01D3,0x0000,0x0042,0x0041,0x0041,0x0041,0x0041,0x0041,0x0041,0x0041,0x0041,0x0041,0x0041,0x0041,
  0x0041,0x0041,0x0041,0x0041,0x0041,0x0041,0x0041,0x0041,0x0041,0x0041,0x0041,0x0041,0x0041,0x0041,0x0041,0x0041,
  0x0041,0x0041,0x0041,0x0041,0x0041,0x0841,0x0841,0x0041,0x0041,0x0041,0x0041,0x0041,0x0041,0x0041,0x0841,0x0841,
  0x0841,0x0841,0x0841,0x0841,0x0841,0x0841,0x0841,0x0841,0x0841,0x0841,0x0841,0x0841,0x0841,0x0841,0x0841,0x0041,
  0x0841,0x0041,0x0041,0x0841,0x0841,0x0841,0x0841,0x0041,0x0041,0x0041,0x0841,0x0841,0x0041,0x0041,0x0041,0x0041,
  0x0041,0x0841,0x0841,0x0841,0x0841,0x0841,0x0841,0x0841,0x0841,0x0841,0x0841,0x0861,0x0841,0x0841,0x0841,0x0841,
  0x0861,0x0861,0x0861,0x0841,0x0841,0x0841,0x0841,0x0841,0x0861,0x0861,0x0861,0x0861,0x0861,0x0861,0x0861,0x0861,
  0x0861,0x0861,0x0861,0x0861,0x0861,0x0861,0x0861,0x0861,0x0861,0x0861,0x0841,0x0861,0x0861,0x0861,0x0841,0x0861,
  0x0841,0x0841,0x0861,0x0861,0x0841,0x0841,0x0841,0x0841,0x0861,0x0841,0x0841,0x0841,0x0841,0x0861,0x0841,0x0841,
  0x0841,0x0841,0x0841,0x0861,0x0841,0x0841,0x0841,0x0861,0x0841,0x0861,0x0861,0x0841,0x0861,0x0861,0x0841,0x0861,
  0x0841,0x0861,0x0861,0x0861,0x0861,0x0841,0x0861,0x0861,0x0861,0x0861,0x0841,0x0841,0x0841,0x0841,0x0841,0x0841,
  0x0841,0x0841,0x0841,0x0841,0x0841,0x0841,0x0841,0x0841,0x0841,0x0841,0x0041,0x0041,0x0041,0x0041,0x0041,0x0041,
  0x0841,0x0841,0x0041,0x0041,0x0041,0x0041,0x0041,0x0041,0x0041,0x0041,0x0041,0x0041,0x0021,0x0041,0x0041,0x0041,
  0x0021,0x0021,0x0021,0x0041,0x0000,0x0277,0x037F,0x0021,0x0862,0x0020,0x6B8F,0x6BB0,0x0041,0x0021,0x0041,0x0041,
  0x0041,0x0041,0x0041,0x0841,0x0041,0x0041,0x0841,0x0841,0x0041,0x0041,0x0041,0x0041,0x0041,0x0041,0x0041,0x0041,
  0x0041,0x0041,0x0841,0x0041,0x0041,0x0841,0x0041,0x0041,0x0041,0x0041,0x0041,0x0041,0x0041,0x0041,0x0041,0x0041,
  0x0041,0x0041,0x0041,0x0041,0x0041,0x0041,0x0041,0x0041,0x0041,0x0041,0x0041,0x0041,0x0041,0x0041,0x0041,0x0041,
  0x0041,0x0041,0x0041,0x0041,0x0041,0x0041,0x0041,0x0041,0x0041,0x0041,0x0041,0x0041,0x0041,0x0041,0x0041,0x0041,
  0x0041,0x0041,0x0041,0x0041,0x0041,0x0041,0x0041,0x0041,0x0041,0x0041,0x0041,0x0041,0x0021,0x0041,0x0041,0x0041,
  0x0041,0x0041,0x0021,0x0021,0x0021,0x0021,0x0021,0x0021,0x0021,0x0041,0x0000,0x01AF,0x039F,0x7CB5,0x10A2,0x0000,
  0x0000,0x02DF,0x01F2,0x0000,0x0041,0x0041,0x0041,0x0041,0x0041,0x0041,0x0041,0x0041,0x0041,0x0041,0x0041,0x0041,
  0x0041,0x0041,0x0041,0x0041,0x0041,0x0041,0x0041,0x0041,0x0041,0x0041,0x0041,0x0841,0x0041,0x0041,0x0041,0x0041,
  0x0041,0x0041,0x0041,0x0041,0x0041,0x0841,0x0041,0x0041,0x0041,0x0041,0x0041,0x0041,0x0841,0x0841,0x0841,0x0841,
  0x0841,0x0841,0x0841,0x0041,0x0841,0x0841,0x0841,0x0841,0x0841,0x0861,0x0841,0x0841,0x0841,0x0841,0x0041,0x0841,
  0x0841,0x0841,0x0041,0x0041,0x0841,0x0841,0x0841,0x0041,0x0041,0x0841,0x0841,0x0041,0x0041,0x0041,0x0041,0x0041,
  0x0041,0x0041,0x0841,0x0841,0x0841,0x0841,0x0841,0x0841,0x0841,0x0841,0x0841,0x0841,0x0841,0x0841,0x0841,0x0841,
  0x0841,0x0861,0x0841,0x0841,0x0841,0x0041,0x0841,0x0841,0x0841,0x0841,0x0861,0x0861,0x0861,0x0841,0x0861,0x0861,
  0x0861,0x0861,0x0861,0x0861,0x0861,0x0861,0x0861,0x0861,0x0861,0x0861,0x0861,0x0861,0x0861,0x0841,0x0861,0x0861,
  0x0861,0x0861,0x0861,0x0841,0x0841,0x0841,0x0841,0x0841,0x0841,0x0861,0x0841,0x0841,0x0861,0x0841,0x0841,0x0841,
  0x0841,0x0841,0x0841,0x0841,0x0861,0x0861,0x0861,0x0861,0x0841,0x0861,0x0841,0x0861,0x0861,0x0841,0x0861,0x0841,
  0x0861,0x0861,0x0861,0x0861,0x0841,0x0841,0x0841,0x0841,0x0841,0x0861,0x0861,0x0861,0x0841,0x0841,0x0841,0x0841,
  0x0841,0x0841,0x0841,0x0841,0x0841,0x0841,0x0841,0x0841,0x0041,0x0841,0x0841,0x0041,0x0041,0x0041,0x0041,0x0041,
  0x0041,0x0041,0x0041,0x0041,0x0041,0x0041,0x0041,0x0041,0x0041,0x0041,0x0041,0x0041,0x0041,0x0041,0x0041,0x0041,
  0x0021,0x0021,0x0021,0x0041,0x0000,0x0257,0x039F,0x0862,0x2124,0x0020,0x634E,0x636F,0x0841,0x0021,0x0041,0x0041,
  0x0041,0x0041,0x0041,0x0041,0x0041,0x0041,0x0041,0x0841,0x0041,0x0841,0x0041,0x0041,0x0841,0x0041,0x0041,0x0041,
  0x0041,0x0041,0x0041,0x0041,0x0041,0x0041,0x0041,0x0041,0x0041,0x0041,0x0041,0x0041,0x0041,0x0041,0x0041,0x0041,
  0x0041,0x0041,0x0041,0x0041,0x0041,0x0041,0x0041,0x0041,0x0041,0x0041,0x0041,0x0041,0x0041,0x0041,0x0041,0x0041,
  0x0041,0x0041,0x0041,0x0041,0x0041,0x0041,0x0041,0x0041,0x0041,0x0041,0x0041,0x0041,0x0041,0x0041,0x0041,0x0041,
  0x0041,0x0041,0x0041,0x0041,0x0041,0x0041,0x0041,0x0041,0x0041,0x0041,0x0041,0x0041,0x0021,0x0041,0x0041,0x0021,
  0x0041,0x0041,0x0021,0x0021,0x0021,0x0021,0x0021,0x0021,0x0021,0x0000,0x01F2,0x039F,0x035C,0x9CF4,0x10C3,0x0000,
  0x0000,0x02BF,0x01D2,0x0000,0x0041,0x0041,0x0041,0x0041,0x0041,0x0041,0x0041,0x0041,0x0041,0x0041,0x0041,0x0041,
  0x0041,0x0041,0x0041,0x0041,0x0041,0x0041,0x0041,0x0041,0x0041,0x0041,0x0041,0x0041,0x0041,0x0041,0x0041,0x0041,
  0x0041,0x0041,0x0041,0x0041,0x0041,0x0041,0x0041,0x0041,0x0041,0x0041,0x0041,0x0041,0x0841,0x0041,0x0841,0x0841,
  0x0841,0x0841,0x0841,0x0841,0x0841,0x0841,0x0841,0x0841,0x0041,0x0841,0x0841,0x0841,0x0841,0x0841,0x0841,0x0841,
  0x0841,0x0841,0x0041,0x0841,0x0841,0x0841,0x0841,0x0841,0x0041,0x0041,0x0041,0x0041,0x0041,0x0041,0x0041,0x0041,
  0x0041,0x0041,0x0041,0x0841,0x0841,0x0841,0x0841,0x0841,0x0841,0x0041,0x0841,0x0841,0x0041,0x0841,0x0841,0x0841,
  0x0841,0x0841,0x0841,0x0841,0x0841,0x0841,0x0841,0x0841,0x0841,0x0841,0x0841,0x0861,0x0861,0x0861,0x0861,0x0861,
  0x0861,0x0861,0x0861,0x0861,0x0861,0x0841,0x0841,0x0861,0x0841,0x0861,0x0861,0x0861,0x0861,0x0861,0x0841,0x0861,
  0x0841,0x0861,0x0861,0x0861,0x0841,0x0841,0x0841,0x0861,0x0861,0x0861,0x0861,0x0841,0x0841,0x0841,0x0861,0x0841,
  0x0841,0x0841,0x0861,0x0841,0x0861,0x0861,0x0861,0x0841,0x0841,0x0861,0x0861,0x0861,0x0861,0x0861,0x0841,0x0841,
  0x0841,0x0841,0x0861,0x0841,0x0841,0x0841,0x0841,0x0841,0x0841,0x0861,0x0861,0x0841,0x0841,0x0861,0x0841,0x0841,
  0x0841,0x0841,0x0841,0x0841,0x0841,0x0841,0x0841,0x0841,0x0841,0x0841,0x0841,0x0041,0x0041,0x0041,0x0041,0x0041,
  0x0041,0x0041,0x0041,0x0041,0x0041,0x0041,0x0041,0x0041,0x0041,0x0041,0x0041,0x0041,0x0041,0x0041,0x0041,0x0021,
  0x0021,0x0021,0x0021,0x0041,0x0000,0x0257,0x037F,0x0862,0x2145,0x0020,0x5B2D,0x636F,0x0841,0x0021,0x0041,0x0041,
  0x0041,0x0041,0x0041,0x0041,0x0041,0x0041,0x0041,0x0041,0x0841,0x0041,0x0041,0x0841,0x0041,0x0041,0x0041,0x0041,
  0x0041,0x0041,0x0041,0x0041,0x0041,0x0041,0x0041,0x0041,0x0041,0x0041,0x0041,0x0041,0x0041,0x0041,0x0041,0x0041,
  0x0041,0x0041,0x0041,0x0041,0x0041,0x0041,0x0041,0x0041,0x0041,0x0041,0x0041,0x0041,0x0041,0x0041,0x0041,0x0041,
  0x0041,0x0041,0x0041,0x0041,0x0041,0x0041,0x0041,0x0041,0x0041,0x0041,0x0041,0x0041,0x0041,0x0041,0x0041,0x0041,
  0x0041,0x0041,0x0041,0x0041,0x0041,0x0041,0x0041,0x0021,0x0041,0x0041,0x0041,0x0041,0x0041,0x0041,0x0021,0x0021,
  0x0021,0x0041,0x0041,0x0021,0x0021,0x0021,0x0021,0x0021,0x0000,0x0254,0x037F,0x02D8,0xAD55,0x634E,0x0041,0x0000,
  0x0000,0x02BF,0x01B2,0x0000,0x0041,0x0041,0x0041,0x0041,0x0041,0x0041,0x0041,0x0041,0x0041,0x0041,0x0041,0x0041,
  0x0041,0x0041,0x0041,0x0041,0x0041,0x0041,0x0041,0x0041,0x0041,0x0041,0x0041,0x0041,0x0041,0x0041,0x0041,0x0041,
  0x0041,0x0041,0x0041,0x0041,0x0041,0x0041,0x0841,0x0041,0x0041,0x0041,0x0041,0x0841,0x0041,0x0041,0x0841,0x0841,
  0x0841,0x0841,0x0841,0x0841,0x0841,0x0841,0x0841,0x0841,0x0841,0x0841,0x0841,0x0841,0x0841,0x0841,0x0841,0x0861,
  0x0841,0x0041,0x0841,0x0041,0x0841,0x0841,0x0841,0x0841,0x0041,0x0041,0x0041,0x0041,0x0041,0x0041,0x0041,0x0041,
  0x0041,0x0041,0x0041,0x0041,0x0841,0x0041,0x0841,0x0041,0x0841,0x0841,0x0041,0x0841,0x0841,0x0841,0x0841,0x0841,
  0x0841,0x0841,0x0841,0x0841,0x0841,0x0841,0x0841,0x0841,0x0841,0x0041,0x0861,0x0861,0x0861,0x0861,0x0841,0x0861,
  0x0841,0x0861,0x0861,0x0861,0x0861,0x0841,0x0861,0x0861,0x0861,0x0841,0x0861,0x0861,0x0861,0x0861,0x0841,0x0861,
  0x0841,0x0861,0x0861,0x0861,0x0841,0x0841,0x0841,0x0861,0x0861,0x0841,0x0841,0x0861,0x0861,0x0841,0x0861,0x0841,
  0x0841,0x0841,0x0841,0x0841,0x0841,0x0841,0x0841,0x0861,0x0861,0x0861,0x0861,0x0861,0x0861,0x0861,0x0841,0x0861,
  0x0841,0x0841,0x0841,0x0841,0x0861,0x0841,0x0841,0x0861,0x0861,0x0861,0x0841,0x0841,0x0841,0x0841,0x0841,0x0841,
  0x0861,0x0841,0x0041,0x0841,0x0841,0x0041,0x0841,0x0841,0x0041,0x0041,0x0041,0x0041,0x0041,0x0041,0x0041,0x0041,
  0x0041,0x0041,0x0041,0x0041,0x0041,0x0041,0x0041,0x0041,0x0041,0x0041,0x0041,0x0041,0x0041,0x0041,0x0041,0x0041,
  0x0021,0x0021,0x0021,0x0041,0x0000,0x0257,0x037F,0x0841,0x2146,0x0041,0x636E,0x636F,0x0841,0x0020,0x0041,0x0041,
  0x0041,0x0041,0x0041,0x0041,0x0041,0x0041,0x0041,0x0041,0x0041,0x0841,0x0041,0x0041,0x0041,0x0041,0x0041,0x0841,
  0x0041,0x0041,0x0041,0x0041,0x0041,0x0041,0x0041,0x0041,0x0041,0x0041,0x0041,0x0041,0x0041,0x0041,0x0041,0x0041,
  0x0041,0x0041,0x0041,0x0041,0x0041,0x0041,0x0041,0x0041,0x0041,0x0041,0x0041,0x0041,0x0041,0x0041,0x0041,0x0041,
  0x0041,0x0041,0x0041,0x0041,0x0041,0x0041,0x0041,0x0041,0x0041,0x0041,0x0041,0x0041,0x0041,0x0041,0x0041,0x0041,
  0x0041,0x0041,0x0041,0x0041,0x0041,0x0041,0x0041,0x0021,0x0041,0x0041,0x0021,0x0041,0x0041,0x0021,0x0021,0x0021,
  0x0041,0x0041,0x0041,0x0021,0x0041,0x0041,0x0021,0x0000,0x0275,0x039F,0x01AF,0x9491,0x5B0D,0x31C8,0x1082,0x0000,
  0x0000,0x02BF,0x01B1,0x0000,0x0041,0x0041,0x0041,0x0041,0x0041,0x0041,0x0041,0x0041,0x0041,0x0041,0x0041,0x0041,
  0x0041,0x0041,0x0041,0x0041,0x0041,0x0041,0x0041,0x0041,0x0041,0x0041,0x0041,0x0041,0x0041,0x0041,0x0041,0x0041,
  0x0041,0x0041,0x0041,0x0041,0x0041,0x0041,0x0841,0x0041,0x0041,0x0041,0x0041,0x0841,0x0041,0x0841,0x0041,0x0841,
  0x0841,0x0841,0x0841,0x0841,0x0041,0x0841,0x0841,0x0841,0x0841,0x0841,0x0841,0x0841,0x0841,0x0841,0x0841,0x0841,
  0x0841,0x0041,0x0841,0x0841,0x0841,0x0841,0x0841,0x0041,0x0841,0x0841,0x0041,0x0841,0x0041,0x0841,0x0841,0x0041,
  0x0041,0x0041,0x0041,0x0041,0x0041,0x0041,0x0041,0x0041,0x0041,0x0841,0x0841,0x0841,0x0841,0x0841,0x0841,0x0841,
  0x0841,0x0841,0x0841,0x0841,0x0841,0x0841,0x0841,0x0841,0x0841,0x0861,0x0861,0x0841,0x0841,0x0861,0x0861,0x0841,
  0x0841,0x0861,0x0861,0x0861,0x0861,0x0861,0x0861,0x0861,0x0861,0x0861,0x0861,0x0861,0x0861,0x0861,0x0861,0x0861,
  0x0861,0x0861,0x0861,0x0861,0x0861,0x0861,0x0861,0x0861,0x0841,0x0841,0x0841,0x0861,0x0861,0x0861,0x0841,0x0841,
  0x0861,0x0841,0x0841,0x0861,0x0841,0x0861,0x0861,0x0861,0x0861,0x0861,0x0861,0x0841,0x0861,0x0861,0x0861,0x0861,
  0x0861,0x0861,0x0841,0x0841,0x0861,0x0861,0x0841,0x0841,0x0861,0x0841,0x0841,0x0841,0x0841,0x0841,0x0841,0x0841,
  0x0861,0x0841,0x0041,0x0841,0x0841,0x0841,0x0841,0x0041,0x0841,0x0041,0x0041,0x0041,0x0841,0x0841,0x0841,0x0841,
  0x0041,0x0041,0x0041,0x0041,0x0041,0x0041,0x0041,0x0041,0x0041,0x0041,0x0041,0x0041,0x0041,0x0041,0x0041,0x0041,
  0x0021,0x0021,0x0021,0x0041,0x0000,0x0277,0x039F,0x0001,0x10A3,0x0841,0x636F,0x638F,0x0841,0x0020,0x0041,0x0041,
  0x0041,0x0041,0x0041,0x0041,0x0041,0x0041,0x0041,0x0041,0x0041,0x0041,0x0041,0x0041,0x0041,0x0041,0x0041,0x0041,
  0x0041,0x0041,0x0041,0x0041,0x0041,0x0041,0x0041,0x0041,0x0041,0x0041,0x0041,0x0041,0x0041,0x0041,0x0041,0x0041,
  0x0041,0x0041,0x0041,0x0041,0x0041,0x0041,0x0041,0x0041,0x0021,0x0041,0x0041,0x0041,0x0041,0x0041,0x0041,0x0041,
  0x0041,0x0041,0x0041,0x0041,0x0041,0x0041,0x0041,0x0041,0x0041,0x0041,0x0041,0x0041,0x0041,0x0041,0x0041,0x0041,
  0x0041,0x0041,0x0041,0x0041,0x0041,0x0041,0x0041,0x0041,0x0041,0x0041,0x0021,0x0021,0x0021,0x0021,0x0021,0x0021,
  0x0021,0x0021,0x0041,0x0021,0x0041,0x0021,0x0000,0x02D9,0x039F,0x0087,0x8C50,0x636F,0x2987,0x3A09,0x0882,0x0000,
  0x0000,0x027F,0x0191,0x0000,0x0041,0x0041,0x0041,0x0041,0x0041,0x0041,0x0041,0x0041,0x0041,0x0041,0x0041,0x0041,
  0x0041,0x0041,0x0041,0x0041,0x0041,0x0041,0x0041,0x0041,0x0041,0x0041,0x0041,0x0041,0x0041,0x0041,0x0041,0x0041,
  0x0041,0x0041,0x0041,0x0041,0x0841,0x0841,0x0041,0x0041,0x0041,0x0041,0x0041,0x0041,0x0841,0x0841,0x0841,0x0841,
  0x0841,0x0841,0x0841,0x0841,0x0841,0x0841,0x0841,0x0841,0x0841,0x0841,0x0841,0x0841,0x0841,0x0841,0x0841,0x0841,
  0x0041,0x0841,0x0041,0x0041,0x0041,0x0041,0x0041,0x0041,0x0841,0x0841,0x0841,0x0841,0x0841,0x0041,0x0041,0x0041,
  0x0841,0x0041,0x0041,0x0041,0x0041,0x0041,0x0041,0x0841,0x0841,0x0841,0x0841,0x0841,0x0841,0x0841,0x0841,0x0841,
  0x0841,0x0041,0x0841,0x0041,0x0041,0x0841,0x0841,0x0841,0x0841,0x0861,0x0861,0x0841,0x0841,0x0841,0x0841,0x0861,
  0x0841,0x0861,0x0861,0x0861,0x0861,0x0861,0x0861,0x0861,0x0841,0x0861,0x0861,0x0841,0x0841,0x0861,0x0861,0x0861,
  0x0861,0x0841,0x0861,0x0841,0x0841,0x0861,0x0861,0x0861,0x0861,0x0861,0x0861,0x0861,0x0861,0x0861,0x0861,0x0861,
  0x0861,0x0841,0x0841,0x0841,0x0841,0x0861,0x0841,0x0841,0x0861,0x0861,0x0861,0x0861,0x0861,0x0861,0x0841,0x0861,
  0x0841,0x0841,0x0861,0x0861,0x0861,0x0861,0x0841,0x0841,0x0841,0x0861,0x0841,0x0841,0x0841,0x0841,0x0841,0x0841,
  0x0841,0x0841,0x0041,0x0841,0x0841,0x0041,0x0841,0x0841,0x0841,0x0041,0x0041,0x0041,0x0841,0x0841,0x0041,0x0041,
  0x0041,0x0041,0x0041,0x0041,0x0041,0x0041,0x0041,0x0041,0x0041,0x0041,0x0041,0x0041,0x0041,0x0041,0x0041,0x0021,
  0x0041,0x0021,0x0021,0x0041,0x0000,0x0297,0x039F,0x0000,0x0862,0x0841,0x6B8F,0x6BB0,0x0841,0x0021,0x0041,0x0041,
  0x0041,0x0041,0x0041,0x0041,0x0041,0x0041,0x0041,0x0041,0x0041,0x0041,0x0041,0x0041,0x0041,0x0041,0x0041,0x0041,
  0x0041,0x0041,0x0041,0x0041,0x0041,0x0041,0x0041,0x0041,0x0041,0x0041,0x0041,0x0041,0x0041,0x0041,0x0041,0x0041,
  0x0041,0x0041,0x0041,0x0041,0x0041,0x0041,0x0041,0x0041,0x0041,0x0041,0x0041,0x0041,0x0041,0x0041,0x0041,0x0041,
  0x0041,0x0041,0x0041,0x0041,0x0041,0x0041,0x0041,0x0041,0x0041,0x0041,0x0041,0x0041,0x0041,0x0041,0x0041,0x0041,
  0x0041,0x0041,0x0041,0x0041,0x0041,0x0041,0x0041,0x0041,0x0041,0x0041,0x0021,0x0021,0x0041,0x0021,0x0021,0x0021,
  0x0021,0x0021,0x0021,0x0041,0x0021,0x0000,0x033B,0x039F,0x00E9,0x840F,0x638F,0x31C9,0x3A29,0x31C8,0x0862,0x0000,
  0x0000,0x027F,0x0191,0x0000,0x0041,0x0041,0x0041,0x0041,0x0041,0x0041,0x0041,0x0041,0x0041,0x0041,0x0041,0x0041,
  0x0041,0x0041,0x0041,0x0041,0x0041,0x0041,0x0041,0x0041,0x0041,0x0041,0x0041,0x0041,0x0041,0x0041,0x0041,0x0041,
  0x0041,0x0041,0x0041,0x0041,0x0841,0x0041,0x0041,0x0041,0x0041,0x0041,0x0041,0x0041,0x0041,0x0841,0x0041,0x0041,
  0x0041,0x0841,0x0841,0x0841,0x0841,0x0841,0x0841,0x0841,0x0841,0x0841,0x0841,0x0841,0x0841,0x0841,0x0841,0x0841,
  0x0841,0x0041,0x0041,0x0041,0x0041,0x0841,0x0841,0x0041,0x0841,0x0841,0x0041,0x0841,0x0841,0x0841,0x0841,0x0841,
  0x0841,0x0841,0x0041,0x0041,0x0041,0x0041,0x0041,0x0041,0x0041,0x0841,0x0841,0x0841,0x0041,0x0841,0x0841,0x0841,
  0x0841,0x0841,0x0841,0x0041,0x0841,0x0841,0x0841,0x0841,0x0861,0x0861,0x0861,0x0841,0x0841,0x0841,0x0841,0x0841,
  0x0861,0x0861,0x0841,0x0861,0x0861,0x0861,0x0861,0x0861,0x0861,0x0841,0x0841,0x0841,0x0841,0x0841,0x0841,0x0841,
  0x0861,0x0841,0x0841,0x0841,0x0841,0x0841,0x0861,0x0861,0x0861,0x0861,0x0861,0x0841,0x0861,0x0861,0x0861,0x0861,
  0x0861,0x0841,0x0861,0x0841,0x0841,0x0841,0x0861,0x0841,0x0861,0x0861,0x0861,0x0861,0x0841,0x0841,0x0841,0x0841,
  0x0841,0x0841,0x0861,0x0841,0x0861,0x0861,0x0861,0x0861,0x0841,0x0841,0x0841,0x0841,0x0841,0x0841,0x0841,0x0841,
  0x0841,0x0841,0x0841,0x0841,0x0841,0x0841,0x0841,0x0841,0x0041,0x0841,0x0041,0x0841,0x0841,0x0841,0x0841,0x0041,
  0x0041,0x0041,0x0041,0x0041,0x0041,0x0041,0x0041,0x0041,0x0041,0x0041,0x0021,0x0041,0x0041,0x0041,0x0041,0x0041,
  0x0021,0x0021,0x0021,0x0041,0x0000,0x0277,0x039F,0x0001,0x0021,0x0841,0x6B8E,0x636F,0x0841,0x0020,0x0041,0x0041,
  0x0041,0x0041,0x0041,0x0041,0x0041,0x0041,0x0041,0x0041,0x0041,0x0041,0x0041,0x0041,0x0041,0x0041,0x0041,0x0041,
  0x0041,0x0041,0x0041,0x0041,0x0041,0x0041,0x0041,0x0041,0x0041,0x0041,0x0041,0x0041,0x0041,0x0041,0x0041,0x0041,
  0x0041,0x0041,0x0041,0x0041,0x0041,0x0041,0x0041,0x0041,0x0041,0x0041,0x0041,0x0041,0x0041,0x0041,0x0041,0x0041,
  0x0041,0x0041,0x0041,0x0041,0x0041,0x0041,0x0041,0x0041,0x0041,0x0041,0x0041,0x0041,0x0041,0x0041,0x0041,0x0041,
  0x0041,0x0041,0x0041,0x0041,0x0041,0x0041,0x0021,0x0021,0x0041,0x0041,0x0021,0x0021,0x0021,0x0021,0x0021,0x0021,
  0x0021,0x0021,0x0041,0x0020,0x0000,0x031D,0x039F,0x00A7,0x840F,0x6BB0,0x31E9,0x3A2A,0x3A09,0x31E9,0x0862,0x0000,
  0x0000,0x02BF,0x0191,0x0000,0x0041,0x0041,0x0041,0x0041,0x0041,0x0041,0x0041,0x0041,0x0041,0x0041,0x0041,0x0041,
  0x0041,0x0041,0x0041,0x0041,0x0041,0x0041,0x0041,0x0041,0x0041,0x0041,0x0041,0x0041,0x0041,0x0041,0x0041,0x0041,
  0x0041,0x0041,0x0041,0x0041,0x0041,0x0041,0x0041,0x0041,0x0041,0x0041,0x0041,0x0041,0x0041,0x0841,0x0041,0x0041,
  0x0041,0x0041,0x0841,0x0041,0x0841,0x0841,0x0041,0x0041,0x0841,0x0041,0x0841,0x0841,0x0841,0x0841,0x0841,0x0841,
  0x0841,0x0841,0x0841,0x0841,0x0041,0x0041,0x0841,0x0841,0x0841,0x0841,0x0841,0x0841,0x0841,0x0041,0x0841,0x0841,
  0x0841,0x0041,0x0041,0x0841,0x0041,0x0841,0x0041,0x0041,0x0841,0x0841,0x0841,0x0841,0x0841,0x0841,0x0841,0x0841,
  0x0841,0x0841,0x0841,0x0841,0x0841,0x0841,0x0841,0x0841,0x0841,0x0861,0x0841,0x0861,0x0841,0x0841,0x0861,0x0841,
  0x0861,0x0861,0x0861,0x0861,0x0861,0x0841,0x0841,0x0841,0x0861,0x0841,0x0861,0x0841,0x0841,0x0841,0x0041,0x0841,
  0x0841,0x0841,0x0041,0x0841,0x0841,0x0841,0x0861,0x0861,0x0861,0x0841,0x0861,0x0861,0x0861,0x0861,0x0861,0x0861,
  0x0841,0x0841,0x0841,0x0841,0x0841,0x0841,0x0841,0x0841,0x0841,0x0861,0x0841,0x0841,0x0841,0x0841,0x0841,0x0841,
  0x0841,0x0841,0x0841,0x0861,0x0861,0x0841,0x0861,0x0841,0x0841,0x0841,0x0841,0x0841,0x0841,0x0841,0x0841,0x0841,
  0x0841,0x0841,0x0041,0x0841,0x0841,0x0841,0x0841,0x0841,0x0041,0x0041,0x0841,0x0841,0x0041,0x0041,0x0841,0x0841,
  0x0041,0x0041,0x0041,0x0041,0x0041,0x0041,0x0041,0x0041,0x0041,0x0041,0x0041,0x0041,0x0041,0x0041,0x0041,0x0041,
  0x0021,0x0021,0x0021,0x0041,0x0000,0x0256,0x039F,0x0001,0x0000,0x0841,0x634D,0x5B0D,0x0000,0x0021,0x0041,0x0021,
  0x0041,0x0041,0x0041,0x0041,0x0041,0x0041,0x0041,0x0041,0x0041,0x0041,0x0041,0x0041,0x0041,0x0041,0x0041,0x0041,
  0x0041,0x0041,0x0041,0x0041,0x0041,0x0041,0x0041,0x0041,0x0041,0x0041,0x0041,0x0041,0x0041,0x0041,0x0041,0x0041,
  0x0041,0x0041,0x0041,0x0041,0x0021,0x0041,0x0041,0x0041,0x0041,0x0041,0x0041,0x0041,0x0041,0x0041,0x0041,0x0041,
  0x0041,0x0041,0x0041,0x0041,0x0041,0x0041,0x0041,0x0041,0x0041,0x0041,0x0041,0x0041,0x0041,0x0041,0x0041,0x0041,
  0x0041,0x0041,0x0041,0x0041,0x0021,0x0021,0x0041,0x0041,0x0021,0x0021,0x0021,0x0021,0x0021,0x0021,0x0021,0x0021,
  0x0021,0x0041,0x0000,0x0001,0x033E,0x037F,0x00A8,0x7BCE,0x5B4E,0x31E9,0x3A2A,0x3A09,0x3A09,0x3A09,0x0862,0x0000,
  0x0000,0x02BF,0x01B2,0x0000,0x0041,0x0021,0x0041,0x0041,0x0041,0x0041,0x0041,0x0041,0x0041,0x0041,0x0041,0x0041,
  0x0041,0x0041,0x0041,0x0041,0x0041,0x0041,0x0041,0x0041,0x0041,0x0041,0x0041,0x0041,0x0041,0x0041,0x0041,0x0041,
  0x0041,0x0041,0x0041,0x0041,0x0841,0x0041,0x0041,0x0841,0x0041,0x0041,0x0041,0x0041,0x0041,0x0841,0x0041,0x0041,
  0x0041,0x0041,0x0041,0x0041,0x0041,0x0841,0x0041,0x0841,0x0841,0x0841,0x0841,0x0841,0x0841,0x0841,0x0841,0x0841,
  0x0841,0x0841,0x0841,0x0841,0x0041,0x0841,0x0041,0x0841,0x0841,0x0841,0x0841,0x0841,0x0841,0x0841,0x0041,0x0841,
  0x0841,0x0041,0x0841,0x0841,0x0841,0x0841,0x0041,0x0841,0x0841,0x0841,0x0841,0x0841,0x0841,0x0841,0x0841,0x0841,
  0x0841,0x0841,0x0841,0x0841,0x0841,0x0841,0x0841,0x0841,0x0841,0x0841,0x0841,0x0861,0x0861,0x0841,0x0861,0x0841,
  0x0841,0x0861,0x0841,0x0841,0x0861,0x0861,0x0861,0x0861,0x0841,0x0841,0x0841,0x0841,0x0841,0x0841,0x0841,0x0041,
  0x0841,0x0041,0x0841,0x0841,0x0841,0x0841,0x0841,0x0861,0x0861,0x0841,0x0861,0x0861,0x0861,0x0861,0x0841,0x0841,
  0x0841,0x0861,0x0861,0x0841,0x0841,0x0841,0x0841,0x0861,0x0841,0x0861,0x0861,0x0861,0x0861,0x0861,0x0841,0x0841,
  0x0861,0x0841,0x0841,0x0861,0x0841,0x0841,0x0841,0x0841,0x0841,0x0041,0x0041,0x0841,0x0041,0x0841,0x0841,0x0841,
  0x0841,0x0841,0x0041,0x0841,0x0841,0x0841,0x0841,0x0041,0x0841,0x0041,0x0041,0x0041,0x0041,0x0841,0x0041,0x0041,
  0x0041,0x0041,0x0041,0x0041,0x0041,0x0041,0x0041,0x0041,0x0041,0x0041,0x0041,0x0041,0x0041,0x0021,0x0041,0x0041,
  0x0021,0x0021,0x0021,0x0041,0x0000,0x0256,0x039F,0x0021,0x18C4,0x0020,0x4A8A,0x6BAF,0x52CB,0x0000,0x0041,0x0041,
  0x0041,0x0041,0x0041,0x0021,0x0041,0x0041,0x0041,0x0041,0x0041,0x0041,0x0041,0x0041,0x0041,0x0041,0x0041,0x0041,
  0x0041,0x0041,0x0041,0x0041,0x0041,0x0041,0x0041,0x0041,0x0041,0x0041,0x0041,0x0041,0x0041,0x0041,0x0041,0x0041,
  0x0041,0x0041,0x0041,0x0021,0x0021,0x0041,0x0041,0x0041,0x0041,0x0041,0x0041,0x0041,0x0041,0x0041,0x0021,0x0041,
  0x0041,0x0041,0x0041,0x0041,0x0041,0x0041,0x0021,0x0041,0x0041,0x0021,0x0021,0x0021,0x0021,0x0021,0x0041,0x0041,
  0x0021,0x0021,0x0021,0x0021,0x0021,0x0021,0x0021,0x0021,0x0021,0x0021,0x0021,0x0021,0x0021,0x0021,0x0021,0x0021,
  0x0041,0x0000,0x0022,0x037F,0x037F,0x08A6,0x8430,0x5B4E,0x31C8,0x3A2A,0x31E9,0x3A09,0x3A09,0x3A09,0x0862,0x0000,
  0x0000,0x02BF,0x01B2,0x0000,0x0041,0x0041,0x0041,0x0021,0x0041,0x0041,0x0041,0x0041,0x0041,0x0041,0x0041,0x0041,
  0x0041,0x0041,0x0041,0x0041,0x0041,0x0041,0x0041,0x0041,0x0041,0x0041,0x0041,0x0041,0x0041,0x0041,0x0041,0x0041,
  0x0041,0x0041,0x0041,0x0041,0x0841,0x0041,0x0041,0x0841,0x0041,0x0041,0x0041,0x0041,0x0041,0x0041,0x0041,0x0041,
  0x0041,0x0841,0x0841,0x0841,0x0041,0x0041,0x0041,0x0841,0x0841,0x0841,0x0841,0x0841,0x0841,0x0841,0x0041,0x0841,
  0x0841,0x0841,0x0841,0x0841,0x0841,0x0841,0x0041,0x0841,0x0841,0x0841,0x0841,0x0841,0x0841,0x0841,0x0841,0x0841,
  0x0041,0x0041,0x0041,0x0841,0x0841,0x0041,0x0841,0x0841,0x0041,0x0841,0x0841,0x0841,0x0841,0x0841,0x0841,0x0841,
  0x0841,0x0841,0x0841,0x0841,0x0841,0x0841,0x0841,0x0861,0x0841,0x0841,0x0841,0x0841,0x0841,0x0841,0x0841,0x0841,
  0x0041,0x0841,0x0841,0x0841,0x0861,0x0861,0x0861,0x0861,0x0841,0x0841,0x0841,0x0841,0x0841,0x0841,0x0841,0x0041,
  0x0841,0x0841,0x0841,0x0841,0x0841,0x0841,0x0841,0x0841,0x0861,0x0861,0x0861,0x0861,0x0861,0x0861,0x0861,0x0841,
  0x0841,0x0841,0x0841,0x0841,0x0841,0x0861,0x0861,0x0861,0x0841,0x0861,0x0861,0x0841,0x0861,0x0861,0x0841,0x0841,
  0x0841,0x0841,0x0841,0x0841,0x0841,0x0861,0x0841,0x0841,0x0841,0x0841,0x0041,0x0841,0x0841,0x0841,0x0841,0x0841,
  0x0841,0x0841,0x0841,0x0841,0x0841,0x0841,0x0841,0x0841,0x0041,0x0041,0x0041,0x0041,0x0041,0x0041,0x0041,0x0041,
  0x0041,0x0041,0x0041,0x0041,0x0041,0x0041,0x0041,0x0041,0x0041,0x0041,0x0041,0x0041,0x0041,0x0041,0x0041,0x0021,
  0x0021,0x0021,0x0021,0x0041,0x0000,0x0257,0x037F,0x0842,0x424A,0x0841,0x0882,0x4A8B,0x8C93,0x5ACB,0x0000,0x0041,
  0x0041,0x0021,0x0041,0x0021,0x0041,0x0041,0x0041,0x0041,0x0041,0x0041,0x0041,0x0041,0x0041,0x0041,0x0041,0x0041,
  0x0041,0x0041,0x0041,0x0041,0x0041,0x0041,0x0041,0x0041,0x0041,0x0041,0x0041,0x0041,0x0041,0x0041,0x0041,0x0041,
  0x0041,0x0041,0x0041,0x0041,0x0041,0x0041,0x0041,0x0041,0x0041,0x0041,0x0041,0x0041,0x0041,0x0041,0x0041,0x0041,
  0x0041,0x0041,0x0041,0x0041,0x0041,0x0041,0x0041,0x0041,0x0041,0x0041,0x0041,0x0041,0x0041,0x0041,0x0041,0x0041,
  0x0041,0x0021,0x0041,0x0041,0x0041,0x0041,0x0021,0x0041,0x0041,0x0021,0x0021,0x0021,0x0021,0x0021,0x0021,0x0041,
  0x0000,0x0042,0x037F,0x037F,0x00A6,0x8430,0x636F,0x31E9,0x3A2A,0x3A09,0x3A09,0x31C8,0x31E9,0x39E9,0x0862,0x0000,
  0x0000,0x02BF,0x0191,0x0000,0x0041,0x0041,0x0041,0x0041,0x0041,0x0041,0x0041,0x0041,0x0041,0x0041,0x0041,0x0041,
  0x0041,0x0041,0x0041,0x0041,0x0041,0x0041,0x0041,0x0041,0x0041,0x0041,0x0041,0x0041,0x0041,0x0041,0x0041,0x0041,
  0x0041,0x0041,0x0041,0x0041,0x0041,0x0041,0x0041,0x0041,0x0041,0x0041,0x0041,0x0041,0x0841,0x0841,0x0041,0x0841,
  0x0041,0x0041,0x0841,0x0041,0x0041,0x0041,0x0041,0x0841,0x0841,0x0041,0x0841,0x0841,0x0841,0x0841,0x0841,0x0841,
  0x0841,0x0841,0x0841,0x0841,0x0841,0x0841,0x0841,0x0041,0x0841,0x0841,0x0841,0x0841,0x0841,0x0841,0x0841,0x0841,
  0x0841,0x0041,0x0041,0x0041,0x0041,0x0841,0x0841,0x0841,0x0841,0x0841,0x0841,0x0841,0x0841,0x0841,0x0841,0x0841,
  0x0841,0x0841,0x0841,0x0841,0x0841,0x0841,0x0841,0x0841,0x0841,0x0841,0x0841,0x0841,0x0841,0x0841,0x0841,0x0841,
  0x0841,0x0841,0x0841,0x0841,0x0841,0x0861,0x0861,0x0861,0x0861,0x0861,0x0841,0x0841,0x0841,0x0841,0x0841,0x0041,
  0x0841,0x0041,0x0041,0x0841,0x0841,0x0841,0x0841,0x0841,0x0841,0x0841,0x0841,0x0861,0x0861,0x0861,0x0861,0x0841,
  0x0841,0x0841,0x0861,0x0841,0x0841,0x0861,0x0861,0x0861,0x0861,0x0861,0x0861,0x0861,0x0841,0x0841,0x0841,0x0841,
  0x0841,0x0841,0x0841,0x0861,0x0861,0x0841,0x0841,0x0841,0x0841,0x0041,0x0841,0x0841,0x0841,0x0841,0x0841,0x0041,
  0x0841,0x0841,0x0841,0x0841,0x0841,0x0841,0x0841,0x0841,0x0841,0x0041,0x0841,0x0041,0x0041,0x0041,0x0041,0x0041,
  0x0041,0x0041,0x0041,0x0041,0x0041,0x0041,0x0041,0x0041,0x0041,0x0041,0x0041,0x0041,0x0041,0x0041,0x0021,0x0021,
  0x0021,0x0021,0x0021,0x0041,0x0000,0x0256,0x037F,0x0021,0x31A7,0x2145,0x0000,0x0862,0x4A8B,0x8C92,0x52AA,0x0000,
  0x0041,0x0021,0x0021,0x0021,0x0041,0x0041,0x0041,0x0041,0x0041,0x0041,0x0021,0x0041,0x0041,0x0041,0x0041,0x0041,
  0x0041,0x0041,0x0041,0x0041,0x0041,0x0041,0x0041,0x0041,0x0041,0x0041,0x0041,0x0041,0x0041,0x0041,0x0041,0x0000,
  0x0000,0x0000,0x0000,0x0000,0x0000,0x0000,0x0000,0x0000,0x0000,0x0000,0x0000,0x0000,0x0000,0x0000,0x0000,0x0000,
  0x0000,0x0000,0x0000,0x0000,0x0000,0x0000,0x0000,0x0000,0x0000,0x0000,0x0000,0x0000,0x0000,0x0000,0x0000,0x0000,
  0x0000,0x0000,0x0000,0x0000,0x0000,0x0000,0x0000,0x0000,0x0000,0x0000,0x0000,0x0000,0x0000,0x0000,0x0000,0x0000,
  0x0043,0x033F,0x033F,0x0885,0x840F,0x638F,0x3209,0x424A,0x424B,0x3A2A,0x3A09,0x3A09,0x39E9,0x31E9,0x0862,0x0000,
  0x0000,0x02BF,0x0191,0x0000,0x0041,0x0041,0x0041,0x0041,0x0041,0x0041,0x0021,0x0041,0x0041,0x0041,0x0041,0x0041,
  0x0041,0x0041,0x0041,0x0041,0x0041,0x0041,0x0041,0x0041,0x0041,0x0041,0x0041,0x0041,0x0041,0x0041,0x0041,0x0041,
  0x0041,0x0041,0x0041,0x0041,0x0041,0x0041,0x0041,0x0041,0x0041,0x0041,0x0041,0x0041,0x0841,0x0841,0x0841,0x0041,
  0x0041,0x0041,0x0041,0x0041,0x0041,0x0041,0x0841,0x0041,0x0041,0x0841,0x0841,0x0841,0x0041,0x0041,0x0841,0x0841,
  0x0841,0x0841,0x0841,0x0841,0x0841,0x0841,0x0841,0x0841,0x0041,0x0041,0x0841,0x0841,0x0841,0x0841,0x0841,0x0841,
  0x0841,0x0841,0x0041,0x0841,0x0041,0x0841,0x0041,0x0841,0x0841,0x0841,0x0841,0x0841,0x0841,0x0841,0x0841,0x0861,
  0x0841,0x0841,0x0841,0x0841,0x0841,0x0841,0x0861,0x0841,0x0841,0x0841,0x0841,0x0841,0x0841,0x0861,0x0841,0x0841,
  0x0041,0x0841,0x0841,0x0841,0x0841,0x0861,0x0861,0x0841,0x0861,0x0841,0x0841,0x0841,0x0841,0x0841,0x0841,0x0841,
  0x0841,0x0841,0x0841,0x0041,0x0841,0x0861,0x0841,0x0841,0x0861,0x0861,0x0841,0x0841,0x0861,0x0861,0x0841,0x0841,
  0x0841,0x0861,0x0861,0x0861,0x0861,0x0861,0x0861,0x0861,0x0861,0x0861,0x0841,0x0841,0x0861,0x0861,0x0861,0x0841,
  0x0841,0x0841,0x0041,0x0841,0x0861,0x0841,0x0841,0x0841,0x0041,0x0841,0x0841,0x0841,0x0841,0x0041,0x0841,0x0841,
  0x0841,0x0841,0x0041,0x0841,0x0841,0x0841,0x0841,0x0841,0x0841,0x0041,0x0041,0x0041,0x0041,0x0041,0x0841,0x0041,
  0x0041,0x0041,0x0041,0x0041,0x0041,0x0041,0x0041,0x0041,0x0041,0x0041,0x0041,0x0021,0x0041,0x0041,0x0021,0x0041,
  0x0021,0x0021,0x0021,0x0041,0x0000,0x0276,0x039F,0x0000,0x0841,0x0862,0x18C3,0x0020,0x0861,0x528B,0x8C72,0x528A,
  0x0000,0x0041,0x0021,0x0041,0x0021,0x0021,0x0041,0x0041,0x0021,0x0021,0x0021,0x0021,0x0041,0x0041,0x0041,0x0041,
  0x0041,0x0041,0x0041,0x0041,0x0041,0x0041,0x0021,0x0041,0x0041,0x0041,0x0021,0x0041,0x0041,0x0041,0x0000,0x0255,
  0x031B,0x0296,0x02DA,0x02B9,0x02B9,0x0278,0x0258,0x027A,0x029A,0x0279,0x02BA,0x02DB,0x02DB,0x02DB,0x02BB,0x02BB,
  0x02BB,0x02BB,0x029B,0x02BB,0x02DC,0x02DC,0x02DC,0x02BC,0x02BB,0x029B,0x029B,0x029B,0x029B,0x027C,0x029B,0x027B,
  0x025A,0x025A,0x025A,0x025A,0x01F9,0x01F9,0x01F9,0x01F9,0x01D9,0x01D9,0x01B9,0x0179,0x01B9,0x01FA,0x021B,0x021B,
  0x02BF,0x02DF,0x2968,0x840F,0x5B4E,0x3209,0x426B,0x424B,0x3A2A,0x3A09,0x3A2A,0x3A09,0x3A09,0x31E9,0x0861,0x0000,
  0x0000,0x02BF,0x0191,0x0000,0x0041,0x0041,0x0041,0x0041,0x0041,0x0041,0x0021,0x0021,0x0021,0x0041,0x0041,0x0041,
  0x0041,0x0041,0x0041,0x0041,0x0041,0x0041,0x0041,0x0041,0x0041,0x0041,0x0041,0x0041,0x0041,0x0041,0x0041,0x0041,
  0x0041,0x0041,0x0041,0x0041,0x0041,0x0041,0x0041,0x0041,0x0041,0x0041,0x0841,0x0041,0x0841,0x0841,0x0041,0x0041,
  0x0041,0x0841,0x0041,0x0041,0x0041,0x0041,0x0041,0x0041,0x0041,0x0041,0x0841,0x0841,0x0041,0x0841,0x0841,0x0041,
  0x0841,0x0841,0x0841,0x0841,0x0861,0x0841,0x0841,0x0041,0x0841,0x0841,0x0841,0x0841,0x0841,0x0841,0x0841,0x0841,
  0x0841,0x0841,0x0041,0x0841,0x0841,0x0841,0x0841,0x0841,0x0841,0x0841,0x0841,0x0841,0x0841,0x0861,0x0841,0x0841,
  0x0841,0x0841,0x0841,0x0841,0x0841,0x0841,0x0841,0x0841,0x0841,0x0841,0x0841,0x0841,0x0841,0x0841,0x0841,0x0841,
  0x0841,0x0841,0x0841,0x0841,0x0861,0x0841,0x0841,0x0861,0x0841,0x0841,0x0841,0x0861,0x0841,0x0841,0x0841,0x0041,
  0x0841,0x0841,0x0841,0x0041,0x0841,0x0841,0x0841,0x0861,0x0841,0x0861,0x0861,0x0841,0x0841,0x0841,0x0841,0x0841,
  0x0861,0x0841,0x0861,0x0861,0x0861,0x0861,0x0861,0x0861,0x0841,0x0841,0x0841,0x0841,0x0861,0x0861,0x0841,0x0861,
  0x0841,0x0841,0x0841,0x0841,0x0841,0x0861,0x0841,0x0841,0x0041,0x0841,0x0041,0x0841,0x0841,0x0841,0x0041,0x0041,
  0x0041,0x0841,0x0841,0x0841,0x0841,0x0841,0x0841,0x0841,0x0041,0x0041,0x0841,0x0041,0x0041,0x0841,0x0041,0x0041,
  0x0041,0x0041,0x0841,0x0041,0x0041,0x0041,0x0041,0x0041,0x0041,0x0041,0x0041,0x0021,0x0041,0x0041,0x0021,0x0021,
  0x0021,0x0021,0x0021,0x0041,0x0000,0x0256,0x03DF,0x0001,0x0001,0x0001,0x18C3,0x2125,0x0021,0x1082,0x4A8B,0x8C93,
  0x52AA,0x0000,0x0041,0x0021,0x0021,0x0041,0x0041,0x0041,0x0041,0x0041,0x0041,0x0041,0x0041,0x0041,0x0041,0x0041,
  0x0041,0x0041,0x0041,0x0041,0x0041,0x0041,0x0041,0x0041,0x0041,0x0041,0x0041,0x0021,0x0041,0x0000,0x02B7,0x03DF,
  0x42AE,0x7432,0x7C32,0x8453,0x8453,0x7C33,0x8C73,0x8C93,0x8C73,0x8453,0x73D1,0x6BB1,0x6BD1,0x73D1,0x73D0,0x6BB0,
  0x6BB0,0x6BB0,0x6B90,0x6B90,0x6BB0,0x6BB0,0x6BD0,0x73D1,0x73F1,0x73F1,0x73F1,0x73D1,0x73D1,0x73F2,0x73F2,0x73F2,
  0x73D1,0x73F2,0x73F2,0x73F2,0x73F2,0x6BD2,0x6BF3,0x7413,0x7434,0x7C55,0x7455,0x7456,0x7435,0x8496,0x84B6,0x84D8,
  0x8474,0x8410,0x8C92,0x636F,0x3A4A,0x426B,0x426B,0x3A2A,0x3A09,0x3A09,0x3A09,0x3A09,0x3A29,0x3A09,0x0862,0x0000,
  0x0000,0x02BF,0x0191,0x0000,0x0041,0x0041,0x0041,0x0041,0x0041,0x0021,0x0021,0x0041,0x0021,0x0041,0x0041,0x0041,
  0x0041,0x0041,0x0041,0x0041,0x0041,0x0041,0x0041,0x0041,0x0041,0x0041,0x0041,0x0041,0x0041,0x0041,0x0041,0x0041,
  0x0041,0x0041,0x0041,0x0041,0x0041,0x0041,0x0041,0x0041,0x0041,0x0041,0x0841,0x0841,0x0041,0x0041,0x0041,0x0041,
  0x0041,0x0041,0x0041,0x0041,0x0041,0x0841,0x0041,0x0041,0x0041,0x0841,0x0841,0x0841,0x0041,0x0041,0x0041,0x0841,
  0x0841,0x0841,0x0841,0x0841,0x0841,0x0841,0x0041,0x0041,0x0841,0x0841,0x0041,0x0041,0x0041,0x0841,0x0841,0x0841,
  0x0041,0x0841,0x0841,0x0841,0x0841,0x0841,0x0041,0x0041,0x0841,0x0841,0x0841,0x0841,0x0841,0x0841,0x0841,0x0841,
  0x0841,0x0841,0x0841,0x0841,0x0841,0x0841,0x0841,0x0841,0x0861,0x0861,0x0861,0x0841,0x0841,0x0841,0x0841,0x0841,
  0x0861,0x0841,0x0841,0x0841,0x0841,0x0841,0x0841,0x0841,0x0841,0x0861,0x0841,0x0841,0x0841,0x0841,0x0841,0x0841,
  0x0841,0x0841,0x0841,0x0041,0x0841,0x0841,0x0841,0x0841,0x0841,0x0841,0x0861,0x0861,0x0841,0x0861,0x0841,0x0841,
  0x0841,0x0841,0x0861,0x0861,0x0841,0x0861,0x0841,0x0841,0x0861,0x0841,0x0861,0x0861,0x0841,0x0841,0x0861,0x0841,
  0x0841,0x0841,0x0841,0x0841,0x0841,0x0841,0x0841,0x0841,0x0841,0x0841,0x0841,0x0841,0x0841,0x0841,0x0841,0x0041,
  0x0841,0x0841,0x0841,0x0841,0x0841,0x0841,0x0841,0x0841,0x0041,0x0041,0x0041,0x0041,0x0041,0x0841,0x0041,0x0041,
  0x0041,0x0041,0x0041,0x0041,0x0041,0x0041,0x0041,0x0041,0x0041,0x0041,0x0041,0x0041,0x0041,0x0041,0x0041,0x0021,
  0x0021,0x0021,0x0021,0x0041,0x0000,0x0236,0x037F,0x0841,0x10A3,0x0020,0x0841,0x18C4,0x2125,0x0841,0x0861,0x4A8B,
  0x8C93,0x4A69,0x0000,0x0041,0x0020,0x0000,0x0000,0x0000,0x0000,0x0000,0x0000,0x0000,0x0000,0x0000,0x0000,0x0000,
  0x0000,0x0000,0x0000,0x0000,0x0000,0x0000,0x0000,0x0000,0x0000,0x0000,0x0000,0x0041,0x0000,0x0256,0x03FF,0x3A08,
  0x6B2C,0x4207,0x18C2,0x2103,0x18C3,0x18C2,0x18C2,0x18E3,0x20E3,0x18E3,0x18C2,0x18C2,0x18C2,0x18E3,0x18E3,0x18E3,
  0x18E3,0x18E3,0x2103,0x2924,0x2124,0x2924,0x2945,0x2944,0x2965,0x2965,0x2965,0x2945,0x2965,0x2965,0x2986,0x2966,
  0x2945,0x2145,0x2966,0x2986,0x2966,0x2986,0x31A7,0x2987,0x31A7,0x31C8,0x31E8,0x31C8,0x39E8,0x3A09,0x3A29,0x3A29,
  0x3A4A,0x42AC,0x426C,0x426B,0x428B,0x426B,0x424A,0x3A2A,0x424A,0x3A09,0x3A09,0x3A09,0x39E9,0x3A09,0x0862,0x0000,
  0x0000,0x027F,0x0191,0x0000,0x0041,0x0041,0x0021,0x0021,0x0021,0x0041,0x0021,0x0021,0x0041,0x0041,0x0041,0x0041,
  0x0041,0x0041,0x0041,0x0041,0x0041,0x0041,0x0041,0x0041,0x0041,0x0041,0x0041,0x0041,0x0041,0x0041,0x0041,0x0041,
  0x0041,0x0041,0x0041,0x0041,0x0041,0x0041,0x0041,0x0041,0x0041,0x0041,0x0041,0x0041,0x0041,0x0041,0x0041,0x0041,
  0x0041,0x0041,0x0041,0x0041,0x0041,0x0041,0x0041,0x0041,0x0041,0x0041,0x0041,0x0841,0x0041,0x0841,0x0041,0x0041,
  0x0841,0x0841,0x0841,0x0041,0x0841,0x0841,0x0041,0x0841,0x0841,0x0041,0x0041,0x0041,0x0841,0x0841,0x0841,0x0041,
  0x0041,0x0041,0x0041,0x0841,0x0841,0x0841,0x0841,0x0841,0x0041,0x0841,0x0841,0x0841,0x0841,0x0841,0x0861,0x0841,
  0x0841,0x0841,0x0841,0x0841,0x0841,0x0841,0x0841,0x0861,0x0841,0x0841,0x0861,0x0841,0x0841,0x0041,0x0841,0x0841,
  0x0841,0x0861,0x0841,0x0841,0x0841,0x0841,0x0841,0x0841,0x0841,0x0841,0x0841,0x0841,0x0841,0x0841,0x0861,0x0841,
  0x0041,0x0841,0x0841,0x0041,0x0841,0x0841,0x0841,0x0841,0x0841,0x0841,0x0861,0x0841,0x0841,0x0841,0x0841,0x0841,
  0x0841,0x0841,0x0841,0x0861,0x0861,0x0841,0x0861,0x0861,0x0841,0x0841,0x0861,0x0861,0x0861,0x0841,0x0841,0x0861,
  0x0841,0x0841,0x0841,0x0841,0x0861,0x0841,0x0841,0x0841,0x0841,0x0841,0x0841,0x0041,0x0841,0x0841,0x0841,0x0841,
  0x0841,0x0841,0x0861,0x0841,0x0841,0x0841,0x0841,0x0041,0x0041,0x0041,0x0041,0x0041,0x0041,0x0041,0x0041,0x0041,
  0x0041,0x0041,0x0041,0x0041,0x0041,0x0041,0x0041,0x0041,0x0041,0x0041,0x0021,0x0041,0x0041,0x0041,0x0021,0x0021,
  0x0021,0x0021,0x0021,0x0041,0x0000,0x0257,0x039F,0x2124,0x5ACB,0x10C3,0x0021,0x0021,0x10A3,0x2104,0x0000,0x0882,
  0x4A8B,0x94B3,0x528A,0x0000,0x00A6,0x0193,0x01D5,0x01F7,0x0238,0x0278,0x0299,0x0299,0x02B9,0x02B9,0x02B9,0x02B9,
  0x02B9,0x02B9,0x02B9,0x02B9,0x02B9,0x0299,0x0299,0x0278,0x0258,0x0258,0x0235,0x0041,0x0257,0x039F,0x4A28,0x6B4C,
  0x2965,0x10A3,0x2124,0x2104,0x2104,0x2104,0x2104,0x2124,0x2124,0x2124,0x2945,0x2945,0x2124,0x2945,0x2965,0x2945,
  0x2965,0x3186,0x3186,0x2966,0x31A6,0x31C7,0x31C7,0x31C7,0x39E8,0x39C7,0x39C7,0x31C7,0x39E8,0x39E8,0x39E8,0x31A7,
  0x31C7,0x31C8,0x31C8,0x31C8,0x31E8,0x31E8,0x31E8,0x39E8,0x31E8,0x39E9,0x3A2A,0x3A2A,0x424A,0x426B,0x4AAC,0x426B,
  0x428B,0x4A8B,0x426B,0x426B,0x424A,0x426B,0x424A,0x424A,0x424A,0x3A09,0x39E9,0x31C8,0x31E8,0x3A09,0x0882,0x0000,
  0x0000,0x027F,0x0191,0x0000,0x0041,0x0041,0x0041,0x0021,0x0021,0x0021,0x0021,0x0041,0x0041,0x0041,0x0041,0x0041,
  0x0041,0x0041,0x0041,0x0041,0x0041,0x0041,0x0041,0x0041,0x0041,0x0041,0x0041,0x0041,0x0041,0x0041,0x0041,0x0041,
  0x0041,0x0041,0x0041,0x0041,0x0041,0x0041,0x0041,0x0041,0x0041,0x0041,0x0841,0x0041,0x0041,0x0041,0x0041,0x0041,
  0x0041,0x0041,0x0041,0x0841,0x0041,0x0041,0x0041,0x0041,0x0041,0x0041,0x0841,0x0041,0x0841,0x0041,0x0041,0x0041,
  0x0041,0x0841,0x0841,0x0841,0x0841,0x0841,0x0041,0x0041,0x0041,0x0841,0x0841,0x0041,0x0041,0x0041,0x0041,0x0841,
  0x0841,0x0041,0x0841,0x0841,0x0841,0x0841,0x0841,0x0841,0x0841,0x0841,0x0841,0x0841,0x0841,0x0841,0x0841,0x0841,
  0x0041,0x0841,0x0841,0x0841,0x0841,0x0841,0x0841,0x0841,0x0841,0x0841,0x0841,0x0841,0x0861,0x0841,0x0841,0x0841,
  0x0841,0x0861,0x0841,0x0861,0x0841,0x0841,0x0841,0x0841,0x0841,0x0841,0x0841,0x0841,0x0841,0x0841,0x0861,0x0841,
  0x0841,0x0841,0x0841,0x0841,0x0841,0x0841,0x0841,0x0841,0x0861,0x0841,0x0861,0x0861,0x0841,0x0841,0x0841,0x0841,
  0x0861,0x0841,0x0861,0x0841,0x0861,0x0841,0x0861,0x0861,0x0861,0x0841,0x0841,0x0841,0x0841,0x0841,0x0841,0x0841,
  0x0841,0x0841,0x0841,0x0841,0x0841,0x0841,0x0841,0x0841,0x0841,0x0841,0x0841,0x0841,0x0861,0x0841,0x0841,0x0841,
  0x0841,0x0841,0x0841,0x0841,0x0841,0x0841,0x0841,0x0041,0x0041,0x0041,0x0041,0x0041,0x0041,0x0041,0x0041,0x0041,
  0x0041,0x0041,0x0041,0x0041,0x0041,0x0041,0x0041,0x0041,0x0041,0x0041,0x0041,0x0041,0x0041,0x0021,0x0041,0x0041,
  0x0021,0x0021,0x0021,0x0041,0x0000,0x0296,0x03DF,0x1904,0x39E8,0x0841,0x0000,0x0000,0x0020,0x10A3,0x10A3,0x0020,
  0x10A2,0x5AEC,0x9D14,0x528A,0x0000,0x00CC,0x0173,0x01B5,0x01D6,0x01F6,0x0237,0x0258,0x0278,0x0258,0x0278,0x0278,
  0x0257,0x0237,0x0258,0x0258,0x0257,0x0257,0x0217,0x0217,0x01D6,0x01F7,0x00AA,0x0298,0x037F,0x4207,0x6B4D,0x3186,
  0x10A2,0x2104,0x2104,0x2104,0x2104,0x2104,0x2104,0x2104,0x2104,0x2124,0x2124,0x2124,0x2124,0x2945,0x2945,0x2945,
  0x2945,0x2965,0x2965,0x2986,0x31A6,0x31A7,0x31A7,0x31A7,0x31C7,0x31A7,0x31A6,0x31C7,0x39E8,0x31C7,0x31A7,0x31A7,
  0x31C7,0x31C7,0x31C7,0x31C8,0x31C8,0x31C8,0x31C8,0x31C8,0x31C8,0x39E8,0x3A09,0x3A2A,0x424A,0x424A,0x424A,0x426B,
  0x424A,0x424A,0x428B,0x424A,0x424A,0x424A,0x3A2A,0x3A09,0x3A09,0x31E9,0x3A09,0x39E8,0x31C8,0x31E9,0x0882,0x0000,
  0x0000,0x027F,0x0171,0x0000,0x0041,0x0041,0x0041,0x0041,0x0021,0x0021,0x0021,0x0021,0x0021,0x0021,0x0041,0x0041,
  0x0041,0x0041,0x0041,0x0041,0x0041,0x0041,0x0041,0x0041,0x0041,0x0041,0x0041,0x0041,0x0041,0x0041,0x0041,0x0041,
  0x0041,0x0041,0x0041,0x0041,0x0041,0x0041,0x0041,0x0041,0x0041,0x0041,0x0041,0x0041,0x0041,0x0841,0x0841,0x0041,
  0x0041,0x0041,0x0041,0x0841,0x0841,0x0841,0x0041,0x0041,0x0041,0x0041,0x0041,0x0841,0x0041,0x0041,0x0041,0x0841,
  0x0041,0x0041,0x0041,0x0041,0x0041,0x0841,0x0841,0x0841,0x0041,0x0841,0x0841,0x0841,0x0841,0x0041,0x0841,0x0041,
  0x0041,0x0841,0x0841,0x0041,0x0841,0x0041,0x0041,0x0841,0x0841,0x0841,0x0841,0x0841,0x0841,0x0841,0x0841,0x0841,
  0x0841,0x0841,0x0841,0x0841,0x0841,0x0841,0x0841,0x0841,0x0841,0x0841,0x0841,0x0841,0x0841,0x0841,0x0841,0x0841,
  0x0861,0x0841,0x0861,0x0841,0x0841,0x0841,0x0841,0x0841,0x0841,0x0841,0x0841,0x0841,0x0841,0x0841,0x0841,0x0841,
  0x0841,0x0041,0x0841,0x0841,0x0841,0x0841,0x0841,0x0841,0x0861,0x0861,0x0861,0x0861,0x0861,0x0841,0x0841,0x0861,
  0x0841,0x0861,0x0861,0x0861,0x0861,0x0841,0x0861,0x0861,0x0861,0x0861,0x0841,0x0841,0x0841,0x0841,0x0841,0x0841,
  0x0861,0x0861,0x0841,0x0841,0x0841,0x0841,0x0841,0x0841,0x0841,0x0841,0x0841,0x0841,0x0841,0x0841,0x0841,0x0841,
  0x0841,0x0841,0x0841,0x0841,0x0861,0x0841,0x0841,0x0841,0x0841,0x0041,0x0041,0x0041,0x0041,0x0041,0x0041,0x0041,
  0x0041,0x0041,0x0041,0x0041,0x0041,0x0041,0x0041,0x0041,0x0041,0x0041,0x0041,0x0041,0x0041,0x0041,0x0041,0x0021,
  0x0021,0x0021,0x0021,0x0041,0x0000,0x0256,0x03DF,0x1082,0x4228,0x4228,0x3186,0x18E3,0x0841,0x0021,0x0862,0x2945,
  0x0020,0x10C3,0x52EC,0x9493,0x5289,0x2923,0x3164,0x3164,0x3144,0x3144,0x2943,0x3144,0x3144,0x3144,0x3144,0x3144,
  0x3144,0x3144,0x3164,0x3144,0x3164,0x3164,0x3164,0x3164,0x3164,0x2923,0x0236,0x037F,0x41E7,0x6B2C,0x31A7,0x18E3,
  0x2124,0x1904,0x18E3,0x2104,0x2104,0x2104,0x2104,0x2124,0x2124,0x2124,0x2124,0x2945,0x2945,0x2145,0x2945,0x2965,
  0x2965,0x2945,0x2966,0x3186,0x3186,0x31C7,0x31A6,0x31A6,0x31A7,0x3186,0x3186,0x31A6,0x31A7,0x31A7,0x31A7,0x31A7,
  0x31A7,0x31A7,0x31A7,0x31A7,0x31A7,0x31C7,0x31C8,0x31C8,0x31A7,0x31E8,0x39E8,0x3A09,0x3A09,0x3A09,0x424A,0x424A,
  0x3A2A,0x424A,0x426B,0x424A,0x3A09,0x3A09,0x3A09,0x39E9,0x39E9,0x31E8,0x3A09,0x31C8,0x31C8,0x31C8,0x0841,0x0000,
  0x0000,0x027F,0x0171,0x0000,0x0041,0x0041,0x0041,0x0041,0x0041,0x0021,0x0041,0x0041,0x0021,0x0021,0x0041,0x0041,
  0x0041,0x0041,0x0041,0x0041,0x0041,0x0041,0x0041,0x0041,0x0041,0x0041,0x0041,0x0041,0x0041,0x0041,0x0041,0x0041,
  0x0041,0x0041,0x0041,0x0041,0x0041,0x0041,0x0041,0x0041,0x0041,0x0041,0x0041,0x0041,0x0041,0x0041,0x0041,0x0041,
  0x0041,0x0041,0x0841,0x0041,0x0841,0x0041,0x0041,0x0041,0x0841,0x0041,0x0841,0x0041,0x0041,0x0041,0x0041,0x0041,
  0x0041,0x0041,0x0041,0x0041,0x0041,0x0841,0x0041,0x0041,0x0041,0x0041,0x0841,0x0841,0x0041,0x0841,0x0841,0x0041,
  0x0041,0x0041,0x0041,0x0041,0x0041,0x0041,0x0841,0x0041,0x0841,0x0841,0x0841,0x0841,0x0841,0x0841,0x0841,0x0841,
  0x0841,0x0841,0x0841,0x0841,0x0841,0x0841,0x0841,0x0841,0x0841,0x0841,0x0841,0x0841,0x0861,0x0861,0x0861,0x0841,
  0x0841,0x0841,0x0861,0x0841,0x0841,0x0041,0x0841,0x0841,0x0041,0x0841,0x0841,0x0841,0x0841,0x0841,0x0841,0x0841,
  0x0841,0x0841,0x0041,0x0041,0x0041,0x0841,0x0841,0x0841,0x0841,0x0841,0x0861,0x0861,0x0841,0x0841,0x0861,0x0861,
  0x0861,0x0861,0x0841,0x0841,0x0841,0x0841,0x0861,0x0861,0x0861,0x0841,0x0841,0x0841,0x0841,0x0841,0x0841,0x0841,
  0x0841,0x0861,0x0841,0x0841,0x0841,0x0841,0x0841,0x0841,0x0841,0x0841,0x0841,0x0841,0x0841,0x0841,0x0841,0x0841,
  0x0841,0x0841,0x0841,0x0841,0x0841,0x0841,0x0841,0x0041,0x0041,0x0041,0x0841,0x0841,0x0041,0x0041,0x0041,0x0041,
  0x0041,0x0041,0x0041,0x0041,0x0041,0x0041,0x0041,0x0041,0x0041,0x0041,0x0041,0x0041,0x0021,0x0041,0x0041,0x0041,
  0x0021,0x0021,0x0021,0x0021,0x0000,0x0255,0x03DF,0x0861,0x528A,0x6B4D,0x4A49,0x2966,0x1082,0x0841,0x0000,0x18E3,
  0x2104,0x0000,0x1082,0x4A8B,0x8CB3,0xA556,0xA555,0xA535,0xA535,0x9D35,0x9D14,0x9CF4,0x9CF4,0x94D3,0x94D3,0x94D4,
  0x94B3,0x8C92,0x8CB3,0x8C92,0x8472,0x8451,0x8451,0x8451,0x7C11,0x73D0,0x73D1,0x4208,0x5AEB,0x3186,0x2104,0x2945,
  0x2124,0x2124,0x2104,0x2104,0x2104,0x2124,0x2124,0x2124,0x2145,0x2945,0x2965,0x2965,0x2965,0x2945,0x2965,0x2965,
  0x3186,0x2986,0x31A6,0x31A7,0x31A7,0x31A7,0x31A7,0x3186,0x31A7,0x31C7,0x39C7,0x31C7,0x39E7,0x39C7,0x31C7,0x39E8,
  0x31C8,0x31C7,0x31C8,0x31C7,0x31C8,0x31E8,0x3A08,0x3A09,0x39E8,0x3A29,0x3A09,0x3A09,0x31E9,0x3A09,0x424A,0x424A,
  0x426B,0x4AAC,0x4A8B,0x426B,0x426B,0x424A,0x3A09,0x3A09,0x3A09,0x39E9,0x31E9,0x31E8,0x31C8,0x0882,0x0000,0x1082,
  0x0000,0x027F,0x0171,0x0000,0x0041,0x0041,0x0041,0x0021,0x0041,0x0041,0x0041,0x0041,0x0021,0x0041,0x0041,0x0041,
  0x0041,0x0041,0x0041,0x0041,0x0041,0x0041,0x0041,0x0041,0x0041,0x0041,0x0041,0x0041,0x0041,0x0041,0x0041,0x0041,
  0x0041,0x0041,0x0041,0x0041,0x0041,0x0041,0x0041,0x0041,0x0041,0x0041,0x0041,0x0041,0x0041,0x0041,0x0041,0x0041,
  0x0041,0x0041,0x0841,0x0841,0x0841,0x0041,0x0041,0x0041,0x0041,0x0841,0x0041,0x0041,0x0841,0x0041,0x0041,0x0041,
  0x0041,0x0041,0x0041,0x0841,0x0041,0x0041,0x0041,0x0041,0x0041,0x0041,0x0841,0x0041,0x0041,0x0041,0x0041,0x0841,
  0x0041,0x0041,0x0041,0x0041,0x0041,0x0041,0x0041,0x0041,0x0841,0x0841,0x0841,0x0841,0x0841,0x0041,0x0041,0x0041,
  0x0841,0x0841,0x0041,0x0041,0x0841,0x0841,0x0041,0x0841,0x0841,0x0841,0x0861,0x0841,0x0841,0x0861,0x0861,0x0841,
  0x0841,0x0841,0x0841,0x0841,0x0841,0x0841,0x0041,0x0041,0x0041,0x0841,0x0841,0x0841,0x0841,0x0841,0x0841,0x0841,
  0x0841,0x0841,0x0041,0x0841,0x0041,0x0841,0x0841,0x0841,0x0861,0x0841,0x0861,0x0841,0x0841,0x0841,0x0861,0x0861,
  0x0861,0x0861,0x0841,0x0841,0x0841,0x0861,0x0861,0x0841,0x0861,0x0861,0x0841,0x0861,0x0841,0x0841,0x0841,0x0841,
  0x0841,0x0841,0x0841,0x0841,0x0841,0x0841,0x0841,0x0841,0x0861,0x0861,0x0841,0x0841,0x0841,0x0841,0x0841,0x0841,
  0x0841,0x0841,0x0041,0x0041,0x0041,0x0841,0x0841,0x0841,0x0041,0x0041,0x0041,0x0041,0x0041,0x0041,0x0041,0x0041,
  0x0041,0x0041,0x0041,0x0041,0x0041,0x0041,0x0041,0x0041,0x0041,0x0041,0x0041,0x0041,0x0041,0x0041,0x0041,0x0021,
  0x0021,0x0021,0x0021,0x0041,0x0000,0x0256,0x03DF,0x0021,0x2945,0x39E7,0x31A6,0x2945,0x1082,0x0021,0x0000,0x0020,
  0x1082,0x18C3,0x0841,0x10A3,0x3A08,0x31A7,0x2966,0x2145,0x2966,0x2966,0x2145,0x2125,0x18E4,0x10C3,0x18C3,0x18E3,
  0x18C3,0x10C3,0x10A3,0x1082,0x0862,0x0041,0x0041,0x0021,0x0041,0x0862,0x0841,0x4228,0x2104,0x0841,0x10A2,0x10A2,
  0x10C3,0x10A2,0x1082,0x10A2,0x10A2,0x10A2,0x10C3,0x18C3,0x18E3,0x18E3,0x18E3,0x18E3,0x18E3,0x18C3,0x18C3,0x18E4,
  0x2104,0x2124,0x2124,0x2104,0x2104,0x2104,0x2124,0x2104,0x2104,0x2124,0x2125,0x2125,0x2125,0x2125,0x2125,0x2125,
  0x2104,0x2104,0x2105,0x2104,0x2125,0x2145,0x2966,0x2146,0x2145,0x2145,0x2125,0x2125,0x2125,0x2125,0x2146,0x2987,
  0x31A7,0x31A7,0x29A7,0x2987,0x2987,0x2966,0x2146,0x2145,0x2146,0x2125,0x2125,0x2145,0x0862,0x0000,0x0862,0x18C3,
  0x0000,0x02BF,0x0191,0x0000,0x0041,0x0041,0x0041,0x0021,0x0041,0x0041,0x0021,0x0041,0x0041,0x0041,0x0041,0x0041,
  0x0041,0x0041,0x0041,0x0041,0x0041,0x0041,0x0041,0x0041,0x0041,0x0041,0x0041,0x0041,0x0041,0x0041,0x0041,0x0041,
  0x0041,0x0041,0x0041,0x0041,0x0041,0x0041,0x0041,0x0041,0x0041,0x0041,0x0041,0x0841,0x0041,0x0041,0x0041,0x0041,
  0x0041,0x0041,0x0041,0x0841,0x0041,0x0841,0x0041,0x0041,0x0041,0x0041,0x0041,0x0041,0x0841,0x0841,0x0041,0x0041,
  0x0041,0x0041,0x0041,0x0041,0x0041,0x0041,0x0041,0x0041,0x0841,0x0841,0x0041,0x0041,0x0841,0x0041,0x0041,0x0841,
  0x0841,0x0041,0x0841,0x0041,0x0041,0x0041,0x0041,0x0041,0x0841,0x0041,0x0041,0x0841,0x0841,0x0841,0x0841,0x0841,
  0x0841,0x0841,0x0841,0x0041,0x0841,0x0041,0x0041,0x0841,0x0841,0x0841,0x0841,0x0841,0x0041,0x0841,0x0841,0x0861,
  0x0841,0x0841,0x0841,0x0841,0x0841,0x0841,0x0841,0x0841,0x0841,0x0841,0x0841,0x0841,0x0841,0x0841,0x0841,0x0841,
  0x0841,0x0841,0x0841,0x0841,0x0841,0x0841,0x0841,0x0841,0x0861,0x0841,0x0841,0x0841,0x0841,0x0841,0x0841,0x0841,
  0x0841,0x0841,0x0841,0x0841,0x0841,0x0841,0x0841,0x0861,0x0841,0x0841,0x0841,0x0841,0x0841,0x0841,0x0841,0x0841,
  0x0841,0x0841,0x0841,0x0841,0x0841,0x0841,0x0841,0x0841,0x0841,0x0841,0x0841,0x0841,0x0841,0x0841,0x0841,0x0841,
  0x0841,0x0041,0x0041,0x0841,0x0041,0x0841,0x0841,0x0841,0x0041,0x0841,0x0041,0x0041,0x0041,0x0041,0x0041,0x0041,
  0x0041,0x0041,0x0041,0x0041,0x0041,0x0041,0x0041,0x0041,0x0041,0x0041,0x0041,0x0041,0x0041,0x0041,0x0021,0x0021,
  0x0021,0x0021,0x0021,0x0041,0x0000,0x0276,0x03DF,0x0021,0x0841,0x0862,0x18E3,0x52CA,0x4A69,0x3186,0x2104,0x0021,
  0x0000,0x1082,0x2104,0x0020,0x0000,0x0000,0x0000,0x0000,0x0000,0x0000,0x0000,0x0000,0x0000,0x0000,0x0000,0x0000,
  0x0000,0x0000,0x0000,0x0000,0x0000,0x0000,0x0000,0x0000,0x0000,0x0000,0x0020,0x0000,0x0000,0x0000,0x0000,0x0000,
  0x0000,0x0000,0x0000,0x0000,0x0000,0x0000,0x0000,0x0000,0x0000,0x0000,0x0000,0x0000,0x0000,0x0000,0x0000,0x0000,
  0x0000,0x0000,0x0000,0x0000,0x0000,0x0000,0x0000,0x0000,0x0000,0x0000,0x0000,0x0000,0x0000,0x0000,0x0000,0x0000,
  0x0000,0x0000,0x0000,0x0000,0x0000,0x0000,0x0000,0x0000,0x0000,0x0000,0x0000,0x0000,0x0000,0x0000,0x0000,0x0000,
  0x0000,0x0000,0x0000,0x0000,0x0000,0x0000,0x0000,0x0000,0x0000,0x0000,0x0000,0x0000,0x0000,0x2104,0x31C7,0x2945,
  0x0000,0x027F,0x0191,0x0000,0x0041,0x0041,0x0041,0x0041,0x0021,0x0041,0x0041,0x0041,0x0041,0x0041,0x0041,0x0041,
  0x0041,0x0041,0x0021,0x0041,0x0041,0x0041,0x0041,0x0041,0x0041,0x0041,0x0041,0x0041,0x0041,0x0041,0x0041,0x0041,
  0x0041,0x0041,0x0041,0x0041,0x0041,0x0041,0x0041,0x0041,0x0041,0x0041,0x0041,0x0041,0x0041,0x0041,0x0041,0x0041,
  0x0041,0x0041,0x0041,0x0041,0x0041,0x0041,0x0041,0x0041,0x0041,0x0041,0x0041,0x0041,0x0041,0x0041,0x0041,0x0041,
  0x0041,0x0041,0x0041,0x0041,0x0041,0x0041,0x0041,0x0041,0x0841,0x0041,0x0841,0x0041,0x0041,0x0041,0x0841,0x0841,
  0x0041,0x0041,0x0041,0x0041,0x0041,0x0041,0x0841,0x0041,0x0841,0x0041,0x0841,0x0041,0x0041,0x0041,0x0841,0x0041,
  0x0041,0x0841,0x0841,0x0041,0x0041,0x0841,0x0841,0x0841,0x0861,0x0841,0x0841,0x0841,0x0841,0x0841,0x0841,0x0841,
  0x0841,0x0841,0x0841,0x0841,0x0841,0x0841,0x0841,0x0841,0x0841,0x0841,0x0841,0x0841,0x0841,0x0841,0x0841,0x0841,
  0x0841,0x0841,0x0841,0x0841,0x0841,0x0841,0x0841,0x0841,0x0841,0x0861,0x0841,0x0841,0x0841,0x0841,0x0841,0x0841,
  0x0841,0x0841,0x0841,0x0841,0x0841,0x0861,0x0861,0x0861,0x0841,0x0841,0x0841,0x0841,0x0841,0x0841,0x0841,0x0841,
  0x0841,0x0841,0x0841,0x0841,0x0841,0x0841,0x0041,0x0841,0x0841,0x0841,0x0841,0x0841,0x0841,0x0841,0x0841,0x0841,
  0x0841,0x0841,0x0841,0x0041,0x0041,0x0041,0x0841,0x0041,0x0041,0x0041,0x0041,0x0041,0x0041,0x0041,0x0041,0x0041,
  0x0041,0x0041,0x0041,0x0041,0x0041,0x0041,0x0041,0x0041,0x0041,0x0041,0x0041,0x0041,0x0021,0x0021,0x0021,0x0021,
  0x0021,0x0021,0x0021,0x0041,0x0000,0x0256,0x03DF,0x0021,0x0000,0x0000,0x10A2,0x39E7,0x528A,0x5269,0x3186,0x1082,
  0x0020,0x0020,0x1082,0x10A2,0x1082,0x10A2,0x2104,0x1082,0x0841,0x0000,0x0841,0x0882,0x10A2,0x2945,0x18E3,0x1082,
  0x0862,0x0000,0x0041,0x0020,0x0861,0x1904,0x2125,0x1904,0x0841,0x0000,0x0000,0x1082,0x2104,0x2104,0x2145,0x18C3,
  0x0000,0x0000,0x0020,0x0862,0x10A3,0x18E4,0x2966,0x10A3,0x0021,0x0000,0x0021,0x10C3,0x2125,0x2945,0x10C3,0x0000,
  0x0000,0x0020,0x0841,0x2125,0x2966,0x18E4,0x10A2,0x0021,0x0000,0x0020,0x0862,0x10A3,0x18E4,0x2966,0x10C3,0x0861,
  0x0000,0x0001,0x0042,0x0862,0x2966,0x31C7,0x0862,0x0000,0x0000,0x0000,0x0021,0x0021,0x2125,0x3A09,0x10A4,0x0042,
  0x0000,0x0000,0x0021,0x0000,0x1904,0x2966,0x18C4,0x10A3,0x0042,0x0021,0x0000,0x0841,0x1904,0x39C7,0x4249,0x31A6,
  0x0000,0x02BF,0x0190,0x0000,0x0041,0x0041,0x0041,0x0021,0x0021,0x0021,0x0021,0x0041,0x0041,0x0041,0x0041,0x0041,
  0x0041,0x0021,0x0041,0x0041,0x0041,0x0041,0x0041,0x0041,0x0041,0x0041,0x0041,0x0041,0x0041,0x0041,0x0041,0x0041,
  0x0041,0x0041,0x0041,0x0041,0x0041,0x0041,0x0041,0x0041,0x0041,0x0041,0x0041,0x0041,0x0041,0x0041,0x0041,0x0041,
  0x0041,0x0041,0x0041,0x0841,0x0841,0x0041,0x0041,0x0041,0x0041,0x0041,0x0041,0x0041,0x0041,0x0841,0x0841,0x0041,
  0x0041,0x0041,0x0041,0x0041,0x0041,0x0041,0x0041,0x0041,0x0041,0x0841,0x0041,0x0041,0x0041,0x0841,0x0841,0x0841,
  0x0841,0x0041,0x0041,0x0041,0x0041,0x0041,0x0041,0x0041,0x0841,0x0041,0x0041,0x0041,0x0041,0x0841,0x0841,0x0841,
  0x0041,0x0841,0x0041,0x0041,0x0041,0x0841,0x0841,0x0841,0x0841,0x0841,0x0841,0x0841,0x0841,0x0841,0x0841,0x0841,
  0x0841,0x0841,0x0841,0x0841,0x0041,0x0841,0x0841,0x0841,0x0841,0x0841,0x0841,0x0841,0x0841,0x0841,0x0841,0x0841,
  0x0041,0x0841,0x0841,0x0841,0x0841,0x0841,0x0841,0x0841,0x0861,0x0841,0x0841,0x0841,0x0841,0x0041,0x0841,0x0841,
  0x0841,0x0841,0x0841,0x0841,0x0841,0x0861,0x0861,0x0841,0x0841,0x0841,0x0841,0x0841,0x0841,0x0841,0x0861,0x0841,
  0x0841,0x0841,0x0841,0x0841,0x0841,0x0841,0x0841,0x0841,0x0841,0x0841,0x0841,0x0841,0x0841,0x0841,0x0841,0x0841,
  0x0841,0x0841,0x0041,0x0841,0x0041,0x0841,0x0841,0x0841,0x0041,0x0041,0x0041,0x0041,0x0041,0x0041,0x0041,0x0041,
  0x0041,0x0041,0x0041,0x0041,0x0041,0x0041,0x0041,0x0041,0x0041,0x0041,0x0041,0x0041,0x0021,0x0021,0x0021,0x0021,
  0x0021,0x0021,0x0021,0x0041,0x0000,0x0236,0x039F,0x0882,0x18C3,0x0020,0x0841,0x18C3,0x31A6,0x4A49,0x39C7,0x2945,
  0x18E4,0x0862,0x0021,0x0821,0x0861,0x2986,0x39C7,0x2986,0x2125,0x0861,0x0021,0x0841,0x1904,0x31A6,0x3186,0x31C8,
  0x2146,0x0882,0x0862,0x0020,0x0861,0x18E4,0x2987,0x3A08,0x2125,0x10A3,0x0861,0x0861,0x1082,0x2145,0x3A08,0x2945,
  0x18E4,0x18C4,0x0841,0x0841,0x0882,0x2104,0x31A6,0x2986,0x2125,0x10A3,0x0841,0x0862,0x2945,0x4A49,0x31A7,0x1904,
  0x18E4,0x0862,0x0841,0x18C3,0x2125,0x2966,0x2966,0x2145,0x18E4,0x0882,0x0021,0x0841,0x2986,0x52AB,0x31C7,0x2145,
  0x1082,0x0841,0x0862,0x18C3,0x3A08,0x31A7,0x18E4,0x10C3,0x1082,0x0841,0x0841,0x0841,0x1082,0x1904,0x18E4,0x10A3,
  0x0863,0x0041,0x0020,0x0021,0x10A3,0x1904,0x2125,0x1904,0x0042,0x0001,0x0000,0x0020,0x0862,0x1904,0x39C7,0x39C7,
  0x0000,0x02BF,0x0170,0x0000,0x0041,0x0041,0x0041,0x0041,0x0041,0x0041,0x0041,0x0041,0x0041,0x0041,0x0021,0x0041,
  0x0041,0x0041,0x0041,0x0041,0x0041,0x0041,0x0041,0x0041,0x0041,0x0041,0x0041,0x0041,0x0041,0x0041,0x0041,0x0041,
  0x0041,0x0041,0x0041,0x0041,0x0041,0x0041,0x0041,0x0041,0x0041,0x0041,0x0041,0x0041,0x0041,0x0041,0x0041,0x0041,
  0x0041,0x0041,0x0041,0x0041,0x0041,0x0041,0x0041,0x0041,0x0041,0x0041,0x0041,0x0041,0x0041,0x0041,0x0041,0x0041,
  0x0041,0x0041,0x0041,0x0041,0x0041,0x0041,0x0041,0x0041,0x0041,0x0041,0x0041,0x0041,0x0041,0x0841,0x0841,0x0841,
  0x0041,0x0041,0x0041,0x0041,0x0041,0x0041,0x0841,0x0841,0x0841,0x0041,0x0041,0x0841,0x0041,0x0041,0x0841,0x0041,
  0x0041,0x0041,0x0041,0x0841,0x0041,0x0841,0x0841,0x0841,0x0841,0x0841,0x0041,0x0041,0x0841,0x0841,0x0841,0x0841,
  0x0841,0x0841,0x0841,0x0841,0x0841,0x0841,0x0841,0x0841,0x0041,0x0841,0x0841,0x0041,0x0841,0x0841,0x0041,0x0841,
  0x0041,0x0841,0x0841,0x0841,0x0841,0x0841,0x0841,0x0841,0x0841,0x0841,0x0841,0x0841,0x0841,0x0841,0x0841,0x0841,
  0x0841,0x0841,0x0841,0x0841,0x0841,0x0841,0x0841,0x0841,0x0841,0x0841,0x0841,0x0841,0x0841,0x0841,0x0841,0x0841,
  0x0841,0x0841,0x0841,0x0841,0x0841,0x0841,0x0841,0x0841,0x0841,0x0041,0x0841,0x0841,0x0841,0x0841,0x0841,0x0841,
  0x0841,0x0841,0x0041,0x0041,0x0841,0x0841,0x0841,0x0041,0x0041,0x0041,0x0041,0x0041,0x0041,0x0041,0x0041,0x0041,
  0x0041,0x0041,0x0041,0x0041,0x0041,0x0041,0x0041,0x0041,0x0041,0x0041,0x0041,0x0041,0x0021,0x0041,0x0041,0x0021,
  0x0021,0x0021,0x0021,0x0041,0x0000,0x0256,0x03DF,0x18E4,0x4229,0x18E4,0x0021,0x0021,0x0841,0x18C3,0x1082,0x0020,
  0x0020,0x0000,0x0000,0x0000,0x0000,0x0000,0x0000,0x0041,0x0021,0x0000,0x0000,0x0000,0x0000,0x0000,0x0000,0x0862,
  0x0021,0x0000,0x0000,0x0000,0x0000,0x0000,0x0000,0x0841,0x0862,0x0841,0x0000,0x0000,0x0000,0x0000,0x0000,0x0000,
  0x0841,0x0021,0x0000,0x0000,0x0000,0x0000,0x0000,0x0841,0x0882,0x0041,0x0000,0x0000,0x0000,0x0020,0x0841,0x0882,
  0x0862,0x0021,0x0000,0x0000,0x0000,0x0000,0x0861,0x0882,0x0882,0x0021,0x0000,0x0000,0x0000,0x1082,0x18C3,0x1082,
  0x1082,0x2945,0x2965,0x31C7,0x3A08,0x2145,0x31A6,0x4208,0x39E8,0x3186,0x3186,0x2965,0x2945,0x2945,0x31A7,0x39E7,
  0x39C7,0x2966,0x2945,0x2945,0x2125,0x2125,0x31A6,0x2986,0x3186,0x3186,0x2966,0x2945,0x2124,0x0021,0x0021,0x1082,
  0x0000,0x02BF,0x0190,0x0000,0x0041,0x0041,0x0041,0x0041,0x0041,0x0041,0x0021,0x0041,0x0041,0x0041,0x0021,0x0021,
  0x0041,0x0041,0x0021,0x0041,0x0041,0x0041,0x0041,0x0041,0x0041,0x0041,0x0041,0x0041,0x0041,0x0041,0x0041,0x0041,
  0x0041,0x0041,0x0041,0x0041,0x0041,0x0041,0x0041,0x0041,0x0041,0x0041,0x0041,0x0041,0x0041,0x0041,0x0041,0x0041,
  0x0041,0x0041,0x0041,0x0041,0x0041,0x0041,0x0041,0x0041,0x0041,0x0041,0x0041,0x0041,0x0041,0x0041,0x0041,0x0041,
  0x0041,0x0041,0x0041,0x0041,0x0041,0x0041,0x0041,0x0041,0x0041,0x0041,0x0041,0x0041,0x0041,0x0041,0x0841,0x0841,
  0x0041,0x0041,0x0041,0x0041,0x0041,0x0041,0x0841,0x0841,0x0041,0x0041,0x0041,0x0841,0x0841,0x0841,0x0041,0x0041,
  0x0041,0x0041,0x0841,0x0041,0x0041,0x0041,0x0841,0x0841,0x0841,0x0841,0x0841,0x0041,0x0841,0x0041,0x0041,0x0841,
  0x0841,0x0841,0x0041,0x0841,0x0841,0x0841,0x0841,0x0841,0x0841,0x0841,0x0841,0x0841,0x0041,0x0841,0x0041,0x0841,
  0x0041,0x0041,0x0041,0x0841,0x0041,0x0841,0x0841,0x0841,0x0841,0x0841,0x0841,0x0841,0x0841,0x0841,0x0841,0x0841,
  0x0041,0x0841,0x0841,0x0841,0x0841,0x0841,0x0841,0x0841,0x0841,0x0841,0x0841,0x0841,0x0841,0x0841,0x0841,0x0841,
  0x0841,0x0841,0x0841,0x0841,0x0841,0x0841,0x0041,0x0841,0x0841,0x0041,0x0041,0x0041,0x0841,0x0041,0x0041,0x0041,
  0x0041,0x0841,0x0041,0x0041,0x0841,0x0841,0x0041,0x0041,0x0041,0x0041,0x0041,0x0041,0x0041,0x0041,0x0041,0x0041,
  0x0041,0x0041,0x0041,0x0041,0x0041,0x0041,0x0041,0x0041,0x0041,0x0041,0x0041,0x0041,0x0041,0x0041,0x0041,0x0041,
  0x0021,0x0021,0x0021,0x0041,0x0000,0x0255,0x039F,0x1904,0x4A6A,0x2104,0x0021,0x0000,0x0021,0x0862,0x0000,0x2945,
  0x31C7,0x31A6,0x31C6,0x39E7,0x39E7,0x39C7,0x31A6,0x3186,0x31A6,0x31A6,0x31A6,0x39E7,0x39E7,0x39C7,0x3186,0x2965,
  0x3186,0x31A6,0x3186,0x3186,0x31A6,0x3186,0x2945,0x2145,0x2945,0x2945,0x2945,0x2145,0x2145,0x2125,0x2124,0x2125,
  0x2104,0x2104,0x18E4,0x18E4,0x2104,0x18E4,0x18C3,0x10A2,0x18C3,0x18C3,0x18E4,0x18E3,0x18C3,0x10A3,0x10C3,0x10A2,
  0x10A2,0x10A3,0x18C3,0x18E3,0x18E3,0x18C3,0x10C3,0x18C3,0x18C3,0x18E4,0x2104,0x2124,0x10A2,0x0000,0x0041,0x0041,
  0x0000,0x0000,0x0000,0x0000,0x0000,0x0000,0x0000,0x0000,0x0000,0x0000,0x0000,0x0000,0x0000,0x0000,0x0000,0x0000,
  0x0000,0x0020,0x0841,0x0841,0x0862,0x0862,0x1083,0x10A3,0x10A3,0x10C3,0x18C3,0x10C3,0x2966,0x3186,0x0020,0x0000,
  0x0000,0x02BF,0x0190,0x0000,0x0041,0x0041,0x0041,0x0041,0x0041,0x0021,0x0041,0x0041,0x0041,0x0021,0x0021,0x0021,
  0x0021,0x0041,0x0021,0x0041,0x0041,0x0041,0x0041,0x0041,0x0041,0x0041,0x0041,0x0041,0x0041,0x0041,0x0041,0x0041,
  0x0041,0x0041,0x0041,0x0041,0x0041,0x0041,0x0041,0x0041,0x0041,0x0041,0x0041,0x0041,0x0041,0x0041,0x0041,0x0041,
  0x0041,0x0041,0x0041,0x0041,0x0041,0x0041,0x0041,0x0041,0x0041,0x0041,0x0041,0x0041,0x0041,0x0041,0x0041,0x0041,
  0x0041,0x0041,0x0041,0x0041,0x0041,0x0041,0x0041,0x0041,0x0041,0x0041,0x0041,0x0041,0x0041,0x0041,0x0041,0x0041,
  0x0041,0x0041,0x0041,0x0041,0x0041,0x0841,0x0041,0x0041,0x0041,0x0841,0x0841,0x0841,0x0841,0x0841,0x0041,0x0041,
  0x0041,0x0041,0x0041,0x0041,0x0841,0x0041,0x0041,0x0041,0x0841,0x0841,0x0841,0x0841,0x0841,0x0841,0x0841,0x0841,
  0x0041,0x0841,0x0841,0x0841,0x0841,0x0841,0x0841,0x0841,0x0841,0x0841,0x0041,0x0841,0x0841,0x0841,0x0041,0x0041,
  0x0041,0x0041,0x0041,0x0041,0x0041,0x0041,0x0041,0x0841,0x0041,0x0841,0x0841,0x0841,0x0841,0x0841,0x0841,0x0841,
  0x0841,0x0041,0x0841,0x0841,0x0841,0x0841,0x0841,0x0841,0x0841,0x0861,0x0861,0x0841,0x0841,0x0841,0x0041,0x0841,
  0x0841,0x0841,0x0841,0x0841,0x0841,0x0841,0x0041,0x0841,0x0841,0x0841,0x0841,0x0841,0x0041,0x0841,0x0041,0x0041,
  0x0041,0x0041,0x0841,0x0041,0x0841,0x0041,0x0041,0x0041,0x0041,0x0041,0x0841,0x0841,0x0041,0x0041,0x0041,0x0041,
  0x0041,0x0041,0x0041,0x0041,0x0041,0x0041,0x0041,0x0041,0x0041,0x0041,0x0041,0x0041,0x0041,0x0041,0x0041,0x0021,
  0x0021,0x0021,0x0021,0x0041,0x0000,0x0255,0x039F,0x0842,0x39E8,0x39E8,0x2145,0x1082,0x0021,0x0000,0x5ACB,0x94B3,
  0x6BAF,0x7C11,0x7BF0,0x73F0,0x73F0,0x7C11,0x7C10,0x73AF,0x6B8F,0x73AF,0x73AF,0x73AF,0x6B8F,0x6B6E,0x632D,0x632D,
  0x5B0D,0x632D,0x5B0C,0x5B0D,0x5B2D,0x52CC,0x52CB,0x52AB,0x4A8A,0x426A,0x4249,0x4249,0x4249,0x4249,0x4A6A,0x424A,
  0x4249,0x4229,0x3A08,0x39E8,0x4208,0x3A08,0x39C7,0x39E7,0x39E8,0x4208,0x4229,0x3A08,0x39E7,0x3A08,0x4228,0x4249,
  0x4229,0x4249,0x4249,0x4A6A,0x4A8A,0x528A,0x52AB,0x52CB,0x52AB,0x52AB,0x5B0D,0x5B0C,0x18E3,0x0000,0x0021,0x0000,
  0x0841,0x10A2,0x1082,0x18A2,0x18A2,0x0021,0x0021,0x0000,0x0861,0x10A2,0x1082,0x10A2,0x0862,0x0021,0x0021,0x0021,
  0x0000,0x0820,0x1061,0x1081,0x10A2,0x0841,0x0000,0x0020,0x0000,0x0000,0x0000,0x0000,0x0020,0x2125,0x3186,0x0000,
  0x0000,0x02BF,0x0170,0x0000,0x0041,0x0041,0x0041,0x0041,0x0041,0x0021,0x0021,0x0041,0x0021,0x0021,0x0021,0x0021,
  0x0021,0x0041,0x0041,0x0021,0x0041,0x0041,0x0041,0x0041,0x0041,0x0041,0x0041,0x0041,0x0041,0x0041,0x0041,0x0041,
  0x0041,0x0041,0x0041,0x0041,0x0041,0x0041,0x0041,0x0041,0x0041,0x0041,0x0041,0x0041,0x0041,0x0041,0x0041,0x0041,
  0x0041,0x0041,0x0041,0x0041,0x0041,0x0041,0x0041,0x0041,0x0041,0x0041,0x0041,0x0041,0x0041,0x0041,0x0041,0x0041,
  0x0041,0x0041,0x0041,0x0041,0x0041,0x0041,0x0041,0x0041,0x0041,0x0041,0x0041,0x0041,0x0041,0x0041,0x0041,0x0041,
  0x0041,0x0041,0x0041,0x0041,0x0041,0x0041,0x0041,0x0041,0x0841,0x0041,0x0041,0x0041,0x0041,0x0041,0x0041,0x0841,
  0x0041,0x0041,0x0041,0x0041,0x0841,0x0841,0x0041,0x0041,0x0041,0x0041,0x0041,0x0841,0x0841,0x0841,0x0841,0x0841,
  0x0041,0x0841,0x0841,0x0841,0x0841,0x0041,0x0841,0x0841,0x0841,0x0041,0x0041,0x0041,0x0841,0x0041,0x0041,0x0041,
  0x0041,0x0841,0x0041,0x0041,0x0041,0x0841,0x0041,0x0841,0x0841,0x0841,0x0841,0x0841,0x0041,0x0041,0x0041,0x0041,
  0x0041,0x0841,0x0841,0x0041,0x0841,0x0841,0x0841,0x0841,0x0841,0x0841,0x0841,0x0841,0x0841,0x0841,0x0041,0x0041,
  0x0041,0x0041,0x0841,0x0841,0x0841,0x0841,0x0841,0x0841,0x0041,0x0041,0x0041,0x0041,0x0841,0x0841,0x0041,0x0041,
  0x0041,0x0041,0x0841,0x0041,0x0041,0x0041,0x0041,0x0041,0x0041,0x0041,0x0041,0x0041,0x0041,0x0041,0x0041,0x0041,
  0x0041,0x0041,0x0041,0x0041,0x0041,0x0041,0x0041,0x0041,0x0041,0x0041,0x0041,0x0041,0x0041,0x0041,0x0041,0x0021,
  0x0021,0x0021,0x0021,0x0041,0x0000,0x0255,0x039F,0x0021,0x2966,0x31A7,0x31C7,0x1082,0x0000,0x528A,0x8C72,0x4A8B,
  0x4A6A,0x4A8B,0x4A8B,0x52CC,0x4A8B,0x4A8B,0x4A8A,0x4A8B,0x4A6A,0x4A6A,0x4A8A,0x424A,0x3A09,0x3A09,0x3A09,0x3A08,
  0x31C8,0x31C8,0x31C7,0x39E8,0x31C7,0x31A7,0x31C7,0x2986,0x2966,0x2966,0x2145,0x2145,0x2965,0x2945,0x2145,0x2145,
  0x2945,0x2145,0x2125,0x2945,0x2145,0x2145,0x2945,0x2945,0x2945,0x2986,0x31A6,0x2986,0x2986,0x3186,0x31A6,0x31A7,
  0x31C7,0x39E8,0x31A7,0x31C7,0x4228,0x4A6A,0x4A6A,0x4249,0x4A49,0x4A4A,0x4A6A,0x0882,0x0000,0x0862,0x0000,0x0861,
  0x4228,0x39E8,0x39E7,0x3A08,0x18E4,0x0041,0x0001,0x18E4,0x4229,0x31A7,0x31C7,0x31A6,0x0861,0x0021,0x0042,0x0000,
  0x00E7,0x0108,0x00E8,0x00A7,0x00A7,0x00A8,0x00A8,0x0086,0x0087,0x0087,0x00C9,0x0041,0x0000,0x1082,0x3186,0x0841,
  0x0000,0x029F,0x0170,0x0000,0x0041,0x0021,0x0041,0x0041,0x0041,0x0021,0x0021,0x0021,0x0021,0x0021,0x0021,0x0021,
  0x0021,0x0041,0x0041,0x0041,0x0041,0x0041,0x0041,0x0041,0x0021,0x0041,0x0041,0x0041,0x0041,0x0041,0x0041,0x0041,
  0x0041,0x0021,0x0021,0x0041,0x0041,0x0041,0x0041,0x0041,0x0041,0x0041,0x0041,0x0041,0x0041,0x0041,0x0041,0x0041,
  0x0041,0x0041,0x0041,0x0041,0x0041,0x0041,0x0041,0x0041,0x0041,0x0041,0x0041,0x0041,0x0041,0x0041,0x0041,0x0041,
  0x0041,0x0041,0x0041,0x0041,0x0041,0x0041,0x0041,0x0041,0x0041,0x0041,0x0041,0x0041,0x0041,0x0041,0x0041,0x0041,
  0x0041,0x0041,0x0041,0x0841,0x0841,0x0041,0x0041,0x0041,0x0041,0x0041,0x0041,0x0041,0x0041,0x0041,0x0041,0x0041,
  0x0041,0x0041,0x0041,0x0041,0x0041,0x0041,0x0041,0x0041,0x0041,0x0041,0x0841,0x0841,0x0041,0x0841,0x0841,0x0041,
  0x0841,0x0841,0x0041,0x0841,0x0041,0x0041,0x0041,0x0041,0x0041,0x0041,0x0041,0x0041,0x0841,0x0041,0x0041,0x0041,
  0x0041,0x0041,0x0041,0x0841,0x0841,0x0841,0x0841,0x0841,0x0841,0x0041,0x0041,0x0841,0x0041,0x0041,0x0041,0x0041,
  0x0841,0x0841,0x0841,0x0841,0x0841,0x0841,0x0841,0x0841,0x0841,0x0841,0x0841,0x0841,0x0841,0x0841,0x0841,0x0041,
  0x0841,0x0841,0x0841,0x0841,0x0841,0x0841,0x0041,0x0841,0x0041,0x0041,0x0841,0x0841,0x0841,0x0041,0x0841,0x0041,
  0x0041,0x0041,0x0041,0x0041,0x0041,0x0041,0x0041,0x0041,0x0041,0x0841,0x0041,0x0041,0x0041,0x0041,0x0041,0x0041,
  0x0041,0x0041,0x0041,0x0041,0x0041,0x0041,0x0041,0x0041,0x0041,0x0041,0x0041,0x0041,0x0041,0x0041,0x0041,0x0041,
  0x0041,0x0021,0x0021,0x0041,0x0000,0x0275,0x03DF,0x0021,0x0841,0x18C3,0x2125,0x0000,0x52AA,0x8451,0x424A,0x52CB,
  0x52CC,0x5B0C,0x5B0D,0x634E,0x5B0D,0x5AEC,0x52EC,0x5AEC,0x5AEC,0x52EC,0x52EC,0x52CC,0x4A8B,0x4A6A,0x426A,0x4229,
  0x4229,0x4249,0x4229,0x3A09,0x3A08,0x3A08,0x31C7,0x31A7,0x31C7,0x31A7,0x31A7,0x31A7,0x31A7,0x2966,0x2986,0x31A6,
  0x2966,0x2966,0x2966,0x2986,0x2945,0x2966,0x2986,0x3186,0x31A7,0x31A7,0x31A7,0x31A7,0x39C7,0x39E7,0x39C7,0x39C7,
  0x39C7,0x39E8,0x3A08,0x4229,0x4A69,0x4A6A,0x4A6A,0x4A8A,0x4A8A,0x4249,0x0861,0x0000,0x0862,0x0021,0x0882,0x4A49,
  0x3A08,0x31A7,0x31A7,0x0862,0x0000,0x0000,0x18E4,0x424A,0x31A7,0x31A7,0x2145,0x0000,0x0000,0x0041,0x0000,0x02D5,
  0x03FF,0x03DF,0x039F,0x037F,0x033F,0x031F,0x02DF,0x02DF,0x02BF,0x02DF,0x027D,0x0021,0x0000,0x0882,0x2965,0x0861,
  0x0000,0x029F,0x0170,0x0000,0x0041,0x0021,0x0041,0x0021,0x0021,0x0021,0x0021,0x0021,0x0021,0x0021,0x0021,0x0021,
  0x0021,0x0021,0x0041,0x0041,0x0041,0x0041,0x0041,0x0041,0x0041,0x0041,0x0041,0x0041,0x0041,0x0041,0x0041,0x0021,
  0x0041,0x0041,0x0021,0x0041,0x0041,0x0041,0x0041,0x0041,0x0041,0x0041,0x0041,0x0041,0x0041,0x0041,0x0041,0x0041,
  0x0041,0x0041,0x0041,0x0041,0x0041,0x0041,0x0041,0x0041,0x0041,0x0041,0x0041,0x0041,0x0041,0x0041,0x0041,0x0041,
  0x0041,0x0041,0x0041,0x0041,0x0041,0x0041,0x0041,0x0041,0x0041,0x0041,0x0041,0x0041,0x0041,0x0041,0x0041,0x0041,
  0x0041,0x0041,0x0041,0x0041,0x0041,0x0041,0x0041,0x0041,0x0041,0x0041,0x0041,0x0041,0x0041,0x0041,0x0041,0x0041,
  0x0041,0x0041,0x0041,0x0041,0x0041,0x0041,0x0041,0x0041,0x0041,0x0041,0x0041,0x0041,0x0041,0x0041,0x0041,0x0041,
  0x0041,0x0041,0x0041,0x0041,0x0841,0x0841,0x0041,0x0041,0x0041,0x0041,0x0041,0x0041,0x0841,0x0841,0x0041,0x0041,
  0x0041,0x0041,0x0041,0x0041,0x0841,0x0841,0x0841,0x0841,0x0841,0x0841,0x0841,0x0841,0x0041,0x0041,0x0041,0x0841,
  0x0041,0x0041,0x0841,0x0841,0x0041,0x0841,0x0841,0x0841,0x0841,0x0841,0x0841,0x0841,0x0841,0x0841,0x0841,0x0841,
  0x0841,0x0841,0x0841,0x0841,0x0841,0x0841,0x0041,0x0841,0x0841,0x0841,0x0841,0x0841,0x0841,0x0041,0x0041,0x0041,
  0x0041,0x0041,0x0041,0x0041,0x0041,0x0041,0x0041,0x0041,0x0041,0x0041,0x0041,0x0041,0x0041,0x0041,0x0041,0x0041,
  0x0041,0x0041,0x0041,0x0041,0x0041,0x0041,0x0041,0x0041,0x0041,0x0041,0x0041,0x0041,0x0041,0x0041,0x0041,0x0041,
  0x0021,0x0021,0x0021,0x0041,0x0000,0x0276,0x03DF,0x0000,0x0000,0x0021,0x0000,0x52AA,0x8C52,0x424A,0x52AB,0x4A8A,
  0x52CC,0x5B2D,0x632D,0x5B2D,0x5AEC,0x5B0D,0x5B0D,0x52EC,0x52CC,0x3A09,0x1061,0x1082,0x1082,0x0861,0x0861,0x0841,
  0x0861,0x0861,0x0861,0x0841,0x0841,0x0841,0x0840,0x0841,0x0841,0x0841,0x0840,0x0841,0x0820,0x0820,0x0820,0x0840,
  0x0820,0x0820,0x0840,0x0840,0x0820,0x0820,0x0840,0x0840,0x0840,0x0840,0x0840,0x0841,0x0841,0x0861,0x0841,0x0841,
  0x0841,0x0861,0x0861,0x0861,0x0861,0x0841,0x0861,0x0861,0x1083,0x0841,0x0000,0x0021,0x0000,0x0861,0x4A6A,0x3A08,
  0x31C7,0x39E8,0x10A2,0x0000,0x0000,0x18C3,0x3A08,0x2986,0x31C7,0x2986,0x0042,0x0021,0x0041,0x0000,0x0294,0x043F,
  0x03DF,0x03DF,0x039F,0x037F,0x033F,0x031F,0x02DF,0x02DF,0x02DF,0x027B,0x0000,0x0020,0x0000,0x1082,0x2965,0x0000,
  0x0000,0x027F,0x0150,0x0000,0x0041,0x0021,0x0021,0x0021,0x0021,0x0021,0x0021,0x0021,0x0021,0x0021,0x0021,0x0021,
  0x0021,0x0041,0x0041,0x0021,0x0041,0x0021,0x0041,0x0041,0x0041,0x0041,0x0041,0x0041,0x0041,0x0041,0x0041,0x0041,
  0x0041,0x0041,0x0021,0x0041,0x0041,0x0041,0x0041,0x0041,0x0041,0x0041,0x0041,0x0041,0x0041,0x0041,0x0041,0x0041,
  0x0041,0x0041,0x0041,0x0041,0x0041,0x0041,0x0041,0x0041,0x0041,0x0041,0x0041,0x0041,0x0041,0x0041,0x0041,0x0041,
  0x0041,0x0041,0x0041,0x0041,0x0041,0x0041,0x0041,0x0041,0x0041,0x0041,0x0041,0x0041,0x0041,0x0041,0x0041,0x0041,
  0x0041,0x0041,0x0041,0x0041,0x0041,0x0041,0x0041,0x0041,0x0041,0x0041,0x0041,0x0041,0x0041,0x0041,0x0041,0x0041,
  0x0041,0x0041,0x0041,0x0041,0x0041,0x0041,0x0041,0x0041,0x0041,0x0041,0x0041,0x0041,0x0841,0x0041,0x0041,0x0041,
  0x0041,0x0041,0x0041,0x0041,0x0041,0x0041,0x0841,0x0841,0x0841,0x0041,0x0041,0x0041,0x0041,0x0041,0x0041,0x0041,
  0x0041,0x0041,0x0041,0x0041,0x0841,0x0841,0x0841,0x0841,0x0841,0x0841,0x0841,0x0841,0x0841,0x0841,0x0841,0x0041,
  0x0041,0x0041,0x0041,0x0841,0x0041,0x0841,0x0841,0x0841,0x0841,0x0841,0x0841,0x0841,0x0841,0x0841,0x0841,0x0841,
  0x0841,0x0841,0x0841,0x0841,0x0841,0x0041,0x0041,0x0041,0x0041,0x0041,0x0041,0x0041,0x0041,0x0841,0x0041,0x0041,
  0x0041,0x0041,0x0041,0x0041,0x0041,0x0041,0x0041,0x0041,0x0041,0x0041,0x0041,0x0041,0x0041,0x0041,0x0041,0x0041,
  0x0041,0x0041,0x0041,0x0041,0x0041,0x0041,0x0041,0x0041,0x0041,0x0041,0x0041,0x0041,0x0041,0x0041,0x0021,0x0041,
  0x0021,0x0021,0x0021,0x0041,0x0000,0x0276,0x03DF,0x0000,0x0000,0x0000,0x52AA,0x8C72,0x4A6A,0x52CC,0x52CC,0x52CC,
  0x52CC,0x5B2D,0x632D,0x5AEC,0x5B0D,0x5B0D,0x52CC,0x5B0D,0x4229,0x0000,0x0151,0x023C,0x025B,0x027C,0x029E,0x029F,
  0x02DF,0x02BE,0x029E,0x02BE,0x02BE,0x02BE,0x02DF,0x02DF,0x02DF,0x02DF,0x02DF,0x02FF,0x02DF,0x02FF,0x02FF,0x02FF,
  0x02FF,0x031F,0x02FF,0x02BE,0x02BE,0x029E,0x029E,0x029E,0x02BE,0x02BE,0x02BE,0x02BE,0x02DF,0x02DF,0x02BE,0x029E,
  0x029F,0x027E,0x025D,0x025D,0x027C,0x025B,0x025C,0x023C,0x0045,0x0020,0x0041,0x0000,0x0841,0x4A49,0x4229,0x31C7,
  0x39E8,0x10A3,0x0000,0x0000,0x18E4,0x3A29,0x2966,0x2986,0x2966,0x0021,0x0021,0x0041,0x0000,0x0273,0x03FF,0x03DF,
  0x03DF,0x03DF,0x039F,0x037F,0x031F,0x02DF,0x02DF,0x031F,0x027C,0x0000,0x0020,0x0041,0x0000,0x1082,0x2966,0x0000,
  0x0000,0x029F,0x016F,0x0000,0x0041,0x0021,0x0021,0x0021,0x0021,0x0021,0x0021,0x0021,0x0021,0x0021,0x0021,0x0021,
  0x0041,0x0041,0x0041,0x0021,0x0041,0x0041,0x0041,0x0041,0x0041,0x0041,0x0041,0x0041,0x0041,0x0041,0x0041,0x0041,
  0x0041,0x0041,0x0041,0x0041,0x0041,0x0041,0x0041,0x0041,0x0041,0x0041,0x0041,0x0041,0x0041,0x0041,0x0041,0x0041,
  0x0041,0x0041,0x0041,0x0041,0x0041,0x0041,0x0041,0x0041,0x0041,0x0041,0x0041,0x0041,0x0041,0x0041,0x0041,0x0041,
  0x0041,0x0041,0x0041,0x0041,0x0041,0x0041,0x0041,0x0041,0x0041,0x0041,0x0041,0x0041,0x0041,0x0041,0x0041,0x0041,
  0x0041,0x0041,0x0041,0x0041,0x0041,0x0041,0x0041,0x0041,0x0041,0x0041,0x0041,0x0041,0x0041,0x0041,0x0041,0x0041,
  0x0041,0x0041,0x0041,0x0041,0x0841,0x0041,0x0041,0x0041,0x0041,0x0041,0x0041,0x0041,0x0841,0x0041,0x0041,0x0041,
  0x0841,0x0041,0x0041,0x0041,0x0841,0x0041,0x0841,0x0041,0x0841,0x0041,0x0041,0x0041,0x0041,0x0041,0x0041,0x0041,
  0x0041,0x0041,0x0041,0x0041,0x0841,0x0841,0x0841,0x0841,0x0841,0x0841,0x0841,0x0841,0x0841,0x0841,0x0841,0x0041,
  0x0041,0x0041,0x0041,0x0841,0x0841,0x0041,0x0841,0x0841,0x0841,0x0841,0x0841,0x0841,0x0841,0x0841,0x0041,0x0841,
  0x0841,0x0841,0x0841,0x0041,0x0041,0x0041,0x0041,0x0841,0x0041,0x0041,0x0041,0x0041,0x0041,0x0041,0x0041,0x0041,
  0x0041,0x0041,0x0041,0x0041,0x0041,0x0041,0x0041,0x0041,0x0041,0x0041,0x0041,0x0041,0x0041,0x0041,0x0041,0x0041,
  0x0041,0x0041,0x0041,0x0041,0x0041,0x0041,0x0041,0x0041,0x0041,0x0041,0x0041,0x0021,0x0021,0x0021,0x0021,0x0021,
  0x0021,0x0021,0x0021,0x0041,0x0000,0x0255,0x03DF,0x0841,0x10A3,0x0020,0x634D,0x52CC,0x5AEC,0x52CB,0x52EC,0x5AEC,
  0x634D,0x634E,0x634E,0x632D,0x5B2D,0x52CC,0x52EC,0x3A08,0x0021,0x01F8,0x02BF,0x031F,0x037F,0x037F,0x039F,0x039F,
  0x039F,0x039F,0x039F,0x039F,0x039F,0x039F,0x039F,0x039F,0x039F,0x03DF,0x03DF,0x03DF,0x03DF,0x03DF,0x03DF,0x03DF,
  0x03DF,0x03DF,0x03DF,0x039F,0x039F,0x039F,0x039F,0x039F,0x039F,0x039F,0x039F,0x039F,0x039F,0x037F,0x037F,0x037F,
  0x033F,0x031F,0x02DF,0x02DF,0x02DF,0x02DF,0x02DF,0x014F,0x0000,0x0041,0x0021,0x10A2,0x4A49,0x3A08,0x3A08,0x3A08,
  0x10C3,0x0000,0x0021,0x2125,0x4A6A,0x31A7,0x31A7,0x2945,0x0021,0x0000,0x0021,0x0021,0x02D8,0x043F,0x03FF,0x03FF,
  0x03FF,0x03FF,0x03DF,0x037F,0x033F,0x031F,0x031F,0x027C,0x0000,0x0021,0x0021,0x0021,0x0000,0x10A2,0x2966,0x0000,
  0x0000,0x027F,0x016F,0x0000,0x0041,0x0021,0x0021,0x0041,0x0021,0x0021,0x0021,0x0021,0x0021,0x0021,0x0021,0x0021,
  0x0041,0x0021,0x0021,0x0041,0x0021,0x0021,0x0021,0x0021,0x0041,0x0041,0x0021,0x0041,0x0041,0x0041,0x0041,0x0021,
  0x0041,0x0041,0x0041,0x0041,0x0041,0x0041,0x0041,0x0041,0x0041,0x0041,0x0041,0x0041,0x0041,0x0041,0x0041,0x0041,
  0x0041,0x0041,0x0041,0x0041,0x0041,0x0041,0x0041,0x0041,0x0041,0x0041,0x0041,0x0041,0x0041,0x0041,0x0041,0x0041,
  0x0041,0x0041,0x0041,0x0041,0x0041,0x0041,0x0041,0x0041,0x0041,0x0041,0x0041,0x0041,0x0041,0x0041,0x0041,0x0041,
  0x0041,0x0041,0x0041,0x0041,0x0041,0x0041,0x0041,0x0041,0x0041,0x0041,0x0041,0x0041,0x0041,0x0041,0x0041,0x0041,
  0x0041,0x0041,0x0041,0x0041,0x0041,0x0041,0x0041,0x0041,0x0041,0x0041,0x0041,0x0841,0x0841,0x0841,0x0841,0x0041,
  0x0841,0x0041,0x0041,0x0041,0x0041,0x0041,0x0041,0x0041,0x0041,0x0841,0x0041,0x0041,0x0041,0x0841,0x0041,0x0041,
  0x0041,0x0041,0x0041,0x0841,0x0841,0x0841,0x0841,0x0841,0x0841,0x0841,0x0841,0x0841,0x0841,0x0841,0x0041,0x0841,
  0x0841,0x0841,0x0841,0x0841,0x0841,0x0841,0x0841,0x0841,0x0841,0x0841,0x0841,0x0841,0x0841,0x0041,0x0841,0x0041,
  0x0041,0x0041,0x0041,0x0041,0x0041,0x0041,0x0041,0x0041,0x0041,0x0041,0x0041,0x0041,0x0041,0x0041,0x0041,0x0041,
  0x0041,0x0041,0x0041,0x0041,0x0041,0x0041,0x0041,0x0041,0x0041,0x0041,0x0041,0x0041,0x0041,0x0041,0x0041,0x0041,
  0x0041,0x0041,0x0041,0x0041,0x0041,0x0041,0x0041,0x0041,0x0041,0x0041,0x0021,0x0021,0x0021,0x0021,0x0021,0x0021,
  0x0021,0x0021,0x0021,0x0041,0x0000,0x0255,0x039F,0x10A2,0x3186,0x0000,0x4A8A,0x5AEC,0x52CC,0x5AEC,0x5B0D,0x632D,
  0x634E,0x6B8F,0x634E,0x632D,0x5AEC,0x632D,0x4229,0x0000,0x0043,0x0171,0x0170,0x01D1,0x0211,0x0211,0x0231,0x0251,
  0x0251,0x0231,0x0231,0x0231,0x0231,0x0231,0x0231,0x0231,0x0251,0x0251,0x0251,0x0251,0x0231,0x0251,0x0231,0x0251,
  0x0251,0x0251,0x0231,0x0231,0x0231,0x0211,0x0231,0x0231,0x0251,0x0232,0x0232,0x0232,0x0232,0x0232,0x0211,0x0211,
  0x01F1,0x01F1,0x01D1,0x01B1,0x0191,0x01B2,0x00EA,0x0000,0x0041,0x0041,0x0021,0x3186,0x2966,0x1904,0x2145,0x10C3,
  0x0000,0x0021,0x0861,0x2986,0x1904,0x2104,0x1904,0x0041,0x0000,0x0041,0x0000,0x00C6,0x035C,0x031A,0x033B,0x035B,
  0x033A,0x033B,0x031B,0x02BB,0x029B,0x02BC,0x0237,0x0000,0x0020,0x0041,0x0021,0x0021,0x0000,0x10A2,0x2986,0x0000,
  0x0000,0x025E,0x014F,0x0000,0x0041,0x0041,0x0021,0x0021,0x0021,0x0021,0x0021,0x0021,0x0021,0x0021,0x0021,0x0021,
  0x0021,0x0021,0x0041,0x0041,0x0021,0x0021,0x0041,0x0021,0x0021,0x0021,0x0041,0x0041,0x0041,0x0021,0x0021,0x0021,
  0x0021,0x0041,0x0041,0x0041,0x0041,0x0041,0x0041,0x0041,0x0021,0x0041,0x0041,0x0041,0x0041,0x0041,0x0041,0x0041,
  0x0041,0x0041,0x0041,0x0041,0x0041,0x0041,0x0041,0x0041,0x0041,0x0041,0x0041,0x0041,0x0041,0x0041,0x0041,0x0041,
  0x0041,0x0041,0x0041,0x0041,0x0041,0x0041,0x0041,0x0041,0x0041,0x0041,0x0041,0x0041,0x0041,0x0041,0x0041,0x0041,
  0x0041,0x0041,0x0041,0x0041,0x0041,0x0041,0x0041,0x0041,0x0041,0x0041,0x0041,0x0041,0x0041,0x0041,0x0041,0x0041,
  0x0041,0x0041,0x0041,0x0841,0x0041,0x0041,0x0041,0x0041,0x0041,0x0041,0x0041,0x0841,0x0841,0x0041,0x0041,0x0041,
  0x0041,0x0041,0x0041,0x0041,0x0041,0x0041,0x0841,0x0041,0x0841,0x0041,0x0041,0x0841,0x0841,0x0041,0x0041,0x0041,
  0x0041,0x0041,0x0041,0x0041,0x0041,0x0041,0x0041,0x0041,0x0041,0x0041,0x0841,0x0841,0x0841,0x0841,0x0041,0x0841,
  0x0841,0x0041,0x0041,0x0041,0x0841,0x0841,0x0841,0x0841,0x0841,0x0841,0x0041,0x0841,0x0841,0x0841,0x0041,0x0841,
  0x0841,0x0041,0x0041,0x0041,0x0041,0x0041,0x0041,0x0041,0x0041,0x0041,0x0041,0x0041,0x0041,0x0041,0x0041,0x0041,
  0x0041,0x0041,0x0041,0x0041,0x0041,0x0041,0x0041,0x0041,0x0041,0x0041,0x0041,0x0041,0x0041,0x0041,0x0041,0x0041,
  0x0041,0x0041,0x0041,0x0041,0x0041,0x0041,0x0041,0x0041,0x0041,0x0041,0x0021,0x0021,0x0021,0x0021,0x0021,0x0021,
  0x0021,0x0021,0x0021,0x0041,0x0000,0x0256,0x039F,0x1082,0x2966,0x0000,0x4A8B,0x52EC,0x5AEC,0x5B0D,0x5B2D,0x5B2D,
  0x6B6E,0x6B6E,0x5B2D,0x5AEC,0x634D,0x4A8A,0x0021,0x0021,0x0041,0x0000,0x0000,0x0000,0x0000,0x0000,0x0000,0x0000,
  0x0000,0x0000,0x0000,0x0000,0x0000,0x0000,0x0000,0x0000,0x0000,0x0000,0x0000,0x0000,0x0000,0x0000,0x0000,0x0000,
  0x0000,0x0000,0x0000,0x0000,0x0000,0x0000,0x0000,0x0000,0x0000,0x0000,0x0000,0x0000,0x0000,0x0000,0x0000,0x0000,
  0x0000,0x0000,0x0000,0x0000,0x0000,0x0000,0x0020,0x0041,0x0041,0x0041,0x0041,0x0020,0x0000,0x0000,0x0000,0x0020,
  0x0041,0x0041,0x0021,0x0000,0x0000,0x0000,0x0000,0x0021,0x0041,0x0021,0x0041,0x0020,0x0000,0x0000,0x0000,0x0000,
  0x0000,0x0000,0x0000,0x0000,0x0000,0x0000,0x0000,0x0021,0x0021,0x0021,0x0021,0x0041,0x0000,0x10A2,0x2187,0x0000,
  0x0000,0x025D,0x014F,0x0000,0x0041,0x0021,0x0021,0x0021,0x0021,0x0021,0x0021,0x0021,0x0021,0x0021,0x0021,0x0021,
  0x0021,0x0021,0x0021,0x0041,0x0041,0x0041,0x0021,0x0021,0x0041,0x0021,0x0041,0x0041,0x0021,0x0021,0x0021,0x0021,
  0x0021,0x0041,0x0041,0x0041,0x0041,0x0041,0x0041,0x0041,0x0041,0x0041,0x0041,0x0041,0x0041,0x0041,0x0041,0x0041,
  0x0041,0x0041,0x0041,0x0041,0x0041,0x0041,0x0041,0x0041,0x0041,0x0041,0x0041,0x0041,0x0041,0x0041,0x0041,0x0041,
  0x0041,0x0041,0x0041,0x0041,0x0041,0x0041,0x0041,0x0041,0x0041,0x0041,0x0041,0x0041,0x0041,0x0041,0x0041,0x0041,
  0x0041,0x0041,0x0041,0x0041,0x0041,0x0041,0x0041,0x0041,0x0041,0x0041,0x0041,0x0041,0x0041,0x0041,0x0041,0x0041,
  0x0041,0x0041,0x0041,0x0041,0x0041,0x0041,0x0041,0x0041,0x0041,0x0041,0x0041,0x0841,0x0841,0x0041,0x0041,0x0041,
  0x0041,0x0041,0x0041,0x0041,0x0041,0x0041,0x0041,0x0841,0x0841,0x0041,0x0041,0x0041,0x0041,0x0041,0x0041,0x0041,
  0x0041,0x0041,0x0041,0x0041,0x0041,0x0041,0x0041,0x0041,0x0841,0x0841,0x0841,0x0041,0x0841,0x0841,0x0841,0x0041,
  0x0041,0x0041,0x0041,0x0041,0x0041,0x0041,0x0041,0x0041,0x0841,0x0841,0x0041,0x0041,0x0041,0x0841,0x0041,0x0041,
  0x0841,0x0041,0x0041,0x0041,0x0841,0x0841,0x0041,0x0041,0x0041,0x0041,0x0841,0x0041,0x0041,0x0041,0x0041,0x0841,
  0x0041,0x0041,0x0041,0x0041,0x0041,0x0041,0x0041,0x0041,0x0041,0x0041,0x0041,0x0041,0x0041,0x0041,0x0041,0x0041,
  0x0041,0x0041,0x0041,0x0041,0x0041,0x0041,0x0041,0x0041,0x0041,0x0041,0x0021,0x0021,0x0021,0x0021,0x0021,0x0021,
  0x0021,0x0021,0x0021,0x0041,0x0000,0x0257,0x039F,0x0000,0x0021,0x0020,0x52AB,0x5AEC,0x5AEC,0x5B2D,0x5B2D,0x634E,
  0x634E,0x634D,0x52AB,0x5B0D,0x4A8A,0x0020,0x0000,0x0041,0x0041,0x0041,0x0041,0x0041,0x0041,0x0041,0x0041,0x0062,
  0x0061,0x0062,0x0061,0x0061,0x0062,0x0062,0x0062,0x0062,0x0062,0x0062,0x0062,0x0061,0x0041,0x0061,0x0062,0x0062,
  0x0862,0x0062,0x0062,0x0862,0x0062,0x0862,0x0862,0x0062,0x0062,0x0062,0x0062,0x0042,0x0041,0x0041,0x0041,0x0041,
  0x0062,0x0062,0x0042,0x0062,0x0042,0x0042,0x0041,0x0041,0x0041,0x0041,0x0041,0x0041,0x0041,0x0041,0x0041,0x0041,
  0x0041,0x0041,0x0041,0x0041,0x0041,0x0041,0x0041,0x0041,0x0041,0x0041,0x0041,0x0041,0x0041,0x0041,0x0041,0x0041,
  0x0041,0x0041,0x0041,0x0041,0x0041,0x0041,0x0041,0x0041,0x0021,0x0021,0x0021,0x0041,0x0000,0x10A2,0x118B,0x0001,
  0x0000,0x025E,0x016F,0x0000,0x0041,0x0021,0x0021,0x0021,0x0021,0x0021,0x0021,0x0021,0x0021,0x0021,0x0021,0x0021,
  0x0021,0x0021,0x0041,0x0021,0x0041,0x0041,0x0041,0x0021,0x0021,0x0041,0x0021,0x0041,0x0021,0x0021,0x0041,0x0021,
  0x0021,0x0041,0x0041,0x0041,0x0041,0x0041,0x0041,0x0041,0x0041,0x0041,0x0041,0x0041,0x0041,0x0041,0x0041,0x0041,
  0x0021,0x0041,0x0041,0x0041,0x0041,0x0041,0x0041,0x0041,0x0041,0x0041,0x0041,0x0041,0x0041,0x0041,0x0041,0x0041,
  0x0041,0x0041,0x0041,0x0041,0x0041,0x0041,0x0041,0x0041,0x0041,0x0041,0x0041,0x0041,0x0041,0x0041,0x0041,0x0041,
  0x0041,0x0041,0x0041,0x0041,0x0041,0x0041,0x0041,0x0041,0x0041,0x0041,0x0041,0x0041,0x0041,0x0041,0x0041,0x0041,
  0x0041,0x0041,0x0041,0x0041,0x0041,0x0041,0x0041,0x0041,0x0041,0x0041,0x0841,0x0041,0x0041,0x0841,0x0841,0x0041,
  0x0041,0x0041,0x0041,0x0041,0x0841,0x0841,0x0041,0x0841,0x0841,0x0041,0x0041,0x0041,0x0041,0x0041,0x0041,0x0041,
  0x0041,0x0041,0x0041,0x0041,0x0041,0x0841,0x0841,0x0841,0x0841,0x0841,0x0041,0x0841,0x0841,0x0041,0x0841,0x0041,
  0x0041,0x0041,0x0041,0x0841,0x0041,0x0041,0x0041,0x0041,0x0041,0x0841,0x0841,0x0041,0x0041,0x0041,0x0041,0x0041,
  0x0041,0x0041,0x0041,0x0041,0x0041,0x0041,0x0041,0x0041,0x0041,0x0041,0x0041,0x0041,0x0041,0x0841,0x0841,0x0041,
  0x0041,0x0041,0x0041,0x0041,0x0041,0x0041,0x0841,0x0041,0x0041,0x0041,0x0041,0x0041,0x0041,0x0041,0x0041,0x0041,
  0x0041,0x0041,0x0041,0x0041,0x0041,0x0041,0x0041,0x0021,0x0041,0x0021,0x0021,0x0041,0x0021,0x0021,0x0021,0x0021,
  0x0021,0x0021,0x0021,0x0041,0x0000,0x0213,0x0275,0x0000,0x0000,0x0021,0x5B0D,0x632D,0x5B0D,0x634E,0x634E,0x634E,
  0x634E,0x5B0D,0x634D,0x52AB,0x0041,0x0000,0x0041,0x0041,0x0041,0x0041,0x0041,0x0041,0x0041,0x0041,0x0041,0x0041,
  0x0841,0x0841,0x0841,0x0841,0x0841,0x0041,0x0041,0x0041,0x0041,0x0841,0x0841,0x0841,0x0841,0x0041,0x0841,0x0041,
  0x0841,0x0841,0x0841,0x0841,0x0841,0x0041,0x0841,0x0841,0x0041,0x0041,0x0041,0x0041,0x0041,0x0041,0x0041,0x0041,
  0x0041,0x0041,0x0041,0x0041,0x0041,0x0041,0x0041,0x0041,0x0041,0x0041,0x0041,0x0041,0x0041,0x0041,0x0041,0x0041,
  0x0041,0x0041,0x0041,0x0041,0x0041,0x0041,0x0041,0x0041,0x0041,0x0041,0x0041,0x0041,0x0041,0x0041,0x0041,0x0041,
  0x0041,0x0041,0x0041,0x0041,0x0041,0x0021,0x0021,0x0021,0x0041,0x0021,0x0021,0x0041,0x0000,0x1082,0x098B,0x0001,
  0x0000,0x027D,0x016F,0x0000,0x0041,0x0021,0x0021,0x0021,0x0021,0x0021,0x0021,0x0021,0x0021,0x0021,0x0021,0x0021,
  0x0021,0x0021,0x0041,0x0041,0x0041,0x0021,0x0021,0x0021,0x0021,0x0021,0x0041,0x0041,0x0041,0x0021,0x0021,0x0041,
  0x0021,0x0041,0x0041,0x0021,0x0041,0x0041,0x0041,0x0041,0x0041,0x0041,0x0041,0x0041,0x0041,0x0041,0x0041,0x0021,
  0x0041,0x0041,0x0021,0x0021,0x0041,0x0041,0x0041,0x0041,0x0041,0x0041,0x0041,0x0041,0x0041,0x0041,0x0041,0x0041,
  0x0041,0x0041,0x0041,0x0041,0x0041,0x0041,0x0041,0x0041,0x0041,0x0041,0x0041,0x0041,0x0041,0x0041,0x0041,0x0041,
  0x0041,0x0041,0x0041,0x0041,0x0041,0x0041,0x0041,0x0041,0x0041,0x0041,0x0041,0x0041,0x0041,0x0041,0x0041,0x0041,
  0x0041,0x0041,0x0041,0x0041,0x0041,0x0041,0x0841,0x0041,0x0841,0x0841,0x0841,0x0041,0x0041,0x0041,0x0841,0x0041,
  0x0841,0x0841,0x0041,0x0041,0x0041,0x0841,0x0041,0x0041,0x0041,0x0041,0x0041,0x0041,0x0041,0x0041,0x0041,0x0041,
  0x0041,0x0041,0x0041,0x0041,0x0041,0x0041,0x0841,0x0841,0x0841,0x0041,0x0041,0x0041,0x0041,0x0841,0x0841,0x0841,
  0x0841,0x0841,0x0041,0x0041,0x0041,0x0041,0x0041,0x0041,0x0841,0x0041,0x0041,0x0841,0x0041,0x0041,0x0041,0x0041,
  0x0041,0x0041,0x0041,0x0841,0x0041,0x0841,0x0041,0x0041,0x0841,0x0041,0x0041,0x0841,0x0041,0x0041,0x0041,0x0041,
  0x0041,0x0041,0x0041,0x0041,0x0041,0x0041,0x0041,0x0041,0x0041,0x0041,0x0041,0x0041,0x0041,0x0041,0x0041,0x0041,
  0x0041,0x0041,0x0041,0x0041,0x0041,0x0041,0x0041,0x0021,0x0021,0x0021,0x0021,0x0041,0x0021,0x0021,0x0021,0x0021,
  0x0021,0x0021,0x0041,0x0020,0x0841,0x5ACB,0x39A6,0x0000,0x0000,0x0020,0x5B0C,0x5B0D,0x632D,0x632D,0x634E,0x634D,
  0x632D,0x636E,0x52CC,0x0041,0x0020,0x0041,0x0041,0x0041,0x0041,0x0041,0x0041,0x0041,0x0841,0x0041,0x0041,0x0841,
  0x0041,0x0841,0x0841,0x0841,0x0841,0x0041,0x0041,0x0841,0x0841,0x0841,0x0841,0x0841,0x0841,0x0841,0x0841,0x0841,
  0x0841,0x0841,0x0841,0x0861,0x0841,0x0841,0x0861,0x0841,0x0841,0x0841,0x0841,0x0041,0x0041,0x0041,0x0041,0x0041,
  0x0041,0x0041,0x0041,0x0041,0x0041,0x0041,0x0041,0x0041,0x0041,0x0041,0x0041,0x0041,0x0041,0x0041,0x0041,0x0041,
  0x0041,0x0041,0x0041,0x0041,0x0041,0x0041,0x0041,0x0041,0x0041,0x0041,0x0041,0x0041,0x0041,0x0041,0x0041,0x0041,
  0x0041,0x0041,0x0041,0x0021,0x0041,0x0021,0x0021,0x0041,0x0041,0x0021,0x0021,0x0041,0x0000,0x10A2,0x098B,0x0001,
  0x0000,0x027C,0x016F,0x0000,0x0041,0x0021,0x0021,0x0021,0x0021,0x0021,0x0021,0x0021,0x0021,0x0021,0x0021,0x0021,
  0x0021,0x0021,0x0021,0x0041,0x0021,0x0021,0x0021,0x0041,0x0021,0x0021,0x0021,0x0021,0x0021,0x0021,0x0021,0x0041,
  0x0041,0x0041,0x0021,0x0021,0x0021,0x0041,0x0041,0x0041,0x0041,0x0041,0x0041,0x0041,0x0041,0x0041,0x0041,0x0041,
  0x0041,0x0041,0x0041,0x0041,0x0041,0x0041,0x0041,0x0041,0x0021,0x0041,0x0041,0x0041,0x0041,0x0041,0x0041,0x0041,
  0x0041,0x0041,0x0041,0x0041,0x0041,0x0041,0x0041,0x0041,0x0041,0x0041,0x0041,0x0041,0x0041,0x0041,0x0041,0x0041,
  0x0041,0x0041,0x0041,0x0041,0x0041,0x0041,0x0041,0x0041,0x0041,0x0041,0x0041,0x0041,0x0041,0x0041,0x0041,0x0041,
  0x0041,0x0041,0x0041,0x0041,0x0041,0x0041,0x0841,0x0041,0x0041,0x0841,0x0841,0x0041,0x0041,0x0041,0x0041,0x0041,
  0x0041,0x0041,0x0041,0x0041,0x0041,0x0041,0x0041,0x0041,0x0041,0x0841,0x0041,0x0041,0x0041,0x0041,0x0041,0x0041,
  0x0041,0x0041,0x0041,0x0041,0x0041,0x0041,0x0041,0x0041,0x0841,0x0841,0x0041,0x0041,0x0841,0x0841,0x0841,0x0841,
  0x0041,0x0041,0x0041,0x0041,0x0041,0x0041,0x0041,0x0041,0x0041,0x0841,0x0041,0x0041,0x0041,0x0841,0x0041,0x0041,
  0x0841,0x0041,0x0841,0x0041,0x0041,0x0041,0x0041,0x0041,0x0041,0x0041,0x0841,0x0041,0x0041,0x0041,0x0041,0x0041,
  0x0041,0x0041,0x0041,0x0041,0x0041,0x0041,0x0041,0x0041,0x0041,0x0041,0x0041,0x0041,0x0041,0x0041,0x0041,0x0041,
  0x0041,0x0041,0x0041,0x0041,0x0041,0x0041,0x0041,0x0041,0x0041,0x0021,0x0021,0x0041,0x0021,0x0021,0x0021,0x0021,
  0x0021,0x0021,0x0021,0x0000,0x5269,0x52AA,0x31C7,0x0000,0x0021,0x0020,0x52CC,0x5AEC,0x5AEC,0x5B0D,0x5B2D,0x5AEC,
  0x634E,0x52AB,0x0841,0x0000,0x0841,0x0041,0x0041,0x0041,0x0041,0x0041,0x0041,0x0041,0x0841,0x0841,0x0041,0x0841,
  0x0041,0x0841,0x0841,0x0041,0x0841,0x0841,0x0841,0x0861,0x0861,0x0861,0x0841,0x0841,0x0841,0x0861,0x0841,0x0841,
  0x0861,0x0861,0x0861,0x0841,0x0841,0x0841,0x0841,0x0861,0x0841,0x0841,0x0861,0x0841,0x0841,0x0841,0x0041,0x0041,
  0x0041,0x0041,0x0041,0x0041,0x0041,0x0041,0x0041,0x0041,0x0041,0x0841,0x0041,0x0041,0x0041,0x0041,0x0041,0x0041,
  0x0041,0x0041,0x0041,0x0041,0x0041,0x0041,0x0041,0x0041,0x0041,0x0041,0x0041,0x0041,0x0041,0x0041,0x0041,0x0041,
  0x0041,0x0041,0x0041,0x0041,0x0041,0x0041,0x0021,0x0021,0x0041,0x0021,0x0021,0x0041,0x0000,0x10A2,0x098C,0x0001,
  0x0000,0x027C,0x014E,0x0000,0x0041,0x0021,0x0021,0x0021,0x0021,0x0021,0x0021,0x0021,0x0021,0x0021,0x0021,0x0021,
  0x0021,0x0021,0x0021,0x0021,0x0021,0x0021,0x0021,0x0021,0x0021,0x0021,0x0021,0x0021,0x0021,0x0041,0x0021,0x0021,
  0x0021,0x0021,0x0021,0x0021,0x0021,0x0041,0x0041,0x0041,0x0041,0x0041,0x0041,0x0041,0x0041,0x0041,0x0041,0x0041,
  0x0041,0x0041,0x0021,0x0041,0x0041,0x0041,0x0041,0x0041,0x0021,0x0041,0x0041,0x0041,0x0041,0x0041,0x0041,0x0041,
  0x0041,0x0041,0x0041,0x0041,0x0041,0x0041,0x0041,0x0041,0x0041,0x0041,0x0041,0x0041,0x0041,0x0041,0x0041,0x0041,
  0x0041,0x0041,0x0041,0x0041,0x0041,0x0041,0x0041,0x0041,0x0041,0x0041,0x0041,0x0041,0x0041,0x0041,0x0041,0x0041,
  0x0041,0x0041,0x0041,0x0041,0x0041,0x0041,0x0041,0x0041,0x0041,0x0041,0x0041,0x0041,0x0041,0x0841,0x0041,0x0041,
  0x0041,0x0041,0x0041,0x0041,0x0041,0x0041,0x0041,0x0841,0x0041,0x0041,0x0041,0x0041,0x0041,0x0041,0x0041,0x0041,
  0x0041,0x0041,0x0041,0x0041,0x0041,0x0041,0x0041,0x0041,0x0041,0x0841,0x0841,0x0041,0x0841,0x0841,0x0041,0x0041,
  0x0041,0x0041,0x0041,0x0041,0x0041,0x0041,0x0041,0x0041,0x0041,0x0041,0x0041,0x0041,0x0041,0x0041,0x0041,0x0041,
  0x0041,0x0041,0x0041,0x0041,0x0041,0x0841,0x0841,0x0041,0x0041,0x0041,0x0041,0x0841,0x0041,0x0041,0x0841,0x0041,
  0x0041,0x0041,0x0041,0x0041,0x0041,0x0041,0x0041,0x0041,0x0041,0x0041,0x0041,0x0041,0x0041,0x0041,0x0041,0x0041,
  0x0041,0x0041,0x0041,0x0041,0x0041,0x0041,0x0021,0x0041,0x0021,0x0021,0x0021,0x0021,0x0021,0x0041,0x0021,0x0021,
  0x0021,0x0041,0x0000,0x39C7,0x5AEB,0x4229,0x39E7,0x0021,0x2167,0x0021,0x5AEC,0x5B0D,0x632D,0x634E,0x5B0D,0x636E,
  0x52CB,0x0841,0x0000,0x0841,0x0041,0x0841,0x0041,0x0041,0x0041,0x0841,0x0841,0x0041,0x0841,0x0841,0x0841,0x0841,
  0x0041,0x0841,0x0841,0x0841,0x0841,0x0841,0x0841,0x0841,0x0841,0x0861,0x0841,0x0841,0x0841,0x0861,0x0861,0x0841,
  0x0861,0x0861,0x0841,0x0841,0x0861,0x0841,0x0861,0x0841,0x0861,0x0861,0x0841,0x0861,0x0841,0x0841,0x0041,0x0041,
  0x0041,0x0041,0x0841,0x0841,0x0041,0x0041,0x0041,0x0041,0x0041,0x0041,0x0841,0x0041,0x0041,0x0041,0x0041,0x0041,
  0x0041,0x0041,0x0041,0x0041,0x0041,0x0041,0x0041,0x0041,0x0041,0x0041,0x0041,0x0041,0x0041,0x0041,0x0041,0x0041,
  0x0041,0x0041,0x0041,0x0041,0x0041,0x0021,0x0021,0x0021,0x0041,0x0021,0x0021,0x0021,0x0000,0x10A2,0x098C,0x0001,
  0x0000,0x023C,0x012E,0x0000,0x0041,0x0021,0x0021,0x0021,0x0021,0x0021,0x0021,0x0021,0x0021,0x0021,0x0021,0x0021,
  0x0021,0x0021,0x0021,0x0021,0x0021,0x0021,0x0021,0x0021,0x0021,0x0021,0x0021,0x0021,0x0021,0x0021,0x0021,0x0021,
  0x0021,0x0041,0x0021,0x0021,0x0021,0x0041,0x0041,0x0021,0x0041,0x0041,0x0041,0x0041,0x0041,0x0041,0x0041,0x0041,
  0x0021,0x0021,0x0041,0x0041,0x0041,0x0041,0x0041,0x0041,0x0041,0x0041,0x0041,0x0041,0x0041,0x0041,0x0041,0x0041,
  0x0041,0x0041,0x0041,0x0041,0x0041,0x0041,0x0041,0x0041,0x0041,0x0041,0x0041,0x0041,0x0041,0x0041,0x0041,0x0041,
  0x0041,0x0041,0x0041,0x0041,0x0041,0x0041,0x0041,0x0041,0x0041,0x0041,0x0041,0x0041,0x0041,0x0041,0x0041,0x0041,
  0x0041,0x0041,0x0041,0x0041,0x0041,0x0041,0x0041,0x0041,0x0041,0x0041,0x0041,0x0041,0x0041,0x0041,0x0041,0x0041,
  0x0041,0x0041,0x0041,0x0041,0x0041,0x0841,0x0041,0x0041,0x0041,0x0041,0x0041,0x0041,0x0041,0x0041,0x0041,0x0041,
  0x0041,0x0041,0x0041,0x0041,0x0041,0x0041,0x0041,0x0041,0x0041,0x0041,0x0841,0x0041,0x0041,0x0041,0x0041,0x0041,
  0x0041,0x0041,0x0041,0x0041,0x0841,0x0041,0x0041,0x0041,0x0041,0x0041,0x0041,0x0041,0x0041,0x0041,0x0041,0x0041,
  0x0041,0x0041,0x0041,0x0041,0x0041,0x0041,0x0041,0x0041,0x0841,0x0041,0x0041,0x0841,0x0841,0x0041,0x0841,0x0041,
  0x0041,0x0041,0x0041,0x0041,0x0041,0x0041,0x0041,0x0041,0x0041,0x0041,0x0041,0x0041,0x0041,0x0041,0x0041,0x0041,
  0x0041,0x0041,0x0041,0x0041,0x0041,0x0041,0x0021,0x0021,0x0021,0x0021,0x0021,0x0021,0x0021,0x0041,0x0021,0x0021,
  0x0041,0x0000,0x18E3,0x5AEB,0x4228,0x4A69,0x39E7,0x0000,0x0863,0x0021,0x52CC,0x5B2D,0x5B2D,0x632D,0x6B6E,0x52CB,
  0x0841,0x0000,0x0841,0x0041,0x0041,0x0841,0x0041,0x0841,0x0841,0x0041,0x0041,0x0841,0x0841,0x0841,0x0841,0x0841,
  0x0841,0x0841,0x0841,0x0841,0x0841,0x0041,0x0041,0x0841,0x0861,0x0861,0x0861,0x0861,0x0841,0x0861,0x0861,0x0861,
  0x0861,0x0841,0x0861,0x0861,0x0861,0x0861,0x0861,0x0861,0x0861,0x0861,0x0861,0x0861,0x0861,0x0841,0x0841,0x0041,
  0x0041,0x0841,0x0841,0x0041,0x0041,0x0041,0x0041,0x0041,0x0041,0x0841,0x0041,0x0841,0x0841,0x0041,0x0041,0x0041,
  0x0041,0x0041,0x0041,0x0041,0x0841,0x0041,0x0041,0x0041,0x0041,0x0041,0x0041,0x0041,0x0041,0x0041,0x0041,0x0041,
  0x0041,0x0041,0x0021,0x0041,0x0041,0x0021,0x0041,0x0041,0x0041,0x0021,0x0021,0x0041,0x0000,0x10A2,0x016C,0x0001,
  0x0000,0x023C,0x014F,0x0000,0x0041,0x0021,0x0021,0x0021,0x0021,0x0021,0x0021,0x0021,0x0021,0x0021,0x0021,0x0021,
  0x0021,0x0021,0x0021,0x0021,0x0021,0x0021,0x0021,0x0021,0x0021,0x0021,0x0021,0x0021,0x0021,0x0021,0x0021,0x0021,
  0x0021,0x0041,0x0021,0x0021,0x0041,0x0021,0x0021,0x0021,0x0021,0x0021,0x0021,0x0021,0x0041,0x0021,0x0041,0x0041,
  0x0041,0x0021,0x0041,0x0041,0x0041,0x0041,0x0041,0x0041,0x0041,0x0041,0x0041,0x0041,0x0041,0x0041,0x0041,0x0041,
  0x0041,0x0041,0x0041,0x0041,0x0041,0x0041,0x0041,0x0041,0x0041,0x0041,0x0041,0x0041,0x0041,0x0041,0x0041,0x0041,
  0x0041,0x0041,0x0041,0x0041,0x0041,0x0041,0x0041,0x0041,0x0041,0x0041,0x0041,0x0041,0x0041,0x0041,0x0041,0x0041,
  0x0041,0x0041,0x0041,0x0041,0x0041,0x0041,0x0041,0x0041,0x0041,0x0041,0x0041,0x0041,0x0041,0x0041,0x0041,0x0041,
  0x0841,0x0041,0x0041,0x0041,0x0041,0x0041,0x0041,0x0041,0x0041,0x0041,0x0841,0x0041,0x0041,0x0041,0x0841,0x0041,
  0x0041,0x0041,0x0041,0x0041,0x0041,0x0041,0x0041,0x0041,0x0041,0x0041,0x0041,0x0841,0x0041,0x0041,0x0041,0x0041,
  0x0041,0x0041,0x0041,0x0041,0x0841,0x0041,0x0041,0x0041,0x0041,0x0041,0x0041,0x0041,0x0041,0x0041,0x0041,0x0041,
  0x0041,0x0041,0x0041,0x0041,0x0041,0x0041,0x0041,0x0041,0x0041,0x0041,0x0041,0x0841,0x0841,0x0841,0x0841,0x0041,
  0x0041,0x0041,0x0041,0x0041,0x0041,0x0041,0x0041,0x0041,0x0041,0x0041,0x0041,0x0041,0x0041,0x0041,0x0041,0x0041,
  0x0041,0x0041,0x0041,0x0041,0x0041,0x0021,0x0021,0x0021,0x0021,0x0021,0x0021,0x0021,0x0021,0x0041,0x0021,0x0021,
  0x0020,0x0861,0x5ACB,0x4229,0x4228,0x4A49,0x39C7,0x0000,0x0001,0x0000,0x52CB,0x5B0D,0x5B0D,0x634E,0x52AB,0x0021,
  0x0000,0x0041,0x0041,0x0841,0x0841,0x0841,0x0841,0x0841,0x0841,0x0841,0x0841,0x0841,0x0841,0x0841,0x0841,0x0841,
  0x0841,0x0841,0x0841,0x0861,0x0841,0x0861,0x0841,0x0841,0x0861,0x0861,0x0861,0x0861,0x0861,0x0861,0x0861,0x0841,
  0x0861,0x0861,0x0841,0x0861,0x0861,0x0861,0x0861,0x0861,0x0861,0x0861,0x0861,0x0841,0x0861,0x0841,0x0041,0x0861,
  0x0841,0x0041,0x0041,0x0841,0x0841,0x0841,0x0841,0x0841,0x0041,0x0841,0x0841,0x0841,0x0861,0x0841,0x0841,0x0841,
  0x0841,0x0041,0x0841,0x0041,0x0041,0x0041,0x0041,0x0041,0x0041,0x0041,0x0041,0x0041,0x0041,0x0041,0x0041,0x0041,
  0x0041,0x0041,0x0041,0x0041,0x0041,0x0041,0x0021,0x0021,0x0021,0x0021,0x0021,0x0021,0x0000,0x10A2,0x016C,0x0001,
  0x0000,0x023C,0x014F,0x0000,0x0041,0x0021,0x0021,0x0021,0x0021,0x0021,0x0021,0x0021,0x0021,0x0021,0x0021,0x0021,
  0x0021,0x0021,0x0021,0x0021,0x0021,0x0021,0x0021,0x0021,0x0021,0x0021,0x0021,0x0021,0x0021,0x0021,0x0021,0x0021,
  0x0021,0x0021,0x0021,0x0021,0x0021,0x0021,0x0021,0x0021,0x0021,0x0041,0x0021,0x0021,0x0021,0x0041,0x0041,0x0041,
  0x0021,0x0041,0x0021,0x0041,0x0041,0x0041,0x0041,0x0041,0x0041,0x0041,0x0041,0x0041,0x0041,0x0041,0x0041,0x0041,
  0x0041,0x0041,0x0041,0x0041,0x0041,0x0041,0x0041,0x0041,0x0041,0x0041,0x0041,0x0041,0x0041,0x0041,0x0041,0x0041,
  0x0041,0x0041,0x0041,0x0041,0x0041,0x0041,0x0041,0x0041,0x0041,0x0041,0x0041,0x0041,0x0041,0x0041,0x0041,0x0041,
  0x0041,0x0041,0x0041,0x0041,0x0041,0x0041,0x0041,0x0041,0x0041,0x0041,0x0041,0x0041,0x0041,0x0041,0x0041,0x0041,
  0x0041,0x0041,0x0841,0x0041,0x0041,0x0041,0x0041,0x0841,0x0041,0x0041,0x0041,0x0041,0x0841,0x0041,0x0841,0x0841,
  0x0041,0x0041,0x0041,0x0041,0x0041,0x0041,0x0041,0x0041,0x0041,0x0041,0x0041,0x0041,0x0041,0x0041,0x0041,0x0041,
  0x0041,0x0041,0x0841,0x0841,0x0041,0x0841,0x0041,0x0041,0x0041,0x0041,0x0041,0x0041,0x0041,0x0041,0x0041,0x0841,
  0x0841,0x0041,0x0041,0x0041,0x0041,0x0041,0x0041,0x0041,0x0041,0x0041,0x0041,0x0041,0x0041,0x0041,0x0041,0x0041,
  0x0041,0x0041,0x0041,0x0041,0x0041,0x0041,0x0041,0x0041,0x0041,0x0041,0x0041,0x0041,0x0041,0x0041,0x0041,0x0041,
  0x0041,0x0041,0x0041,0x0041,0x0041,0x0041,0x0041,0x0021,0x0021,0x0021,0x0021,0x0021,0x0021,0x0021,0x0021,0x0021,
  0x0000,0x18E3,0x528A,0x4A49,0x4228,0x4228,0x3186,0x0000,0x0021,0x0020,0x5B0C,0x52EC,0x6B6E,0x5AEC,0x0841,0x0000,
  0x0841,0x0041,0x0841,0x0841,0x0841,0x0841,0x0841,0x0841,0x0841,0x0841,0x0841,0x0841,0x0841,0x0841,0x0841,0x0841,
  0x0841,0x0841,0x0841,0x0841,0x0861,0x0841,0x0841,0x0841,0x0841,0x0861,0x0861,0x0861,0x0841,0x0861,0x0861,0x0861,
  0x0861,0x0861,0x0841,0x0861,0x0861,0x0861,0x0861,0x0861,0x0862,0x0861,0x0861,0x0841,0x0841,0x0841,0x0861,0x0841,
  0x0841,0x0841,0x0841,0x0841,0x0841,0x0841,0x0041,0x0841,0x0841,0x0041,0x0841,0x0841,0x0841,0x0861,0x0841,0x0841,
  0x0841,0x0841,0x0841,0x0041,0x0041,0x0041,0x0041,0x0041,0x0041,0x0041,0x0041,0x0041,0x0041,0x0041,0x0041,0x0041,
  0x0041,0x0041,0x0041,0x0041,0x0041,0x0021,0x0021,0x0021,0x0021,0x0021,0x0021,0x0041,0x0000,0x10A3,0x018D,0x0001,
  0x0000,0x027D,0x014E,0x0000,0x0041,0x0021,0x0021,0x0021,0x0021,0x0021,0x0021,0x0021,0x0021,0x0021,0x0021,0x0021,
  0x0021,0x0021,0x0021,0x0021,0x0021,0x0021,0x0021,0x0021,0x0021,0x0021,0x0021,0x0021,0x0021,0x0021,0x0021,0x0021,
  0x0021,0x0021,0x0021,0x0021,0x0021,0x0021,0x0021,0x0021,0x0021,0x0041,0x0021,0x0041,0x0021,0x0021,0x0021,0x0021,
  0x0021,0x0021,0x0041,0x0021,0x0041,0x0041,0x0041,0x0041,0x0041,0x0041,0x0041,0x0041,0x0041,0x0021,0x0041,0x0041,
  0x0041,0x0041,0x0041,0x0041,0x0041,0x0041,0x0041,0x0041,0x0041,0x0041,0x0041,0x0041,0x0041,0x0041,0x0041,0x0041,
  0x0041,0x0041,0x0041,0x0041,0x0041,0x0041,0x0041,0x0041,0x0041,0x0041,0x0041,0x0041,0x0041,0x0041,0x0041,0x0041,
  0x0041,0x0041,0x0041,0x0041,0x0041,0x0041,0x0841,0x0041,0x0041,0x0041,0x0041,0x0041,0x0041,0x0041,0x0041,0x0041,
  0x0041,0x0041,0x0841,0x0041,0x0041,0x0041,0x0041,0x0041,0x0041,0x0041,0x0041,0x0041,0x0041,0x0041,0x0841,0x0041,
  0x0041,0x0041,0x0041,0x0041,0x0041,0x0041,0x0041,0x0041,0x0041,0x0041,0x0041,0x0041,0x0041,0x0041,0x0041,0x0041,
  0x0041,0x0041,0x0841,0x0041,0x0041,0x0041,0x0041,0x0041,0x0041,0x0041,0x0041,0x0041,0x0041,0x0041,0x0041,0x0041,
  0x0041,0x0041,0x0041,0x0041,0x0041,0x0041,0x0041,0x0041,0x0041,0x0041,0x0041,0x0041,0x0041,0x0041,0x0041,0x0041,
  0x0041,0x0041,0x0841,0x0041,0x0041,0x0041,0x0041,0x0041,0x0041,0x0041,0x0041,0x0041,0x0041,0x0041,0x0041,0x0041,
  0x0041,0x0041,0x0041,0x0041,0x0041,0x0041,0x0041,0x0021,0x0021,0x0041,0x0021,0x0021,0x0021,0x0021,0x0021,0x0021,
  0x0000,0x18E3,0x52AA,0x4A49,0x4228,0x4228,0x3186,0x0000,0x0021,0x0020,0x5B0D,0x632D,0x52CB,0x0841,0x0000,0x0041,
  0x0041,0x0041,0x0841,0x0841,0x0841,0x0041,0x0841,0x0841,0x0841,0x0841,0x0841,0x0841,0x0861,0x0861,0x0841,0x0861,
  0x0841,0x0841,0x0861,0x0841,0x0841,0x0841,0x0861,0x0861,0x0861,0x0861,0x0861,0x0861,0x0841,0x0861,0x0841,0x0861,
  0x0861,0x0841,0x0861,0x0861,0x0861,0x0861,0x0861,0x0861,0x0862,0x0861,0x0861,0x0861,0x0841,0x0841,0x0861,0x0861,
  0x0841,0x0841,0x0841,0x0841,0x0841,0x0841,0x0841,0x0841,0x0841,0x0841,0x0841,0x0861,0x0841,0x0861,0x0861,0x0861,
  0x0841,0x0841,0x0841,0x0041,0x0041,0x0041,0x0041,0x0041,0x0041,0x0041,0x0041,0x0041,0x0041,0x0041,0x0041,0x0041,
  0x0041,0x0041,0x0041,0x0041,0x0041,0x0041,0x0041,0x0041,0x0021,0x0021,0x0021,0x0041,0x0000,0x10A3,0x018D,0x0001,
  0x0000,0x027C,0x014E,0x0000,0x0041,0x0021,0x0021,0x0021,0x0021,0x0021,0x0021,0x0021,0x0021,0x0021,0x0021,0x0021,
  0x0021,0x0021,0x0021,0x0021,0x0021,0x0021,0x0021,0x0021,0x0021,0x0021,0x0021,0x0021,0x0021,0x0021,0x0021,0x0021,
  0x0021,0x0021,0x0021,0x0021,0x0041,0x0021,0x0021,0x0021,0x0021,0x0021,0x0021,0x0021,0x0021,0x0021,0x0021,0x0021,
  0x0021,0x0021,0x0041,0x0041,0x0021,0x0041,0x0041,0x0041,0x0041,0x0041,0x0041,0x0041,0x0041,0x0041,0x0041,0x0041,
  0x0041,0x0041,0x0041,0x0041,0x0041,0x0041,0x0041,0x0041,0x0041,0x0041,0x0041,0x0041,0x0041,0x0041,0x0041,0x0041,
  0x0041,0x0041,0x0041,0x0041,0x0041,0x0041,0x0041,0x0041,0x0041,0x0041,0x0041,0x0041,0x0041,0x0041,0x0041,0x0041,
  0x0041,0x0041,0x0041,0x0041,0x0041,0x0041,0x0041,0x0041,0x0041,0x0041,0x0041,0x0041,0x0041,0x0041,0x0041,0x0041,
  0x0041,0x0041,0x0041,0x0041,0x0041,0x0041,0x0041,0x0041,0x0041,0x0041,0x0041,0x0041,0x0041,0x0841,0x0841,0x0041,
  0x0041,0x0041,0x0041,0x0041,0x0041,0x0041,0x0041,0x0041,0x0041,0x0041,0x0041,0x0041,0x0041,0x0041,0x0841,0x0041,
  0x0041,0x0841,0x0841,0x0041,0x0041,0x0041,0x0041,0x0841,0x0841,0x0041,0x0041,0x0041,0x0041,0x0041,0x0041,0x0041,
  0x0041,0x0041,0x0041,0x0041,0x0041,0x0041,0x0041,0x0041,0x0041,0x0041,0x0041,0x0041,0x0041,0x0041,0x0041,0x0041,
  0x0041,0x0041,0x0041,0x0041,0x0041,0x0041,0x0041,0x0041,0x0041,0x0041,0x0041,0x0041,0x0041,0x0041,0x0041,0x0041,
  0x0041,0x0041,0x0041,0x0041,0x0041,0x0041,0x0041,0x0021,0x0021,0x0021,0x0021,0x0021,0x0021,0x0021,0x0021,0x0021,
  0x0000,0x18E3,0x52AA,0x4228,0x4228,0x4228,0x3186,0x0000,0x0000,0x0000,0x5AEC,0x52CC,0x0861,0x0000,0x0841,0x0041,
  0x0041,0x0041,0x0041,0x0841,0x0841,0x0841,0x0841,0x0841,0x0841,0x0841,0x0861,0x0841,0x0841,0x0861,0x0861,0x0861,
  0x0841,0x0841,0x0861,0x0861,0x0861,0x0861,0x0841,0x0861,0x0861,0x0861,0x0861,0x0841,0x0841,0x0861,0x0861,0x0841,
  0x0861,0x0861,0x0861,0x0861,0x0861,0x0861,0x0861,0x0861,0x0861,0x0861,0x0861,0x0861,0x0861,0x0861,0x0861,0x0861,
  0x0841,0x0841,0x0041,0x0861,0x0861,0x0841,0x0861,0x0841,0x0841,0x0841,0x0841,0x0841,0x0861,0x0861,0x0861,0x0861,
  0x0861,0x0861,0x0841,0x0041,0x0041,0x0841,0x0041,0x0041,0x0841,0x0041,0x0041,0x0041,0x0041,0x0041,0x0041,0x0041,
  0x0041,0x0041,0x0041,0x0041,0x0041,0x0041,0x0041,0x0041,0x0021,0x0041,0x0021,0x0041,0x0000,0x10A2,0x018D,0x0001,
  0x0000,0x023B,0x012D,0x0000,0x0041,0x0021,0x0021,0x0021,0x0021,0x0021,0x0021,0x0021,0x0021,0x0021,0x0021,0x0021,
  0x0021,0x0021,0x0021,0x0021,0x0021,0x0021,0x0021,0x0021,0x0021,0x0021,0x0021,0x0021,0x0021,0x0021,0x0021,0x0021,
  0x0021,0x0021,0x0021,0x0021,0x0021,0x0021,0x0021,0x0021,0x0021,0x0021,0x0021,0x0021,0x0021,0x0021,0x0021,0x0021,
  0x0021,0x0021,0x0021,0x0041,0x0041,0x0041,0x0041,0x0021,0x0041,0x0041,0x0041,0x0041,0x0041,0x0021,0x0041,0x0041,
  0x0041,0x0041,0x0041,0x0041,0x0041,0x0041,0x0041,0x0041,0x0041,0x0041,0x0041,0x0041,0x0041,0x0041,0x0041,0x0041,
  0x0041,0x0041,0x0041,0x0041,0x0041,0x0041,0x0041,0x0041,0x0041,0x0041,0x0041,0x0041,0x0041,0x0041,0x0041,0x0041,
  0x0041,0x0041,0x0041,0x0041,0x0041,0x0041,0x0041,0x0041,0x0041,0x0041,0x0041,0x0041,0x0041,0x0041,0x0041,0x0041,
  0x0041,0x0041,0x0041,0x0041,0x0041,0x0041,0x0041,0x0041,0x0041,0x0041,0x0841,0x0041,0x0041,0x0041,0x0041,0x0041,
  0x0041,0x0041,0x0041,0x0041,0x0041,0x0041,0x0041,0x0041,0x0041,0x0041,0x0041,0x0041,0x0041,0x0841,0x0841,0x0841,
  0x0041,0x0841,0x0841,0x0041,0x0041,0x0041,0x0041,0x0041,0x0041,0x0041,0x0041,0x0041,0x0041,0x0041,0x0041,0x0041,
  0x0041,0x0041,0x0041,0x0041,0x0041,0x0041,0x0041,0x0041,0x0041,0x0041,0x0041,0x0041,0x0041,0x0041,0x0041,0x0041,
  0x0041,0x0041,0x0041,0x0041,0x0041,0x0041,0x0041,0x0041,0x0041,0x0041,0x0041,0x0041,0x0041,0x0041,0x0041,0x0041,
  0x0041,0x0041,0x0041,0x0041,0x0041,0x0041,0x0041,0x0021,0x0021,0x0041,0x0021,0x0021,0x0021,0x0021,0x0021,0x0041,
  0x0000,0x18E4,0x4A8A,0x4208,0x4228,0x4228,0x31A6,0x0000,0x0021,0x0000,0x5B0D,0x426A,0x0000,0x0041,0x0041,0x0041,
  0x0841,0x0841,0x0841,0x0841,0x0841,0x0841,0x0841,0x0841,0x0841,0x0841,0x0841,0x0841,0x0841,0x0841,0x0861,0x0861,
  0x0841,0x0841,0x0841,0x0861,0x0841,0x0861,0x0861,0x0861,0x0861,0x0861,0x0861,0x0861,0x0861,0x0861,0x0861,0x0841,
  0x0861,0x0861,0x0861,0x0861,0x0861,0x0861,0x0861,0x0861,0x0861,0x0861,0x0861,0x0861,0x0861,0x0861,0x0861,0x0861,
  0x0841,0x0841,0x0861,0x0861,0x0861,0x0861,0x0841,0x0841,0x0841,0x0841,0x0841,0x0041,0x0841,0x0861,0x0861,0x0861,
  0x0841,0x0841,0x0841,0x0041,0x0841,0x0841,0x0841,0x0841,0x0041,0x0041,0x0041,0x0041,0x0041,0x0041,0x0041,0x0041,
  0x0041,0x0041,0x0041,0x0041,0x0041,0x0041,0x0021,0x0021,0x0041,0x0021,0x0021,0x0041,0x0000,0x10A3,0x018D,0x0001,
  0x0000,0x025B,0x012D,0x0000,0x0041,0x0021,0x0021,0x0021,0x0021,0x0021,0x0021,0x0021,0x0021,0x0021,0x0021,0x0021,
  0x0021,0x0021,0x0021,0x0021,0x0021,0x0021,0x0021,0x0021,0x0021,0x0021,0x0021,0x0021,0x0021,0x0021,0x0021,0x0021,
  0x0021,0x0021,0x0021,0x0021,0x0021,0x0021,0x0021,0x0021,0x0021,0x0021,0x0021,0x0021,0x0021,0x0021,0x0021,0x0021,
  0x0021,0x0041,0x0021,0x0021,0x0021,0x0041,0x0041,0x0041,0x0041,0x0041,0x0021,0x0041,0x0041,0x0021,0x0041,0x0021,
  0x0021,0x0041,0x0041,0x0041,0x0041,0x0041,0x0041,0x0041,0x0041,0x0041,0x0041,0x0041,0x0041,0x0041,0x0041,0x0041,
  0x0041,0x0041,0x0041,0x0041,0x0041,0x0041,0x0041,0x0041,0x0041,0x0041,0x0041,0x0041,0x0041,0x0041,0x0041,0x0041,
  0x0041,0x0041,0x0041,0x0041,0x0041,0x0041,0x0041,0x0041,0x0041,0x0041,0x0041,0x0041,0x0041,0x0041,0x0041,0x0041,
  0x0041,0x0041,0x0041,0x0041,0x0041,0x0041,0x0041,0x0041,0x0041,0x0041,0x0041,0x0041,0x0041,0x0041,0x0041,0x0041,
  0x0041,0x0041,0x0041,0x0041,0x0041,0x0041,0x0041,0x0041,0x0041,0x0041,0x0041,0x0041,0x0041,0x0041,0x0041,0x0041,
  0x0041,0x0041,0x0041,0x0041,0x0041,0x0841,0x0041,0x0041,0x0041,0x0041,0x0041,0x0041,0x0041,0x0041,0x0041,0x0041,
  0x0041,0x0041,0x0041,0x0041,0x0041,0x0041,0x0041,0x0041,0x0041,0x0041,0x0041,0x0041,0x0041,0x0041,0x0041,0x0041,
  0x0041,0x0041,0x0041,0x0041,0x0041,0x0041,0x0041,0x0041,0x0041,0x0041,0x0041,0x0041,0x0041,0x0041,0x0041,0x0041,
  0x0041,0x0041,0x0041,0x0041,0x0041,0x0041,0x0041,0x0021,0x0021,0x0021,0x0021,0x0021,0x0021,0x0021,0x0021,0x0041,
  0x0000,0x2104,0x528A,0x39E8,0x39E8,0x4208,0x39C6,0x0020,0x0042,0x0000,0x52EC,0x426B,0x0000,0x0041,0x0841,0x0841,
  0x0841,0x0841,0x0041,0x0841,0x0841,0x0841,0x0841,0x0841,0x0841,0x0841,0x0841,0x0841,0x0861,0x0841,0x0841,0x0841,
  0x0841,0x0861,0x0041,0x0861,0x0841,0x0861,0x0861,0x0861,0x0861,0x0861,0x0861,0x0861,0x0861,0x0841,0x0861,0x0861,
  0x0861,0x0861,0x0861,0x0861,0x0861,0x0861,0x0861,0x0861,0x0861,0x0861,0x0861,0x0861,0x0861,0x0841,0x0841,0x0861,
  0x0841,0x0861,0x0861,0x0861,0x0861,0x0861,0x0861,0x0841,0x0861,0x0841,0x0841,0x0841,0x0861,0x0861,0x0841,0x0861,
  0x0841,0x0841,0x0041,0x0041,0x0841,0x0841,0x0861,0x0041,0x0041,0x0041,0x0041,0x0041,0x0041,0x0041,0x0041,0x0041,
  0x0041,0x0041,0x0041,0x0041,0x0041,0x0041,0x0041,0x0021,0x0021,0x0021,0x0021,0x0041,0x0000,0x10A3,0x018C,0x0001,
  0x0000,0x025B,0x014E,0x0000,0x0021,0x0021,0x0021,0x0021,0x0021,0x0021,0x0021,0x0021,0x0021,0x0021,0x0021,0x0021,
  0x0021,0x0021,0x0021,0x0021,0x0021,0x0021,0x0021,0x0021,0x0021,0x0021,0x0021,0x0021,0x0021,0x0021,0x0021,0x0021,
  0x0021,0x0021,0x0021,0x0021,0x0021,0x0021,0x0041,0x0021,0x0021,0x0021,0x0021,0x0021,0x0021,0x0021,0x0021,0x0021,
  0x0021,0x0021,0x0021,0x0021,0x0041,0x0021,0x0021,0x0041,0x0041,0x0021,0x0021,0x0041,0x0021,0x0041,0x0041,0x0021,
  0x0021,0x0041,0x0041,0x0041,0x0041,0x0041,0x0041,0x0041,0x0041,0x0041,0x0041,0x0041,0x0041,0x0041,0x0041,0x0041,
  0x0041,0x0041,0x0041,0x0041,0x0041,0x0041,0x0041,0x0041,0x0041,0x0041,0x0041,0x0041,0x0041,0x0041,0x0041,0x0041,
  0x0041,0x0041,0x0041,0x0041,0x0041,0x0041,0x0041,0x0041,0x0041,0x0041,0x0041,0x0041,0x0041,0x0041,0x0041,0x0041,
  0x0041,0x0041,0x0041,0x0041,0x0041,0x0041,0x0841,0x0041,0x0841,0x0841,0x0041,0x0841,0x0041,0x0041,0x0041,0x0041,
  0x0041,0x0041,0x0041,0x0041,0x0041,0x0041,0x0041,0x0041,0x0041,0x0041,0x0041,0x0041,0x0041,0x0041,0x0041,0x0041,
  0x0841,0x0041,0x0041,0x0041,0x0041,0x0041,0x0041,0x0041,0x0041,0x0041,0x0041,0x0041,0x0041,0x0041,0x0041,0x0041,
  0x0041,0x0041,0x0041,0x0041,0x0041,0x0041,0x0041,0x0041,0x0041,0x0041,0x0041,0x0041,0x0041,0x0041,0x0041,0x0041,
  0x0041,0x0041,0x0041,0x0041,0x0041,0x0041,0x0041,0x0041,0x0041,0x0041,0x0041,0x0041,0x0041,0x0041,0x0041,0x0041,
  0x0041,0x0041,0x0041,0x0041,0x0021,0x0041,0x0041,0x0041,0x0021,0x0021,0x0021,0x0021,0x0021,0x0020,0x0021,0x0041,
  0x0000,0x1904,0x4A6A,0x4208,0x4208,0x4208,0x31A6,0x0841,0x10E5,0x0000,0x4AAB,0x426B,0x0021,0x0041,0x0841,0x0041,
  0x0841,0x0841,0x0841,0x0841,0x0841,0x0861,0x0861,0x0841,0x0841,0x0841,0x0841,0x0841,0x0841,0x0841,0x0841,0x0841,
  0x0841,0x0841,0x0841,0x0841,0x0861,0x0861,0x0861,0x0861,0x0861,0x0861,0x0861,0x0861,0x0861,0x0841,0x0841,0x0841,
  0x0841,0x0861,0x0861,0x0861,0x0861,0x0861,0x0861,0x0861,0x0861,0x0861,0x0861,0x0861,0x0861,0x0861,0x0841,0x0841,
  0x0841,0x0041,0x0861,0x0861,0x0841,0x0861,0x0861,0x0861,0x0861,0x0841,0x0861,0x0861,0x0861,0x0861,0x0861,0x0861,
  0x0841,0x0041,0x0041,0x0041,0x0861,0x0841,0x0041,0x0041,0x0841,0x0041,0x0041,0x0041,0x0041,0x0041,0x0041,0x0041,
  0x0041,0x0041,0x0041,0x0041,0x0041,0x0041,0x0021,0x0021,0x0021,0x0021,0x0041,0x0041,0x0000,0x10A3,0x098B,0x0001,
  0x0000,0x023A,0x014E,0x0000,0x0021,0x0021,0x0021,0x0021,0x0021,0x0021,0x0021,0x0021,0x0021,0x0021,0x0021,0x0021,
  0x0021,0x0021,0x0021,0x0021,0x0021,0x0021,0x0021,0x0021,0x0021,0x0021,0x0021,0x0021,0x0021,0x0021,0x0021,0x0021,
  0x0021,0x0021,0x0021,0x0021,0x0021,0x0041,0x0021,0x0041,0x0041,0x0021,0x0021,0x0021,0x0021,0x0021,0x0021,0x0021,
  0x0021,0x0021,0x0021,0x0021,0x0021,0x0041,0x0021,0x0021,0x0021,0x0021,0x0021,0x0041,0x0021,0x0041,0x0041,0x0021,
  0x0021,0x0021,0x0021,0x0041,0x0041,0x0041,0x0041,0x0041,0x0041,0x0041,0x0041,0x0041,0x0041,0x0041,0x0041,0x0041,
  0x0041,0x0041,0x0041,0x0041,0x0041,0x0041,0x0041,0x0041,0x0041,0x0041,0x0041,0x0041,0x0041,0x0041,0x0041,0x0041,
  0x0041,0x0041,0x0041,0x0041,0x0041,0x0041,0x0041,0x0041,0x0041,0x0041,0x0041,0x0041,0x0041,0x0041,0x0041,0x0041,
  0x0041,0x0041,0x0041,0x0041,0x0041,0x0041,0x0841,0x0041,0x0041,0x0041,0x0041,0x0841,0x0041,0x0041,0x0041,0x0041,
  0x0041,0x0041,0x0041,0x0041,0x0041,0x0041,0x0041,0x0041,0x0041,0x0041,0x0041,0x0041,0x0041,0x0041,0x0841,0x0041,
  0x0041,0x0041,0x0041,0x0041,0x0041,0x0041,0x0041,0x0041,0x0041,0x0041,0x0041,0x0041,0x0041,0x0041,0x0041,0x0041,
  0x0041,0x0041,0x0041,0x0041,0x0041,0x0041,0x0041,0x0041,0x0041,0x0041,0x0041,0x0041,0x0041,0x0041,0x0041,0x0041,
  0x0041,0x0041,0x0041,0x0041,0x0041,0x0041,0x0041,0x0041,0x0041,0x0041,0x0041,0x0041,0x0041,0x0041,0x0041,0x0041,
  0x0041,0x0041,0x0041,0x0041,0x0041,0x0041,0x0041,0x0041,0x0021,0x0021,0x0021,0x0021,0x0021,0x0021,0x0021,0x0021,
  0x0000,0x18E4,0x4A6A,0x4208,0x4208,0x4228,0x31A6,0x0841,0x1948,0x0000,0x4AAB,0x428B,0x0021,0x0841,0x0841,0x0041,
  0x0841,0x0841,0x0841,0x0861,0x0861,0x0841,0x0861,0x0861,0x0841,0x0841,0x0841,0x0841,0x0841,0x0841,0x0841,0x0841,
  0x0041,0x0841,0x0841,0x0861,0x0861,0x0861,0x0861,0x0861,0x0861,0x0861,0x0861,0x0861,0x0861,0x0841,0x0841,0x0841,
  0x0841,0x0841,0x0841,0x0841,0x0861,0x0861,0x0861,0x0861,0x0861,0x0861,0x0861,0x0861,0x0861,0x0861,0x0841,0x0841,
  0x0861,0x0861,0x0861,0x0861,0x0841,0x0861,0x0861,0x0841,0x0841,0x0861,0x0861,0x0861,0x0861,0x0861,0x0861,0x0861,
  0x0861,0x0861,0x0841,0x0841,0x0861,0x0861,0x0041,0x0041,0x0041,0x0041,0x0041,0x0041,0x0041,0x0041,0x0041,0x0041,
  0x0041,0x0041,0x0041,0x0041,0x0041,0x0041,0x0041,0x0021,0x0021,0x0021,0x0021,0x0041,0x0000,0x10C3,0x098C,0x0001,
  0x0000,0x023A,0x012D,0x0000,0x0021,0x0021,0x0021,0x0021,0x0021,0x0021,0x0021,0x0021,0x0021,0x0021,0x0021,0x0021,
  0x0021,0x0021,0x0021,0x0021,0x0021,0x0021,0x0021,0x0021,0x0021,0x0021,0x0021,0x0021,0x0021,0x0021,0x0021,0x0021,
  0x0021,0x0021,0x0021,0x0021,0x0021,0x0021,0x0021,0x0021,0x0021,0x0021,0x0021,0x0021,0x0021,0x0021,0x0021,0x0021,
  0x0021,0x0021,0x0021,0x0021,0x0041,0x0041,0x0021,0x0021,0x0021,0x0021,0x0021,0x0021,0x0021,0x0021,0x0041,0x0021,
  0x0021,0x0021,0x0021,0x0041,0x0041,0x0041,0x0041,0x0041,0x0041,0x0041,0x0041,0x0041,0x0041,0x0041,0x0041,0x0041,
  0x0041,0x0041,0x0041,0x0041,0x0041,0x0041,0x0041,0x0041,0x0041,0x0041,0x0041,0x0041,0x0041,0x0041,0x0041,0x0041,
  0x0041,0x0041,0x0041,0x0041,0x0041,0x0041,0x0041,0x0041,0x0041,0x0041,0x0041,0x0041,0x0041,0x0041,0x0041,0x0041,
  0x0041,0x0041,0x0041,0x0041,0x0041,0x0041,0x0041,0x0041,0x0041,0x0041,0x0041,0x0041,0x0041,0x0041,0x0041,0x0041,
  0x0041,0x0041,0x0041,0x0041,0x0041,0x0041,0x0041,0x0041,0x0041,0x0041,0x0041,0x0841,0x0041,0x0041,0x0841,0x0841,
  0x0841,0x0041,0x0041,0x0041,0x0041,0x0041,0x0041,0x0041,0x0041,0x0041,0x0041,0x0041,0x0041,0x0041,0x0041,0x0041,
  0x0041,0x0041,0x0041,0x0041,0x0041,0x0041,0x0041,0x0041,0x0041,0x0041,0x0041,0x0041,0x0041,0x0041,0x0041,0x0041,
  0x0041,0x0041,0x0041,0x0041,0x0041,0x0041,0x0041,0x0041,0x0041,0x0041,0x0041,0x0041,0x0041,0x0041,0x0041,0x0041,
  0x0041,0x0041,0x0041,0x0041,0x0041,0x0041,0x0041,0x0021,0x0021,0x0021,0x0021,0x0021,0x0020,0x0021,0x0020,0x0021,
  0x0000,0x2104,0x52AB,0x4208,0x4208,0x4A49,0x39C7,0x0021,0x10E5,0x0000,0x52AB,0x42AD,0x0021,0x0041,0x0841,0x0841,
  0x0841,0x0841,0x0841,0x0841,0x0861,0x0861,0x0841,0x0841,0x0841,0x0841,0x0041,0x0841,0x0841,0x0841,0x0841,0x0841,
  0x0841,0x0841,0x0861,0x0861,0x0861,0x0861,0x0861,0x0861,0x0861,0x0861,0x0861,0x0041,0x0861,0x0841,0x0041,0x0841,
  0x0841,0x0841,0x0841,0x0841,0x0861,0x0861,0x0841,0x0841,0x0861,0x0861,0x0861,0x0861,0x0861,0x0861,0x0861,0x0841,
  0x0841,0x0841,0x0841,0x0861,0x0841,0x0841,0x0861,0x0841,0x0841,0x0841,0x0861,0x0861,0x0841,0x0841,0x0861,0x0861,
  0x0841,0x0841,0x0041,0x0841,0x0841,0x0041,0x0841,0x0041,0x0041,0x0041,0x0041,0x0041,0x0041,0x0041,0x0041,0x0041,
  0x0041,0x0041,0x0041,0x0041,0x0041,0x0021,0x0021,0x0041,0x0021,0x0021,0x0021,0x0041,0x0000,0x10C3,0x098C,0x0001,
  0x0000,0x0219,0x012D,0x0000,0x0021,0x0021,0x0021,0x0021,0x0021,0x0021,0x0021,0x0021,0x0021,0x0021,0x0021,0x0021,
  0x0021,0x0021,0x0021,0x0021,0x0021,0x0021,0x0021,0x0021,0x0021,0x0021,0x0021,0x0021,0x0021,0x0021,0x0021,0x0021,
  0x0041,0x0021,0x0021,0x0021,0x0021,0x0021,0x0021,0x0021,0x0021,0x0041,0x0021,0x0041,0x0021,0x0021,0x0021,0x0021,
  0x0021,0x0021,0x0021,0x0021,0x0021,0x0021,0x0021,0x0021,0x0021,0x0021,0x0021,0x0021,0x0021,0x0021,0x0041,0x0021,
  0x0021,0x0021,0x0021,0x0041,0x0041,0x0041,0x0041,0x0041,0x0041,0x0041,0x0041,0x0041,0x0041,0x0041,0x0041,0x0041,
  0x0041,0x0041,0x0041,0x0041,0x0041,0x0041,0x0041,0x0041,0x0041,0x0041,0x0041,0x0041,0x0041,0x0041,0x0041,0x0041,
  0x0041,0x0041,0x0041,0x0041,0x0041,0x0041,0x0041,0x0041,0x0041,0x0041,0x0041,0x0041,0x0041,0x0041,0x0041,0x0041,
  0x0041,0x0041,0x0041,0x0041,0x0041,0x0041,0x0041,0x0041,0x0041,0x0041,0x0041,0x0041,0x0041,0x0041,0x0041,0x0041,
  0x0041,0x0041,0x0041,0x0041,0x0041,0x0041,0x0041,0x0041,0x0041,0x0041,0x0041,0x0041,0x0041,0x0041,0x0041,0x0841,
  0x0841,0x0041,0x0041,0x0041,0x0041,0x0041,0x0041,0x0041,0x0041,0x0041,0x0041,0x0041,0x0041,0x0041,0x0041,0x0041,
  0x0041,0x0041,0x0041,0x0041,0x0041,0x0041,0x0041,0x0041,0x0041,0x0041,0x0041,0x0041,0x0041,0x0041,0x0041,0x0041,
  0x0041,0x0041,0x0041,0x0041,0x0041,0x0041,0x0041,0x0041,0x0041,0x0041,0x0041,0x0041,0x0041,0x0041,0x0041,0x0041,
  0x0041,0x0041,0x0041,0x0021,0x0021,0x0021,0x0021,0x0021,0x0021,0x0021,0x0021,0x0021,0x0021,0x0020,0x0020,0x0021,
  0x0000,0x2945,0x5AEC,0x4228,0x4229,0x4A49,0x39E8,0x0000,0x0021,0x0020,0x52EC,0x4AAD,0x0021,0x0041,0x0841,0x0841,
  0x0841,0x0841,0x0841,0x0861,0x0861,0x0861,0x0841,0x0841,0x0841,0x0841,0x0841,0x0041,0x0041,0x0841,0x0841,0x0841,
  0x0841,0x0841,0x0841,0x0841,0x0841,0x0861,0x0861,0x0861,0x0841,0x0841,0x0861,0x0041,0x0841,0x0041,0x0041,0x0841,
  0x0841,0x0041,0x0841,0x0861,0x0861,0x0841,0x0841,0x0841,0x0841,0x0041,0x0841,0x0861,0x0861,0x0861,0x0861,0x0861,
  0x0841,0x0841,0x0861,0x0841,0x0861,0x0841,0x0841,0x0841,0x0041,0x0841,0x0841,0x0861,0x0841,0x0861,0x0861,0x0861,
  0x0841,0x0861,0x0861,0x0841,0x0841,0x0041,0x0041,0x0041,0x0041,0x0041,0x0041,0x0041,0x0041,0x0041,0x0041,0x0041,
  0x0041,0x0041,0x0041,0x0041,0x0041,0x0041,0x0041,0x0021,0x0021,0x0021,0x0021,0x0041,0x0000,0x10C3,0x118B,0x0001,
  0x0000,0x0219,0x012D,0x0000,0x0041,0x0021,0x0021,0x0021,0x0021,0x0021,0x0021,0x0021,0x0021,0x0021,0x0021,0x0021,
  0x0021,0x0021,0x0021,0x0021,0x0021,0x0021,0x0021,0x0021,0x0021,0x0021,0x0021,0x0021,0x0021,0x0021,0x0021,0x0021,
  0x0021,0x0021,0x0021,0x0021,0x0021,0x0021,0x0021,0x0021,0x0021,0x0021,0x0021,0x0041,0x0021,0x0021,0x0021,0x0021,
  0x0021,0x0021,0x0021,0x0021,0x0021,0x0021,0x0041,0x0021,0x0021,0x0021,0x0021,0x0021,0x0021,0x0041,0x0021,0x0021,
  0x0021,0x0021,0x0021,0x0041,0x0041,0x0041,0x0041,0x0041,0x0041,0x0041,0x0041,0x0041,0x0041,0x0041,0x0041,0x0041,
  0x0041,0x0041,0x0041,0x0041,0x0041,0x0041,0x0041,0x0041,0x0041,0x0041,0x0041,0x0041,0x0041,0x0041,0x0041,0x0041,
  0x0041,0x0041,0x0041,0x0041,0x0041,0x0041,0x0041,0x0041,0x0041,0x0041,0x0041,0x0041,0x0041,0x0041,0x0041,0x0041,
  0x0041,0x0041,0x0041,0x0041,0x0041,0x0041,0x0041,0x0041,0x0041,0x0041,0x0041,0x0041,0x0041,0x0041,0x0041,0x0041,
  0x0041,0x0041,0x0041,0x0041,0x0041,0x0041,0x0041,0x0041,0x0041,0x0041,0x0041,0x0041,0x0041,0x0041,0x0041,0x0841,
  0x0041,0x0841,0x0041,0x0041,0x0041,0x0041,0x0041,0x0041,0x0041,0x0041,0x0041,0x0041,0x0041,0x0041,0x0041,0x0041,
  0x0041,0x0041,0x0041,0x0041,0x0041,0x0041,0x0041,0x0041,0x0041,0x0041,0x0041,0x0041,0x0041,0x0041,0x0041,0x0041,
  0x0041,0x0041,0x0041,0x0041,0x0041,0x0041,0x0041,0x0041,0x0041,0x0041,0x0041,0x0041,0x0041,0x0041,0x0041,0x0041,
  0x0041,0x0041,0x0041,0x0021,0x0021,0x0021,0x0021,0x0021,0x0021,0x0021,0x0021,0x0021,0x0021,0x0021,0x0020,0x0041,
  0x0000,0x2965,0x5B0C,0x4229,0x4A6A,0x4249,0x31C7,0x0000,0x0001,0x0041,0x52EC,0x4ACD,0x0021,0x0041,0x0841,0x0841,
  0x0861,0x0841,0x0841,0x0861,0x0861,0x0861,0x0841,0x0841,0x0841,0x0841,0x0841,0x0841,0x0841,0x0041,0x0841,0x0841,
  0x0841,0x0841,0x0841,0x0841,0x0841,0x0861,0x0861,0x0841,0x0841,0x0041,0x0841,0x0841,0x0841,0x0841,0x0041,0x0841,
  0x0841,0x0041,0x0841,0x0841,0x0861,0x0041,0x0861,0x0841,0x0841,0x0041,0x0841,0x0841,0x0841,0x0841,0x0041,0x0841,
  0x0841,0x0841,0x0861,0x0841,0x0841,0x0841,0x0841,0x0041,0x0841,0x0841,0x0861,0x0041,0x0861,0x0861,0x0861,0x0861,
  0x0861,0x0861,0x0841,0x0861,0x0841,0x0841,0x0041,0x0041,0x0041,0x0041,0x0041,0x0041,0x0041,0x0041,0x0041,0x0041,
  0x0041,0x0041,0x0041,0x0041,0x0041,0x0041,0x0021,0x0021,0x0021,0x0021,0x0021,0x0041,0x0000,0x10C3,0x118A,0x0001,
  0x0000,0x0238,0x014D,0x0000,0x0021,0x0021,0x0021,0x0021,0x0021,0x0021,0x0021,0x0021,0x0021,0x0021,0x0021,0x0021,
  0x0021,0x0021,0x0021,0x0021,0x0021,0x0021,0x0021,0x0021,0x0021,0x0021,0x0021,0x0021,0x0021,0x0021,0x0021,0x0021,
  0x0021,0x0021,0x0021,0x0021,0x0021,0x0021,0x0021,0x0021,0x0021,0x0021,0x0021,0x0021,0x0021,0x0021,0x0021,0x0021,
  0x0021,0x0021,0x0021,0x0021,0x0021,0x0021,0x0021,0x0021,0x0021,0x0021,0x0021,0x0021,0x0021,0x0021,0x0021,0x0021,
  0x0021,0x0021,0x0021,0x0021,0x0041,0x0041,0x0041,0x0041,0x0041,0x0041,0x0021,0x0041,0x0041,0x0041,0x0041,0x0041,
  0x0041,0x0041,0x0041,0x0041,0x0041,0x0041,0x0041,0x0041,0x0041,0x0041,0x0041,0x0041,0x0041,0x0041,0x0041,0x0041,
  0x0041,0x0041,0x0041,0x0041,0x0041,0x0041,0x0041,0x0041,0x0041,0x0041,0x0041,0x0041,0x0041,0x0041,0x0041,0x0041,
  0x0041,0x0041,0x0041,0x0041,0x0041,0x0041,0x0041,0x0041,0x0041,0x0041,0x0041,0x0041,0x0041,0x0041,0x0041,0x0041,
  0x0041,0x0041,0x0041,0x0041,0x0041,0x0041,0x0041,0x0041,0x0041,0x0041,0x0841,0x0041,0x0041,0x0041,0x0041,0x0041,
  0x0841,0x0841,0x0041,0x0041,0x0041,0x0041,0x0041,0x0041,0x0041,0x0041,0x0041,0x0041,0x0041,0x0041,0x0041,0x0041,
  0x0041,0x0041,0x0041,0x0041,0x0041,0x0041,0x0041,0x0041,0x0041,0x0041,0x0041,0x0041,0x0041,0x0041,0x0041,0x0041,
  0x0041,0x0041,0x0041,0x0041,0x0041,0x0041,0x0041,0x0041,0x0041,0x0041,0x0041,0x0041,0x0041,0x0041,0x0041,0x0041,
  0x0041,0x0041,0x0041,0x0021,0x0021,0x0021,0x0021,0x0021,0x0021,0x0021,0x0021,0x0021,0x0021,0x0021,0x0020,0x0041,
  0x0000,0x31A6,0x632D,0x4249,0x4A8A,0x4229,0x31A7,0x0000,0x0042,0x0021,0x52CC,0x4AAD,0x0021,0x0041,0x0841,0x0841,
  0x0861,0x0841,0x0841,0x0861,0x0861,0x0861,0x0861,0x0841,0x0841,0x0841,0x0861,0x0861,0x0841,0x0841,0x0861,0x0841,
  0x0841,0x0841,0x0041,0x0841,0x0861,0x0841,0x0841,0x0841,0x0841,0x0041,0x0841,0x0841,0x0841,0x0841,0x0841,0x0041,
  0x0841,0x0041,0x0041,0x0841,0x0841,0x0841,0x0041,0x0041,0x0041,0x0841,0x0841,0x0841,0x0041,0x0061,0x0841,0x0841,
  0x0861,0x0841,0x0841,0x0861,0x0041,0x0861,0x0841,0x0841,0x0841,0x0841,0x0861,0x0861,0x0841,0x0861,0x0861,0x0841,
  0x0841,0x0861,0x0861,0x0841,0x0841,0x0841,0x0841,0x0041,0x0041,0x0041,0x0041,0x0041,0x0041,0x0041,0x0041,0x0041,
  0x0041,0x0041,0x0041,0x0041,0x0041,0x0021,0x0021,0x0041,0x0021,0x0021,0x0021,0x0021,0x0000,0x10C3,0x118A,0x0000,
  0x0000,0x0238,0x012C,0x0000,0x0021,0x0021,0x0021,0x0021,0x0021,0x0021,0x0021,0x0021,0x0021,0x0021,0x0021,0x0021,
  0x0021,0x0021,0x0021,0x0021,0x0021,0x0021,0x0021,0x0021,0x0021,0x0021,0x0021,0x0021,0x0021,0x0021,0x0021,0x0021,
  0x0021,0x0021,0x0021,0x0021,0x0021,0x0021,0x0021,0x0021,0x0021,0x0021,0x0021,0x0021,0x0021,0x0021,0x0021,0x0021,
  0x0021,0x0021,0x0021,0x0021,0x0021,0x0021,0x0021,0x0021,0x0021,0x0021,0x0021,0x0021,0x0021,0x0021,0x0021,0x0021,
  0x0021,0x0021,0x0021,0x0021,0x0041,0x0041,0x0041,0x0041,0x0041,0x0041,0x0041,0x0041,0x0041,0x0041,0x0041,0x0041,
  0x0041,0x0041,0x0041,0x0041,0x0041,0x0041,0x0041,0x0041,0x0041,0x0041,0x0041,0x0041,0x0041,0x0041,0x0041,0x0041,
  0x0041,0x0041,0x0041,0x0041,0x0041,0x0041,0x0041,0x0041,0x0041,0x0041,0x0041,0x0041,0x0041,0x0041,0x0041,0x0041,
  0x0041,0x0041,0x0041,0x0041,0x0041,0x0041,0x0041,0x0041,0x0041,0x0041,0x0041,0x0041,0x0041,0x0041,0x0041,0x0041,
  0x0041,0x0041,0x0041,0x0041,0x0041,0x0041,0x0041,0x0041,0x0041,0x0041,0x0041,0x0041,0x0041,0x0041,0x0041,0x0041,
  0x0841,0x0841,0x0041,0x0041,0x0041,0x0041,0x0041,0x0041,0x0041,0x0041,0x0041,0x0041,0x0041,0x0041,0x0041,0x0041,
  0x0041,0x0041,0x0041,0x0041,0x0041,0x0041,0x0041,0x0041,0x0041,0x0041,0x0041,0x0041,0x0041,0x0041,0x0041,0x0041,
  0x0041,0x0041,0x0041,0x0041,0x0041,0x0041,0x0041,0x0041,0x0041,0x0041,0x0041,0x0041,0x0041,0x0041,0x0041,0x0041,
  0x0021,0x0041,0x0021,0x0021,0x0021,0x0021,0x0041,0x0021,0x0021,0x0021,0x0021,0x0021,0x0021,0x0021,0x0020,0x0041,
  0x0000,0x31A7,0x634D,0x4249,0x4249,0x4249,0x31C7,0x0021,0x10C4,0x0020,0x52CC,0x4AED,0x0041,0x0041,0x0841,0x0841,
  0x0841,0x0861,0x0861,0x0861,0x0861,0x0861,0x0861,0x0861,0x0861,0x0861,0x0861,0x0841,0x0841,0x0841,0x0841,0x0041,
  0x0841,0x0841,0x0041,0x0841,0x0041,0x0841,0x0041,0x0041,0x0841,0x0841,0x0841,0x0841,0x0841,0x0841,0x0841,0x0041,
  0x0041,0x0041,0x0841,0x0841,0x0841,0x0861,0x0841,0x0841,0x0841,0x0841,0x0841,0x0861,0x0041,0x0841,0x0841,0x0041,
  0x0861,0x0861,0x0841,0x0841,0x0861,0x0841,0x0041,0x0041,0x0861,0x0041,0x0841,0x0861,0x0861,0x0861,0x0861,0x0841,
  0x0841,0x0841,0x0841,0x0861,0x0861,0x0041,0x0041,0x0041,0x0841,0x0041,0x0041,0x0041,0x0041,0x0041,0x0041,0x0041,
  0x0041,0x0041,0x0041,0x0041,0x0021,0x0041,0x0021,0x0021,0x0021,0x0021,0x0021,0x0021,0x0000,0x18C4,0x118B,0x0000,
  0x0000,0x0259,0x014D,0x0000,0x0041,0x0021,0x0021,0x0021,0x0021,0x0021,0x0021,0x0021,0x0021,0x0021,0x0021,0x0021,
  0x0021,0x0021,0x0021,0x0021,0x0021,0x0021,0x0021,0x0021,0x0021,0x0021,0x0021,0x0021,0x0021,0x0021,0x0021,0x0021,
  0x0021,0x0021,0x0021,0x0021,0x0021,0x0021,0x0021,0x0021,0x0021,0x0021,0x0021,0x0021,0x0021,0x0021,0x0021,0x0021,
  0x0021,0x0021,0x0021,0x0021,0x0021,0x0021,0x0021,0x0021,0x0021,0x0021,0x0021,0x0021,0x0021,0x0021,0x0021,0x0021,
  0x0021,0x0021,0x0021,0x0021,0x0041,0x0041,0x0041,0x0041,0x0041,0x0041,0x0041,0x0041,0x0041,0x0041,0x0041,0x0041,
  0x0041,0x0041,0x0041,0x0041,0x0041,0x0041,0x0041,0x0041,0x0041,0x0041,0x0041,0x0041,0x0041,0x0041,0x0041,0x0041,
  0x0041,0x0041,0x0041,0x0041,0x0041,0x0041,0x0041,0x0041,0x0041,0x0041,0x0041,0x0041,0x0041,0x0041,0x0041,0x0041,
  0x0041,0x0041,0x0041,0x0041,0x0041,0x0041,0x0041,0x0041,0x0041,0x0041,0x0041,0x0041,0x0041,0x0041,0x0041,0x0041,
  0x0041,0x0041,0x0041,0x0041,0x0041,0x0041,0x0041,0x0041,0x0041,0x0041,0x0041,0x0041,0x0041,0x0041,0x0041,0x0041,
  0x0841,0x0041,0x0041,0x0041,0x0041,0x0041,0x0041,0x0041,0x0041,0x0041,0x0041,0x0041,0x0041,0x0041,0x0041,0x0041,
  0x0041,0x0041,0x0041,0x0041,0x0041,0x0041,0x0041,0x0041,0x0041,0x0041,0x0041,0x0041,0x0041,0x0041,0x0041,0x0041,
  0x0041,0x0041,0x0041,0x0041,0x0041,0x0041,0x0041,0x0041,0x0041,0x0041,0x0041,0x0041,0x0041,0x0041,0x0041,0x0041,
  0x0041,0x0021,0x0041,0x0021,0x0021,0x0021,0x0021,0x0021,0x0021,0x0021,0x0021,0x0021,0x0021,0x0020,0x0020,0x0041,
  0x0000,0x3186,0x632D,0x4A6A,0x4A6A,0x4A6A,0x39E8,0x0841,0x10E4,0x0020,0x52EC,0x532F,0x0042,0x0041,0x0841,0x0841,
  0x0841,0x0841,0x0861,0x0861,0x0861,0x0861,0x0861,0x0861,0x0841,0x0861,0x0841,0x0841,0x0861,0x0861,0x0841,0x0041,
  0x0841,0x0841,0x0841,0x0041,0x0841,0x0841,0x0841,0x0841,0x0041,0x0041,0x0041,0x0841,0x0841,0x0041,0x0841,0x0841,
  0x0041,0x0841,0x0841,0x0841,0x0841,0x0841,0x0841,0x0041,0x0841,0x0841,0x0841,0x0841,0x0841,0x0841,0x0041,0x0841,
  0x0841,0x0041,0x0841,0x0841,0x0861,0x0041,0x0041,0x0841,0x0061,0x0041,0x0841,0x0841,0x0861,0x0841,0x0841,0x0861,
  0x0861,0x0861,0x0861,0x0861,0x0861,0x0861,0x0861,0x0041,0x0041,0x0041,0x0041,0x0041,0x0041,0x0041,0x0041,0x0041,
  0x0041,0x0041,0x0041,0x0041,0x0021,0x0041,0x0041,0x0041,0x0021,0x0021,0x0021,0x0021,0x0000,0x18E4,0x19AB,0x0000,
  0x0000,0x00C9,0x02FF,0x00A5,0x0000,0x0021,0x0020,0x0021,0x0021,0x0021,0x0021,0x0021,0x0021,0x0021,0x0021,0x0021,
  0x0021,0x0021,0x0021,0x0021,0x0021,0x0021,0x0021,0x0021,0x0021,0x0021,0x0021,0x0021,0x0021,0x0021,0x0021,0x0021,
  0x0021,0x0021,0x0021,0x0021,0x0021,0x0021,0x0021,0x0021,0x0021,0x0021,0x0021,0x0021,0x0021,0x0021,0x0021,0x0021,
  0x0021,0x0021,0x0021,0x0021,0x0021,0x0021,0x0021,0x0021,0x0021,0x0021,0x0021,0x0021,0x0021,0x0021,0x0021,0x0021,
  0x0021,0x0021,0x0021,0x0021,0x0041,0x0041,0x0041,0x0041,0x0041,0x0041,0x0041,0x0041,0x0041,0x0041,0x0041,0x0041,
  0x0041,0x0041,0x0041,0x0041,0x0041,0x0041,0x0041,0x0041,0x0041,0x0041,0x0041,0x0041,0x0041,0x0041,0x0041,0x0041,
  0x0041,0x0041,0x0041,0x0041,0x0041,0x0041,0x0041,0x0041,0x0041,0x0041,0x0041,0x0041,0x0041,0x0041,0x0041,0x0041,
  0x0041,0x0041,0x0041,0x0041,0x0041,0x0041,0x0041,0x0041,0x0041,0x0041,0x0041,0x0041,0x0041,0x0041,0x0041,0x0041,
  0x0041,0x0041,0x0041,0x0041,0x0041,0x0041,0x0041,0x0041,0x0041,0x0041,0x0041,0x0041,0x0041,0x0041,0x0041,0x0041,
  0x0041,0x0041,0x0041,0x0041,0x0041,0x0041,0x0041,0x0041,0x0041,0x0041,0x0041,0x0041,0x0041,0x0041,0x0041,0x0041,
  0x0041,0x0041,0x0041,0x0041,0x0041,0x0041,0x0041,0x0041,0x0041,0x0041,0x0041,0x0041,0x0041,0x0041,0x0041,0x0041,
  0x0041,0x0041,0x0041,0x0041,0x0041,0x0041,0x0041,0x0041,0x0041,0x0041,0x0041,0x0041,0x0041,0x0041,0x0021,0x0021,
  0x0041,0x0021,0x0021,0x0021,0x0021,0x0021,0x0021,0x0021,0x0021,0x0021,0x0021,0x0021,0x0021,0x0021,0x0020,0x0041,
  0x0000,0x31C7,0x5B0D,0x4249,0x4A8A,0x4A8A,0x3A08,0x0021,0x10C4,0x0020,0x5B0D,0x5B70,0x0041,0x0041,0x0841,0x0841,
  0x0841,0x0841,0x0861,0x0861,0x0861,0x0861,0x0861,0x0861,0x0861,0x0861,0x0841,0x0861,0x0861,0x0841,0x0841,0x0841,
  0x0841,0x0841,0x0841,0x0841,0x0841,0x0841,0x0041,0x0841,0x0041,0x0041,0x0041,0x0041,0x0041,0x0841,0x0841,0x0041,
  0x0841,0x0841,0x0841,0x0861,0x0861,0x0841,0x0841,0x0041,0x0041,0x0041,0x0841,0x0861,0x0861,0x0041,0x0041,0x0841,
  0x0041,0x0841,0x0041,0x0841,0x0841,0x0841,0x0041,0x0041,0x0041,0x0841,0x0041,0x0841,0x0061,0x0861,0x0861,0x0861,
  0x0861,0x0861,0x0861,0x0861,0x0041,0x0841,0x0861,0x0061,0x0841,0x0041,0x0041,0x0041,0x0041,0x0041,0x0041,0x0041,
  0x0041,0x0041,0x0041,0x0041,0x0041,0x0021,0x0041,0x0041,0x0021,0x0021,0x0021,0x0041,0x0000,0x1904,0x21AA,0x0000,
  0x39C7,0x0000,0x016F,0x039F,0x00A4,0x0000,0x0021,0x0021,0x0021,0x0021,0x0021,0x0021,0x0021,0x0021,0x0021,0x0021,
  0x0021,0x0021,0x0021,0x0021,0x0021,0x0021,0x0021,0x0021,0x0021,0x0021,0x0021,0x0021,0x0021,0x0021,0x0021,0x0021,
  0x0021,0x0021,0x0021,0x0021,0x0021,0x0021,0x0021,0x0021,0x0021,0x0021,0x0021,0x0021,0x0021,0x0021,0x0021,0x0021,
  0x0021,0x0021,0x0021,0x0021,0x0021,0x0021,0x0021,0x0021,0x0021,0x0021,0x0021,0x0021,0x0021,0x0021,0x0021,0x0021,
  0x0021,0x0021,0x0021,0x0041,0x0041,0x0041,0x0041,0x0041,0x0041,0x0041,0x0041,0x0041,0x0041,0x0041,0x0041,0x0041,
  0x0041,0x0041,0x0041,0x0041,0x0041,0x0041,0x0041,0x0041,0x0041,0x0041,0x0041,0x0041,0x0041,0x0041,0x0041,0x0041,
  0x0041,0x0041,0x0041,0x0041,0x0041,0x0041,0x0041,0x0041,0x0041,0x0041,0x0041,0x0041,0x0041,0x0041,0x0041,0x0041,
  0x0041,0x0041,0x0041,0x0041,0x0041,0x0041,0x0041,0x0041,0x0041,0x0041,0x0041,0x0041,0x0041,0x0041,0x0041,0x0041,
  0x0041,0x0041,0x0041,0x0041,0x0041,0x0041,0x0041,0x0041,0x0041,0x0041,0x0041,0x0041,0x0041,0x0041,0x0041,0x0041,
  0x0041,0x0041,0x0041,0x0041,0x0041,0x0041,0x0041,0x0041,0x0041,0x0041,0x0041,0x0041,0x0041,0x0041,0x0041,0x0041,
  0x0041,0x0041,0x0041,0x0041,0x0041,0x0041,0x0041,0x0041,0x0041,0x0041,0x0041,0x0041,0x0041,0x0041,0x0041,0x0041,
  0x0041,0x0041,0x0041,0x0041,0x0041,0x0041,0x0041,0x0041,0x0041,0x0041,0x0041,0x0041,0x0021,0x0041,0x0021,0x0021,
  0x0041,0x0021,0x0021,0x0021,0x0021,0x0021,0x0021,0x0021,0x0021,0x0021,0x0021,0x0021,0x0021,0x0021,0x0021,0x0041,
  0x0000,0x2986,0x636E,0x4229,0x4A6A,0x4A8A,0x4229,0x0000,0x0021,0x0021,0x5B2D,0x5B4F,0x0041,0x0041,0x0841,0x0841,
  0x0861,0x0841,0x0861,0x0861,0x0861,0x0861,0x0861,0x0841,0x0861,0x0841,0x0841,0x0841,0x0841,0x0841,0x0861,0x0841,
  0x0841,0x0841,0x0841,0x0841,0x0841,0x0841,0x0841,0x0041,0x0041,0x0841,0x0041,0x0041,0x0841,0x0041,0x0841,0x0041,
  0x0841,0x0841,0x0841,0x0041,0x0041,0x0841,0x0041,0x0841,0x0041,0x0841,0x0841,0x0841,0x0841,0x0041,0x0041,0x0841,
  0x0041,0x0041,0x0041,0x0841,0x0041,0x0041,0x0041,0x0841,0x0041,0x0841,0x0041,0x0841,0x0841,0x0861,0x0061,0x0841,
  0x0861,0x0841,0x0041,0x0041,0x0841,0x0041,0x0041,0x0041,0x0841,0x0041,0x0041,0x0041,0x0041,0x0041,0x0041,0x0041,
  0x0041,0x0041,0x0041,0x0041,0x0041,0x0041,0x0041,0x0041,0x0041,0x0021,0x0021,0x0041,0x0000,0x2104,0x21A9,0x0000,
  0x4A49,0x4208,0x0000,0x0297,0x03DF,0x0042,0x0000,0x0021,0x0021,0x0021,0x0021,0x0021,0x0021,0x0021,0x0021,0x0021,
  0x0021,0x0021,0x0021,0x0021,0x0021,0x0021,0x0021,0x0021,0x0021,0x0021,0x0021,0x0021,0x0020,0x0021,0x0021,0x0021,
  0x0021,0x0021,0x0021,0x0021,0x0021,0x0021,0x0021,0x0021,0x0021,0x0021,0x0021,0x0021,0x0021,0x0021,0x0021,0x0021,
  0x0021,0x0021,0x0021,0x0021,0x0041,0x0021,0x0021,0x0021,0x0021,0x0021,0x0021,0x0021,0x0021,0x0021,0x0021,0x0021,
  0x0021,0x0021,0x0021,0x0041,0x0021,0x0041,0x0041,0x0041,0x0041,0x0041,0x0041,0x0041,0x0041,0x0041,0x0041,0x0041,
  0x0041,0x0041,0x0021,0x0041,0x0041,0x0041,0x0041,0x0041,0x0041,0x0041,0x0041,0x0041,0x0041,0x0041,0x0021,0x0041,
  0x0041,0x0041,0x0041,0x0041,0x0041,0x0041,0x0041,0x0041,0x0041,0x0041,0x0041,0x0041,0x0041,0x0041,0x0041,0x0041,
  0x0041,0x0041,0x0041,0x0041,0x0041,0x0041,0x0041,0x0041,0x0041,0x0041,0x0041,0x0041,0x0041,0x0041,0x0041,0x0041,
  0x0041,0x0041,0x0041,0x0041,0x0041,0x0041,0x0041,0x0041,0x0041,0x0041,0x0041,0x0041,0x0041,0x0041,0x0041,0x0041,
  0x0041,0x0041,0x0041,0x0041,0x0041,0x0041,0x0041,0x0041,0x0041,0x0041,0x0041,0x0041,0x0041,0x0041,0x0041,0x0041,
  0x0041,0x0041,0x0041,0x0041,0x0041,0x0041,0x0041,0x0041,0x0041,0x0041,0x0041,0x0041,0x0041,0x0041,0x0041,0x0041,
  0x0041,0x0041,0x0041,0x0041,0x0041,0x0041,0x0041,0x0041,0x0041,0x0041,0x0041,0x0041,0x0041,0x0041,0x0041,0x0021,
  0x0021,0x0021,0x0021,0x0021,0x0021,0x0021,0x0021,0x0021,0x0021,0x0021,0x0021,0x0021,0x0021,0x0021,0x0021,0x0021,
  0x0000,0x634D,0x632D,0x424A,0x4A8A,0x4A8A,0x4229,0x0000,0x0000,0x0021,0x5B2D,0x5B70,0x0041,0x0041,0x0841,0x0841,
  0x0841,0x0841,0x0861,0x0841,0x0861,0x0861,0x0841,0x0841,0x0841,0x0841,0x0841,0x0041,0x0841,0x0841,0x0861,0x0861,
  0x0841,0x0041,0x0841,0x0841,0x0841,0x0841,0x0841,0x0041,0x0041,0x0041,0x0041,0x0041,0x0041,0x0041,0x0041,0x0041,
  0x0041,0x0041,0x0041,0x0041,0x0041,0x0841,0x0841,0x0841,0x0841,0x0841,0x0841,0x0841,0x0041,0x0041,0x0041,0x0041,
  0x0841,0x0841,0x0041,0x0041,0x0841,0x0041,0x0041,0x0041,0x0041,0x0041,0x0841,0x0841,0x0041,0x0041,0x0041,0x0841,
  0x0841,0x0041,0x0041,0x0041,0x0041,0x0041,0x0841,0x0841,0x0041,0x0041,0x0041,0x0041,0x0041,0x0041,0x0041,0x0041,
  0x0041,0x0041,0x0041,0x0041,0x0041,0x0041,0x0041,0x0041,0x0041,0x0041,0x0021,0x0041,0x0000,0x2125,0x29EA,0x0000,
  0x39C8,0x4A6A,0x39A7,0x0000,0x035D,0x03DF,0x0021,0x0020,0x0021,0x0021,0x0021,0x0021,0x0021,0x0021,0x0021,0x0021,
  0x0021,0x0021,0x0021,0x0021,0x0021,0x0021,0x0021,0x0021,0x0021,0x0021,0x0021,0x0021,0x0021,0x0021,0x0021,0x0021,
  0x0021,0x0021,0x0021,0x0021,0x0021,0x0021,0x0021,0x0021,0x0021,0x0021,0x0021,0x0021,0x0021,0x0021,0x0021,0x0021,
  0x0021,0x0021,0x0021,0x0021,0x0021,0x0021,0x0021,0x0021,0x0021,0x0021,0x0021,0x0021,0x0021,0x0021,0x0021,0x0021,
  0x0021,0x0021,0x0021,0x0021,0x0021,0x0021,0x0021,0x0041,0x0041,0x0041,0x0021,0x0041,0x0041,0x0041,0x0041,0x0041,
  0x0041,0x0041,0x0041,0x0021,0x0021,0x0021,0x0041,0x0021,0x0041,0x0041,0x0041,0x0041,0x0041,0x0041,0x0021,0x0041,
  0x0021,0x0041,0x0041,0x0041,0x0041,0x0041,0x0041,0x0041,0x0041,0x0041,0x0041,0x0041,0x0041,0x0041,0x0041,0x0041,
  0x0041,0x0041,0x0041,0x0041,0x0041,0x0041,0x0041,0x0041,0x0041,0x0041,0x0041,0x0041,0x0041,0x0041,0x0041,0x0041,
  0x0041,0x0041,0x0041,0x0041,0x0041,0x0041,0x0041,0x0041,0x0041,0x0041,0x0041,0x0041,0x0041,0x0041,0x0041,0x0041,
  0x0041,0x0041,0x0041,0x0041,0x0041,0x0041,0x0041,0x0041,0x0041,0x0041,0x0041,0x0041,0x0041,0x0041,0x0041,0x0041,
  0x0041,0x0041,0x0041,0x0041,0x0041,0x0041,0x0041,0x0041,0x0041,0x0041,0x0041,0x0041,0x0041,0x0041,0x0041,0x0041,
  0x0041,0x0041,0x0041,0x0021,0x0041,0x0041,0x0041,0x0041,0x0041,0x0041,0x0041,0x0041,0x0041,0x0021,0x0021,0x0021,
  0x0021,0x0021,0x0021,0x0021,0x0021,0x0021,0x0021,0x0021,0x0021,0x0021,0x0021,0x0021,0x0021,0x0021,0x0021,0x0000,
  0x6B4D,0x8431,0x4229,0x4A6A,0x4A6A,0x4A6A,0x4229,0x0020,0x0000,0x0021,0x5B2D,0x5B90,0x0041,0x0041,0x0841,0x0841,
  0x0841,0x0841,0x0861,0x0861,0x0841,0x0841,0x0841,0x0841,0x0841,0x0041,0x0041,0x0041,0x0041,0x0841,0x0041,0x0841,
  0x0841,0x0041,0x0841,0x0841,0x0841,0x0841,0x0041,0x0041,0x0041,0x0041,0x0841,0x0041,0x0041,0x0041,0x0041,0x0041,
  0x0841,0x0041,0x0841,0x0841,0x0841,0x0841,0x0841,0x0841,0x0841,0x0041,0x0841,0x0841,0x0041,0x0041,0x0041,0x0041,
  0x0841,0x0841,0x0041,0x0041,0x0041,0x0041,0x0041,0x0041,0x0041,0x0841,0x0041,0x0041,0x0041,0x0041,0x0841,0x0841,
  0x0841,0x0841,0x0041,0x0041,0x0041,0x0041,0x0041,0x0041,0x0041,0x0041,0x0041,0x0041,0x0041,0x0041,0x0041,0x0041,
  0x0041,0x0041,0x0041,0x0041,0x0041,0x0041,0x0041,0x0041,0x0041,0x0041,0x0021,0x0041,0x0000,0x2945,0x29EA,0x0000,
  0x31A6,0x3186,0x4A49,0x31A6,0x0000,0x03DF,0x03FF,0x0000,0x0020,0x0021,0x0021,0x0021,0x0021,0x0021,0x0021,0x0021,
  0x0021,0x0021,0x0021,0x0021,0x0021,0x0021,0x0021,0x0021,0x0021,0x0021,0x0021,0x0021,0x0021,0x0021,0x0021,0x0021,
  0x0021,0x0021,0x0021,0x0021,0x0021,0x0021,0x0021,0x0021,0x0021,0x0021,0x0021,0x0021,0x0021,0x0021,0x0021,0x0021,
  0x0021,0x0021,0x0021,0x0021,0x0021,0x0021,0x0041,0x0041,0x0021,0x0021,0x0021,0x0021,0x0021,0x0021,0x0021,0x0021,
  0x0021,0x0021,0x0021,0x0021,0x0021,0x0021,0x0021,0x0041,0x0041,0x0041,0x0041,0x0041,0x0041,0x0041,0x0041,0x0041,
  0x0021,0x0021,0x0021,0x0041,0x0041,0x0021,0x0021,0x0021,0x0021,0x0021,0x0021,0x0021,0x0041,0x0041,0x0021,0x0021,
  0x0021,0x0041,0x0021,0x0041,0x0041,0x0041,0x0041,0x0041,0x0041,0x0041,0x0041,0x0041,0x0041,0x0041,0x0041,0x0041,
  0x0041,0x0041,0x0041,0x0041,0x0041,0x0041,0x0041,0x0041,0x0041,0x0041,0x0041,0x0041,0x0041,0x0041,0x0041,0x0041,
  0x0041,0x0041,0x0041,0x0041,0x0041,0x0041,0x0041,0x0041,0x0041,0x0041,0x0041,0x0041,0x0041,0x0041,0x0041,0x0041,
  0x0041,0x0041,0x0041,0x0041,0x0041,0x0041,0x0041,0x0041,0x0041,0x0041,0x0041,0x0041,0x0041,0x0041,0x0041,0x0041,
  0x0041,0x0041,0x0041,0x0041,0x0041,0x0041,0x0041,0x0041,0x0041,0x0041,0x0041,0x0041,0x0041,0x0041,0x0041,0x0041,
  0x0041,0x0041,0x0041,0x0041,0x0041,0x0041,0x0041,0x0041,0x0041,0x0041,0x0041,0x0021,0x0041,0x0021,0x0021,0x0021,
  0x0021,0x0021,0x0021,0x0021,0x0021,0x0021,0x0021,0x0021,0x0021,0x0021,0x0021,0x0021,0x0021,0x0020,0x0000,0x6B4D,
  0x8431,0x4A6A,0x4A8B,0x424A,0x4A6A,0x4A8A,0x4229,0x0020,0x0021,0x0021,0x634E,0x63B1,0x0041,0x0041,0x0841,0x0841,
  0x0841,0x0841,0x0861,0x0861,0x0841,0x0841,0x0841,0x0841,0x0841,0x0041,0x0041,0x0841,0x0841,0x0041,0x0841,0x0841,
  0x0841,0x0841,0x0041,0x0841,0x0841,0x0841,0x0041,0x0041,0x0041,0x0841,0x0041,0x0041,0x0041,0x0041,0x0041,0x0041,
  0x0841,0x0841,0x0041,0x0841,0x0841,0x0841,0x0041,0x0841,0x0041,0x0041,0x0041,0x0041,0x0041,0x0041,0x0041,0x0841,
  0x0041,0x0041,0x0041,0x0041,0x0041,0x0041,0x0041,0x0041,0x0041,0x0041,0x0041,0x0041,0x0041,0x0041,0x0041,0x0041,
  0x0841,0x0841,0x0041,0x0041,0x0041,0x0041,0x0041,0x0041,0x0041,0x0041,0x0041,0x0041,0x0041,0x0041,0x0041,0x0041,
  0x0041,0x0041,0x0041,0x0041,0x0041,0x0021,0x0041,0x0041,0x0041,0x0041,0x0041,0x0041,0x0000,0x2945,0x31C9,0x0000,
  0x11EE,0x31A6,0x31A7,0x4AAB,0x2944,0x0001,0x03FF,0x035B,0x0000,0x0021,0x0021,0x0021,0x0021,0x0021,0x0021,0x0021,
  0x0021,0x0021,0x0021,0x0021,0x0021,0x0021,0x0021,0x0021,0x0021,0x0021,0x0020,0x0021,0x0021,0x0021,0x0021,0x0021,
  0x0021,0x0021,0x0021,0x0021,0x0021,0x0021,0x0021,0x0021,0x0021,0x0021,0x0021,0x0021,0x0021,0x0021,0x0021,0x0021,
  0x0021,0x0021,0x0021,0x0021,0x0021,0x0021,0x0041,0x0041,0x0021,0x0021,0x0021,0x0021,0x0021,0x0021,0x0041,0x0041,
  0x0021,0x0021,0x0021,0x0021,0x0021,0x0021,0x0021,0x0041,0x0041,0x0041,0x0041,0x0041,0x0041,0x0041,0x0041,0x0041,
  0x0021,0x0021,0x0021,0x0041,0x0041,0x0041,0x0041,0x0041,0x0021,0x0021,0x0021,0x0041,0x0041,0x0041,0x0021,0x0021,
  0x0021,0x0021,0x0021,0x0021,0x0041,0x0041,0x0041,0x0041,0x0041,0x0041,0x0041,0x0041,0x0041,0x0041,0x0041,0x0041,
  0x0041,0x0041,0x0041,0x0041,0x0041,0x0041,0x0041,0x0041,0x0041,0x0041,0x0041,0x0041,0x0041,0x0041,0x0041,0x0041,
  0x0041,0x0041,0x0041,0x0041,0x0041,0x0041,0x0041,0x0041,0x0041,0x0041,0x0041,0x0041,0x0041,0x0041,0x0041,0x0041,
  0x0041,0x0041,0x0041,0x0041,0x0041,0x0041,0x0041,0x0041,0x0041,0x0041,0x0041,0x0041,0x0041,0x0041,0x0041,0x0041,
  0x0041,0x0041,0x0041,0x0041,0x0041,0x0041,0x0041,0x0041,0x0041,0x0041,0x0041,0x0041,0x0041,0x0041,0x0041,0x0041,
  0x0041,0x0041,0x0041,0x0041,0x0041,0x0041,0x0041,0x0041,0x0041,0x0041,0x0041,0x0021,0x0021,0x0021,0x0021,0x0021,
  0x0021,0x0021,0x0021,0x0021,0x0021,0x0021,0x0021,0x0021,0x0021,0x0021,0x0020,0x0021,0x0021,0x0000,0x6B4D,0x7C11,
  0x4A8B,0x52CC,0x4A8A,0x4A8B,0x4A6A,0x4A6A,0x3A08,0x0020,0x0863,0x0041,0x634E,0x5B90,0x0041,0x0021,0x0841,0x0841,
  0x0841,0x0841,0x0841,0x0841,0x0841,0x0841,0x0841,0x0041,0x0041,0x0041,0x0041,0x0041,0x0041,0x0041,0x0841,0x0841,
  0x0841,0x0841,0x0841,0x0841,0x0041,0x0041,0x0041,0x0041,0x0041,0x0041,0x0841,0x0841,0x0041,0x0041,0x0041,0x0041,
  0x0041,0x0841,0x0841,0x0041,0x0841,0x0041,0x0841,0x0841,0x0841,0x0041,0x0041,0x0041,0x0041,0x0041,0x0041,0x0841,
  0x0041,0x0041,0x0041,0x0041,0x0041,0x0041,0x0041,0x0041,0x0041,0x0041,0x0041,0x0041,0x0041,0x0041,0x0041,0x0841,
  0x0041,0x0041,0x0841,0x0041,0x0041,0x0041,0x0041,0x0041,0x0041,0x0041,0x0041,0x0041,0x0041,0x0041,0x0041,0x0041,
  0x0041,0x0041,0x0041,0x0041,0x0041,0x0041,0x0041,0x0021,0x0021,0x0021,0x0021,0x0041,0x0000,0x2965,0x3187,0x0000,
  0x01B2,0x0212,0x31C7,0x31E9,0x4AAB,0x20E3,0x0043,0x03FF,0x02B7,0x0000,0x0021,0x0021,0x0021,0x0021,0x0021,0x0021,
  0x0021,0x0021,0x0021,0x0021,0x0021,0x0021,0x0021,0x0021,0x0021,0x0021,0x0021,0x0021,0x0021,0x0021,0x0021,0x0021,
  0x0021,0x0021,0x0021,0x0021,0x0021,0x0021,0x0021,0x0021,0x0021,0x0021,0x0021,0x0021,0x0021,0x0021,0x0021,0x0021,
  0x0021,0x0021,0x0021,0x0021,0x0021,0x0021,0x0021,0x0021,0x0021,0x0021,0x0021,0x0021,0x0021,0x0021,0x0021,0x0021,
  0x0021,0x0021,0x0021,0x0021,0x0021,0x0021,0x0021,0x0041,0x0021,0x0021,0x0041,0x0041,0x0041,0x0021,0x0041,0x0041,
  0x0021,0x0021,0x0021,0x0021,0x0021,0x0041,0x0041,0x0041,0x0041,0x0041,0x0021,0x0041,0x0041,0x0041,0x0021,0x0021,
  0x0021,0x0021,0x0021,0x0021,0x0021,0x0041,0x0041,0x0041,0x0041,0x0041,0x0041,0x0041,0x0041,0x0041,0x0041,0x0041,
  0x0041,0x0041,0x0041,0x0041,0x0041,0x0041,0x0041,0x0041,0x0041,0x0041,0x0041,0x0041,0x0041,0x0041,0x0041,0x0041,
  0x0041,0x0041,0x0041,0x0041,0x0041,0x0041,0x0041,0x0041,0x0041,0x0041,0x0041,0x0041,0x0041,0x0041,0x0041,0x0041,
  0x0041,0x0041,0x0041,0x0041,0x0041,0x0041,0x0041,0x0041,0x0041,0x0041,0x0041,0x0041,0x0041,0x0041,0x0041,0x0041,
  0x0041,0x0041,0x0041,0x0041,0x0041,0x0041,0x0041,0x0041,0x0041,0x0041,0x0021,0x0041,0x0041,0x0041,0x0041,0x0041,
  0x0041,0x0021,0x0041,0x0021,0x0041,0x0041,0x0041,0x0041,0x0041,0x0041,0x0021,0x0021,0x0021,0x0021,0x0021,0x0021,
  0x0021,0x0021,0x0021,0x0021,0x0021,0x0021,0x0021,0x0021,0x0021,0x0021,0x0021,0x0021,0x0000,0x6B2C,0x8431,0x426A,
  0x52CC,0x52AB,0x52EC,0x4A8B,0x52AB,0x424A,0x0840,0x0841,0x2966,0x0841,0x6B6E,0x63B0,0x0041,0x0021,0x0041,0x0841,
  0x0041,0x0841,0x0841,0x0841,0x0841,0x0841,0x0841,0x0041,0x0841,0x0041,0x0041,0x0841,0x0041,0x0041,0x0041,0x0041,
  0x0841,0x0841,0x0841,0x0041,0x0041,0x0041,0x0041,0x0041,0x0041,0x0841,0x0041,0x0041,0x0041,0x0041,0x0041,0x0041,
  0x0041,0x0841,0x0841,0x0841,0x0841,0x0841,0x0041,0x0841,0x0841,0x0041,0x0041,0x0041,0x0041,0x0041,0x0041,0x0041,
  0x0041,0x0041,0x0041,0x0041,0x0041,0x0041,0x0041,0x0041,0x0041,0x0041,0x0041,0x0041,0x0041,0x0041,0x0041,0x0841,
  0x0041,0x0041,0x0041,0x0041,0x0041,0x0041,0x0041,0x0041,0x0041,0x0041,0x0041,0x0041,0x0041,0x0041,0x0041,0x0041,
  0x0041,0x0041,0x0041,0x0041,0x0041,0x0041,0x0041,0x0041,0x0041,0x0021,0x0021,0x0021,0x0000,0x2966,0x3186,0x0000,
  0x0000,0x01D0,0x0234,0x3A09,0x2A2C,0x4AAC,0x18A2,0x00E7,0x045F,0x0252,0x0000,0x0021,0x0021,0x0021,0x0021,0x0021,
  0x0021,0x0021,0x0021,0x0021,0x0021,0x0021,0x0021,0x0021,0x0021,0x0021,0x0021,0x0021,0x0021,0x0021,0x0021,0x0021,
  0x0021,0x0021,0x0021,0x0021,0x0021,0x0021,0x0021,0x0021,0x0021,0x0021,0x0021,0x0021,0x0021,0x0021,0x0021,0x0021,
  0x0021,0x0021,0x0021,0x0021,0x0021,0x0021,0x0021,0x0021,0x0021,0x0021,0x0021,0x0021,0x0021,0x0021,0x0021,0x0021,
  0x0041,0x0041,0x0021,0x0021,0x0021,0x0021,0x0021,0x0041,0x0041,0x0041,0x0041,0x0041,0x0041,0x0041,0x0041,0x0041,
  0x0041,0x0021,0x0041,0x0021,0x0021,0x0021,0x0021,0x0041,0x0021,0x0041,0x0041,0x0021,0x0041,0x0021,0x0021,0x0021,
  0x0021,0x0021,0x0021,0x0041,0x0041,0x0041,0x0041,0x0041,0x0021,0x0041,0x0041,0x0041,0x0041,0x0041,0x0041,0x0041,
  0x0041,0x0041,0x0041,0x0041,0x0041,0x0041,0x0041,0x0041,0x0041,0x0041,0x0041,0x0041,0x0041,0x0041,0x0041,0x0041,
  0x0041,0x0041,0x0041,0x0041,0x0041,0x0041,0x0041,0x0041,0x0041,0x0041,0x0041,0x0041,0x0041,0x0041,0x0041,0x0041,
  0x0041,0x0041,0x0041,0x0041,0x0041,0x0041,0x0041,0x0041,0x0041,0x0041,0x0041,0x0041,0x0041,0x0041,0x0041,0x0041,
  0x0041,0x0041,0x0041,0x0041,0x0041,0x0041,0x0041,0x0041,0x0041,0x0041,0x0041,0x0041,0x0041,0x0041,0x0041,0x0041,
  0x0041,0x0041,0x0041,0x0041,0x0041,0x0021,0x0041,0x0041,0x0041,0x0041,0x0021,0x0021,0x0041,0x0021,0x0021,0x0021,
  0x0021,0x0021,0x0021,0x0021,0x0021,0x0021,0x0021,0x0021,0x0021,0x0021,0x0021,0x0000,0x6B4D,0x7C31,0x3A2A,0x4AAB,
  0x52CC,0x4AAB,0x4AAB,0x4AAB,0x52AB,0x1082,0x0044,0x0861,0x4249,0x0862,0x6B6E,0x63B1,0x0041,0x0021,0x0841,0x0841,
  0x0841,0x0841,0x0841,0x0841,0x0841,0x0841,0x0841,0x0841,0x0841,0x0041,0x0041,0x0841,0x0041,0x0041,0x0041,0x0041,
  0x0841,0x0841,0x0041,0x0041,0x0041,0x0041,0x0041,0x0041,0x0041,0x0841,0x0841,0x0041,0x0041,0x0041,0x0041,0x0041,
  0x0041,0x0841,0x0041,0x0041,0x0041,0x0041,0x0041,0x0041,0x0041,0x0041,0x0041,0x0041,0x0041,0x0041,0x0041,0x0841,
  0x0041,0x0041,0x0041,0x0041,0x0041,0x0041,0x0041,0x0041,0x0041,0x0041,0x0041,0x0041,0x0041,0x0041,0x0041,0x0041,
  0x0041,0x0041,0x0041,0x0041,0x0041,0x0041,0x0041,0x0041,0x0041,0x0041,0x0041,0x0041,0x0041,0x0041,0x0041,0x0041,
  0x0041,0x0041,0x0041,0x0041,0x0041,0x0041,0x0041,0x0041,0x0021,0x0021,0x0021,0x0021,0x0000,0x3186,0x31A7,0x0000,
  0x0000,0x0000,0x01D2,0x0255,0x31E9,0x224E,0x52CC,0x1060,0x018D,0x049F,0x018D,0x0000,0x0021,0x0021,0x0021,0x0020,
  0x0020,0x0021,0x0021,0x0021,0x0021,0x0021,0x0021,0x0021,0x0021,0x0021,0x0020,0x0021,0x0021,0x0021,0x0021,0x0021,
  0x0021,0x0021,0x0021,0x0021,0x0021,0x0021,0x0021,0x0021,0x0021,0x0021,0x0021,0x0021,0x0021,0x0021,0x0021,0x0021,
  0x0021,0x0021,0x0021,0x0021,0x0021,0x0021,0x0021,0x0021,0x0021,0x0021,0x0021,0x0021,0x0021,0x0021,0x0021,0x0021,
  0x0021,0x0021,0x0021,0x0021,0x0021,0x0041,0x0021,0x0041,0x0041,0x0041,0x0041,0x0021,0x0041,0x0041,0x0021,0x0021,
  0x0021,0x0021,0x0021,0x0021,0x0021,0x0021,0x0021,0x0021,0x0021,0x0021,0x0021,0x0021,0x0021,0x0021,0x0041,0x0021,
  0x0021,0x0021,0x0041,0x0041,0x0041,0x0041,0x0041,0x0041,0x0041,0x0041,0x0041,0x0041,0x0041,0x0041,0x0021,0x0041,
  0x0041,0x0021,0x0021,0x0041,0x0041,0x0041,0x0041,0x0041,0x0041,0x0041,0x0041,0x0041,0x0041,0x0041,0x0041,0x0041,
  0x0041,0x0041,0x0041,0x0041,0x0041,0x0041,0x0041,0x0041,0x0041,0x0041,0x0041,0x0041,0x0041,0x0041,0x0041,0x0041,
  0x0041,0x0041,0x0041,0x0041,0x0041,0x0041,0x0041,0x0041,0x0041,0x0041,0x0041,0x0041,0x0041,0x0041,0x0041,0x0041,
  0x0041,0x0041,0x0041,0x0041,0x0041,0x0041,0x0041,0x0041,0x0021,0x0041,0x0041,0x0041,0x0041,0x0041,0x0041,0x0041,
  0x0041,0x0041,0x0041,0x0021,0x0021,0x0021,0x0041,0x0021,0x0041,0x0041,0x0021,0x0021,0x0021,0x0021,0x0021,0x0021,
  0x0021,0x0021,0x0021,0x0021,0x0021,0x0021,0x0021,0x0021,0x0021,0x0021,0x0000,0x632D,0x8432,0x4AAB,0x4AAB,0x4A6A,
  0x4A8B,0x4A8A,0x52CC,0x424A,0x0840,0x0150,0x027C,0x0000,0x10C3,0x0841,0x634E,0x63B0,0x0041,0x0021,0x0041,0x0841,
  0x0841,0x0841,0x0841,0x0841,0x0041,0x0841,0x0841,0x0841,0x0841,0x0041,0x0041,0x0041,0x0041,0x0841,0x0841,0x0041,
  0x0041,0x0841,0x0041,0x0041,0x0841,0x0841,0x0041,0x0841,0x0041,0x0041,0x0041,0x0041,0x0041,0x0041,0x0041,0x0041,
  0x0041,0x0841,0x0041,0x0041,0x0041,0x0041,0x0041,0x0041,0x0841,0x0041,0x0041,0x0041,0x0041,0x0041,0x0841,0x0041,
  0x0041,0x0041,0x0041,0x0041,0x0041,0x0041,0x0041,0x0041,0x0041,0x0041,0x0041,0x0041,0x0041,0x0041,0x0041,0x0041,
  0x0041,0x0041,0x0041,0x0041,0x0041,0x0041,0x0041,0x0041,0x0041,0x0041,0x0041,0x0041,0x0041,0x0041,0x0041,0x0041,
  0x0041,0x0041,0x0041,0x0041,0x0041,0x0041,0x0041,0x0021,0x0021,0x0021,0x0021,0x0021,0x0000,0x3186,0x31A6,0x0000,
  0x0000,0x0000,0x0000,0x0255,0x0255,0x322B,0x1A71,0x52CC,0x1020,0x0253,0x043F,0x00C6,0x0000,0x0021,0x0020,0x0021,
  0x0021,0x0020,0x0020,0x0021,0x0021,0x0021,0x0021,0x0021,0x0021,0x0021,0x0021,0x0021,0x0021,0x0021,0x0021,0x0021,
  0x0021,0x0021,0x0021,0x0021,0x0021,0x0021,0x0021,0x0021,0x0021,0x0021,0x0021,0x0021,0x0021,0x0020,0x0021,0x0021,
  0x0021,0x0021,0x0021,0x0021,0x0021,0x0021,0x0021,0x0021,0x0021,0x0021,0x0021,0x0021,0x0021,0x0021,0x0021,0x0021,
  0x0021,0x0021,0x0021,0x0041,0x0021,0x0021,0x0021,0x0021,0x0041,0x0041,0x0041,0x0041,0x0021,0x0021,0x0021,0x0021,
  0x0021,0x0021,0x0021,0x0021,0x0021,0x0041,0x0041,0x0021,0x0021,0x0021,0x0021,0x0021,0x0021,0x0021,0x0021,0x0021,
  0x0021,0x0041,0x0021,0x0041,0x0041,0x0021,0x0041,0x0041,0x0041,0x0021,0x0041,0x0021,0x0041,0x0041,0x0041,0x0041,
  0x0021,0x0041,0x0041,0x0041,0x0041,0x0041,0x0041,0x0041,0x0041,0x0041,0x0041,0x0041,0x0041,0x0041,0x0041,0x0041,
  0x0041,0x0041,0x0041,0x0041,0x0041,0x0041,0x0041,0x0041,0x0041,0x0041,0x0041,0x0041,0x0041,0x0041,0x0041,0x0041,
  0x0041,0x0041,0x0041,0x0041,0x0041,0x0041,0x0041,0x0041,0x0041,0x0041,0x0041,0x0041,0x0041,0x0041,0x0041,0x0041,
  0x0041,0x0041,0x0041,0x0041,0x0041,0x0041,0x0041,0x0041,0x0041,0x0041,0x0041,0x0041,0x0021,0x0041,0x0041,0x0041,
  0x0021,0x0041,0x0041,0x0021,0x0021,0x0021,0x0021,0x0021,0x0021,0x0021,0x0021,0x0021,0x0021,0x0021,0x0021,0x0021,
  0x0021,0x0021,0x0021,0x0021,0x0021,0x0021,0x0021,0x0021,0x0021,0x0000,0x6B4D,0x7C52,0x428B,0x52EC,0x4ACC,0x4A8B,
  0x4A8B,0x4A6B,0x426A,0x0820,0x014E,0x033F,0x01F3,0x0000,0x0021,0x0020,0x6B6E,0x6390,0x0041,0x0021,0x0041,0x0041,
  0x0841,0x0041,0x0041,0x0041,0x0841,0x0841,0x0841,0x0841,0x0041,0x0041,0x0041,0x0041,0x0041,0x0041,0x0841,0x0841,
  0x0041,0x0041,0x0041,0x0041,0x0041,0x0041,0x0041,0x0841,0x0041,0x0041,0x0041,0x0041,0x0041,0x0041,0x0041,0x0041,
  0x0041,0x0041,0x0041,0x0041,0x0041,0x0041,0x0041,0x0041,0x0041,0x0041,0x0041,0x0041,0x0041,0x0041,0x0041,0x0041,
  0x0041,0x0041,0x0041,0x0041,0x0041,0x0041,0x0041,0x0041,0x0041,0x0041,0x0041,0x0041,0x0041,0x0041,0x0041,0x0041,
  0x0041,0x0041,0x0041,0x0041,0x0041,0x0041,0x0041,0x0041,0x0041,0x0041,0x0041,0x0041,0x0041,0x0041,0x0041,0x0041,
  0x0041,0x0041,0x0041,0x0041,0x0041,0x0021,0x0021,0x0021,0x0021,0x0021,0x0021,0x0021,0x0000,0x3186,0x3186,0x0000,
  0x0841,0x0000,0x0000,0x0000,0x0277,0x0295,0x326D,0x1AB3,0x4AAB,0x0800,0x02F7,0x043F,0x0064,0x0000,0x0021,0x0020,
  0x0020,0x0020,0x0021,0x0021,0x0020,0x0020,0x0020,0x0020,0x0020,0x0020,0x0021,0x0021,0x0021,0x0021,0x0021,0x0021,
  0x0021,0x0021,0x0021,0x0021,0x0021,0x0021,0x0021,0x0021,0x0021,0x0021,0x0021,0x0021,0x0021,0x0020,0x0021,0x0021,
  0x0021,0x0021,0x0021,0x0021,0x0021,0x0021,0x0021,0x0021,0x0021,0x0021,0x0021,0x0021,0x0021,0x0021,0x0021,0x0021,
  0x0021,0x0021,0x0021,0x0021,0x0021,0x0041,0x0021,0x0021,0x0041,0x0021,0x0021,0x0021,0x0041,0x0021,0x0021,0x0021,
  0x0021,0x0021,0x0021,0x0021,0x0021,0x0021,0x0021,0x0021,0x0021,0x0021,0x0021,0x0021,0x0021,0x0021,0x0021,0x0041,
  0x0021,0x0021,0x0041,0x0021,0x0021,0x0021,0x0041,0x0021,0x0021,0x0021,0x0021,0x0021,0x0041,0x0041,0x0021,0x0041,
  0x0021,0x0021,0x0021,0x0041,0x0041,0x0041,0x0041,0x0041,0x0041,0x0041,0x0041,0x0041,0x0041,0x0041,0x0041,0x0021,
  0x0041,0x0041,0x0041,0x0041,0x0041,0x0041,0x0041,0x0041,0x0041,0x0041,0x0041,0x0041,0x0041,0x0041,0x0041,0x0041,
  0x0041,0x0041,0x0041,0x0041,0x0041,0x0041,0x0041,0x0041,0x0041,0x0041,0x0041,0x0041,0x0041,0x0021,0x0021,0x0041,
  0x0041,0x0041,0x0041,0x0021,0x0041,0x0021,0x0041,0x0021,0x0021,0x0041,0x0041,0x0041,0x0021,0x0041,0x0041,0x0021,
  0x0041,0x0021,0x0021,0x0021,0x0021,0x0021,0x0041,0x0041,0x0021,0x0021,0x0021,0x0021,0x0021,0x0021,0x0021,0x0021,
  0x0021,0x0021,0x0021,0x0021,0x0021,0x0021,0x0021,0x0021,0x0000,0x6B6D,0x8493,0x42AC,0x530D,0x4AAC,0x52CC,0x4A8B,
  0x4AAC,0x426A,0x0820,0x014F,0x037F,0x0299,0x0000,0x2965,0x2965,0x0020,0x73AF,0x63B0,0x0041,0x0021,0x0041,0x0041,
  0x0841,0x0041,0x0841,0x0841,0x0041,0x0041,0x0841,0x0041,0x0041,0x0041,0x0041,0x0041,0x0041,0x0041,0x0041,0x0041,
  0x0041,0x0041,0x0041,0x0841,0x0041,0x0041,0x0041,0x0041,0x0041,0x0041,0x0041,0x0041,0x0041,0x0041,0x0041,0x0041,
  0x0041,0x0041,0x0041,0x0041,0x0041,0x0041,0x0041,0x0041,0x0041,0x0041,0x0041,0x0041,0x0041,0x0041,0x0041,0x0041,
  0x0041,0x0041,0x0041,0x0041,0x0041,0x0041,0x0041,0x0041,0x0041,0x0041,0x0041,0x0041,0x0041,0x0041,0x0041,0x0041,
  0x0041,0x0041,0x0041,0x0041,0x0041,0x0041,0x0041,0x0041,0x0041,0x0041,0x0041,0x0041,0x0041,0x0041,0x0041,0x0041,
  0x0041,0x0041,0x0041,0x0041,0x0021,0x0021,0x0021,0x0021,0x0021,0x0021,0x0021,0x0021,0x0000,0x3186,0x3186,0x0000,
  0x0861,0x0000,0x0000,0x0000,0x0001,0x02D8,0x0275,0x2A6F,0x12D4,0x4A8A,0x0000,0x037B,0x045F,0x0042,0x0000,0x0021,
  0x0020,0x0020,0x0020,0x0021,0x0020,0x0020,0x0020,0x0020,0x0020,0x0020,0x0020,0x0021,0x0020,0x0020,0x0020,0x0021,
  0x0021,0x0021,0x0021,0x0021,0x0021,0x0021,0x0021,0x0020,0x0021,0x0021,0x0020,0x0021,0x0021,0x0021,0x0021,0x0021,
  0x0021,0x0021,0x0021,0x0021,0x0021,0x0021,0x0021,0x0021,0x0021,0x0021,0x0021,0x0021,0x0021,0x0021,0x0041,0x0041,
  0x0021,0x0021,0x0021,0x0021,0x0041,0x0021,0x0041,0x0041,0x0021,0x0021,0x0021,0x0021,0x0021,0x0021,0x0021,0x0021,
  0x0021,0x0021,0x0021,0x0021,0x0021,0x0021,0x0021,0x0021,0x0021,0x0021,0x0021,0x0021,0x0021,0x0021,0x0021,0x0041,
  0x0021,0x0021,0x0041,0x0021,0x0021,0x0041,0x0041,0x0041,0x0021,0x0021,0x0021,0x0021,0x0041,0x0021,0x0021,0x0021,
  0x0041,0x0021,0x0021,0x0021,0x0041,0x0041,0x0041,0x0021,0x0041,0x0041,0x0041,0x0041,0x0041,0x0041,0x0041,0x0021,
  0x0041,0x0041,0x0041,0x0041,0x0041,0x0041,0x0041,0x0041,0x0041,0x0041,0x0041,0x0041,0x0041,0x0041,0x0041,0x0041,
  0x0041,0x0041,0x0041,0x0041,0x0041,0x0041,0x0041,0x0041,0x0041,0x0041,0x0041,0x0041,0x0021,0x0021,0x0021,0x0021,
  0x0041,0x0041,0x0041,0x0041,0x0041,0x0041,0x0041,0x0021,0x0021,0x0021,0x0021,0x0021,0x0041,0x0021,0x0021,0x0021,
  0x0021,0x0021,0x0021,0x0021,0x0021,0x0021,0x0021,0x0021,0x0021,0x0021,0x0021,0x0021,0x0021,0x0021,0x0021,0x0021,
  0x0021,0x0021,0x0021,0x0021,0x0020,0x0021,0x0021,0x0000,0x632C,0x8452,0x3A6B,0x4AAC,0x4ACC,0x4A8B,0x4A6B,0x4A8B,
  0x4ACD,0x0840,0x0170,0x037F,0x0278,0x0000,0x10A2,0x5AEB,0x2986,0x0020,0x73AF,0x6BB0,0x0041,0x0021,0x0041,0x0041,
  0x0041,0x0841,0x0841,0x0041,0x0041,0x0041,0x0041,0x0041,0x0041,0x0041,0x0041,0x0041,0x0041,0x0041,0x0041,0x0041,
  0x0041,0x0041,0x0041,0x0841,0x0841,0x0041,0x0841,0x0041,0x0041,0x0041,0x0841,0x0041,0x0041,0x0041,0x0041,0x0041,
  0x0041,0x0041,0x0041,0x0041,0x0041,0x0041,0x0041,0x0041,0x0041,0x0041,0x0041,0x0041,0x0041,0x0041,0x0041,0x0041,
  0x0041,0x0041,0x0041,0x0041,0x0041,0x0041,0x0041,0x0041,0x0041,0x0041,0x0041,0x0041,0x0041,0x0041,0x0041,0x0041,
  0x0041,0x0041,0x0041,0x0041,0x0041,0x0041,0x0041,0x0041,0x0041,0x0041,0x0041,0x0041,0x0041,0x0041,0x0041,0x0041,
  0x0041,0x0041,0x0041,0x0021,0x0021,0x0021,0x0021,0x0021,0x0021,0x0021,0x0021,0x0021,0x0000,0x3186,0x3186,0x0000,
  0x2945,0x18C3,0x0020,0x0000,0x0000,0x0022,0x02F8,0x0235,0x1A52,0x1B16,0x4249,0x0000,0x043F,0x043F,0x0000,0x0020,
  0x0021,0x0020,0x0021,0x0020,0x0020,0x0021,0x0020,0x0020,0x0020,0x0021,0x0020,0x0020,0x0020,0x0020,0x0020,0x0020,
  0x0020,0x0021,0x0021,0x0021,0x0021,0x0021,0x0021,0x0021,0x0021,0x0021,0x0021,0x0021,0x0021,0x0021,0x0020,0x0021,
  0x0020,0x0021,0x0021,0x0021,0x0021,0x0021,0x0021,0x0021,0x0021,0x0021,0x0021,0x0021,0x0021,0x0021,0x0021,0x0021,
  0x0021,0x0021,0x0021,0x0021,0x0021,0x0021,0x0021,0x0021,0x0021,0x0021,0x0041,0x0021,0x0021,0x0021,0x0021,0x0021,
  0x0021,0x0021,0x0021,0x0021,0x0021,0x0021,0x0021,0x0021,0x0021,0x0021,0x0021,0x0021,0x0021,0x0021,0x0021,0x0021,
  0x0021,0x0021,0x0021,0x0021,0x0021,0x0021,0x0021,0x0021,0x0041,0x0021,0x0041,0x0021,0x0021,0x0021,0x0021,0x0041,
  0x0041,0x0021,0x0021,0x0041,0x0041,0x0021,0x0041,0x0041,0x0041,0x0041,0x0041,0x0041,0x0041,0x0021,0x0041,0x0021,
  0x0021,0x0041,0x0041,0x0041,0x0041,0x0041,0x0041,0x0041,0x0041,0x0041,0x0041,0x0041,0x0041,0x0041,0x0041,0x0041,
  0x0041,0x0041,0x0041,0x0041,0x0041,0x0041,0x0041,0x0041,0x0041,0x0041,0x0041,0x0041,0x0021,0x0021,0x0021,0x0021,
  0x0041,0x0041,0x0041,0x0021,0x0041,0x0021,0x0021,0x0021,0x0021,0x0021,0x0021,0x0021,0x0021,0x0021,0x0021,0x0021,
  0x0021,0x0021,0x0021,0x0021,0x0021,0x0021,0x0021,0x0021,0x0021,0x0021,0x0021,0x0021,0x0021,0x0021,0x0021,0x0021,
  0x0021,0x0021,0x0021,0x0021,0x0021,0x0021,0x0000,0x632C,0x7C11,0x428B,0x4AAB,0x426B,0x4AAC,0x426B,0x4ACC,0x42CD,
  0x0840,0x014F,0x037F,0x0279,0x0000,0x0000,0x0862,0x2104,0x10A3,0x0841,0x738F,0x63B0,0x0041,0x0020,0x0041,0x0041,
  0x0041,0x0041,0x0041,0x0041,0x0041,0x0041,0x0041,0x0041,0x0041,0x0041,0x0041,0x0041,0x0041,0x0841,0x0041,0x0041,
  0x0041,0x0041,0x0041,0x0841,0x0041,0x0041,0x0041,0x0041,0x0041,0x0041,0x0041,0x0041,0x0041,0x0041,0x0041,0x0041,
  0x0041,0x0041,0x0041,0x0041,0x0041,0x0041,0x0041,0x0041,0x0041,0x0041,0x0041,0x0041,0x0041,0x0041,0x0041,0x0041,
  0x0041,0x0041,0x0041,0x0041,0x0041,0x0041,0x0041,0x0041,0x0041,0x0041,0x0041,0x0041,0x0041,0x0041,0x0041,0x0041,
  0x0041,0x0041,0x0041,0x0041,0x0041,0x0041,0x0041,0x0041,0x0041,0x0041,0x0041,0x0041,0x0041,0x0041,0x0041,0x0041,
  0x0041,0x0041,0x0041,0x0041,0x0041,0x0041,0x0021,0x0021,0x0021,0x0021,0x0021,0x0021,0x0000,0x3186,0x3186,0x0000,
  0x39C7,0x2945,0x18C3,0x1082,0x0000,0x0000,0x0042,0x02F9,0x0A96,0x0A53,0x2B34,0x4228,0x0001,0x03FF,0x041E,0x0000,
  0x0021,0x0021,0x0020,0x0020,0x0020,0x0020,0x0020,0x0020,0x0020,0x0020,0x0020,0x0020,0x0020,0x0021,0x0021,0x0020,
  0x0020,0x0021,0x0021,0x0021,0x0021,0x0021,0x0021,0x0021,0x0021,0x0021,0x0021,0x0021,0x0021,0x0021,0x0021,0x0021,
  0x0021,0x0021,0x0021,0x0021,0x0020,0x0020,0x0021,0x0021,0x0021,0x0021,0x0021,0x0021,0x0021,0x0021,0x0021,0x0021,
  0x0021,0x0021,0x0021,0x0021,0x0021,0x0021,0x0021,0x0021,0x0021,0x0021,0x0021,0x0021,0x0021,0x0021,0x0021,0x0021,
  0x0021,0x0021,0x0021,0x0021,0x0021,0x0021,0x0021,0x0021,0x0021,0x0021,0x0021,0x0021,0x0021,0x0021,0x0021,0x0021,
  0x0021,0x0021,0x0021,0x0021,0x0021,0x0021,0x0021,0x0041,0x0021,0x0021,0x0041,0x0021,0x0021,0x0021,0x0041,0x0041,
  0x0041,0x0041,0x0021,0x0041,0x0021,0x0041,0x0021,0x0021,0x0041,0x0021,0x0021,0x0041,0x0041,0x0041,0x0021,0x0021,
  0x0021,0x0041,0x0041,0x0041,0x0041,0x0041,0x0041,0x0021,0x0041,0x0021,0x0041,0x0041,0x0041,0x0041,0x0041,0x0041,
  0x0041,0x0041,0x0041,0x0041,0x0041,0x0041,0x0021,0x0021,0x0021,0x0041,0x0021,0x0041,0x0021,0x0021,0x0041,0x0021,
  0x0021,0x0041,0x0021,0x0021,0x0041,0x0041,0x0021,0x0021,0x0021,0x0021,0x0021,0x0021,0x0021,0x0021,0x0021,0x0021,
  0x0021,0x0021,0x0021,0x0021,0x0041,0x0021,0x0021,0x0021,0x0021,0x0021,0x0021,0x0021,0x0021,0x0021,0x0021,0x0021,
  0x0021,0x0021,0x0021,0x0021,0x0021,0x0000,0x630C,0x8452,0x428B,0x4ACC,0x4A8B,0x4AAC,0x4AAC,0x4AAC,0x42EE,0x0840,
  0x014E,0x039F,0x0298,0x0000,0x0841,0x0000,0x0000,0x0041,0x0841,0x0841,0x738E,0x63B1,0x0041,0x0020,0x0041,0x0041,
  0x0041,0x0041,0x0041,0x0041,0x0041,0x0041,0x0041,0x0041,0x0041,0x0041,0x0041,0x0041,0x0041,0x0041,0x0041,0x0041,
  0x0041,0x0041,0x0041,0x0041,0x0041,0x0041,0x0041,0x0041,0x0041,0x0041,0x0041,0x0041,0x0041,0x0041,0x0041,0x0041,
  0x0041,0x0041,0x0041,0x0041,0x0041,0x0041,0x0041,0x0041,0x0041,0x0041,0x0041,0x0041,0x0041,0x0041,0x0041,0x0041,
  0x0041,0x0041,0x0041,0x0041,0x0041,0x0041,0x0041,0x0041,0x0041,0x0041,0x0041,0x0041,0x0041,0x0041,0x0041,0x0041,
  0x0041,0x0041,0x0041,0x0041,0x0041,0x0041,0x0041,0x0041,0x0041,0x0041,0x0041,0x0041,0x0041,0x0041,0x0041,0x0041,
  0x0041,0x0041,0x0021,0x0021,0x0021,0x0021,0x0021,0x0021,0x0021,0x0021,0x0021,0x0041,0x0000,0x3186,0x31A6,0x0000,
  0x1082,0x18C3,0x2965,0x3186,0x0841,0x0000,0x0000,0x0043,0x02FA,0x1AD5,0x0A73,0x4394,0x39C7,0x0002,0x03DF,0x033A,
  0x0000,0x0021,0x0021,0x0020,0x0020,0x0020,0x0020,0x0020,0x0020,0x0020,0x0020,0x0020,0x0020,0x0021,0x0021,0x0020,
  0x0021,0x0020,0x0021,0x0020,0x0021,0x0021,0x0021,0x0021,0x0021,0x0021,0x0021,0x0021,0x0021,0x0021,0x0021,0x0021,
  0x0021,0x0021,0x0020,0x0021,0x0021,0x0021,0x0021,0x0020,0x0020,0x0021,0x0021,0x0021,0x0021,0x0021,0x0021,0x0021,
  0x0021,0x0021,0x0021,0x0021,0x0021,0x0021,0x0021,0x0021,0x0021,0x0021,0x0021,0x0021,0x0021,0x0021,0x0021,0x0021,
  0x0021,0x0021,0x0021,0x0021,0x0021,0x0021,0x0021,0x0021,0x0021,0x0021,0x0021,0x0021,0x0021,0x0021,0x0021,0x0041,
  0x0021,0x0021,0x0021,0x0021,0x0021,0x0021,0x0021,0x0021,0x0021,0x0021,0x0041,0x0021,0x0021,0x0021,0x0021,0x0021,
  0x0041,0x0021,0x0021,0x0021,0x0041,0x0041,0x0021,0x0041,0x0041,0x0041,0x0021,0x0021,0x0041,0x0021,0x0021,0x0021,
  0x0021,0x0041,0x0041,0x0041,0x0041,0x0041,0x0041,0x0021,0x0041,0x0021,0x0021,0x0041,0x0041,0x0041,0x0041,0x0041,
  0x0041,0x0041,0x0041,0x0041,0x0041,0x0021,0x0041,0x0041,0x0041,0x0021,0x0041,0x0021,0x0021,0x0041,0x0041,0x0041,
  0x0021,0x0021,0x0021,0x0021,0x0021,0x0021,0x0021,0x0041,0x0021,0x0021,0x0021,0x0021,0x0021,0x0021,0x0021,0x0021,
  0x0021,0x0021,0x0021,0x0021,0x0021,0x0021,0x0021,0x0021,0x0021,0x0021,0x0021,0x0021,0x0021,0x0021,0x0021,0x0021,
  0x0021,0x0021,0x0021,0x0021,0x0000,0x630C,0x7C31,0x3A6B,0x4ACC,0x4AAC,0x4ACC,0x428C,0x42AC,0x42AC,0x0840,0x016F,
  0x039F,0x0298,0x0000,0x2124,0x4208,0x0862,0x0841,0x0000,0x0841,0x0841,0x73AF,0x6BD1,0x0041,0x0020,0x0041,0x0041,
  0x0041,0x0041,0x0041,0x0041,0x0041,0x0041,0x0041,0x0041,0x0041,0x0041,0x0041,0x0041,0x0041,0x0041,0x0041,0x0041,
  0x0041,0x0041,0x0041,0x0041,0x0041,0x0041,0x0041,0x0041,0x0041,0x0041,0x0041,0x0041,0x0041,0x0041,0x0041,0x0041,
  0x0041,0x0041,0x0041,0x0041,0x0041,0x0041,0x0041,0x0041,0x0041,0x0041,0x0041,0x0041,0x0041,0x0041,0x0041,0x0041,
  0x0041,0x0041,0x0041,0x0041,0x0041,0x0041,0x0041,0x0041,0x0041,0x0041,0x0041,0x0041,0x0041,0x0041,0x0041,0x0041,
  0x0041,0x0041,0x0041,0x0041,0x0041,0x0041,0x0041,0x0041,0x0041,0x0041,0x0041,0x0041,0x0041,0x0041,0x0041,0x0041,
  0x0041,0x0021,0x0041,0x0041,0x0021,0x0021,0x0021,0x0021,0x0021,0x0021,0x0021,0x0000,0x0000,0x31C8,0x31A6,0x0000,
  0x0020,0x18E3,0x3186,0x18C3,0x0861,0x0861,0x0020,0x0000,0x0064,0x02B7,0x2AD3,0x0A53,0x4BF7,0x3185,0x0044,0x039F,
  0x02B5,0x0000,0x0021,0x0020,0x0020,0x0020,0x0020,0x0020,0x0020,0x0020,0x0020,0x0020,0x0020,0x0021,0x0020,0x0020,
  0x0020,0x0020,0x0020,0x0020,0x0021,0x0021,0x0021,0x0021,0x0021,0x0020,0x0021,0x0021,0x0021,0x0021,0x0021,0x0021,
  0x0021,0x0021,0x0021,0x0020,0x0021,0x0021,0x0021,0x0021,0x0021,0x0021,0x0021,0x0021,0x0021,0x0021,0x0021,0x0021,
  0x0021,0x0021,0x0021,0x0021,0x0021,0x0021,0x0021,0x0021,0x0021,0x0021,0x0021,0x0021,0x0021,0x0021,0x0021,0x0021,
  0x0021,0x0021,0x0021,0x0021,0x0021,0x0021,0x0021,0x0021,0x0021,0x0021,0x0041,0x0021,0x0021,0x0021,0x0021,0x0021,
  0x0021,0x0021,0x0021,0x0021,0x0021,0x0021,0x0021,0x0021,0x0021,0x0021,0x0021,0x0021,0x0021,0x0021,0x0021,0x0021,
  0x0021,0x0021,0x0021,0x0021,0x0041,0x0021,0x0041,0x0041,0x0021,0x0041,0x0021,0x0021,0x0021,0x0021,0x0021,0x0021,
  0x0041,0x0021,0x0041,0x0041,0x0041,0x0041,0x0041,0x0041,0x0041,0x0041,0x0021,0x0041,0x0041,0x0041,0x0041,0x0041,
  0x0041,0x0041,0x0021,0x0021,0x0021,0x0021,0x0021,0x0041,0x0021,0x0021,0x0021,0x0021,0x0021,0x0021,0x0041,0x0041,
  0x0021,0x0021,0x0021,0x0021,0x0021,0x0021,0x0021,0x0021,0x0021,0x0021,0x0021,0x0021,0x0021,0x0021,0x0021,0x0021,
  0x0021,0x0021,0x0021,0x0021,0x0021,0x0021,0x0021,0x0021,0x0021,0x0021,0x0021,0x0021,0x0021,0x0021,0x0021,0x0021,
  0x0021,0x0021,0x0021,0x0000,0x630C,0x7C52,0x42AC,0x4AAC,0x428C,0x428C,0x4AAC,0x42AD,0x328D,0x0840,0x012B,0x039F,
  0x02B9,0x0000,0x0020,0x3186,0x4A49,0x4228,0x2124,0x0861,0x0000,0x0841,0x73CF,0x6390,0x0041,0x0020,0x0041,0x0041,
  0x0041,0x0041,0x0041,0x0041,0x0041,0x0041,0x0041,0x0041,0x0041,0x0041,0x0041,0x0041,0x0041,0x0041,0x0041,0x0041,
  0x0041,0x0041,0x0041,0x0041,0x0041,0x0041,0x0041,0x0041,0x0041,0x0041,0x0041,0x0041,0x0041,0x0041,0x0041,0x0041,
  0x0041,0x0041,0x0041,0x0041,0x0041,0x0041,0x0041,0x0041,0x0041,0x0041,0x0041,0x0041,0x0041,0x0041,0x0041,0x0041,
  0x0041,0x0041,0x0041,0x0041,0x0041,0x0041,0x0041,0x0041,0x0041,0x0041,0x0041,0x0041,0x0041,0x0041,0x0041,0x0041,
  0x0041,0x0041,0x0041,0x0041,0x0041,0x0041,0x0041,0x0041,0x0041,0x0041,0x0041,0x0041,0x0041,0x0041,0x0041,0x0041,
  0x0041,0x0041,0x0041,0x0021,0x0021,0x0021,0x0021,0x0021,0x0021,0x0021,0x0000,0x0021,0x027B,0x19CD,0x2924,0x0000,
  0x0841,0x2104,0x31A6,0x18C3,0x0841,0x18E3,0x10A2,0x0020,0x0000,0x0064,0x0319,0x2AF5,0x1AD6,0x53D4,0x2103,0x00A7,
  0x03DF,0x01F0,0x0000,0x0021,0x0020,0x0020,0x0020,0x0020,0x0020,0x0020,0x0020,0x0020,0x0020,0x0020,0x0020,0x0020,
  0x0021,0x0020,0x0020,0x0020,0x0021,0x0020,0x0020,0x0021,0x0021,0x0021,0x0021,0x0021,0x0021,0x0021,0x0021,0x0021,
  0x0021,0x0021,0x0021,0x0020,0x0020,0x0020,0x0020,0x0021,0x0021,0x0021,0x0021,0x0021,0x0021,0x0021,0x0021,0x0021,
  0x0021,0x0021,0x0021,0x0021,0x0021,0x0021,0x0021,0x0021,0x0021,0x0021,0x0021,0x0021,0x0021,0x0021,0x0021,0x0021,
  0x0021,0x0021,0x0021,0x0021,0x0021,0x0021,0x0021,0x0021,0x0021,0x0021,0x0021,0x0021,0x0021,0x0021,0x0021,0x0021,
  0x0021,0x0021,0x0021,0x0021,0x0021,0x0021,0x0021,0x0021,0x0021,0x0021,0x0021,0x0021,0x0021,0x0021,0x0021,0x0021,
  0x0021,0x0021,0x0021,0x0021,0x0021,0x0041,0x0021,0x0041,0x0021,0x0021,0x0041,0x0021,0x0021,0x0041,0x0041,0x0021,
  0x0021,0x0041,0x0041,0x0041,0x0021,0x0021,0x0041,0x0041,0x0021,0x0021,0x0021,0x0041,0x0041,0x0041,0x0041,0x0041,
  0x0041,0x0041,0x0041,0x0021,0x0021,0x0021,0x0021,0x0021,0x0021,0x0021,0x0021,0x0021,0x0021,0x0021,0x0021,0x0021,
  0x0021,0x0021,0x0021,0x0021,0x0021,0x0021,0x0021,0x0021,0x0021,0x0021,0x0021,0x0021,0x0021,0x0021,0x0021,0x0021,
  0x0021,0x0021,0x0021,0x0021,0x0021,0x0021,0x0021,0x0021,0x0021,0x0021,0x0021,0x0021,0x0021,0x0021,0x0021,0x0021,
  0x0021,0x0041,0x0000,0x5AEB,0x7C31,0x42AD,0x532E,0x4ACD,0x426B,0x3A4B,0x428C,0x3ACF,0x0861,0x012C,0x03DF,0x0298,
  0x0000,0x0000,0x0041,0x2125,0x4228,0x526A,0x2104,0x0021,0x0000,0x0841,0x73AF,0x6390,0x0041,0x0021,0x0041,0x0041,
  0x0041,0x0041,0x0041,0x0041,0x0041,0x0041,0x0041,0x0041,0x0041,0x0041,0x0041,0x0041,0x0041,0x0041,0x0041,0x0041,
  0x0041,0x0041,0x0041,0x0041,0x0041,0x0041,0x0041,0x0041,0x0041,0x0041,0x0041,0x0041,0x0041,0x0041,0x0041,0x0041,
  0x0041,0x0041,0x0041,0x0041,0x0041,0x0041,0x0041,0x0041,0x0041,0x0041,0x0041,0x0041,0x0041,0x0041,0x0041,0x0041,
  0x0041,0x0041,0x0041,0x0041,0x0041,0x0041,0x0041,0x0041,0x0041,0x0041,0x0041,0x0041,0x0041,0x0041,0x0041,0x0041,
  0x0041,0x0041,0x0041,0x0041,0x0041,0x0041,0x0041,0x0041,0x0041,0x0041,0x0041,0x0041,0x0041,0x0021,0x0041,0x0021,
  0x0041,0x0041,0x0041,0x0041,0x0021,0x0021,0x0021,0x0021,0x0021,0x0000,0x0042,0x037F,0x025D,0x39C7,0x1904,0x0000,
  0x0841,0x10A2,0x18E3,0x2104,0x2104,0x0861,0x0861,0x0020,0x0000,0x0000,0x00C7,0x033C,0x3B12,0x22D3,0x5B92,0x20C2,
  0x012C,0x03FF,0x018C,0x0000,0x0021,0x0020,0x0020,0x0020,0x0020,0x0020,0x0020,0x0020,0x0020,0x0020,0x0020,0x0020,
  0x0020,0x0020,0x0020,0x0020,0x0020,0x0020,0x0020,0x0021,0x0020,0x0020,0x0021,0x0021,0x0021,0x0021,0x0021,0x0021,
  0x0021,0x0021,0x0021,0x0021,0x0020,0x0020,0x0021,0x0021,0x0021,0x0021,0x0021,0x0021,0x0021,0x0021,0x0021,0x0021,
  0x0021,0x0021,0x0021,0x0021,0x0021,0x0021,0x0021,0x0021,0x0021,0x0021,0x0021,0x0021,0x0021,0x0021,0x0021,0x0021,
  0x0021,0x0021,0x0021,0x0021,0x0021,0x0021,0x0021,0x0021,0x0021,0x0021,0x0021,0x0021,0x0021,0x0021,0x0021,0x0021,
  0x0021,0x0021,0x0021,0x0021,0x0021,0x0021,0x0021,0x0021,0x0021,0x0021,0x0021,0x0021,0x0021,0x0021,0x0021,0x0021,
  0x0021,0x0021,0x0021,0x0021,0x0021,0x0021,0x0021,0x0021,0x0021,0x0021,0x0021,0x0021,0x0021,0x0021,0x0041,0x0021,
  0x0021,0x0041,0x0041,0x0041,0x0041,0x0021,0x0021,0x0021,0x0041,0x0021,0x0021,0x0021,0x0021,0x0021,0x0021,0x0021,
  0x0041,0x0021,0x0021,0x0021,0x0021,0x0021,0x0021,0x0021,0x0021,0x0021,0x0021,0x0021,0x0021,0x0021,0x0021,0x0021,
  0x0021,0x0021,0x0021,0x0021,0x0021,0x0021,0x0021,0x0021,0x0021,0x0021,0x0021,0x0021,0x0021,0x0021,0x0021,0x0021,
  0x0021,0x0021,0x0021,0x0021,0x0021,0x0021,0x0021,0x0021,0x0021,0x0020,0x0020,0x0021,0x0021,0x0021,0x0020,0x0021,
  0x0021,0x0000,0x5ACB,0x7C31,0x3A4A,0x428B,0x4AED,0x42CD,0x3A6B,0x3A4B,0x326C,0x0841,0x014E,0x03DF,0x02FA,0x0000,
  0x0020,0x0841,0x0021,0x1082,0x2124,0x4208,0x31A6,0x2104,0x0841,0x0020,0x73AF,0x6390,0x0041,0x0020,0x0041,0x0041,
  0x0041,0x0041,0x0041,0x0041,0x0041,0x0041,0x0041,0x0041,0x0041,0x0041,0x0041,0x0041,0x0041,0x0041,0x0041,0x0041,
  0x0041,0x0041,0x0041,0x0041,0x0041,0x0041,0x0041,0x0041,0x0041,0x0041,0x0041,0x0041,0x0041,0x0041,0x0041,0x0041,
  0x0041,0x0041,0x0041,0x0041,0x0041,0x0041,0x0041,0x0041,0x0041,0x0041,0x0041,0x0041,0x0041,0x0041,0x0041,0x0041,
  0x0041,0x0041,0x0041,0x0041,0x0041,0x0041,0x0041,0x0041,0x0041,0x0041,0x0041,0x0041,0x0041,0x0041,0x0041,0x0041,
  0x0041,0x0041,0x0041,0x0041,0x0041,0x0041,0x0041,0x0041,0x0041,0x0041,0x0041,0x0041,0x0041,0x0041,0x0041,0x0041,
  0x0041,0x0041,0x0021,0x0021,0x0021,0x0021,0x0021,0x0041,0x0000,0x0043,0x037F,0x02FE,0x3166,0x8C72,0x10A2,0x0000,
  0x0861,0x1082,0x0020,0x2104,0x4208,0x2945,0x2103,0x0020,0x0000,0x0000,0x0000,0x00E9,0x037C,0x42EF,0x1AD3,0x5B92,
  0x1861,0x0233,0x03FF,0x00C7,0x0000,0x0021,0x0020,0x0020,0x0020,0x0020,0x0020,0x0020,0x0020,0x0020,0x0020,0x0020,
  0x0020,0x0020,0x0020,0x0020,0x0020,0x0020,0x0020,0x0020,0x0020,0x0020,0x0021,0x0021,0x0021,0x0021,0x0021,0x0021,
  0x0021,0x0021,0x0021,0x0021,0x0020,0x0021,0x0021,0x0020,0x0021,0x0021,0x0020,0x0021,0x0021,0x0020,0x0021,0x0021,
  0x0021,0x0021,0x0021,0x0021,0x0021,0x0021,0x0021,0x0021,0x0021,0x0021,0x0021,0x0021,0x0021,0x0021,0x0021,0x0021,
  0x0021,0x0021,0x0021,0x0021,0x0021,0x0021,0x0021,0x0021,0x0021,0x0021,0x0021,0x0021,0x0021,0x0021,0x0021,0x0021,
  0x0021,0x0021,0x0021,0x0021,0x0021,0x0021,0x0021,0x0021,0x0021,0x0021,0x0021,0x0021,0x0021,0x0021,0x0021,0x0021,
  0x0021,0x0021,0x0021,0x0021,0x0021,0x0021,0x0021,0x0021,0x0021,0x0021,0x0021,0x0021,0x0021,0x0021,0x0021,0x0021,
  0x0021,0x0021,0x0041,0x0021,0x0041,0x0021,0x0021,0x0021,0x0021,0x0021,0x0021,0x0021,0x0021,0x0021,0x0021,0x0021,
  0x0041,0x0021,0x0021,0x0021,0x0021,0x0021,0x0021,0x0021,0x0021,0x0021,0x0021,0x0021,0x0021,0x0021,0x0021,0x0021,
  0x0021,0x0021,0x0021,0x0021,0x0021,0x0021,0x0021,0x0021,0x0021,0x0021,0x0021,0x0021,0x0021,0x0021,0x0021,0x0021,
  0x0021,0x0021,0x0021,0x0021,0x0021,0x0021,0x0021,0x0021,0x0021,0x0021,0x0021,0x0021,0x0021,0x0020,0x0021,0x0021,
  0x0000,0x5ACB,0x7C52,0x3A8C,0x42AB,0x3A6B,0x428C,0x42AC,0x42AC,0x32D0,0x0840,0x012B,0x03DF,0x02FA,0x0000,0x0862,
  0x39C7,0x2945,0x0861,0x0000,0x0861,0x31A7,0x4A8A,0x4A6A,0x18E3,0x0000,0x73AF,0x6BB0,0x0041,0x0020,0x0041,0x0041,
  0x0041,0x0041,0x0041,0x0041,0x0041,0x0041,0x0041,0x0041,0x0041,0x0041,0x0041,0x0041,0x0041,0x0041,0x0041,0x0041,
  0x0041,0x0041,0x0041,0x0041,0x0041,0x0041,0x0041,0x0041,0x0041,0x0041,0x0041,0x0041,0x0041,0x0041,0x0041,0x0041,
  0x0041,0x0041,0x0041,0x0041,0x0041,0x0041,0x0041,0x0041,0x0041,0x0041,0x0041,0x0041,0x0041,0x0041,0x0041,0x0041,
  0x0041,0x0041,0x0041,0x0041,0x0041,0x0041,0x0041,0x0041,0x0041,0x0041,0x0041,0x0041,0x0041,0x0041,0x0041,0x0041,
  0x0041,0x0041,0x0041,0x0041,0x0041,0x0041,0x0041,0x0041,0x0041,0x0041,0x0041,0x0041,0x0021,0x0021,0x0021,0x0041,
  0x0041,0x0041,0x0021,0x0021,0x0021,0x0021,0x0041,0x0000,0x0043,0x033F,0x029C,0x3165,0x94B2,0x3A2A,0x0862,0x0000,
  0x0000,0x0841,0x0020,0x1082,0x2124,0x2965,0x39E7,0x18E3,0x0000,0x0000,0x0000,0x0000,0x014C,0x035C,0x42F0,0x2B36,
  0x5B91,0x0820,0x0277,0x03DF,0x0084,0x0000,0x0021,0x0020,0x0020,0x0020,0x0020,0x0020,0x0020,0x0020,0x0020,0x0020,
  0x0020,0x0020,0x0020,0x0020,0x0020,0x0020,0x0020,0x0021,0x0020,0x0021,0x0020,0x0021,0x0021,0x0021,0x0021,0x0021,
  0x0021,0x0021,0x0021,0x0021,0x0020,0x0020,0x0021,0x0020,0x0020,0x0021,0x0020,0x0021,0x0020,0x0021,0x0020,0x0020,
  0x0021,0x0021,0x0021,0x0021,0x0021,0x0021,0x0021,0x0021,0x0021,0x0021,0x0021,0x0021,0x0021,0x0021,0x0021,0x0021,
  0x0021,0x0021,0x0021,0x0021,0x0021,0x0021,0x0021,0x0021,0x0021,0x0021,0x0021,0x0021,0x0021,0x0021,0x0021,0x0021,
  0x0021,0x0021,0x0021,0x0021,0x0021,0x0021,0x0021,0x0021,0x0021,0x0021,0x0021,0x0021,0x0021,0x0021,0x0021,0x0021,
  0x0021,0x0021,0x0021,0x0021,0x0021,0x0021,0x0021,0x0021,0x0021,0x0021,0x0021,0x0021,0x0021,0x0021,0x0021,0x0021,
  0x0021,0x0021,0x0021,0x0021,0x0021,0x0021,0x0021,0x0021,0x0021,0x0021,0x0021,0x0021,0x0021,0x0021,0x0021,0x0021,
  0x0021,0x0021,0x0021,0x0021,0x0021,0x0021,0x0021,0x0021,0x0021,0x0021,0x0021,0x0021,0x0021,0x0021,0x0021,0x0021,
  0x0021,0x0021,0x0021,0x0021,0x0021,0x0021,0x0021,0x0021,0x0021,0x0021,0x0021,0x0021,0x0021,0x0021,0x0021,0x0021,
  0x0021,0x0021,0x0021,0x0021,0x0021,0x0021,0x0020,0x0021,0x0020,0x0021,0x0020,0x0020,0x0021,0x0021,0x0021,0x0000,
  0x5ACB,0x7C11,0x42CD,0x530E,0x428C,0x428C,0x3A6B,0x42AC,0x2AD0,0x0882,0x010B,0x039F,0x02F9,0x0000,0x0041,0x3186,
  0x52AA,0x4208,0x10A3,0x0000,0x0020,0x10A2,0x2945,0x39C7,0x10A2,0x0020,0x73AF,0x6BB0,0x0041,0x0020,0x0041,0x0041,
  0x0041,0x0041,0x0041,0x0041,0x0041,0x0041,0x0041,0x0041,0x0041,0x0041,0x0041,0x0041,0x0041,0x0041,0x0041,0x0041,
  0x0041,0x0041,0x0041,0x0041,0x0041,0x0041,0x0041,0x0041,0x0041,0x0041,0x0041,0x0041,0x0041,0x0041,0x0041,0x0041,
  0x0021,0x0021,0x0041,0x0041,0x0021,0x0041,0x0041,0x0041,0x0041,0x0041,0x0041,0x0041,0x0041,0x0041,0x0041,0x0041,
  0x0041,0x0041,0x0041,0x0041,0x0041,0x0041,0x0041,0x0041,0x0041,0x0041,0x0041,0x0041,0x0041,0x0041,0x0041,0x0041,
  0x0041,0x0041,0x0041,0x0041,0x0041,0x0041,0x0041,0x0041,0x0041,0x0041,0x0041,0x0041,0x0041,0x0021,0x0021,0x0021,
  0x0021,0x0021,0x0021,0x0021,0x0021,0x0041,0x0000,0x0084,0x037F,0x025C,0x3165,0x8C71,0x31E9,0x31C8,0x10A3,0x0000,
  0x0861,0x0000,0x18C3,0x1082,0x0020,0x10A2,0x2965,0x3186,0x2124,0x1082,0x0000,0x0000,0x0000,0x01F0,0x037D,0x4B10,
  0x3355,0x4B2F,0x0800,0x031A,0x03DF,0x0021,0x0000,0x0021,0x0020,0x0020,0x0020,0x0020,0x0020,0x0020,0x0020,0x0020,
  0x0020,0x0020,0x0020,0x0020,0x0020,0x0020,0x0020,0x0020,0x0021,0x0020,0x0020,0x0020,0x0021,0x0021,0x0021,0x0021,
  0x0021,0x0021,0x0021,0x0021,0x0021,0x0021,0x0021,0x0021,0x0021,0x0021,0x0021,0x0021,0x0021,0x0021,0x0021,0x0020,
  0x0021,0x0021,0x0021,0x0021,0x0021,0x0021,0x0021,0x0021,0x0021,0x0021,0x0021,0x0021,0x0021,0x0021,0x0021,0x0021,
  0x0021,0x0021,0x0021,0x0021,0x0021,0x0021,0x0021,0x0021,0x0021,0x0021,0x0021,0x0021,0x0021,0x0021,0x0021,0x0021,
  0x0021,0x0021,0x0021,0x0021,0x0021,0x0021,0x0021,0x0021,0x0021,0x0021,0x0021,0x0021,0x0021,0x0021,0x0021,0x0021,
  0x0021,0x0021,0x0021,0x0021,0x0021,0x0021,0x0021,0x0021,0x0021,0x0021,0x0021,0x0021,0x0021,0x0021,0x0021,0x0021,
  0x0021,0x0021,0x0021,0x0021,0x0021,0x0021,0x0021,0x0021,0x0021,0x0021,0x0021,0x0021,0x0021,0x0021,0x0021,0x0021,
  0x0021,0x0021,0x0021,0x0021,0x0021,0x0021,0x0021,0x0020,0x0021,0x0021,0x0021,0x0021,0x0021,0x0021,0x0021,0x0021,
  0x0021,0x0021,0x0021,0x0021,0x0021,0x0021,0x0021,0x0021,0x0021,0x0021,0x0021,0x0021,0x0021,0x0021,0x0021,0x0021,
  0x0021,0x0020,0x0021,0x0020,0x0021,0x0020,0x0020,0x0020,0x0020,0x0021,0x0021,0x0020,0x0021,0x0021,0x0000,0x5AEB,
  0x7C52,0x324C,0x4AED,0x4AED,0x42AD,0x42AD,0x42AC,0x32F0,0x0861,0x010B,0x03DF,0x02FA,0x0000,0x0000,0x0020,0x10A2,
  0x4208,0x4A49,0x2104,0x3165,0x10A2,0x0841,0x0861,0x1904,0x10A3,0x0841,0x73AF,0x638F,0x0041,0x0020,0x0041,0x0041,
  0x0041,0x0041,0x0041,0x0041,0x0041,0x0041,0x0041,0x0041,0x0041,0x0041,0x0041,0x0041,0x0041,0x0041,0x0041,0x0041,
  0x0041,0x0041,0x0041,0x0041,0x0041,0x0041,0x0041,0x0041,0x0041,0x0041,0x0041,0x0041,0x0041,0x0041,0x0041,0x0041,
  0x0041,0x0021,0x0041,0x0041,0x0041,0x0041,0x0041,0x0041,0x0041,0x0041,0x0041,0x0041,0x0041,0x0041,0x0041,0x0041,
  0x0041,0x0041,0x0041,0x0041,0x0041,0x0041,0x0041,0x0041,0x0041,0x0041,0x0041,0x0041,0x0041,0x0041,0x0041,0x0041,
  0x0041,0x0041,0x0041,0x0041,0x0041,0x0021,0x0041,0x0041,0x0041,0x0021,0x0021,0x0041,0x0021,0x0021,0x0021,0x0021,
  0x0021,0x0021,0x0021,0x0021,0x0041,0x0000,0x00A6,0x039F,0x029A,0x41E7,0x94D3,0x3209,0x2987,0x31C8,0x1083,0x0000,
  0x6B6D,0x10A2,0x0020,0x10A2,0x0000,0x0020,0x10A2,0x39C7,0x5269,0x3186,0x0020,0x0000,0x0000,0x0000,0x01F1,0x035B,
  0x4ACD,0x2B36,0x4ACD,0x0000,0x037E,0x039F,0x0000,0x0000,0x0021,0x0020,0x0020,0x0020,0x0020,0x0020,0x0020,0x0020,
  0x0020,0x0020,0x0020,0x0020,0x0020,0x0020,0x0020,0x0020,0x0020,0x0020,0x0021,0x0020,0x0020,0x0020,0x0020,0x0021,
  0x0021,0x0021,0x0021,0x0020,0x0020,0x0021,0x0021,0x0021,0x0021,0x0021,0x0020,0x0020,0x0020,0x0021,0x0021,0x0021,
  0x0021,0x0021,0x0021,0x0021,0x0021,0x0021,0x0021,0x0020,0x0021,0x0021,0x0020,0x0020,0x0021,0x0021,0x0021,0x0021,
  0x0021,0x0021,0x0021,0x0021,0x0021,0x0021,0x0021,0x0021,0x0021,0x0021,0x0021,0x0021,0x0021,0x0021,0x0021,0x0021,
  0x0021,0x0021,0x0021,0x0021,0x0021,0x0021,0x0021,0x0021,0x0021,0x0021,0x0021,0x0021,0x0021,0x0021,0x0021,0x0021,
  0x0021,0x0021,0x0021,0x0021,0x0021,0x0021,0x0021,0x0021,0x0021,0x0021,0x0021,0x0021,0x0021,0x0021,0x0021,0x0021,
  0x0021,0x0021,0x0021,0x0021,0x0021,0x0021,0x0021,0x0021,0x0021,0x0021,0x0021,0x0021,0x0021,0x0021,0x0021,0x0021,
  0x0021,0x0021,0x0021,0x0021,0x0021,0x0021,0x0021,0x0021,0x0021,0x0021,0x0021,0x0021,0x0021,0x0021,0x0021,0x0021,
  0x0021,0x0021,0x0021,0x0021,0x0021,0x0021,0x0021,0x0021,0x0021,0x0021,0x0021,0x0021,0x0021,0x0020,0x0021,0x0020,
  0x0020,0x0021,0x0021,0x0020,0x0020,0x0020,0x0020,0x0020,0x0020,0x0020,0x0021,0x0021,0x0041,0x0000,0x5ACB,0x8493,
  0x3AAD,0x428C,0x42CD,0x42AD,0x3A8C,0x4AEE,0x2B12,0x0882,0x010C,0x03DF,0x02FA,0x0000,0x0000,0x0000,0x0000,0x0841,
  0x2945,0x39C7,0x4228,0x5ACB,0x2945,0x0841,0x0020,0x0841,0x0882,0x0841,0x73CF,0x6BB0,0x0041,0x0020,0x0041,0x0041,
  0x0041,0x0041,0x0041,0x0041,0x0041,0x0041,0x0041,0x0041,0x0041,0x0041,0x0041,0x0041,0x0041,0x0041,0x0041,0x0041,
  0x0041,0x0041,0x0041,0x0041,0x0041,0x0041,0x0041,0x0041,0x0041,0x0041,0x0041,0x0041,0x0041,0x0041,0x0041,0x0041,
  0x0041,0x0041,0x0041,0x0041,0x0041,0x0041,0x0041,0x0041,0x0041,0x0041,0x0041,0x0041,0x0041,0x0041,0x0041,0x0041,
  0x0041,0x0041,0x0041,0x0041,0x0041,0x0041,0x0041,0x0041,0x0041,0x0041,0x0041,0x0041,0x0041,0x0041,0x0041,0x0041,
  0x0041,0x0041,0x0041,0x0041,0x0041,0x0041,0x0021,0x0041,0x0021,0x0041,0x0021,0x0021,0x0021,0x0021,0x0021,0x0021,
  0x0021,0x0021,0x0021,0x0041,0x0000,0x00E8,0x039F,0x0278,0x41E7,0x9CF3,0x3A2A,0x31E8,0x31C8,0x31C8,0x1082,0x0000,
  0x4208,0x634D,0x0881,0x0020,0x2104,0x0020,0x0000,0x1082,0x2124,0x39E7,0x31A6,0x2104,0x0020,0x0000,0x0000,0x0233,
  0x033A,0x42AE,0x235A,0x4A8B,0x0000,0x037F,0x035D,0x0000,0x0021,0x0021,0x0021,0x0021,0x0021,0x0021,0x0021,0x0021,
  0x0021,0x0021,0x0021,0x0021,0x0021,0x0021,0x0021,0x0021,0x0021,0x0021,0x0021,0x0021,0x0021,0x0021,0x0021,0x0021,
  0x0021,0x0021,0x0021,0x0021,0x0021,0x0021,0x0021,0x0021,0x0021,0x0021,0x0021,0x0021,0x0021,0x0021,0x0021,0x0021,
  0x0021,0x0021,0x0021,0x0021,0x0021,0x0021,0x0021,0x0021,0x0021,0x0021,0x0021,0x0021,0x0021,0x0021,0x0021,0x0021,
  0x0021,0x0021,0x0021,0x0021,0x0021,0x0021,0x0021,0x0021,0x0041,0x0041,0x0021,0x0021,0x0021,0x0021,0x0021,0x0021,
  0x0021,0x0021,0x0021,0x0021,0x0021,0x0021,0x0021,0x0021,0x0021,0x0021,0x0021,0x0021,0x0021,0x0041,0x0041,0x0021,
  0x0021,0x0021,0x0021,0x0021,0x0021,0x0021,0x0021,0x0021,0x0041,0x0041,0x0021,0x0021,0x0041,0x0041,0x0041,0x0041,
  0x0041,0x0041,0x0021,0x0021,0x0021,0x0021,0x0021,0x0021,0x0041,0x0041,0x0041,0x0041,0x0021,0x0041,0x0021,0x0021,
  0x0021,0x0021,0x0021,0x0021,0x0021,0x0021,0x0021,0x0041,0x0041,0x0041,0x0041,0x0041,0x0041,0x0041,0x0041,0x0041,
  0x0041,0x0041,0x0041,0x0041,0x0041,0x0041,0x0021,0x0041,0x0041,0x0021,0x0041,0x0041,0x0021,0x0021,0x0021,0x0021,
  0x0021,0x0021,0x0021,0x0041,0x0021,0x0021,0x0021,0x0021,0x0021,0x0021,0x0021,0x0021,0x0000,0x52AA,0x7C52,0x3AAD,
  0x4ACD,0x42CD,0x42CE,0x42CD,0x42AD,0x22F2,0x0882,0x010B,0x03DF,0x031B,0x0000,0x0841,0x2945,0x2924,0x10A2,0x0000,
  0x0020,0x10A2,0x4208,0x5ACB,0x39E7,0x18E3,0x0000,0x0000,0x0021,0x0841,0x73D0,0x636E,0x0020,0x0020,0x0021,0x0021,
  0x0041,0x0041,0x0041,0x0041,0x0041,0x0041,0x0041,0x0041,0x0041,0x0041,0x0041,0x0041,0x0041,0x0041,0x0041,0x0041,
  0x0041,0x0041,0x0041,0x0041,0x0041,0x0041,0x0041,0x0041,0x0041,0x0041,0x0041,0x0021,0x0041,0x0041,0x0041,0x0041,
  0x0041,0x0041,0x0041,0x0041,0x0041,0x0041,0x0041,0x0041,0x0041,0x0041,0x0041,0x0041,0x0041,0x0041,0x0041,0x0041,
  0x0041,0x0041,0x0021,0x0041,0x0021,0x0041,0x0041,0x0041,0x0041,0x0041,0x0041,0x0041,0x0041,0x0041,0x0041,0x0041,
  0x0041,0x0041,0x0021,0x0021,0x0021,0x0021,0x0021,0x0021,0x0021,0x0021,0x0021,0x0021,0x0021,0x0021,0x0021,0x0021,
  0x0021,0x0021,0x0041,0x0000,0x00E9,0x037F,0x0236,0x41E6,0x94D3,0x31C8,0x31E9,0x3A09,0x31C8,0x31C8,0x0882,0x0000,
  0x3186,0x39E8,0x5AEB,0x0841,0x1082,0x10A2,0x0021,0x0000,0x0861,0x31A6,0x4208,0x2965,0x0841,0x0000,0x0000,0x0000,
  0x02D6,0x035A,0x32F3,0x23BB,0x4249,0x0001,0x039F,0x02D9,0x0000,0x0000,0x0000,0x0000,0x0000,0x0000,0x0000,0x0000,
  0x0000,0x0000,0x0000,0x0000,0x0000,0x0000,0x0000,0x0000,0x0000,0x0000,0x0000,0x0000,0x0000,0x0000,0x0000,0x0000,
  0x0000,0x0000,0x0000,0x0000,0x0000,0x0000,0x0000,0x0000,0x0000,0x0000,0x0000,0x0000,0x0000,0x0000,0x0000,0x0000,
  0x0000,0x0000,0x0000,0x0000,0x0000,0x0000,0x0000,0x0000,0x0000,0x0000,0x0000,0x0000,0x0000,0x0000,0x0000,0x0000,
  0x0000,0x0000,0x0000,0x0000,0x0000,0x0000,0x0000,0x0000,0x0000,0x0000,0x0000,0x0000,0x0000,0x0000,0x0000,0x0000,
  0x0000,0x0000,0x0000,0x0000,0x0000,0x0000,0x0000,0x0000,0x0000,0x0000,0x0000,0x0000,0x0000,0x0000,0x0000,0x0000,
  0x0000,0x0000,0x0000,0x0000,0x0000,0x0000,0x0000,0x0000,0x0000,0x0000,0x0000,0x0000,0x0000,0x0000,0x0000,0x0000,
  0x0000,0x0000,0x0000,0x0021,0x0021,0x0021,0x0021,0x0020,0x0000,0x0000,0x0000,0x0000,0x0000,0x0000,0x0000,0x0000,
  0x0000,0x0000,0x0000,0x0000,0x0000,0x0000,0x0000,0x0000,0x0000,0x0000,0x0000,0x0000,0x0000,0x0000,0x0000,0x0000,
  0x0000,0x0000,0x0000,0x0000,0x0000,0x0000,0x0000,0x0000,0x0000,0x0000,0x0000,0x0000,0x0000,0x0000,0x0000,0x0000,
  0x0000,0x0000,0x0000,0x0000,0x0000,0x0000,0x0000,0x0000,0x0000,0x0000,0x0000,0x0000,0x52AA,0x7411,0x324B,0x4AED,
  0x428C,0x42AD,0x42AD,0x42CD,0x2313,0x0882,0x00C8,0x03DF,0x031B,0x0000,0x0000,0x18E3,0x39E7,0x4208,0x2124,0x0020,
  0x0020,0x0841,0x2924,0x41E7,0x39E7,0x2945,0x1082,0x1082,0x0021,0x0841,0x6B8E,0x6B8F,0x1082,0x0000,0x0041,0x0021,
  0x0041,0x0041,0x0041,0x0041,0x0041,0x0041,0x0041,0x0041,0x0041,0x0041,0x0041,0x0041,0x0041,0x0041,0x0041,0x0041,
  0x0041,0x0041,0x0041,0x0041,0x0041,0x0041,0x0041,0x0041,0x0041,0x0041,0x0041,0x0021,0x0041,0x0041,0x0021,0x0041,
  0x0041,0x0041,0x0041,0x0041,0x0041,0x0021,0x0041,0x0021,0x0041,0x0021,0x0021,0x0021,0x0021,0x0041,0x0021,0x0041,
  0x0041,0x0041,0x0041,0x0021,0x0021,0x0041,0x0041,0x0041,0x0041,0x0041,0x0041,0x0041,0x0041,0x0041,0x0041,0x0041,
  0x0021,0x0021,0x0021,0x0021,0x0021,0x0021,0x0021,0x0021,0x0021,0x0021,0x0021,0x0021,0x0021,0x0021,0x0021,0x0021,
  0x0021,0x0021,0x0000,0x014C,0x039F,0x01F5,0x4207,0x8CB3,0x31C9,0x39E9,0x3A09,0x31E8,0x31C8,0x31C8,0x0882,0x0000,
  0x39C7,0x3186,0x3A08,0x630C,0x0861,0x0861,0x3186,0x0861,0x0841,0x18E3,0x0882,0x2945,0x2965,0x0861,0x0000,0x0000,
  0x0000,0x0358,0x033C,0x3315,0x23DB,0x31A6,0x0022,0x039F,0x035D,0x0297,0x0298,0x02B8,0x0318,0x0318,0x0318,0x0318,
  0x0338,0x0338,0x0338,0x0318,0x02F9,0x02B6,0x00C7,0x00A6,0x00C5,0x00C6,0x00C6,0x00C6,0x00C6,0x00C6,0x00C6,0x00C7,
  0x0109,0x014B,0x02B7,0x02D9,0x02D8,0x02D8,0x02D8,0x02D8,0x02D8,0x02B9,0x02B9,0x02D9,0x0212,0x01AF,0x01B0,0x01B0,
  0x01B0,0x01B1,0x01F2,0x02D7,0x0318,0x0318,0x0318,0x02D8,0x02D8,0x02F8,0x02D8,0x02D8,0x02D8,0x02D8,0x02D8,0x02D8,
  0x0318,0x0318,0x0318,0x02D8,0x02D8,0x0318,0x0338,0x0338,0x0338,0x02F8,0x02F8,0x02F8,0x0317,0x0317,0x0317,0x0317,
  0x0358,0x0318,0x0318,0x0318,0x02F8,0x0338,0x0338,0x0338,0x0318,0x02F8,0x02F8,0x02F8,0x0338,0x0338,0x0338,0x0338,
  0x0318,0x0318,0x0338,0x02F8,0x02F8,0x02F8,0x02D8,0x02F8,0x02D8,0x02D8,0x02F8,0x02D8,0x02F8,0x02F8,0x02F7,0x02F8,
  0x02F8,0x02F9,0x00C7,0x0000,0x0041,0x0041,0x0000,0x18E4,0x52CC,0x4A8A,0x52AB,0x52AB,0x4A8A,0x52AB,0x3A08,0x2966,
  0x31A6,0x3A08,0x3A08,0x3A08,0x4A69,0x52AA,0x4A8A,0x4A8A,0x5ACB,0x5ACB,0x5AEB,0x5B0C,0x5AEC,0x5AEB,0x5AEC,0x5B0C,
  0x630C,0x632C,0x5AEC,0x5AEB,0x5ACB,0x52CB,0x5AEC,0x630C,0x632D,0x632C,0x6B4D,0x6B6E,0x634D,0x634D,0x632D,0x5B0C,
  0x634D,0x634D,0x6B6E,0x6B6E,0x6B6D,0x636D,0x6B6E,0x634D,0x634D,0x6B6D,0x634D,0x73AF,0x7C52,0x328C,0x42AC,0x42EE,
  0x3ACE,0x32AE,0x32AE,0x0AF3,0x08A3,0x00EA,0x03DF,0x035C,0x0000,0x0020,0x0841,0x0841,0x1082,0x2965,0x4A69,0x31A6,
  0x2104,0x1082,0x0841,0x10A2,0x20E3,0x39E7,0x2986,0x18E4,0x0841,0x0000,0x39C7,0x6B6F,0x7C11,0x1082,0x0000,0x0041,
  0x0041,0x0041,0x0021,0x0041,0x0021,0x0021,0x0021,0x0041,0x0041,0x0041,0x0041,0x0041,0x0041,0x0041,0x0041,0x0041,
  0x0041,0x0041,0x0041,0x0041,0x0041,0x0041,0x0041,0x0041,0x0041,0x0041,0x0021,0x0021,0x0021,0x0041,0x0021,0x0021,
  0x0041,0x0041,0x0041,0x0041,0x0041,0x0041,0x0041,0x0041,0x0041,0x0041,0x0021,0x0041,0x0041,0x0041,0x0041,0x0041,
  0x0041,0x0041,0x0041,0x0041,0x0041,0x0041,0x0041,0x0041,0x0041,0x0041,0x0041,0x0041,0x0041,0x0041,0x0041,0x0041,
  0x0041,0x0021,0x0021,0x0041,0x0041,0x0021,0x0021,0x0041,0x0021,0x0021,0x0021,0x0021,0x0021,0x0021,0x0021,0x0041,
  0x0021,0x0000,0x01F0,0x03DF,0x01B3,0x4207,0x94D3,0x3A09,0x3A09,0x3A09,0x31E8,0x31E8,0x31E8,0x31C8,0x1082,0x0000,
  0x31A7,0x31C7,0x3186,0x4A49,0x6B4D,0x0841,0x10A2,0x18C3,0x0000,0x0000,0x0861,0x39A6,0x4228,0x2124,0x0841,0x0000,
  0x0000,0x0021,0x039B,0x037C,0x32F3,0x1B78,0x2124,0x0064,0x037F,0x039F,0x039F,0x039F,0x039F,0x039F,0x03DF,0x03DF,
  0x03DF,0x03DF,0x03DF,0x03DF,0x03DF,0x03DF,0x03DF,0x03FF,0x043F,0x043F,0x043F,0x043F,0x043F,0x043F,0x03FF,0x03FF,
  0x03FF,0x03FF,0x03DF,0x039F,0x037F,0x037F,0x037F,0x037F,0x037F,0x037F,0x039F,0x03DF,0x03DF,0x03DF,0x03DF,0x03DF,
  0x03DF,0x03DF,0x03DF,0x039F,0x037F,0x037F,0x037F,0x033F,0x033F,0x037F,0x037F,0x037F,0x037F,0x037F,0x037F,0x037F,
  0x037F,0x037F,0x033F,0x033F,0x033F,0x033F,0x037F,0x037F,0x037F,0x037F,0x033F,0x033F,0x037F,0x037F,0x037F,0x039F,
  0x039F,0x039F,0x037F,0x037F,0x037F,0x037F,0x037F,0x037F,0x037F,0x037F,0x033F,0x033F,0x033F,0x037F,0x037F,0x033F,
  0x037F,0x037F,0x037F,0x033F,0x033F,0x033F,0x033F,0x033F,0x033F,0x033F,0x033F,0x033F,0x033F,0x033F,0x031F,0x031F,
  0x031F,0x031F,0x031F,0x0044,0x0020,0x0041,0x0020,0x0020,0x196A,0x3A09,0x39C7,0x39E8,0x31A7,0x29A7,0x2986,0x2966,
  0x2986,0x2966,0x2966,0x3187,0x31A7,0x31C8,0x31A7,0x39E8,0x39E8,0x31C7,0x3A08,0x4229,0x3A08,0x3A09,0x3A09,0x4229,
  0x4229,0x424A,0x4A6A,0x424A,0x4229,0x4229,0x4229,0x4A6B,0x4AAB,0x4A8B,0x4AAB,0x4A8B,0x424A,0x426A,0x4A8B,0x428B,
  0x4AAC,0x4ACC,0x52ED,0x52ED,0x52ED,0x530E,0x4B0E,0x4AEE,0x530E,0x532F,0x532F,0x5370,0x3ACE,0x42AC,0x3A8C,0x42AD,
  0x3AAD,0x3A8D,0x12D3,0x08A3,0x00C9,0x03DF,0x035D,0x0000,0x0021,0x2105,0x18C3,0x0841,0x0000,0x18C3,0x4208,0x528A,
  0x39C7,0x10A2,0x0020,0x0000,0x1082,0x39C7,0x4248,0x39E7,0x10A2,0x0000,0x0000,0x31C7,0x7C12,0x8431,0x1082,0x0000,
  0x0041,0x0021,0x0021,0x0021,0x0021,0x0041,0x0021,0x0041,0x0041,0x0041,0x0041,0x0041,0x0041,0x0041,0x0041,0x0041,
  0x0041,0x0041,0x0041,0x0041,0x0041,0x0041,0x0041,0x0041,0x0041,0x0041,0x0021,0x0021,0x0021,0x0021,0x0041,0x0020,
  0x0000,0x0000,0x0000,0x0000,0x0000,0x0000,0x0000,0x0000,0x0000,0x0000,0x0000,0x0020,0x0000,0x0000,0x0000,0x0000,
  0x0000,0x0000,0x0000,0x0000,0x0000,0x0000,0x0000,0x0000,0x0000,0x0020,0x0000,0x0000,0x0000,0x0000,0x0000,0x0000,
  0x0000,0x0000,0x0000,0x0000,0x0020,0x0020,0x0020,0x0020,0x0020,0x0020,0x0020,0x0020,0x0020,0x0020,0x0020,0x0020,
  0x0000,0x01F1,0x03DF,0x01D3,0x4A27,0x94D3,0x31E9,0x424A,0x3A2A,0x3A09,0x39E8,0x31C8,0x31C8,0x31E8,0x1082,0x0000,
  0x39E8,0x31C7,0x39E8,0x31A7,0x4A6A,0x632C,0x0020,0x0841,0x18E3,0x0020,0x0000,0x1082,0x2104,0x2965,0x4208,0x18C3,
  0x0000,0x0000,0x0021,0x039C,0x02FB,0x02B7,0x033C,0x1904,0x0000,0x0044,0x0023,0x0044,0x0043,0x0023,0x0043,0x0043,
  0x0043,0x0044,0x0043,0x0043,0x0043,0x0043,0x0043,0x0043,0x0043,0x0043,0x0043,0x0043,0x0043,0x0043,0x0043,0x0044,
  0x0043,0x0043,0x0063,0x0064,0x0064,0x0064,0x0064,0x0064,0x0064,0x0064,0x0064,0x0064,0x0064,0x0064,0x0064,0x0064,
  0x0064,0x0064,0x0064,0x0064,0x0064,0x0064,0x0064,0x0064,0x0065,0x0085,0x0085,0x0085,0x0065,0x0065,0x0065,0x0065,
  0x0085,0x0065,0x0065,0x0065,0x0065,0x0065,0x0064,0x0065,0x0065,0x0044,0x0044,0x0044,0x0044,0x0044,0x0044,0x0044,
  0x0044,0x0044,0x0044,0x0045,0x0044,0x0044,0x0044,0x0044,0x0044,0x0044,0x0044,0x0024,0x0044,0x0044,0x0044,0x0044,
  0x0044,0x0044,0x0045,0x0045,0x0044,0x0045,0x0044,0x0044,0x0044,0x0044,0x0044,0x0086,0x0085,0x012C,0x02BF,0x02BF,
  0x02BF,0x02BF,0x02BF,0x02BF,0x0022,0x0021,0x0041,0x0021,0x0001,0x0928,0x2146,0x2125,0x1904,0x2125,0x2125,0x2125,
  0x2125,0x2125,0x2125,0x2125,0x2125,0x2125,0x2125,0x2145,0x2125,0x2946,0x2966,0x2146,0x2986,0x3187,0x2966,0x2987,
  0x31A7,0x2986,0x2987,0x31A7,0x29A7,0x31A7,0x29A7,0x31C8,0x31A8,0x31C8,0x31C8,0x31C8,0x31C8,0x31C8,0x31E8,0x31E9,
  0x31E9,0x3A2A,0x31E9,0x3209,0x3A2A,0x320A,0x322A,0x3A6B,0x3A6B,0x3A8C,0x3A8C,0x3A6C,0x42AC,0x3A6B,0x3A4B,0x3A8C,
  0x3AAD,0x12D3,0x08C4,0x00A8,0x03DF,0x035D,0x0000,0x0020,0x3186,0x528A,0x18C3,0x0841,0x0020,0x0841,0x18E4,0x2966,
  0x39C7,0x3185,0x0841,0x0841,0x0841,0x10A2,0x3186,0x31A6,0x3185,0x20E3,0x0020,0x0000,0x3A08,0x7C11,0x7C10,0x0861,
  0x0000,0x0041,0x0021,0x0041,0x0041,0x0021,0x0041,0x0041,0x0021,0x0041,0x0041,0x0041,0x0041,0x0041,0x0021,0x0041,
  0x0041,0x0041,0x0041,0x0041,0x0041,0x0041,0x0021,0x0041,0x0041,0x0021,0x0021,0x0021,0x0021,0x0041,0x0000,0x0021,
  0x00E7,0x00A6,0x00A6,0x00A5,0x0085,0x0085,0x0085,0x0065,0x0065,0x0085,0x0085,0x0085,0x0085,0x0085,0x0085,0x0085,
  0x0086,0x00A6,0x00A6,0x00A6,0x00C6,0x00A6,0x00A6,0x00A6,0x0086,0x0086,0x0065,0x0085,0x0065,0x0065,0x0065,0x0065,
  0x0085,0x0085,0x0085,0x0065,0x0065,0x0045,0x0045,0x0045,0x0045,0x0045,0x0045,0x0045,0x0045,0x0045,0x0045,0x0024,
  0x0193,0x031F,0x012E,0x41E6,0x94D4,0x424A,0x3A29,0x424A,0x3A29,0x3A09,0x39E9,0x31E8,0x31A7,0x31C8,0x0882,0x0000,
  0x4229,0x39E8,0x3A08,0x4208,0x31C7,0x4A8A,0x5AEB,0x0020,0x1082,0x0882,0x0021,0x0020,0x0020,0x2104,0x528A,0x31A6,
  0x1081,0x0000,0x0000,0x0021,0x02F8,0x033C,0x033D,0x03BF,0x634D,0x83CE,0x7BAE,0x7BAE,0x6B4C,0x632C,0x62EB,0x62EB,
  0x5ACA,0x5269,0x5269,0x5269,0x4A49,0x5269,0x5ACB,0x5AAA,0x5ACA,0x5AAA,0x5AAA,0x52AA,0x5269,0x4A49,0x4228,0x4208,
  0x41E7,0x39C6,0x3165,0x2944,0x2944,0x2944,0x2944,0x2924,0x2103,0x2103,0x2103,0x2924,0x2924,0x2104,0x2103,0x2103,
  0x2103,0x2103,0x2124,0x2104,0x2924,0x2104,0x2924,0x2103,0x20E3,0x18E3,0x18C3,0x18E3,0x20E3,0x18E3,0x18C2,0x20E3,
  0x18C2,0x18C2,0x20E3,0x20E3,0x2103,0x2124,0x2924,0x2924,0x2965,0x3185,0x3186,0x4208,0x4A28,0x4228,0x4207,0x5269,
  0x4A49,0x5289,0x5ACA,0x5AAA,0x52AA,0x5AEB,0x5AEB,0x630B,0x630B,0x630B,0x5AEB,0x5AAA,0x5AAA,0x5ACA,0x5ACB,0x5ACA,
  0x5ACA,0x528A,0x5289,0x52AA,0x52AA,0x5AAA,0x5AAA,0x528A,0x52AA,0x52AA,0x62EB,0x20E3,0x0000,0x0000,0x010D,0x02BF,
  0x02BF,0x02BF,0x02BF,0x02BF,0x02BF,0x0021,0x0021,0x0041,0x0020,0x0000,0x0907,0x2146,0x2125,0x2125,0x2125,0x2125,
  0x2145,0x2125,0x2125,0x2145,0x2125,0x2145,0x2125,0x2125,0x2966,0x2966,0x2946,0x2966,0x31A7,0x2987,0x31A7,0x31C8,
  0x31A7,0x29A7,0x31C8,0x31C8,0x31C8,0x31C8,0x31C8,0x31E8,0x31C8,0x31E8,0x31C8,0x31C8,0x39E9,0x31E9,0x3A2A,0x3A2A,
  0x3A4A,0x3A2A,0x3A4A,0x3A4A,0x3A4A,0x3A4B,0x3A6B,0x3A6C,0x3A6C,0x428C,0x3A6C,0x3A6B,0x3A6B,0x3A6B,0x3A4B,0x3A6B,
  0x12B3,0x08E5,0x00E8,0x03FF,0x03BE,0x0000,0x0000,0x0841,0x2125,0x39C7,0x2145,0x2945,0x18E3,0x0841,0x0000,0x1082,
  0x3A07,0x4228,0x2924,0x2124,0x0861,0x0000,0x0861,0x10A2,0x3186,0x39E7,0x1082,0x0021,0x0000,0x39E8,0x73F1,0x73CF,
  0x0861,0x0000,0x0041,0x0021,0x0041,0x0041,0x0041,0x0021,0x0021,0x0021,0x0041,0x0041,0x0041,0x0041,0x0041,0x0021,
  0x0021,0x0041,0x0041,0x0041,0x0041,0x0041,0x0041,0x0041,0x0041,0x0021,0x0041,0x0041,0x0041,0x0000,0x0043,0x03DF,
  0x03FF,0x043F,0x043F,0x041F,0x03FE,0x03DD,0x1C7F,0x1C7F,0x1C7F,0x1C9F,0x147F,0x0C3F,0x0C5F,0x0C5F,0x147F,0x147F,
  0x149F,0x0C5F,0x03FE,0x03DD,0x03DC,0x03DE,0x03FF,0x03FF,0x03BF,0x039F,0x039F,0x039F,0x039F,0x039F,0x037F,0x037F,
  0x037F,0x039F,0x039F,0x039F,0x037F,0x033F,0x031F,0x033F,0x0B3F,0x0B3F,0x0B3F,0x0B5F,0x135F,0x139F,0x137F,0x0B5F,
  0x031F,0x43DB,0x6B2B,0x7C31,0x3A09,0x3A29,0x424A,0x3A29,0x3A09,0x422A,0x3A29,0x31E9,0x31C8,0x31E8,0x10A3,0x0000,
  0x4229,0x4249,0x4208,0x4208,0x4208,0x39C7,0x52CB,0x632C,0x0000,0x0841,0x18C3,0x0862,0x0020,0x1082,0x39C7,0x4A49,
  0x2945,0x0821,0x0000,0x0000,0x0000,0x02B8,0x03DF,0x241D,0x9CF4,0x9493,0x8C72,0x8451,0x8C51,0x7BF0,0x7BCF,0x73AF,
  0x6B4D,0x6B6E,0x634D,0x6B4D,0x6B4D,0x6B4D,0x632D,0x5B0C,0x632D,0x632D,0x632D,0x632D,0x5B0C,0x5AEC,0x52AB,0x52CB,
  0x52AA,0x528A,0x4A8A,0x528A,0x528A,0x528A,0x4A8A,0x4A49,0x4229,0x4A49,0x4A49,0x4A49,0x4A49,0x4229,0x4208,0x4228,
  0x4229,0x4208,0x4208,0x4208,0x4208,0x3A08,0x4229,0x3A08,0x39E8,0x39E8,0x39C8,0x39C7,0x39E8,0x39C7,0x31C7,0x31C7,
  0x31A7,0x31C7,0x31A7,0x3186,0x31A7,0x31A7,0x31C7,0x31A7,0x39E8,0x31C7,0x31C7,0x31A7,0x31A7,0x39C7,0x31A7,0x39E8,
  0x39C7,0x39E8,0x39E8,0x39E8,0x31C7,0x31C7,0x31C7,0x39E8,0x39E8,0x39E8,0x31C7,0x31A7,0x31A7,0x31C7,0x39E8,0x31C7,
  0x31C7,0x31A7,0x31A7,0x31A7,0x29A7,0x31A7,0x31A7,0x2986,0x2987,0x31A7,0x31A7,0x31A7,0x10A2,0x0000,0x0000,0x0170,
  0x02BF,0x02BF,0x02BF,0x027F,0x02BF,0x025C,0x0000,0x0021,0x0021,0x0000,0x0001,0x0908,0x2145,0x2125,0x2145,0x2125,
  0x2125,0x2145,0x2125,0x2125,0x2145,0x2145,0x2945,0x2966,0x2966,0x2146,0x2966,0x31A7,0x2986,0x31A7,0x31C7,0x31A7,
  0x31A7,0x31C8,0x31A7,0x29A7,0x31E8,0x31C7,0x31C8,0x31C8,0x31C8,0x31C8,0x31E8,0x31E8,0x31E8,0x3A09,0x3A09,0x3A2A,
  0x3A09,0x3A4A,0x3A4A,0x3A2A,0x3A2A,0x3A2A,0x3A4A,0x3A4A,0x3A4B,0x3A6B,0x3A6B,0x428B,0x3A6B,0x426B,0x424A,0x1292,
  0x08C5,0x00A7,0x03FF,0x03DF,0x0000,0x0000,0x0021,0x0000,0x0841,0x1082,0x4A49,0x5AEB,0x39E7,0x2104,0x0000,0x0020,
  0x18C3,0x31A6,0x5AEB,0x4228,0x10A2,0x0000,0x0000,0x0841,0x2965,0x39E7,0x31A6,0x18C3,0x0000,0x0000,0x39E8,0x7C11,
  0x7C11,0x0861,0x0000,0x0041,0x0020,0x0020,0x0020,0x0020,0x0020,0x0020,0x0020,0x0020,0x0020,0x0020,0x0020,0x0020,
  0x0020,0x0020,0x0020,0x0020,0x0020,0x0020,0x0020,0x0020,0x0020,0x0020,0x0020,0x0021,0x0020,0x0043,0x03DF,0x0339,
  0x5A47,0x732B,0x5227,0x5A68,0x5247,0x5247,0x5A68,0x5A88,0x5A88,0x5247,0x4A07,0x4A06,0x4A07,0x4A07,0x4A06,0x4A07,
  0x4A27,0x4A06,0x41C6,0x41E6,0x41E6,0x4A27,0x4A48,0x4A27,0x4A07,0x4A27,0x4A27,0x4A48,0x4A28,0x4207,0x4207,0x4A28,
  0x4A28,0x4A28,0x4A48,0x4A48,0x4A49,0x5289,0x4A69,0x52AA,0x5ACB,0x5ACB,0x52AA,0x52CB,0x5AEB,0x5B0C,0x632C,0x6B4D,
  0x630C,0x5B0C,0x634E,0x3A09,0x3A09,0x3A29,0x424A,0x3A2A,0x3A2A,0x3A09,0x3A09,0x39E8,0x31C8,0x31E9,0x1082,0x0000,
  0x4229,0x3A08,0x4208,0x4229,0x4208,0x4208,0x39C7,0x5AEB,0x630C,0x0000,0x18E3,0x39E7,0x0841,0x0000,0x0862,0x10A2,
  0x10A2,0x18E3,0x10A2,0x0021,0x0000,0x0022,0x035A,0x94B3,0x73CF,0x6B6E,0x6B6E,0x632D,0x6B8E,0x6B4D,0x632D,0x630C,
  0x5AEB,0x5AEC,0x5ACB,0x630C,0x5AEC,0x52AB,0x4A6A,0x52AB,0x5ACB,0x4A8A,0x52AB,0x52AA,0x4A8A,0x4A69,0x4A49,0x4228,
  0x4208,0x4A69,0x4A49,0x4A49,0x4A49,0x4A49,0x4228,0x4228,0x4A49,0x4229,0x4228,0x4228,0x4208,0x39E7,0x39E7,0x3A08,
  0x39E7,0x3A08,0x31C7,0x31A7,0x39C7,0x31C7,0x39E7,0x39E7,0x31C7,0x31C7,0x39C7,0x39C7,0x31A7,0x31A7,0x31A7,0x31A7,
  0x2986,0x31A7,0x3186,0x31A6,0x31A6,0x3186,0x2986,0x3186,0x31A6,0x2966,0x2945,0x2945,0x2965,0x2145,0x2145,0x2145,
  0x2945,0x2945,0x2125,0x2145,0x2125,0x2104,0x2124,0x2124,0x2104,0x1904,0x2104,0x2104,0x2104,0x2104,0x1904,0x18E4,
  0x2104,0x1904,0x1904,0x1904,0x1904,0x18E4,0x18E4,0x18E4,0x18E3,0x18C3,0x18C3,0x18C3,0x2986,0x10A2,0x0000,0x0000,
  0x01B5,0x02DF,0x02BF,0x02BF,0x027F,0x02BF,0x01B6,0x0000,0x0021,0x0021,0x0000,0x0023,0x1108,0x1926,0x18E5,0x1905,
  0x1905,0x1905,0x1905,0x1906,0x1926,0x1926,0x1926,0x1926,0x1927,0x1927,0x1948,0x2168,0x2168,0x2168,0x2189,0x2189,
  0x21AA,0x2189,0x2169,0x2189,0x21A9,0x2189,0x218A,0x218A,0x21AA,0x21AA,0x21CB,0x21AB,0x21CB,0x21CB,0x21AB,0x21CC,
  0x21AA,0x29CB,0x21CB,0x21CC,0x21ED,0x19CC,0x19AC,0x19CD,0x21CD,0x220E,0x19EE,0x19EF,0x11CF,0x11CF,0x01F2,0x08E6,
  0x0086,0x03DF,0x039D,0x0000,0x0861,0x2945,0x2125,0x0862,0x0021,0x0000,0x2945,0x4A49,0x39E7,0x18E3,0x1082,0x0000,
  0x0000,0x18C3,0x2965,0x4A69,0x39E7,0x10A2,0x1082,0x0020,0x0861,0x18E3,0x2965,0x31A6,0x18C3,0x0020,0x0000,0x4229,
  0x8452,0x7BF0,0x0841,0x0000,0x0042,0x0042,0x0042,0x0043,0x0043,0x0043,0x0043,0x0043,0x0043,0x0063,0x0063,0x0063,
  0x0063,0x0063,0x0063,0x0063,0x0063,0x0043,0x0043,0x0043,0x0043,0x0042,0x0064,0x0021,0x0042,0x03DF,0x037B,0x5247,
  0x52CB,0x10A3,0x18C3,0x10C3,0x10C3,0x18C3,0x18C3,0x18C3,0x18C3,0x18C3,0x2104,0x2124,0x2124,0x2125,0x2125,0x2125,
  0x2145,0x2965,0x2966,0x2986,0x2986,0x31A7,0x2986,0x2986,0x2986,0x2966,0x2986,0x2986,0x2145,0x2146,0x2966,0x2966,
  0x2987,0x2987,0x2987,0x2987,0x2987,0x31C8,0x31A8,0x2987,0x31C8,0x31E9,0x31E9,0x31C9,0x31E9,0x31E9,0x3A09,0x3A09,
  0x3A2A,0x3A2A,0x3A09,0x424A,0x422A,0x3A29,0x422A,0x3A29,0x3A09,0x3A09,0x31C8,0x31E8,0x31C7,0x31E8,0x0883,0x0000,
  0x4208,0x3A08,0x4228,0x4249,0x39E8,0x3A08,0x4A49,0x39C7,0x5ACB,0x5ACB,0x0000,0x18E3,0x10A2,0x0021,0x0000,0x0000,
  0x10C3,0x3A08,0x31A6,0x18A2,0x0020,0x0000,0x1061,0x7BF0,0x8431,0x6B8E,0x73AF,0x73AE,0x738E,0x73AF,0x634D,0x6B4D,
  0x634D,0x630C,0x630C,0x630C,0x52AB,0x52AA,0x5AEC,0x630C,0x5ACB,0x52AB,0x5AEC,0x52AB,0x4A6A,0x4A6A,0x528A,0x4229,
  0x4A69,0x4A6A,0x4A6A,0x4A8A,0x4A49,0x4208,0x4229,0x4A49,0x4A49,0x4229,0x4229,0x4229,0x39E8,0x4228,0x4208,0x3A08,
  0x4208,0x39E8,0x39C7,0x39E7,0x3A08,0x39C7,0x39C7,0x3A08,0x39E8,0x39E8,0x39E8,0x39E8,0x31C7,0x31A7,0x31A7,0x31A6,
  0x3186,0x31C7,0x3186,0x31C7,0x31A6,0x3186,0x31A6,0x31A6,0x2986,0x3186,0x2986,0x2986,0x2966,0x2966,0x2945,0x2965,
  0x2966,0x2945,0x2945,0x2966,0x2945,0x2145,0x2125,0x2124,0x2124,0x2104,0x2104,0x2125,0x2145,0x2125,0x2125,0x2124,
  0x2125,0x2124,0x2125,0x2104,0x2104,0x1904,0x18E4,0x1904,0x1904,0x1904,0x18E4,0x18E4,0x18E3,0x2986,0x0841,0x0000,
  0x0000,0x021A,0x02BF,0x02BF,0x02BF,0x027F,0x027F,0x0172,0x0000,0x0042,0x0021,0x0021,0x0001,0x0001,0x0001,0x0001,
  0x0001,0x0001,0x0001,0x0001,0x0001,0x0001,0x0001,0x0001,0x0001,0x0001,0x0022,0x0021,0x0022,0x0021,0x0021,0x0021,
  0x0022,0x0022,0x0022,0x0022,0x0021,0x0021,0x0021,0x0022,0x0022,0x0022,0x0022,0x0022,0x0022,0x0022,0x0022,0x0022,
  0x0022,0x0021,0x0021,0x0022,0x0022,0x0021,0x0001,0x0001,0x0001,0x0001,0x0022,0x0022,0x0021,0x0022,0x0000,0x00E9,
  0x039F,0x037E,0x0000,0x0820,0x39C7,0x4A49,0x4208,0x18C3,0x0862,0x0000,0x0841,0x2124,0x3186,0x31A6,0x2965,0x0862,
  0x0020,0x0020,0x0020,0x2965,0x39E8,0x3186,0x2104,0x0861,0x0000,0x0841,0x0861,0x2965,0x3185,0x18C2,0x0000,0x0000,
  0x3A08,0x8431,0x7BF0,0x0861,0x0044,0x023C,0x02BF,0x02BF,0x02BF,0x02BF,0x02BF,0x02DF,0x031F,0x033F,0x033F,0x033F,
  0x037F,0x037F,0x033F,0x033F,0x031F,0x02DF,0x02DF,0x02DF,0x02DF,0x02BF,0x0219,0x0064,0x039F,0x02FA,0x6288,0x52CB,
  0x10A2,0x2103,0x2104,0x2104,0x2104,0x2124,0x2124,0x2124,0x2124,0x2124,0x2945,0x2945,0x2945,0x2965,0x2965,0x2945,
  0x2945,0x2966,0x2966,0x3186,0x31A7,0x31A7,0x31A6,0x31A7,0x31C7,0x31A7,0x31A7,0x3186,0x2986,0x3187,0x3186,0x3187,
  0x3187,0x31A7,0x31A7,0x31A7,0x31A7,0x31A7,0x31C8,0x31C8,0x31C8,0x39E9,0x39E8,0x3A09,0x3A09,0x3A29,0x3A29,0x4229,
  0x422A,0x3A29,0x3A09,0x424A,0x3A09,0x3A09,0x3A09,0x3A09,0x31C8,0x31E9,0x31E8,0x31C8,0x31C8,0x31C8,0x10A3,0x0000,
  0x3A08,0x39E8,0x4229,0x4229,0x4228,0x4A69,0x4249,0x4208,0x39C7,0x52AA,0x52AA,0x0000,0x0021,0x18E3,0x0841,0x0020,
  0x18E4,0x31A7,0x2945,0x2104,0x0841,0x0000,0x0000,0x1082,0x94B2,0x9492,0x73AF,0x7C10,0x7BCF,0x738E,0x634D,0x6B4D,
  0x6B4D,0x632D,0x632C,0x5ACB,0x5AEB,0x5AEB,0x630C,0x5AEB,0x5AEB,0x5ACB,0x5ACB,0x528A,0x4A6A,0x4A8A,0x4A6A,0x4A49,
  0x4A49,0x4249,0x4A6A,0x4A69,0x4A49,0x4228,0x4A49,0x4A49,0x4229,0x4229,0x4228,0x4249,0x3A08,0x4208,0x4228,0x3A08,
  0x4208,0x3A08,0x39E8,0x4208,0x3A08,0x39E7,0x39C7,0x39E8,0x39E8,0x39E7,0x39C7,0x39E7,0x31A7,0x3186,0x3186,0x3186,
  0x3186,0x3186,0x31A6,0x31A7,0x3186,0x3186,0x31A6,0x2986,0x2966,0x2986,0x2986,0x2966,0x2986,0x2965,0x2145,0x2945,
  0x2966,0x2945,0x2145,0x2965,0x2145,0x2125,0x2125,0x2104,0x1904,0x2104,0x2124,0x2125,0x2125,0x2124,0x2104,0x2124,
  0x2104,0x2104,0x1904,0x2104,0x1904,0x1904,0x1904,0x1904,0x18E4,0x18E4,0x18E4,0x18E4,0x18C3,0x18E4,0x2965,0x0021,
  0x0000,0x0000,0x023A,0x02BF,0x02BF,0x027F,0x025F,0x027F,0x010D,0x0000,0x0000,0x0000,0x0000,0x0000,0x0000,0x0000,
  0x0000,0x0000,0x0000,0x0000,0x0000,0x0000,0x0000,0x0000,0x0000,0x0000,0x0000,0x0000,0x0000,0x0000,0x0000,0x0000,
  0x0000,0x0000,0x0000,0x0000,0x0000,0x0000,0x0000,0x0000,0x0000,0x0000,0x0000,0x0000,0x0000,0x0000,0x0000,0x0000,
  0x0000,0x0000,0x0000,0x0000,0x0000,0x0000,0x0000,0x0000,0x0000,0x0000,0x0000,0x0000,0x0000,0x0000,0x0108,0x03FF,
  0x03BF,0x0000,0x0000,0x1082,0x31A6,0x31A6,0x31A6,0x2104,0x18A3,0x0861,0x0020,0x10A2,0x2104,0x31A6,0x31C7,0x18C3,
  0x0841,0x0000,0x0020,0x18C3,0x3186,0x31A6,0x2965,0x1082,0x0000,0x0020,0x0020,0x18C3,0x2945,0x2945,0x0861,0x0000,
  0x0000,0x39E8,0x8451,0x8451,0x1061,0x0001,0x0024,0x0003,0x0003,0x0003,0x0004,0x0004,0x0024,0x0024,0x0024,0x0044,
  0x0044,0x0044,0x0044,0x0044,0x0024,0x0024,0x0024,0x0024,0x0024,0x0024,0x0046,0x039F,0x02F8,0x62A9,0x5AEC,0x10A2,
  0x18E3,0x2104,0x18E3,0x2104,0x20E3,0x2104,0x2124,0x2124,0x2124,0x2124,0x2945,0x2945,0x2945,0x2965,0x2945,0x2945,
  0x2945,0x2965,0x2965,0x2966,0x31A6,0x31A7,0x31A7,0x31A7,0x39C7,0x31A7,0x2986,0x2986,0x2986,0x3186,0x3186,0x3186,
  0x2986,0x31A7,0x31A7,0x31A7,0x31C7,0x31C7,0x31C7,0x31A7,0x31C8,0x31E8,0x31E8,0x39E8,0x3A09,0x3A09,0x3A09,0x3A09,
  0x39E8,0x3A29,0x4229,0x3A09,0x39E8,0x3A09,0x3A08,0x39E8,0x31C7,0x31C8,0x31C8,0x31C8,0x31A7,0x31E8,0x10A3,0x0000,
  0x39E8,0x39E8,0x3A08,0x3A08,0x4A69,0x4A49,0x4229,0x4228,0x4228,0x31A7,0x528A,0x4A69,0x0000,0x2124,0x2965,0x1082,
  0x0000,0x0861,0x3186,0x4208,0x3186,0x0882,0x0000,0x0000,0x18E3,0x9D14,0x8C92,0x8431,0x7BF0,0x73AF,0x73AF,0x6B8E,
  0x7BCF,0x6B8E,0x5B0C,0x634D,0x632D,0x632C,0x632D,0x632C,0x5AEB,0x5ACB,0x5AEC,0x5AEC,0x52AB,0x52AB,0x5B0C,0x52AB,
  0x528A,0x4A6A,0x4A8A,0x4A6A,0x52AA,0x4249,0x4A49,0x4A6A,0x4A49,0x4A49,0x4249,0x4A49,0x4249,0x4228,0x4249,0x4228,
  0x4249,0x4228,0x3A08,0x4229,0x4229,0x3A08,0x39E8,0x39E8,0x39E7,0x3A08,0x39C7,0x31A7,0x31A7,0x31A7,0x3186,0x31C7,
  0x31A6,0x31C7,0x39C7,0x31A7,0x31A7,0x31A7,0x31A7,0x3186,0x3186,0x3186,0x3186,0x31A6,0x2986,0x2966,0x2986,0x2966,
  0x2986,0x2966,0x2966,0x2966,0x2966,0x2965,0x2145,0x2125,0x2104,0x2104,0x2145,0x2145,0x2125,0x2124,0x2125,0x2124,
  0x2124,0x2125,0x2104,0x1904,0x1904,0x2104,0x1904,0x2125,0x2125,0x18E4,0x18E4,0x18E4,0x18E4,0x1904,0x2125,0x2166,
  0x02B8,0x02DD,0x02DD,0x02DF,0x02DF,0x02DF,0x02BF,0x02BF,0x02BF,0x02BB,0x029B,0x029B,0x02BC,0x029B,0x027B,0x027B,
  0x027B,0x029B,0x029B,0x02DC,0x02DC,0x02DC,0x02DC,0x02FB,0x02DB,0x02FC,0x033C,0x033C,0x035C,0x035C,0x037C,0x037C,
  0x037C,0x039D,0x03BD,0x03BD,0x039D,0x039C,0x03BC,0x03DC,0x03DC,0x03BD,0x03BD,0x03BD,0x039D,0x039C,0x039C,0x039D,
  0x03DD,0x03DD,0x03DD,0x03BD,0x039C,0x039C,0x03BC,0x03BC,0x03BC,0x03BC,0x03BC,0x03BC,0x037C,0x039C,0x03FF,0x03FF,
  0x0021,0x0020,0x0021,0x0841,0x1082,0x10A2,0x31A6,0x528A,0x4A6A,0x39C7,0x1082,0x0000,0x0000,0x2124,0x4A69,0x4A29,
  0x2945,0x10A2,0x0020,0x10A2,0x10A2,0x18C3,0x4A29,0x31A6,0x1082,0x0000,0x0841,0x2965,0x20E3,0x18C3,0x2104,0x18E3,
  0x0841,0x0000,0x4209,0x8431,0x8451,0x73AE,0x738D,0x738D,0x738D,0x738D,0x73AE,0x73AE,0x73AE,0x738D,0x73AE,0x738D,
  0x6B6D,0x6B6D,0x736D,0x6B6D,0x738D,0x738D,0x73AE,0x73AE,0x6B6D,0x62EB,0x13BF,0x0AB6,0x6288,0x630C,0x18C3,0x2104,
  0x20E3,0x18E3,0x18E3,0x18E3,0x2104,0x2104,0x2104,0x2124,0x2124,0x2124,0x2945,0x2945,0x2945,0x2145,0x2945,0x2945,
  0x2945,0x2945,0x2965,0x2965,0x2986,0x31A7,0x31A7,0x3186,0x31C7,0x2986,0x2986,0x2986,0x2986,0x2986,0x2986,0x2986,
  0x2986,0x2986,0x3187,0x31C7,0x31A7,0x31A7,0x31A7,0x31A7,0x31C8,0x31E8,0x31E8,0x31C8,0x39E8,0x3A08,0x3A09,0x3A08,
  0x3A09,0x3A09,0x39E8,0x39E8,0x31C8,0x31C8,0x31E8,0x39E8,0x31C8,0x31C8,0x31A7,0x2987,0x31A7,0x2987,0x0021,0x1082,
  0x4208,0x3A08,0x39E8,0x4229,0x4208,0x4208,0x4A49,0x4228,0x3A08,0x4229,0x39C7,0x52AA,0x4A49,0x0000,0x1082,0x0861,
  0x0000,0x0020,0x0861,0x1082,0x10C3,0x1082,0x0000,0x0000,0x0000,0x2104,0x8451,0x738E,0x6B6D,0x634D,0x5B0C,0x630C,
  0x632D,0x5AEB,0x52AA,0x52AA,0x52AB,0x5ACB,0x52AB,0x4A6A,0x4A69,0x4A6A,0x4A6A,0x4A6A,0x4249,0x4A8A,0x4A49,0x4229,
  0x4A69,0x4249,0x39E7,0x3A08,0x4228,0x3A08,0x3A08,0x39E7,0x39E7,0x39C7,0x31A7,0x31C7,0x31A7,0x3186,0x3186,0x31C7,
  0x31A6,0x2986,0x3186,0x31A7,0x3186,0x2965,0x2966,0x3186,0x3186,0x2966,0x2945,0x2965,0x2966,0x2125,0x2966,0x2966,
  0x2945,0x2945,0x2945,0x2945,0x2145,0x2945,0x2945,0x2125,0x2125,0x2145,0x2124,0x2104,0x2104,0x2104,0x1904,0x2124,
  0x2104,0x1904,0x18E4,0x2104,0x2104,0x1904,0x18E4,0x18E3,0x18C3,0x18E3,0x18E3,0x18E3,0x18C3,0x18C3,0x18C3,0x18C3,
  0x18E3,0x18C3,0x10C3,0x10A3,0x10A3,0x10C3,0x10C3,0x10A3,0x10C3,0x10A3,0x10A2,0x10A3,0x10C3,0x10C3,0x10A3,0x10A2,
  0x01F2,0x031F,0x031F,0x031F,0x031F,0x033F,0x031F,0x031F,0x02DF,0x031F,0x02DF,0x02DF,0x031F,0x031F,0x02DF,0x02DF,
  0x02DF,0x031F,0x031F,0x031F,0x033F,0x033F,0x033F,0x037F,0x037F,0x033F,0x037F,0x039F,0x039F,0x039F,0x03DF,0x03DF,
  0x03DF,0x03DF,0x03DF,0x03FF,0x03FF,0x03FF,0x03FF,0x03FF,0x03FF,0x03FF,0x03FF,0x03DF,0x03DF,0x03FF,0x03DF,0x03DF,
  0x03FF,0x03FF,0x03FF,0x03DF,0x03DF,0x03DF,0x03DF,0x03FF,0x03FF,0x03FF,0x03FF,0x03FF,0x03DF,0x03DF,0x03BD,0x0022,
  0x0000,0x1082,0x0841,0x0020,0x0841,0x0020,0x1082,0x2124,0x2124,0x18E3,0x0841,0x0000,0x0000,0x0021,0x10A2,0x18E3,
  0x10C3,0x0861,0x0020,0x0820,0x0020,0x0841,0x18E3,0x2124,0x0861,0x0000,0x0020,0x1082,0x18C3,0x18C3,0x10A2,0x18C3,
  0x0841,0x0000,0x0020,0x4249,0x73F0,0x8432,0x7C11,0x7BF1,0x7C31,0x7BF0,0x7C11,0x7BF0,0x6BAF,0x636E,0x5B0D,0x5AEC,
  0x52CC,0x4AAB,0x4AAB,0x4A8B,0x4A8B,0x4A6A,0x4A6A,0x4A6A,0x4249,0x3A08,0x39A6,0x5269,0x52AB,0x10A2,0x2104,0x2104,
  0x2104,0x2124,0x2104,0x2104,0x2104,0x2104,0x2124,0x2945,0x2945,0x2965,0x2965,0x2965,0x2945,0x2945,0x2986,0x3186,
  0x3186,0x3186,0x3186,0x3186,0x31A6,0x31A7,0x31A7,0x31A7,0x31A7,0x2986,0x31A7,0x3186,0x31A7,0x31A7,0x31A7,0x31A7,
  0x31C7,0x31C7,0x31C8,0x39E8,0x31C8,0x31C8,0x31C8,0x31C8,0x31C8,0x39E8,0x3A08,0x39E8,0x3A09,0x3A29,0x4229,0x4229,
  0x424A,0x4229,0x3A09,0x3A08,0x3A09,0x31C8,0x39E8,0x39E8,0x39E8,0x39E9,0x31C8,0x31C8,0x2986,0x0020,0x0841,0x2104,
  0x4208,0x4228,0x3A08,0x4228,0x4208,0x3A08,0x4229,0x4228,0x4229,0x4229,0x4249,0x3A08,0x5AEC,0x4228,0x0000,0x0000,
  0x0000,0x0000,0x0000,0x0000,0x0000,0x0000,0x0000,0x0000,0x0000,0x0000,0x0000,0x0020,0x0000,0x0000,0x0000,0x0020,
  0x0000,0x0000,0x0000,0x0000,0x0000,0x0000,0x0000,0x0000,0x0000,0x0000,0x0000,0x0000,0x0000,0x0000,0x0000,0x0000,
  0x0000,0x0000,0x0000,0x0000,0x0000,0x0000,0x0000,0x0000,0x0000,0x0000,0x0000,0x0000,0x0000,0x0000,0x0000,0x0000,
  0x0000,0x0000,0x0000,0x0000,0x0000,0x0000,0x0000,0x0000,0x0000,0x0000,0x0000,0x0000,0x0000,0x0000,0x0000,0x0000,
  0x0000,0x0000,0x0000,0x0000,0x0000,0x0000,0x0000,0x0000,0x0000,0x0000,0x0000,0x0000,0x0000,0x0000,0x0000,0x0000,
  0x0000,0x0000,0x0000,0x0000,0x0000,0x0000,0x0000,0x0000,0x0000,0x0000,0x0000,0x0000,0x0000,0x0000,0x0000,0x0000,
  0x0000,0x0000,0x0000,0x0000,0x0000,0x0000,0x0000,0x0000,0x0000,0x0000,0x0000,0x0000,0x0000,0x0000,0x0000,0x0000,
  0x0000,0x0000,0x0000,0x0000,0x0000,0x0000,0x0000,0x0020,0x0000,0x0000,0x0000,0x0000,0x0000,0x0000,0x0000,0x0000,
  0x0000,0x0000,0x0000,0x0000,0x0000,0x0000,0x0000,0x0000,0x0000,0x0000,0x0000,0x0000,0x0000,0x0000,0x0000,0x0000,
  0x0000,0x0000,0x0000,0x0000,0x0000,0x0000,0x0000,0x0000,0x0000,0x0000,0x0000,0x0000,0x0000,0x0000,0x0000,0x0000,
  0x0000,0x0000,0x0000,0x0000,0x0000,0x0000,0x0000,0x0000,0x0000,0x0000,0x0000,0x0000,0x0000,0x0000,0x0000,0x0000,
  0x0000,0x0000,0x0020,0x0000,0x0000,0x0000,0x0000,0x0000,0x0000,0x0000,0x0000,0x0000,0x0000,0x0000,0x0000,0x0000,
  0x0000,0x0000,0x0000,0x0000,0x0000,0x0000,0x0000,0x0000,0x0000,0x0000,0x0000,0x0000,0x0000,0x0020,0x0000,0x1082,
  0x2124,0x1082,0x0000,0x0020,0x18E3,0x10A2,0x1082,0x1082,0x10A3,0x10A2,0x1082,0x1082,0x0861,0x0861,0x0020,0x0020,
  0x0020,0x0020,0x0020,0x0041,0x0021,0x0000,0x0000,0x0000,0x0000,0x0000,0x0020,0x2945,0x0020,0x0841,0x0841,0x0861,
  0x0861,0x0841,0x0841,0x0841,0x0841,0x0841,0x0861,0x0861,0x0861,0x0861,0x0862,0x0861,0x0861,0x0861,0x1081,0x1082,
  0x1082,0x0862,0x1082,0x1082,0x1082,0x0862,0x1082,0x1082,0x0862,0x0862,0x1082,0x1082,0x0882,0x0882,0x0882,0x0862,
  0x1082,0x1082,0x1082,0x10A2,0x1082,0x10A2,0x1082,0x1082,0x0882,0x1082,0x1082,0x1082,0x10A2,0x10A3,0x10C3,0x10A2,
  0x10A2,0x10A3,0x10A3,0x1082,0x1082,0x1082,0x1082,0x0882,0x1082,0x1082,0x0862,0x1082,0x0041,0x0000,0x18C3,0x2945,
  0x39E8,0x4208,0x4208,0x4228,0x4229,0x4229,0x4228,0x4249,0x4A49,0x4249,0x4249,0x4A69,0x4249,0x52CB,0x5ACB,0x52AA,
  0x52AA,0x4A6A,0x4249,0x4229,0x4A49,0x4229,0x4A49,0x4A49,0x4208,0x3186,0x2965,0x2945,0x2124,0x2124,0x2124,0x2124,
  0x2104,0x18C3,0x18C3,0x1903,0x18E3,0x18E3,0x18E3,0x0000,0x0000,0x0820,0x0000,0x0000,0x0000,0x0000,0x0841,0x0861,
  0x0020,0x0020,0x0000,0x0000,0x0020,0x1082,0x18C3,0x0841,0x0020,0x0000,0x0000,0x0000,0x0820,0x0861,0x18C3,0x1082,
  0x0841,0x0020,0x0000,0x0000,0x0020,0x0861,0x18C3,0x1082,0x0841,0x0000,0x0000,0x0000,0x0841,0x10A2,0x18C3,0x1082,
  0x0861,0x0020,0x0000,0x0000,0x0840,0x1082,0x0861,0x1082,0x0861,0x0000,0x0000,0x0020,0x0861,0x0861,0x1082,0x18C3,
  0x0861,0x0020,0x0000,0x0000,0x0000,0x0841,0x1082,0x18C2,0x10A2,0x1081,0x0020,0x0000,0x0000,0x0841,0x1082,0x0861,
  0x1082,0x0861,0x0020,0x0000,0x0000,0x0020,0x0841,0x18A2,0x18C3,0x0861,0x0841,0x0000,0x0000,0x0000,0x0841,0x0861,
  0x0862,0x1082,0x0841,0x0000,0x0000,0x0020,0x0861,0x1082,0x10C3,0x1082,0x0020,0x0000,0x0000,0x0020,0x0841,0x0861,
  0x18C3,0x1082,0x0841,0x0020,0x0000,0x0000,0x0020,0x1061,0x10A2,0x1082,0x1082,0x0020,0x0000,0x0000,0x0020,0x0841,
  0x10A3,0x18C3,0x1082,0x0000,0x0000,0x0000,0x0000,0x0020,0x1082,0x18C3,0x0861,0x0861,0x0020,0x0000,0x0000,0x0020,
  0x0841,0x0000,0x10A2,0x18C3,0x0861,0x1082,0x1082,0x1082,0x10A2,0x10A2,0x18C3,0x18C3,0x18E3,0x2104,0x2124,0x2945,
  0x2945,0x3186,0x31A6,0x3186,0x3186,0x39C7,0x3A07,0x4A49,0x4A49,0x4228,0x4228,0x4228,0x4A49,0x5ACA,0x5AEB,0x632C,
  0x6B4D,0x738E,0x73AE,0x73AE,0x7BCF,0x73AE,0x73AE,0x7BCF,0x7BEF,0x73CF,0x73AE,0x7BEF,0x3186,0x0000,0x0000,0x0861,
  0x18E3,0x1082,0x0861,0x1082,0x0000,0x0000,0x0000,0x0000,0x0000,0x0020,0x0861,0x0841,0x0000,0x0000,0x0000,0x0000,
  0x0020,0x1082,0x18C3,0x10A2,0x0841,0x0000,0x0000,0x0000,0x0020,0x1082,0x10A2,0x0000,0x0000,0x0000,0x0000,0x0000,
  0x0841,0x1082,0x0841,0x0000,0x0000,0x0000,0x0000,0x0020,0x0861,0x1082,0x0021,0x0000,0x0000,0x0000,0x0000,0x0000,
  0x0841,0x0862,0x0841,0x0021,0x0000,0x0000,0x0000,0x0000,0x0020,0x0841,0x0021,0x0021,0x0000,0x0000,0x0000,0x0021,
  0x0862,0x0041,0x0021,0x0020,0x0000,0x0000,0x0000,0x0021,0x0862,0x0862,0x0841,0x0000,0x0000,0x0000,0x0000,0x0041,
  0x0021,0x0021,0x0020,0x0000,0x0000,0x0000,0x0000,0x0000,0x0020,0x0021,0x0841,0x0021,0x0000,0x0000,0x10A3,0x2925,
  0x39E8,0x39E8,0x4208,0x39E7,0x4208,0x4249,0x4229,0x4A49,0x4229,0x4229,0x4A49,0x4229,0x4249,0x4A49,0x4249,0x4208,
  0x4228,0x4249,0x4249,0x4208,0x4208,0x4228,0x39E7,0x3A08,0x3A08,0x39E7,0x39C7,0x39E7,0x39C7,0x31C6,0x3186,0x3186,
  0x3186,0x3186,0x2986,0x3186,0x2965,0x2966,0x31A6,0x2965,0x0000,0x0861,0x0861,0x0000,0x0000,0x0020,0x18E3,0x2945,
  0x18E3,0x10A2,0x0000,0x0000,0x0020,0x10A2,0x2124,0x2104,0x18C2,0x0841,0x0000,0x0000,0x0020,0x10A2,0x3186,0x2945,
  0x10C2,0x1082,0x0820,0x0000,0x0020,0x0862,0x2945,0x2925,0x18A2,0x0841,0x0000,0x0000,0x0841,0x18C3,0x2945,0x2945,
  0x20E3,0x0841,0x0000,0x0000,0x0020,0x10A2,0x2924,0x3186,0x20E3,0x0020,0x0020,0x0020,0x0861,0x1082,0x2124,0x31A6,
  0x18C3,0x0861,0x0841,0x0000,0x0000,0x0841,0x18A2,0x2965,0x3186,0x18E3,0x0861,0x0000,0x0000,0x0841,0x1082,0x2104,
  0x3186,0x2124,0x0861,0x0020,0x0000,0x0000,0x0841,0x2104,0x2965,0x18C3,0x10A2,0x0841,0x0000,0x0000,0x0841,0x10A2,
  0x2104,0x2925,0x18E3,0x0841,0x0020,0x0020,0x0841,0x10A2,0x2124,0x2124,0x0861,0x0020,0x0000,0x0020,0x0841,0x18A2,
  0x3186,0x2945,0x1082,0x0020,0x0000,0x0000,0x0020,0x1082,0x2104,0x2965,0x2104,0x0861,0x0000,0x0000,0x0000,0x0021,
  0x0882,0x10A2,0x10A2,0x0841,0x0000,0x0000,0x0000,0x0020,0x0861,0x1082,0x10A2,0x18C3,0x1082,0x0020,0x0000,0x0021,
  0x0841,0x0020,0x0000,0x2104,0x2124,0x2104,0x18E3,0x18C3,0x18E3,0x2103,0x2104,0x2124,0x2924,0x2945,0x2124,0x2945,
  0x2945,0x2965,0x2945,0x2965,0x2965,0x31A6,0x39C7,0x39C7,0x39E7,0x39C7,0x39C7,0x39E7,0x4208,0x4228,0x4A69,0x4A48,
  0x4A48,0x4A69,0x528A,0x5ACB,0x5ACA,0x52AA,0x5ACB,0x5AEB,0x632C,0x632C,0x630C,0x5ACB,0x7BEF,0x3186,0x0000,0x0020,
  0x0020,0x0862,0x2965,0x39C7,0x2104,0x1082,0x0020,0x0020,0x0020,0x18C3,0x2965,0x3186,0x18C3,0x0021,0x0020,0x0000,
  0x0841,0x2945,0x4208,0x3A08,0x18E4,0x0021,0x0000,0x0000,0x0861,0x2145,0x31A7,0x2145,0x10A2,0x0041,0x0000,0x0021,
  0x10A3,0x3186,0x2966,0x18C3,0x10A3,0x0000,0x0000,0x0862,0x1904,0x39E7,0x2124,0x10A2,0x0862,0x0000,0x0000,0x0841,
  0x18E3,0x31A6,0x3166,0x2145,0x10A3,0x0041,0x0000,0x0020,0x10A3,0x2966,0x31A7,0x2145,0x0862,0x0021,0x0001,0x0862,
  0x18E4,0x2945,0x31A7,0x2104,0x0021,0x0021,0x0021,0x0842,0x18E4,0x39C7,0x39C7,0x2104,0x0862,0x0001,0x0021,0x0041,
  0x10C3,0x2946,0x2986,0x18E4,0x0041,0x0000,0x0000,0x0021,0x1082,0x2945,0x3187,0x18C4,0x0862,0x0000,0x0020,0x1082,
  0x39E7,0x39E8,0x4208,0x39E8,0x3A08,0x4229,0x4208,0x4229,0x4228,0x4208,0x4A49,0x4229,0x4A6A,0x4208,0x3A08,0x39E8,
  0x4229,0x4A49,0x4228,0x4A49,0x4228,0x4208,0x39E7,0x3A08,0x39E8,0x39E7,0x4228,0x4228,0x39E7,0x39C7,0x39C7,0x3186,
  0x3186,0x3186,0x31A6,0x31A6,0x3186,0x2966,0x3186,0x4208,0x3186,0x0000,0x0020,0x0861,0x0020,0x0000,0x1082,0x10A2,
  0x1081,0x2124,0x18A2,0x0841,0x0000,0x0020,0x10A2,0x0861,0x1082,0x2104,0x18C3,0x0841,0x0000,0x0841,0x2104,0x10A2,
  0x18C3,0x2945,0x10A2,0x0841,0x0000,0x0020,0x10A2,0x0861,0x10A2,0x2104,0x1082,0x0841,0x0000,0x0861,0x10A2,0x1082,
  0x2104,0x1082,0x0841,0x0000,0x0000,0x0020,0x10A2,0x2104,0x18E3,0x2104,0x18E3,0x0841,0x0000,0x0020,0x10A2,0x2103,
  0x0861,0x18E3,0x18E3,0x0841,0x0020,0x0000,0x0841,0x10A2,0x1081,0x18E3,0x2104,0x1082,0x0020,0x0000,0x0020,0x18E3,
  0x2945,0x18C3,0x18C3,0x18C3,0x0020,0x0000,0x0020,0x10A2,0x10A2,0x1082,0x2124,0x18E3,0x0861,0x0000,0x0000,0x0820,
  0x1082,0x2104,0x18C3,0x2104,0x18C3,0x0841,0x0000,0x0841,0x10A2,0x1082,0x10A2,0x2104,0x1082,0x0020,0x0000,0x0861,
  0x18E3,0x1062,0x18C3,0x18C3,0x0861,0x0841,0x0000,0x0020,0x1082,0x18E3,0x10A2,0x0000,0x0000,0x0000,0x0000,0x0000,
  0x0000,0x0000,0x0000,0x0000,0x0000,0x0000,0x0000,0x0000,0x0000,0x0000,0x0000,0x0000,0x0000,0x0000,0x0000,0x0000,
  0x0000,0x0020,0x0841,0x0000,0x18E3,0x2124,0x18E3,0x18C3,0x18E3,0x20E3,0x20E3,0x18E3,0x2104,0x2124,0x2124,0x2124,
  0x2945,0x2965,0x2945,0x2945,0x3186,0x31A6,0x3186,0x39C7,0x39C7,0x39C6,0x39C7,0x39E7,0x39E7,0x39E7,0x4A48,0x4228,
  0x4208,0x4A49,0x4A69,0x4A69,0x528A,0x5289,0x5289,0x52CA,0x5ACB,0x630C,0x5AEB,0x5ACB,0x4A69,0x6B6D,0x2944,0x0000,
  0x0020,0x0020,0x18E3,0x2965,0x1082,0x2124,0x2124,0x1082,0x0021,0x0020,0x18E3,0x18E3,0x1082,0x2945,0x18E4,0x1082,
  0x0841,0x1082,0x2145,0x18C3,0x18E4,0x2945,0x1082,0x0841,0x0020,0x10A2,0x18E3,0x1082,0x31A6,0x2945,0x0861,0x0041,
  0x0021,0x18E4,0x10A3,0x18E3,0x39C7,0x10A3,0x0862,0x0021,0x0861,0x2104,0x1082,0x3186,0x31A6,0x0862,0x0841,0x0000,
  0x1082,0x2124,0x18A3,0x39C7,0x2966,0x10C3,0x0841,0x0000,0x0021,0x18C3,0x18E4,0x2125,0x2145,0x18E4,0x0841,0x0000,
  0x0020,0x18C3,0x2966,0x2104,0x18E3,0x1904,0x0842,0x0000,0x0021,0x18E3,0x2966,0x18E4,0x2125,0x2104,0x0021,0x0000,
  0x0841,0x18E4,0x2145,0x18E4,0x2966,0x18C3,0x0021,0x0000,0x0861,0x2104,0x2124,0x2966,0x39C7,0x10A2,0x0000,0x0000,
  0x31C7,0x39E7,0x4208,0x3A08,0x4208,0x3A08,0x39E8,0x4249,0x4A49,0x4229,0x4A49,0x4A49,0x4A6A,0x4208,0x4A49,0x4A69,
  0x4249,0x4A49,0x4A69,0x4A49,0x4229,0x4229,0x4208,0x39E8,0x4208,0x4229,0x4208,0x39E8,0x39E7,0x39E7,0x39C7,0x31C7,
  0x39C7,0x39C7,0x39C7,0x31A6,0x3186,0x3186,0x31A6,0x2965,0x39C7,0x2945,0x0000,0x1061,0x0861,0x0000,0x0820,0x0861,
  0x2124,0x39C7,0x2945,0x10A2,0x0020,0x0000,0x0841,0x0861,0x2124,0x4207,0x3186,0x18C3,0x0020,0x0020,0x0861,0x1082,
  0x3186,0x4208,0x2945,0x10A2,0x0020,0x0000,0x0841,0x1082,0x2986,0x39C7,0x2945,0x10A2,0x0020,0x0000,0x0020,0x0861,
  0x2945,0x3185,0x20E3,0x10A2,0x0861,0x0020,0x0020,0x1082,0x2104,0x31A6,0x2965,0x1082,0x0020,0x0000,0x0841,0x0861,
  0x2104,0x39C7,0x3186,0x18C3,0x0861,0x0020,0x0820,0x0020,0x0861,0x31A6,0x39E7,0x2944,0x10A2,0x0841,0x0020,0x0861,
  0x0861,0x10A2,0x2965,0x2965,0x10A2,0x0841,0x0000,0x0841,0x1082,0x2965,0x4208,0x2965,0x18C3,0x0841,0x0020,0x0000,
  0x0841,0x18E3,0x2945,0x31A6,0x2124,0x1082,0x0000,0x0000,0x0020,0x1082,0x2945,0x3186,0x2924,0x1082,0x0000,0x0020,
  0x0020,0x1082,0x3186,0x39C7,0x2124,0x10A2,0x0020,0x0000,0x0020,0x1061,0x18E3,0x0841,0x0000,0x0000,0x014A,0x0129,
  0x0108,0x0129,0x00E7,0x0000,0x0000,0x0129,0x0129,0x014A,0x014B,0x00E7,0x0000,0x0000,0x0108,0x0129,0x0128,0x0149,
  0x0128,0x0000,0x1062,0x1061,0x0000,0x18E3,0x2104,0x18C3,0x18E3,0x2104,0x2124,0x2104,0x18E3,0x2124,0x2124,0x2124,
  0x2945,0x2965,0x2945,0x2945,0x3186,0x3186,0x31A6,0x39C7,0x39C6,0x31A6,0x39C7,0x39E7,0x39C7,0x39E7,0x4228,0x4228,
  0x4A49,0x4A69,0x4A69,0x4A69,0x528A,0x52AA,0x5ACA,0x5ACB,0x5AEB,0x5AEB,0x5AEB,0x5AEB,0x528A,0x5269,0x6B6D,0x2104,
  0x0000,0x0000,0x0820,0x1082,0x2104,0x4A69,0x4A69,0x2104,0x0861,0x0000,0x0020,0x0861,0x3186,0x52AA,0x4208,0x2145,
  0x0862,0x0020,0x0041,0x1082,0x39E7,0x526A,0x3186,0x18C3,0x0021,0x0841,0x0861,0x18C3,0x4A49,0x4228,0x2104,0x0861,
  0x0000,0x0021,0x0841,0x2965,0x4A69,0x39C7,0x2124,0x0841,0x0000,0x0021,0x18C3,0x4A49,0x4A69,0x2965,0x10A3,0x0000,
  0x0041,0x0882,0x2125,0x4A69,0x4A69,0x31A7,0x18E4,0x0841,0x0021,0x0021,0x0862,0x3186,0x39E8,0x3186,0x10A3,0x0841,
  0x0000,0x0841,0x10C3,0x2945,0x3A08,0x4208,0x1904,0x0021,0x0000,0x0021,0x10A3,0x2945,0x4249,0x4208,0x18E4,0x0862,
  0x0000,0x0041,0x0862,0x2966,0x4A49,0x39E7,0x1904,0x0882,0x0021,0x0841,0x0862,0x2945,0x39E7,0x2124,0x0862,0x0000,
  0x39C7,0x39E7,0x3A08,0x4208,0x39E8,0x39E8,0x39E8,0x4208,0x4208,0x4208,0x4A49,0x4249,0x4A6A,0x4A6A,0x528A,0x4A69,
  0x4A6A,0x4A6A,0x4229,0x4228,0x4249,0x4229,0x4A49,0x4A49,0x4229,0x4A49,0x4208,0x4228,0x4228,0x3A08,0x39E8,0x31A7,
  0x39C7,0x39C7,0x31A7,0x31A6,0x3186,0x31A6,0x31A6,0x3186,0x2966,0x4208,0x3186,0x0000,0x0020,0x0020,0x0000,0x0841,
  0x2124,0x31A6,0x2104,0x10A2,0x0861,0x0020,0x0000,0x0841,0x2924,0x39E7,0x2965,0x18C3,0x1082,0x0841,0x0020,0x0841,
  0x2104,0x2965,0x2945,0x20E3,0x10A2,0x0020,0x0020,0x10A2,0x2965,0x3186,0x2944,0x18E3,0x0861,0x0020,0x0000,0x0841,
  0x2104,0x2965,0x3185,0x2945,0x18C3,0x0861,0x0020,0x0000,0x10A2,0x3186,0x2965,0x10A2,0x1082,0x0841,0x0020,0x0020,
  0x2104,0x3186,0x2945,0x18E3,0x18C3,0x10A2,0x0841,0x0000,0x0861,0x2945,0x3186,0x2104,0x18E3,0x18C3,0x0861,0x0020,
  0x0000,0x10A2,0x3165,0x2965,0x18C3,0x18C3,0x0861,0x0000,0x0841,0x2124,0x3186,0x2124,0x18C3,0x18C3,0x1082,0x0020,
  0x0000,0x0861,0x2924,0x31A6,0x2124,0x1082,0x0841,0x0020,0x0000,0x0861,0x2945,0x3186,0x2124,0x18A2,0x0841,0x0000,
  0x0000,0x10A2,0x2965,0x3186,0x2124,0x18C3,0x0841,0x0020,0x0000,0x0020,0x10A2,0x2104,0x0841,0x0000,0x0232,0x03FF,
  0x03DF,0x03DF,0x03FF,0x01F0,0x0000,0x0253,0x03FF,0x03DF,0x03FF,0x03FF,0x0211,0x0000,0x0231,0x03FF,0x03FF,0x03FF,
  0x045F,0x02B4,0x0000,0x10A2,0x0861,0x0000,0x10A2,0x18E3,0x20E3,0x2104,0x2104,0x2124,0x2124,0x2124,0x2124,0x2945,
  0x2965,0x2965,0x2945,0x2965,0x39C6,0x39C7,0x39C7,0x39C6,0x39C7,0x39E7,0x39E7,0x4208,0x4228,0x4208,0x4208,0x4228,
  0x4228,0x4A49,0x4A49,0x4A49,0x52AA,0x528A,0x52AA,0x52AA,0x52AA,0x5ACB,0x5ACA,0x5ACA,0x5ACB,0x5ACB,0x52AA,0x632C,
  0x2104,0x0000,0x0020,0x0820,0x2104,0x4228,0x4A48,0x2945,0x18C3,0x0020,0x0000,0x0861,0x3186,0x4A49,0x39E7,0x2965,
  0x18C3,0x0020,0x0000,0x10A2,0x39C7,0x4228,0x3186,0x2945,0x10A3,0x0041,0x0021,0x18E3,0x39E7,0x3A08,0x2986,0x18C3,
  0x0020,0x0000,0x0862,0x3186,0x4228,0x39E7,0x2966,0x10A2,0x0000,0x0000,0x18C3,0x39E7,0x4228,0x31A6,0x2125,0x1082,
  0x0021,0x0021,0x2104,0x31A6,0x39C7,0x31A6,0x2965,0x18C3,0x0841,0x0000,0x0861,0x31A6,0x39E8,0x39C7,0x2125,0x10C3,
  0x0841,0x0021,0x0021,0x2124,0x4A49,0x4A6A,0x2125,0x0862,0x0021,0x0021,0x0041,0x2966,0x4A69,0x4A8A,0x2125,0x10A3,
  0x0021,0x0000,0x0000,0x2945,0x4229,0x4208,0x2945,0x18E4,0x0021,0x0000,0x0020,0x1904,0x2965,0x2945,0x2125,0x18E3,
  0x3A08,0x39E8,0x39C7,0x39E8,0x39E7,0x39C7,0x39E7,0x39C7,0x39C7,0x39C7,0x4A49,0x4249,0x4A6A,0x4A8A,0x4A6A,0x4249,
  0x4229,0x4A49,0x4229,0x4229,0x4A49,0x4249,0x4208,0x4228,0x4228,0x4A49,0x4228,0x3A08,0x39E7,0x39C7,0x3A08,0x39E7,
  0x31A7,0x39C7,0x31A7,0x39C7,0x31C7,0x31C7,0x31A6,0x31A6,0x31A6,0x31A6,0x4A69,0x39C7,0x0000,0x0841,0x0861,0x0000,
  0x0841,0x1082,0x0821,0x18E3,0x2124,0x1082,0x0841,0x0020,0x18C3,0x10A2,0x0841,0x18E3,0x2945,0x18E3,0x0841,0x0000,
  0x0841,0x0861,0x1082,0x3186,0x31A6,0x18C3,0x0861,0x0821,0x10A2,0x0861,0x10A2,0x3186,0x2104,0x1082,0x0841,0x0020,
  0x0861,0x0841,0x2945,0x3185,0x18E3,0x18C3,0x0861,0x0000,0x0020,0x0861,0x1082,0x18E3,0x2965,0x18E3,0x1082,0x0020,
  0x0841,0x1082,0x1082,0x18C3,0x31A6,0x2965,0x18C3,0x0841,0x0020,0x0861,0x0020,0x10A2,0x3186,0x31A6,0x2104,0x1082,
  0x0000,0x0020,0x0861,0x0861,0x18E3,0x31A6,0x18E3,0x0861,0x0020,0x0861,0x1082,0x0841,0x2124,0x39C7,0x2104,0x1082,
  0x0000,0x0020,0x0861,0x1082,0x18C3,0x18E3,0x2124,0x10A2,0x0841,0x0841,0x10A2,0x1082,0x10A2,0x2944,0x2104,0x0861,
  0x0020,0x0861,0x10A2,0x1082,0x18C2,0x2945,0x18E3,0x1082,0x0841,0x0000,0x0841,0x18E3,0x18C3,0x0020,0x0000,0x0211,
  0x03DF,0x039F,0x039F,0x039F,0x018E,0x0000,0x01F1,0x03DF,0x03DF,0x03DF,0x03DF,0x018D,0x0000,0x01F0,0x03DF,0x03DF,
  0x03DF,0x03FF,0x0211,0x0000,0x0841,0x0000,0x0000,0x0841,0x0020,0x0020,0x0020,0x0020,0x0020,0x0020,0x0841,0x0861,
  0x0861,0x0020,0x0020,0x0841,0x0861,0x0841,0x0861,0x0861,0x0861,0x0841,0x0861,0x1082,0x1082,0x1082,0x0861,0x18C3,
  0x4208,0x4A69,0x4A49,0x4A69,0x4A69,0x4A69,0x52AA,0x528A,0x528A,0x52AA,0x52AA,0x52AA,0x52AA,0x528A,0x52AA,0x5ACB,
  0x6B4C,0x2124,0x0000,0x0841,0x0841,0x18C3,0x18C3,0x2945,0x39E7,0x2124,0x10A2,0x0861,0x10A3,0x18E3,0x18C3,0x3186,
  0x39E7,0x10A3,0x0841,0x0020,0x10A3,0x2104,0x2124,0x528A,0x39C7,0x10A3,0x0841,0x0841,0x18C3,0x10A3,0x2965,0x4228,
  0x2125,0x1082,0x0041,0x18C3,0x1904,0x10A2,0x39C6,0x3186,0x10A2,0x0861,0x0862,0x18C3,0x1082,0x18C3,0x4A49,0x31A7,
  0x18C3,0x0861,0x0841,0x10A2,0x0861,0x2104,0x39C7,0x2945,0x18E3,0x0841,0x0021,0x10A3,0x10A3,0x2945,0x3186,0x2965,
  0x18E4,0x0862,0x0021,0x0862,0x1904,0x2145,0x18C3,0x2945,0x2125,0x0882,0x0021,0x10C3,0x2145,0x2965,0x18C3,0x2124,
  0x18C3,0x0841,0x0021,0x10A3,0x2124,0x2104,0x2125,0x31A6,0x10A3,0x0041,0x0020,0x0882,0x18C3,0x18E4,0x4208,0x39E7,
  0x39E8,0x39E8,0x39E8,0x39E7,0x4208,0x4208,0x39C7,0x3A08,0x39E8,0x39E8,0x4229,0x4A8A,0x528A,0x4A6A,0x4A6A,0x4A6A,
  0x4249,0x4229,0x4229,0x4228,0x4229,0x4229,0x4A49,0x4208,0x4208,0x4228,0x4208,0x39E7,0x39E8,0x3A08,0x39E8,0x39E7,
  0x39E7,0x31A7,0x31A6,0x39C7,0x39E7,0x39E7,0x39E7,0x39E7,0x39C7,0x39E8,0x31A6,0x5ACB,0x4A49,0x0000,0x0861,0x0020,
  0x0000,0x0000,0x0841,0x2945,0x31A6,0x18E3,0x1082,0x0000,0x0020,0x0841,0x18E3,0x39E7,0x39C7,0x2124,0x0841,0x0000,
  0x0000,0x0000,0x2104,0x39E7,0x39C7,0x2945,0x1082,0x0000,0x0000,0x0021,0x2124,0x39C7,0x31A6,0x2104,0x0861,0x0000,
  0x0020,0x0861,0x18E3,0x2965,0x2965,0x2124,0x0861,0x0000,0x0000,0x0000,0x0861,0x3186,0x39C7,0x2965,0x18A3,0x0000,
  0x0000,0x0020,0x1082,0x2965,0x39E7,0x31A6,0x2104,0x0841,0x0000,0x0000,0x0020,0x2945,0x39E7,0x39E7,0x2965,0x10A2,
  0x0000,0x0000,0x0000,0x0861,0x3186,0x4208,0x2965,0x10A2,0x0020,0x0020,0x0000,0x1082,0x3166,0x39C7,0x2925,0x18A2,
  0x0021,0x0000,0x0020,0x0020,0x10A2,0x3186,0x31A6,0x20E3,0x0861,0x0000,0x0000,0x0000,0x18E3,0x3186,0x2965,0x18C3,
  0x0841,0x0000,0x0000,0x0861,0x2104,0x2965,0x2104,0x1082,0x0841,0x0020,0x0020,0x0841,0x0861,0x10A2,0x0020,0x0000,
  0x0234,0x03DF,0x039F,0x039F,0x039F,0x0109,0x0000,0x0234,0x03FF,0x03DF,0x03DF,0x03DF,0x014C,0x0000,0x0254,0x03FF,
  0x03DF,0x03DF,0x03DF,0x018D,0x0000,0x0021,0x0000,0x0000,0x2104,0x2144,0x2104,0x2104,0x2104,0x2124,0x0841,0x0000,
  0x0861,0x2104,0x18E3,0x18E3,0x18C3,0x18C2,0x0020,0x0000,0x0841,0x2104,0x18E3,0x18E3,0x18E3,0x2104,0x18C3,0x0000,
  0x18C3,0x4A49,0x4A69,0x4A49,0x4A49,0x4A69,0x52AA,0x528A,0x5289,0x528A,0x528A,0x528A,0x52AA,0x5ACA,0x52AA,0x5AAA,
  0x52AA,0x632C,0x2124,0x0000,0x0000,0x0020,0x10A2,0x39E7,0x52AA,0x31A6,0x18C3,0x0020,0x0000,0x0020,0x18E4,0x39E7,
  0x4208,0x2104,0x0861,0x0000,0x0021,0x1082,0x31A6,0x528A,0x39E7,0x18C3,0x0020,0x0000,0x0021,0x10A3,0x39C7,0x4A8A,
  0x3186,0x1082,0x0000,0x0000,0x0020,0x2104,0x4A49,0x4228,0x2125,0x1082,0x0000,0x0000,0x0041,0x2965,0x528A,0x4228,
  0x2125,0x0841,0x0000,0x0000,0x0862,0x3186,0x39E8,0x3186,0x18E4,0x0861,0x0021,0x0021,0x0862,0x18C3,0x3186,0x4208,
  0x2125,0x10A3,0x0841,0x0001,0x0862,0x1082,0x2945,0x4208,0x39C7,0x1083,0x0021,0x0041,0x0862,0x0862,0x2965,0x39E7,
  0x2104,0x0882,0x0041,0x0021,0x0841,0x18C3,0x31A7,0x3A08,0x18E4,0x0882,0x0021,0x0020,0x0841,0x18E3,0x3186,0x2965,
  0x31A7,0x31A7,0x31A7,0x31A7,0x39E8,0x3A08,0x39E8,0x39E8,0x39C7,0x39E8,0x39E7,0x4208,0x4249,0x4229,0x4229,0x4208,
  0x39E8,0x39E7,0x39E8,0x39E8,0x4208,0x4208,0x4229,0x4208,0x39E7,0x39C7,0x39C7,0x31C7,0x31C7,0x39E7,0x3A08,0x3A08,
  0x39C7,0x31A7,0x31A6,0x31C7,0x39C7,0x39C7,0x39C7,0x39C7,0x39E7,0x31C7,0x39E8,0x39E8,0x6B6D,0x39C7,0x0000,0x0861,
  0x0861,0x0020,0x0020,0x18C3,0x18E3,0x10A2,0x2124,0x10A2,0x0841,0x0020,0x10A2,0x2965,0x18C3,0x10A2,0x2103,0x1082,
  0x0861,0x0020,0x1082,0x2104,0x18E3,0x18E3,0x2124,0x18C3,0x1082,0x0820,0x10A2,0x2124,0x2104,0x2124,0x2124,0x18C3,
  0x1082,0x0020,0x0841,0x18C3,0x2104,0x18A2,0x2124,0x10A2,0x0861,0x0020,0x0020,0x18E3,0x2104,0x2103,0x2104,0x10A2,
  0x0861,0x0841,0x0841,0x18C3,0x2124,0x18C3,0x18C3,0x2104,0x10A2,0x0861,0x0821,0x18C3,0x2944,0x2945,0x18C2,0x2104,
  0x2103,0x0861,0x0000,0x0841,0x2104,0x2124,0x18E3,0x2965,0x2924,0x1082,0x0020,0x0000,0x18C3,0x18E3,0x10A2,0x2104,
  0x2124,0x10A2,0x0841,0x0000,0x0861,0x2124,0x2124,0x10A2,0x2104,0x10A2,0x0020,0x0000,0x0861,0x18C3,0x18C3,0x20E3,
  0x2945,0x1082,0x0020,0x0020,0x0861,0x10A2,0x10A2,0x2104,0x2124,0x10A2,0x0840,0x0000,0x0020,0x1082,0x0020,0x0000,
  0x0000,0x0297,0x03DF,0x039F,0x039F,0x03DF,0x0109,0x0000,0x02B6,0x03DF,0x039F,0x039F,0x03DF,0x018C,0x0000,0x02B6,
  0x03FF,0x03DF,0x03DF,0x03FF,0x016B,0x0000,0x0861,0x0841,0x1082,0x3186,0x31A6,0x3186,0x31A6,0x39A7,0x2965,0x0020,
  0x0000,0x2104,0x39C7,0x31A6,0x3165,0x2945,0x2124,0x0861,0x0020,0x2104,0x31A6,0x3186,0x3185,0x3165,0x31A6,0x18E3,
  0x0000,0x18C2,0x4A49,0x4A49,0x5289,0x4A69,0x4A69,0x4A49,0x4A49,0x5ACB,0x5ACB,0x5ACA,0x5AEB,0x5AEB,0x5ACA,0x52AA,
  0x52AA,0x5289,0x62EB,0x2965,0x0000,0x0020,0x0841,0x2104,0x2965,0x31A7,0x39C7,0x2104,0x0841,0x0000,0x0841,0x18C3,
  0x2104,0x39E8,0x4249,0x2145,0x0862,0x0841,0x1082,0x18C3,0x2124,0x4208,0x39C7,0x10C4,0x0042,0x0021,0x10A3,0x1904,
  0x31A7,0x39E8,0x2125,0x0862,0x0021,0x10A3,0x2125,0x2945,0x39E8,0x3A08,0x18C4,0x0842,0x0021,0x10A3,0x2125,0x2945,
  0x31C7,0x31A7,0x10C3,0x0862,0x0021,0x0862,0x10A3,0x18C3,0x31A7,0x4209,0x2125,0x0863,0x0021,0x0041,0x10A3,0x2125,
  0x3186,0x39C8,0x2146,0x0862,0x0000,0x0021,0x10C3,0x2945,0x31A7,0x39C8,0x2125,0x0862,0x0021,0x0000,0x10A3,0x2124,
  0x3186,0x31A7,0x2105,0x1083,0x0021,0x0021,0x10A3,0x1904,0x31A7,0x2987,0x18E4,0x0862,0x0021,0x0841,0x10A3,0x2124,
  0x0000,0x0000,0x0000,0x0000,0x0020,0x0020,0x0020,0x0000,0x0000,0x0000,0x0020,0x0000,0x0000,0x0000,0x0000,0x0000,
  0x0000,0x0000,0x0000,0x0020,0x0020,0x0020,0x0000,0x0000,0x0000,0x0000,0x0000,0x0020,0x0020,0x0020,0x0020,0x0000,
  0x0000,0x0000,0x0000,0x0000,0x0000,0x0000,0x0000,0x0000,0x0000,0x0020,0x0820,0x0820,0x0020,0x0841,0x0000,0x10A2,
  0x2104,0x0861,0x0000,0x0841,0x0841,0x18E3,0x4208,0x2965,0x10A2,0x0020,0x0020,0x1082,0x0020,0x18C3,0x4207,0x2965,
  0x18E3,0x0841,0x0020,0x0841,0x0020,0x2104,0x4228,0x3186,0x18E3,0x0841,0x0020,0x0841,0x1082,0x2965,0x39C7,0x2945,
  0x18C3,0x0020,0x0000,0x0841,0x0020,0x18E3,0x39E7,0x2965,0x18C3,0x0841,0x0000,0x0841,0x0020,0x1082,0x31A6,0x39C6,
  0x2104,0x1082,0x0020,0x0841,0x0841,0x0020,0x2124,0x39E7,0x2965,0x18C3,0x0841,0x0841,0x0862,0x0861,0x10A2,0x39C6,
  0x39C7,0x2103,0x0841,0x0020,0x0861,0x0841,0x18A3,0x4208,0x39C7,0x10A2,0x0841,0x0000,0x0861,0x0861,0x10A2,0x3186,
  0x39C7,0x2104,0x1061,0x0000,0x0020,0x1082,0x1082,0x18E3,0x31A6,0x2945,0x0861,0x0000,0x0020,0x0861,0x10A2,0x31A6,
  0x4228,0x2104,0x0841,0x0000,0x0020,0x0020,0x18C3,0x31A6,0x39C7,0x2104,0x1082,0x0020,0x0000,0x0020,0x1081,0x1082,
  0x0000,0x0000,0x0298,0x03DF,0x039F,0x039F,0x039F,0x00C7,0x0000,0x0297,0x03DF,0x039F,0x039F,0x03DF,0x00E9,0x0000,
  0x0297,0x03FF,0x03DF,0x03DF,0x03FF,0x014B,0x0000,0x1082,0x0000,0x0000,0x2945,0x2965,0x2945,0x2965,0x2965,0x2945,
  0x0840,0x0000,0x18E3,0x2965,0x2124,0x2924,0x2945,0x2965,0x1082,0x0020,0x10A2,0x2965,0x2945,0x2945,0x2965,0x3185,
  0x18C3,0x0000,0x18C3,0x528A,0x52AA,0x4A69,0x4A49,0x4A49,0x528A,0x52AA,0x5ACB,0x5ACB,0x52AA,0x5ACB,0x52AA,0x528A,
  0x52AA,0x528A,0x4A69,0x738D,0x3186,0x0000,0x0000,0x0000,0x0020,0x10A2,0x18E4,0x10A3,0x0841,0x0000,0x0000,0x0020,
  0x0841,0x18E4,0x2965,0x18E3,0x0841,0x0000,0x0000,0x0000,0x0841,0x2125,0x2125,0x0883,0x0021,0x0000,0x0000,0x0000,
  0x18C3,0x2945,0x18E4,0x0862,0x0021,0x0020,0x0021,0x0841,0x18E4,0x2125,0x1082,0x0041,0x0020,0x0000,0x0020,0x0021,
  0x18C3,0x2104,0x0882,0x0021,0x0000,0x0000,0x0000,0x0020,0x18E3,0x2125,0x10A3,0x0841,0x0000,0x0000,0x0000,0x0000,
  0x10A2,0x18E3,0x1083,0x0021,0x0000,0x0000,0x0020,0x0841,0x1082,0x18E4,0x1082,0x0021,0x0000,0x0000,0x0000,0x0021,
  0x10A3,0x18E4,0x10A3,0x0841,0x0000,0x0000,0x0000,0x0000,0x18C3,0x18E4,0x0883,0x0042,0x0000,0x0000,0x0020,0x0841,
  0x0000,0x0000,0x0000,0x0000,0x0000,0x0841,0x1061,0x0861,0x0841,0x0020,0x0000,0x0000,0x0000,0x0000,0x0841,0x0861,
  0x0841,0x0841,0x0000,0x0000,0x0000,0x0000,0x0020,0x0841,0x0841,0x0000,0x0000,0x0000,0x0000,0x0020,0x0841,0x0861,
  0x0861,0x0000,0x0000,0x0000,0x0000,0x0000,0x0040,0x0841,0x0020,0x0000,0x0000,0x0000,0x0000,0x0841,0x18C3,0x2944,
  0x18C3,0x0861,0x0000,0x0000,0x0020,0x2124,0x4208,0x2945,0x18C3,0x0841,0x0000,0x0000,0x0000,0x2104,0x4228,0x2965,
  0x18E3,0x1082,0x0000,0x0000,0x0020,0x2945,0x4228,0x2965,0x20E3,0x0861,0x0000,0x0000,0x1082,0x2945,0x2965,0x2104,
  0x18C3,0x0841,0x0000,0x0000,0x0000,0x18E3,0x39C7,0x31A6,0x18E4,0x0841,0x0000,0x0000,0x0000,0x18C3,0x39E7,0x39E7,
  0x2104,0x1082,0x0000,0x0000,0x0000,0x0020,0x2944,0x39C7,0x2924,0x18C3,0x0841,0x0020,0x0000,0x0000,0x10A2,0x39A6,
  0x39E7,0x18E3,0x0841,0x0020,0x0020,0x0000,0x18C3,0x31A6,0x2965,0x18A2,0x1082,0x0020,0x0000,0x0020,0x10A2,0x3186,
  0x2965,0x2104,0x1082,0x0841,0x0020,0x0020,0x0020,0x2104,0x39A6,0x2124,0x1081,0x0841,0x0840,0x0000,0x1082,0x3185,
  0x39C7,0x18C3,0x0861,0x0020,0x0000,0x0000,0x18C3,0x2965,0x2945,0x18E3,0x18A2,0x0020,0x0000,0x0000,0x1061,0x2103,
  0x0821,0x0000,0x0000,0x02DA,0x039F,0x037F,0x037F,0x037F,0x0085,0x0000,0x02F9,0x03DF,0x039F,0x039F,0x03DF,0x00E7,
  0x0000,0x02B8,0x03FF,0x039F,0x039F,0x039F,0x00E8,0x0000,0x0841,0x0020,0x0020,0x2124,0x3186,0x2965,0x2945,0x2965,
  0x2965,0x0841,0x0000,0x18C3,0x2965,0x2945,0x2945,0x2965,0x2965,0x0861,0x0000,0x18C3,0x3186,0x2945,0x2945,0x2924,
  0x2965,0x18C3,0x0000,0x18C3,0x4A49,0x4A69,0x4A49,0x4228,0x528A,0x52AA,0x52AA,0x4A69,0x528A,0x52AA,0x5ACB,0x5AAB,
  0x52AA,0x52AA,0x52AA,0x4A49,0x630C,0x2945,0x0000,0x0000,0x0000,0x0000,0x0000,0x0000,0x0000,0x0000,0x0000,0x0000,
  0x0000,0x0000,0x0000,0x0000,0x0000,0x0000,0x0000,0x0000,0x0000,0x0000,0x0000,0x0000,0x0000,0x0000,0x0000,0x0000,
  0x0000,0x0000,0x0000,0x0000,0x0000,0x0000,0x0000,0x0000,0x0000,0x0000,0x0000,0x0000,0x0000,0x0000,0x0000,0x0000,
  0x0000,0x0000,0x0000,0x0000,0x0000,0x0000,0x0000,0x0000,0x0000,0x0000,0x0000,0x0000,0x0000,0x0000,0x0000,0x0000,
  0x0000,0x0000,0x0000,0x0000,0x0000,0x0001,0x0001,0x0000,0x0000,0x0000,0x0000,0x0000,0x0000,0x0000,0x0000,0x0020,
  0x0000,0x0000,0x0000,0x0000,0x0000,0x0000,0x0000,0x0000,0x0000,0x0000,0x0000,0x0000,0x0000,0x0000,0x0000,0x0000,
  0x2104,0x2945,0x18C3,0x0020,0x0020,0x0020,0x1082,0x0881,0x0861,0x18C3,0x1082,0x0841,0x0000,0x0020,0x0861,0x0861,
  0x1082,0x18E3,0x0861,0x0861,0x0020,0x0000,0x0000,0x0841,0x18E3,0x1082,0x0861,0x0861,0x0000,0x0000,0x0000,0x1082,
  0x18E3,0x0861,0x1082,0x0841,0x0000,0x0000,0x0841,0x18C3,0x1061,0x0861,0x1082,0x0020,0x0000,0x0020,0x2104,0x2103,
  0x0000,0x1082,0x18A2,0x0861,0x0000,0x1082,0x2104,0x1082,0x2104,0x2104,0x0841,0x0020,0x0000,0x0861,0x18E3,0x0861,
  0x18C3,0x31A6,0x2944,0x10A2,0x0020,0x0861,0x18C3,0x1061,0x2945,0x2945,0x0861,0x0841,0x0020,0x0861,0x0861,0x0861,
  0x2965,0x2945,0x2104,0x1082,0x0020,0x0841,0x1082,0x2104,0x18E3,0x2104,0x2103,0x0861,0x0020,0x0861,0x18C3,0x18C3,
  0x1081,0x2104,0x18E3,0x0861,0x0020,0x0000,0x1082,0x1082,0x0861,0x2945,0x2124,0x18E3,0x0861,0x0000,0x0000,0x10A2,
  0x18E3,0x1061,0x2124,0x3185,0x18E3,0x0841,0x0020,0x0020,0x0020,0x2124,0x39C7,0x10A2,0x1082,0x0841,0x0000,0x1081,
  0x0841,0x18E3,0x2945,0x2124,0x18C3,0x0820,0x0000,0x0861,0x18C3,0x0861,0x18E3,0x2965,0x18C3,0x0841,0x0000,0x0861,
  0x1082,0x0841,0x2104,0x2124,0x10A2,0x0821,0x0841,0x1082,0x0861,0x0861,0x2124,0x10A2,0x1082,0x0861,0x0000,0x0020,
  0x0861,0x0861,0x0000,0x0000,0x02FC,0x039F,0x037F,0x037F,0x039F,0x0063,0x0000,0x031B,0x039F,0x039F,0x03DF,0x043F,
  0x0084,0x0000,0x031A,0x03FF,0x039F,0x03DF,0x03FF,0x00A4,0x0000,0x0841,0x0000,0x0020,0x2945,0x3186,0x2965,0x2945,
  0x2965,0x2945,0x0841,0x0000,0x18C3,0x3185,0x2945,0x2945,0x2944,0x2945,0x0881,0x0000,0x10A2,0x2945,0x2924,0x2944,
  0x2944,0x3185,0x18E3,0x0000,0x0861,0x4228,0x4A49,0x4228,0x4248,0x4A69,0x528A,0x4A49,0x528A,0x528A,0x52AA,0x52AA,
  0x5ACB,0x52AA,0x4A49,0x4A49,0x4A49,0x5AEB,0x32AF,0x0212,0x01EF,0x0210,0x0294,0x02D7,0x033A,0x035B,0x037C,0x037C,
  0x02F9,0x0297,0x0297,0x02D8,0x031A,0x035C,0x037D,0x033C,0x033C,0x033C,0x031B,0x033C,0x035D,0x037F,0x037E,0x033E,
  0x035F,0x035E,0x037E,0x03DF,0x039F,0x039F,0x037F,0x037F,0x033F,0x033F,0x033F,0x037F,0x033F,0x033F,0x037F,0x037F,
  0x037F,0x037F,0x039F,0x039F,0x039F,0x03DF,0x03DF,0x03DF,0x03DF,0x03DF,0x03FF,0x043F,0x043F,0x043F,0x03FF,0x03FF,
  0x03FF,0x03FF,0x03FF,0x03FF,0x043F,0x043F,0x043F,0x043F,0x03FF,0x03FF,0x03FF,0x03FF,0x03DF,0x03DF,0x03DF,0x03DF,
  0x03DF,0x03DF,0x03DF,0x039F,0x039F,0x039F,0x039F,0x039F,0x037F,0x039F,0x039F,0x039F,0x039F,0x039F,0x039F,0x039F,
  0x2124,0x31A6,0x2945,0x1082,0x0841,0x0000,0x0020,0x0820,0x18E3,0x39C7,0x2965,0x18C3,0x0820,0x0000,0x0020,0x0841,
  0x2104,0x3186,0x18C3,0x18C3,0x0841,0x0000,0x0000,0x0841,0x2104,0x2124,0x2124,0x2104,0x0841,0x0000,0x0000,0x0841,
  0x18E3,0x2945,0x3186,0x20E3,0x0820,0x0000,0x0020,0x0861,0x10A2,0x2945,0x3186,0x18E3,0x0861,0x0000,0x0861,0x1082,
  0x1082,0x3186,0x3165,0x18C3,0x0020,0x0020,0x0841,0x0861,0x2965,0x39A6,0x18E3,0x1082,0x0000,0x0000,0x0020,0x0841,
  0x2124,0x4A49,0x4228,0x2124,0x0841,0x0000,0x0020,0x1082,0x31A6,0x31A6,0x2104,0x0861,0x0000,0x0000,0x0020,0x10A2,
  0x3186,0x41E7,0x31A6,0x20E3,0x0020,0x0000,0x0020,0x0861,0x2104,0x39C7,0x31A6,0x10A2,0x0020,0x0000,0x0020,0x0020,
  0x18E3,0x39C7,0x39C6,0x18E3,0x0861,0x0000,0x0000,0x0020,0x18C3,0x39C7,0x4208,0x39A6,0x18E3,0x0840,0x0000,0x0020,
  0x0840,0x18C3,0x4208,0x4228,0x2104,0x0841,0x0000,0x0000,0x0020,0x2104,0x39C7,0x2945,0x2104,0x1082,0x0000,0x0000,
  0x0020,0x18E3,0x31A6,0x39C6,0x2124,0x0841,0x0000,0x0020,0x0861,0x1082,0x3186,0x39E7,0x2124,0x1082,0x0000,0x0020,
  0x0020,0x1082,0x31A6,0x39E7,0x2945,0x0861,0x0000,0x0000,0x0020,0x18C3,0x2965,0x2945,0x2124,0x18C3,0x0020,0x0000,
  0x0020,0x0861,0x0861,0x0020,0x0000,0x0043,0x0042,0x0022,0x0042,0x0021,0x0000,0x0000,0x0022,0x0021,0x0022,0x0063,
  0x0021,0x0000,0x0000,0x0063,0x0042,0x0021,0x0043,0x0041,0x0000,0x0020,0x10A2,0x0020,0x0020,0x2124,0x2965,0x2945,
  0x2945,0x2945,0x2124,0x0841,0x0000,0x18E3,0x2965,0x2144,0x2104,0x2104,0x2124,0x0861,0x0000,0x1082,0x2124,0x2924,
  0x2945,0x2945,0x2945,0x18C2,0x0000,0x10A2,0x4228,0x4A49,0x4228,0x4A49,0x4A69,0x528A,0x5AEB,0x5AEB,0x5AAA,0x52AA,
  0x52AA,0x5289,0x4A49,0x4A48,0x4A49,0x4A28,0x5ACB,0x4A8A,0x4A49,0x4A69,0x52AB,0x5B0D,0x634E,0x5B2E,0x5B2E,0x5B4F,
  0x52ED,0x52ED,0x52EC,0x52ED,0x4B2F,0x4B71,0x4352,0x4352,0x2B12,0x1AF4,0x12F4,0x12F5,0x0AD6,0x02B6,0x0295,0x0275,
  0x0277,0x02B8,0x02B8,0x02D8,0x02B8,0x02D8,0x02F9,0x02B9,0x02DA,0x031D,0x033D,0x033D,0x02FD,0x02FC,0x031C,0x033C,
  0x031D,0x031D,0x033C,0x035C,0x033C,0x035C,0x035C,0x035C,0x039C,0x039C,0x03BC,0x03BC,0x03DC,0x03BC,0x03BC,0x03DC,
  0x03BC,0x03BC,0x039C,0x039C,0x03BC,0x03DC,0x03DB,0x039B,0x039B,0x037C,0x03DC,0x03DD,0x03BC,0x039C,0x037C,0x035C,
  0x035C,0x035B,0x035B,0x035C,0x035C,0x035C,0x037C,0x033C,0x033B,0x031B,0x031B,0x035B,0x035B,0x035B,0x033C,0x033C,
  0x10A2,0x2945,0x31A6,0x2945,0x2104,0x0000,0x0000,0x0020,0x18E3,0x31A6,0x3185,0x2965,0x10A2,0x0020,0x0020,0x0020,
  0x18A2,0x2104,0x2124,0x2945,0x1082,0x0861,0x0020,0x0020,0x1081,0x18E3,0x3186,0x2965,0x10A2,0x1082,0x0020,0x0000,
  0x0861,0x2945,0x3186,0x2104,0x1082,0x0861,0x0000,0x0000,0x0861,0x2945,0x3186,0x2104,0x18E3,0x0020,0x0000,0x0000,
  0x18C3,0x39C7,0x2124,0x2124,0x18C3,0x0000,0x0000,0x0020,0x18E3,0x2965,0x2924,0x2945,0x10A2,0x0861,0x0841,0x0821,
  0x18C3,0x31A6,0x2965,0x2124,0x1082,0x0841,0x0020,0x0841,0x18C3,0x2104,0x2104,0x18E3,0x0841,0x0020,0x0020,0x0861,
  0x18E3,0x2965,0x2965,0x2104,0x1082,0x0841,0x0020,0x0000,0x1082,0x2124,0x2945,0x10A2,0x1082,0x0841,0x0020,0x0000,
  0x10A2,0x2124,0x2945,0x2924,0x18E3,0x1082,0x0841,0x0020,0x1082,0x2965,0x3186,0x39A6,0x2104,0x1082,0x0841,0x0020,
  0x0000,0x18C3,0x39C6,0x31A6,0x18E3,0x0861,0x1061,0x0841,0x0000,0x1061,0x2104,0x2945,0x2965,0x18C3,0x0841,0x0020,
  0x0000,0x1082,0x2965,0x31A6,0x2945,0x18C2,0x0861,0x0000,0x0000,0x0861,0x2124,0x39A6,0x2924,0x18C3,0x0841,0x0000,
  0x0000,0x1082,0x3186,0x31A6,0x2104,0x18A2,0x0841,0x0000,0x0000,0x0861,0x18E3,0x2104,0x2124,0x18E3,0x0841,0x0020,
  0x0000,0x0000,0x1082,0x18C3,0x0841,0x0000,0x0000,0x0000,0x0000,0x0000,0x0000,0x0020,0x0000,0x0820,0x0000,0x0000,
  0x0000,0x0000,0x0000,0x0000,0x0000,0x0020,0x0000,0x0000,0x0000,0x0000,0x0841,0x0841,0x0000,0x0000,0x0020,0x0020,
  0x0841,0x0020,0x0020,0x0020,0x0020,0x0020,0x0020,0x0020,0x0020,0x0020,0x0020,0x0020,0x0020,0x0000,0x0020,0x0020,
  0x0820,0x0020,0x0020,0x0020,0x0841,0x0841,0x0020,0x0841,0x0841,0x0861,0x0861,0x1061,0x1082,0x0881,0x1082,0x0861,
  0x0861,0x0841,0x0861,0x0861,0x0841,0x0020,0x0020,0x0020,0x0020,0x0020,0x0841,0x0861,0x0861,0x0841,0x0841,0x0840,
  0x0000,0x0000,0x0000,0x0000,0x0000,0x0000,0x0000,0x0000,0x0000,0x0820,0x0820,0x0820,0x0000,0x0000,0x0000,0x0000,
  0x0800,0x0820,0x0000,0x0000,0x0000,0x0000,0x0000,0x0000,0x0000,0x0000,0x0000,0x0000,0x0000,0x0000,0x0000,0x0000,
  0x0000,0x0000,0x0000,0x0000,0x0000,0x0000,0x0000,0x0000,0x0000,0x0000,0x0000,0x0000,0x0000,0x0000,0x0000,0x0000,
  0x0000,0x0000,0x0000,0x0000,0x0800,0x0800,0x0000,0x0000,0x0000,0x0000,0x0000,0x0000,0x0000,0x0000,0x0000,0x0000,
  0x0000,0x0000,0x0000,0x0000,0x0000,0x0000,0x0000,0x0000,0x0000,0x0000,0x0000,0x0000,0x0000,0x0000,0x0000,0x0000,
  0x0020,0x18C3,0x2945,0x2966,0x3186,0x10A2,0x0861,0x0820,0x0840,0x0861,0x18E3,0x39C7,0x2945,0x18C3,0x10A2,0x0820,
  0x0000,0x0000,0x18E3,0x2945,0x18C3,0x2104,0x1082,0x0000,0x0000,0x0840,0x18C3,0x18E3,0x2104,0x2965,0x0861,0x0000,
  0x0000,0x0841,0x18C3,0x10A2,0x2104,0x2945,0x0841,0x0020,0x0000,0x0861,0x10A2,0x18C3,0x2965,0x10A2,0x0861,0x0000,
  0x0861,0x18E3,0x1082,0x2965,0x2945,0x1082,0x0841,0x0000,0x0000,0x0841,0x18E3,0x31A6,0x2965,0x2945,0x18C3,0x0000,
  0x0020,0x0861,0x0841,0x2104,0x2124,0x2124,0x1082,0x0000,0x0000,0x0000,0x10A2,0x2965,0x2104,0x18C3,0x0861,0x0000,
  0x0000,0x1081,0x2124,0x2104,0x2104,0x2103,0x1062,0x0020,0x0000,0x0020,0x0861,0x18E3,0x2965,0x2104,0x10A2,0x0020,
  0x0000,0x0000,0x0861,0x2124,0x3186,0x2965,0x2104,0x0861,0x0000,0x0841,0x0861,0x2124,0x18E3,0x2104,0x18C3,0x0861,
  0x0000,0x0841,0x18C3,0x2104,0x2104,0x2104,0x2945,0x10A2,0x0020,0x0000,0x0020,0x18E3,0x3186,0x18E3,0x18E3,0x10A2,
  0x0000,0x0000,0x1082,0x18E3,0x18C3,0x2104,0x2124,0x0861,0x0841,0x0000,0x0841,0x10A2,0x18C3,0x2945,0x2103,0x0841,
  0x0000,0x0020,0x10A2,0x10A2,0x1082,0x2945,0x18C3,0x0861,0x0000,0x0000,0x0020,0x0861,0x2104,0x2124,0x10A2,0x1082,
  0x0020,0x0000,0x0020,0x10A2,0x18C3,0x0861,0x1082,0x0841,0x0000,0x0000,0x0020,0x0841,0x1082,0x18E3,0x18C3,0x0020,
  0x0020,0x0000,0x0000,0x0000,0x0841,0x18C3,0x1082,0x1082,0x0841,0x0000,0x0000,0x0020,0x0841,0x0000,0x0000,0x0020,
  0x0000,0x0000,0x0000,0x0000,0x0020,0x0000,0x0020,0x0020,0x0000,0x0000,0x0000,0x0000,0x0000,0x0020,0x1082,0x0840,
  0x0000,0x0000,0x0000,0x0000,0x0000,0x0840,0x0841,0x0000,0x0020,0x0000,0x0000,0x0000,0x0000,0x0841,0x0841,0x0020,
  0x0020,0x0000,0x0000,0x0000,0x0000,0x0841,0x0841,0x0020,0x0841,0x0020,0x0000,0x0000,0x0021,0x1082,0x0020,0x0841,
  0x0861,0x0000,0x0000,0x0000,0x0841,0x1082,0x0021,0x1082,0x0862,0x0021,0x0000,0x0000,0x0862,0x0862,0x0882,0x10C3,
  0x0041,0x0021,0x0000,0x0841,0x10A3,0x1082,0x18E4,0x10A2,0x0041,0x0041,0x0021,0x10A3,0x18E3,0x1904,0x2966,0x0862,
  0x0021,0x0020,0x0021,0x0862,0x1082,0x2966,0x2966,0x0862,0x0862,0x0020,0x0021,0x0020,0x18C3,0x3186,0x1904,0x08A3,
  0x0041,0x0020,0x0001,0x0862,0x2145,0x2966,0x10C3,0x1083,0x0862,0x0021,0x0001,0x0862,0x2125,0x2125,0x0021,0x0041,
  0x0021,0x0021,0x0021,0x10A3,0x2946,0x2105,0x0862,0x0862,0x0020,0x0000,0x0000,0x0882,0x2125,0x2125,0x18E4,0x0862,
  0x0000,0x0861,0x1082,0x2104,0x2945,0x3186,0x2944,0x0861,0x0020,0x0020,0x1082,0x18E3,0x2124,0x3186,0x18E3,0x0020,
  0x0000,0x0000,0x0861,0x18A2,0x2124,0x31A6,0x18E3,0x0861,0x0820,0x0020,0x0861,0x10A2,0x2924,0x39C7,0x2103,0x0861,
  0x0020,0x0020,0x1082,0x18C3,0x2924,0x39C6,0x2104,0x0861,0x0020,0x0020,0x0841,0x18C3,0x3186,0x2945,0x10A2,0x0020,
  0x0020,0x0841,0x10A2,0x2124,0x2965,0x18A2,0x0020,0x0000,0x0000,0x0821,0x1082,0x2945,0x2965,0x2965,0x10A2,0x0000,
  0x0000,0x0000,0x0861,0x2104,0x2965,0x31A6,0x18E3,0x0020,0x0000,0x0020,0x1082,0x18E3,0x3186,0x31A6,0x18C3,0x0020,
  0x0000,0x1062,0x18E3,0x18E3,0x2945,0x2945,0x10A2,0x0000,0x0000,0x0020,0x10A2,0x2103,0x2965,0x3186,0x2124,0x0841,
  0x0000,0x0000,0x0841,0x18C3,0x2945,0x31A6,0x2124,0x0861,0x0000,0x0000,0x0861,0x10A2,0x2124,0x39A6,0x2124,0x1082,
  0x0020,0x0020,0x10A2,0x18C3,0x18E3,0x3186,0x2965,0x10A2,0x0020,0x0000,0x0020,0x18C3,0x2104,0x18C3,0x2945,0x18C2,
  0x0000,0x0000,0x0821,0x0861,0x10A2,0x2124,0x3186,0x2104,0x10A2,0x0020,0x0000,0x0020,0x18A2,0x2124,0x2945,0x18C2,
  0x0820,0x0000,0x0840,0x0841,0x1082,0x2104,0x2945,0x18E3,0x0020,0x0000,0x0020,0x0861,0x18E3,0x2104,0x2124,0x2104,
  0x0841,0x0000,0x0000,0x0020,0x0861,0x18C3,0x2945,0x2103,0x1081,0x0841,0x0000,0x0000,0x0861,0x18E3,0x2104,0x18C3,
  0x0841,0x0000,0x0000,0x0000,0x0841,0x10A2,0x10A2,0x2104,0x18C3,0x0841,0x0000,0x0000,0x0841,0x0861,0x18C3,0x2104,
  0x1082,0x0020,0x0000,0x0000,0x0020,0x0841,0x10A2,0x18C3,0x0881,0x0020,0x0000,0x0000,0x0000,0x0861,0x2104,0x2124,
  0x18C2,0x0820,0x0000,0x0000,0x0000,0x0861,0x18E3,0x2104,0x18E3,0x0861,0x0000,0x0000,0x0020,0x1082,0x18E3,0x2945,
  0x2124,0x0841,0x0000,0x0000,0x0841,0x18E3,0x2124,0x2145,0x2104,0x10A2,0x0020,0x0000,0x0861,0x18E3,0x10A2,0x2124,
  0x2945,0x0841,0x0000,0x0000,0x0861,0x18C3,0x2945,0x39E7,0x2986,0x1082,0x0000,0x0000,0x0861,0x18E4,0x3186,0x4208,
  0x18E4,0x0841,0x0000,0x0020,0x1082,0x18E3,0x31A6,0x39C7,0x2124,0x10A2,0x0000,0x0021,0x0861,0x18E4,0x3186,0x2125,
  0x2104,0x0882,0x0000,0x0001,0x0841,0x2104,0x2966,0x2965,0x18E4,0x0020,0x0000,0x0000,0x18C3,0x2945,0x2965,0x2965,
  0x10A3,0x0862,0x0021,0x0021,0x10A3,0x18C3,0x2986,0x31A7,0x18E4,0x0842,0x0000,0x0020,0x10A3,0x18E4,0x1904,0x31A6,
  0x18C4,0x0042,0x0001,0x0882,0x18E4,0x18C3,0x2104,0x2945,0x0862,0x0021,0x0001,0x0041,0x10A2,0x2124,0x31A6,0x2945,
  0x0861,0x0000,0x0020,0x10A2,0x18E3,0x2104,0x3186,0x2965,0x10A2,0x0020,0x0020,0x1082,0x1082,0x2104,0x31A6,0x2945,
  0x10A2,0x0020,0x0000,0x0841,0x18E3,0x2965,0x2965,0x2945,0x18E3,0x0841,0x0000,0x0020,0x2104,0x31A6,0x2945,0x2104,
  0x18A3,0x0841,0x0000,0x0861,0x2104,0x2945,0x2945,0x3186,0x18C3,0x0020,0x0000,0x1082,0x18E3,0x2104,0x2965,0x2104,
  0x0861,0x0020,0x0861,0x18C3,0x18C3,0x2104,0x2945,0x18C3,0x0841,0x0020,0x0861,0x18C3,0x18C3,0x2104,0x2965,0x18C3,
  0x0861,0x0000,0x0020,0x1082,0x10A2,0x2103,0x2965,0x18E3,0x1082,0x0841,0x0020,0x1082,0x2104,0x2965,0x2945,0x18C3,
  0x0861,0x0020,0x0000,0x0861,0x2104,0x2104,0x10A2,0x18C3,0x0861,0x0020,0x0841,0x18C3,0x2104,0x18E3,0x18E3,0x18E3,
  0x1082,0x0020,0x0000,0x0881,0x18E3,0x2104,0x2965,0x2924,0x18C2,0x0841,0x0000,0x0020,0x10A2,0x2945,0x3186,0x2124,
  0x1903,0x1082,0x0841,0x0020,0x1082,0x18C3,0x10A2,0x2104,0x2124,0x10A2,0x0820,0x0020,0x1082,0x1082,0x18E3,0x2965,
  0x18E3,0x1082,0x0020,0x0000,0x1082,0x2124,0x2124,0x18C3,0x18E3,0x1082,0x0020,0x0000,0x0861,0x18E3,0x18E3,0x2104,
  0x2945,0x18C3,0x0841,0x0000,0x0861,0x18C3,0x10A2,0x18E3,0x2104,0x18C3,0x0841,0x0020,0x0861,0x1061,0x10A2,0x2124,
  0x2924,0x18C3,0x0841,0x0000,0x0000,0x10A2,0x2944,0x2104,0x2104,0x18C3,0x0841,0x0000,0x0020,0x1082,0x10A2,0x10A2,
  0x2104,0x18C2,0x0841,0x0000,0x0000,0x0841,0x10A2,0x2104,0x2103,0x18E3,0x1082,0x0000,0x0000,0x0841,0x18C2,0x2124,
  0x10A2,0x10A2,0x10A2,0x0841,0x0000,0x0020,0x1082,0x1082,0x1082,0x18E3,0x1082,0x0020,0x0000,0x0861,0x18C3,0x10A2,
  0x18E3,0x18E3,0x1082,0x0841,0x0000,0x0841,0x10A2,0x10A2,0x18E3,0x2104,0x1082,0x0841,0x0000,0x0020,0x1081,0x1903,
  0x2945,0x20E3,0x1082,0x0861,0x0020,0x0841,0x10A2,0x2124,0x2965,0x18C3,0x10A2,0x0861,0x0000,0x0020,0x0861,0x2104,
  0x2965,0x18E3,0x18E3,0x1082,0x0020,0x0841,0x2104,0x39A6,0x2945,0x18C3,0x18C3,0x0861,0x0021,0x1082,0x2965,0x31A6,
  0x2124,0x2945,0x10A2,0x0841,0x0000,0x10A2,0x3185,0x2965,0x2965,0x31A6,0x10A2,0x0020,0x0000,0x10A2,0x2104,0x18E3,
  0x31A6,0x39C7,0x18C3,0x0021,0x0020,0x1082,0x18C3,0x18E3,0x2965,0x2945,0x10C3,0x0861,0x0841,0x0861,0x1082,0x2124,
  0x3186,0x2965,0x2104,0x0882,0x0020,0x0000,0x18E3,0x3186,0x31A7,0x2124,0x10A2,0x0021,0x0020,0x0041,0x2104,0x39C7,
  0x3186,0x2104,0x10C3,0x0841,0x0000,0x0021,0x18C3,0x2965,0x2145,0x2124,0x10A3,0x0041,0x0000,0x1082,0x2104,0x2965,
  0x10A2,0x0020,0x0000,0x0841,0x0861,0x10A2,0x3186,0x39C7,0x2104,0x0841,0x0000,0x0841,0x0841,0x18C3,0x3A07,0x39E7,
  0x2104,0x0861,0x0020,0x0000,0x0861,0x10A2,0x2944,0x3186,0x2944,0x1082,0x0020,0x0000,0x1082,0x18C3,0x2944,0x2965,
  0x2124,0x1082,0x0000,0x0020,0x1082,0x1082,0x2945,0x39E7,0x2104,0x0841,0x0000,0x0020,0x0841,0x18C3,0x31A6,0x3186,
  0x18C3,0x0841,0x0020,0x0841,0x0861,0x2124,0x39C6,0x2945,0x10A2,0x0020,0x0020,0x0841,0x0020,0x18C3,0x31A6,0x2945,
  0x18C3,0x0841,0x0000,0x0020,0x0841,0x10A2,0x3165,0x3186,0x2104,0x0861,0x0000,0x0841,0x1061,0x18C3,0x2945,0x2944,
  0x10A2,0x0000,0x0000,0x0020,0x1082,0x10A2,0x2104,0x2945,0x18E3,0x0841,0x0020,0x0861,0x0861,0x1082,0x2945,0x3186,
  0x18E3,0x0861,0x0000,0x0841,0x0861,0x10A2,0x2945,0x3186,0x2104,0x0861,0x0020,0x0000,0x0841,0x18A2,0x2965,0x2945,
  0x2124,0x18C2,0x0841,0x0000,0x0841,0x0841,0x0861,0x2965,0x39C7,0x2104,0x0861,0x0000,0x0020,0x0841,0x18C2,0x3186,
  0x2965,0x18E3,0x0841,0x0000,0x0841,0x1082,0x0861,0x18C3,0x2945,0x2104,0x0861,0x0000,0x0821,0x0861,0x1082,0x2124,
  0x39A6,0x2104,0x0861,0x0000,0x0020,0x0841,0x0861,0x2104,0x3186,0x2104,0x0841,0x0000,0x0020,0x0020,0x0841,0x2104,
  0x31A6,0x2104,0x1081,0x0020,0x0000,0x0861,0x10A2,0x18E3,0x2945,0x18E3,0x0861,0x0000,0x0000,0x0841,0x0861,0x18C3,
  0x3186,0x2104,0x1082,0x0020,0x0000,0x0000,0x0861,0x10A2,0x18C3,0x2124,0x18C3,0x0841,0x0000,0x0020,0x0861,0x18C3,
  0x18C2,0x2104,0x18E3,0x0841,0x0000,0x0000,0x0841,0x0841,0x10A2,0x2965,0x2103,0x0861,0x0020,0x0020,0x0841,0x0020,
  0x18C3,0x2965,0x2104,0x1082,0x0000,0x0000,0x0020,0x0020,0x18C2,0x2965,0x2124,0x10A2,0x0020,0x0000,0x0020,0x0861,
  0x2104,0x2965,0x2944,0x18E3,0x0841,0x0000,0x0020,0x1082,0x2124,0x2104,0x2124,0x18C3,0x0020,0x0000,0x0841,0x18C3,
  0x2104,0x2965,0x31A6,0x2104,0x0861,0x0020,0x0861,0x18C3,0x18C3,0x2965,0x31A6,0x10A3,0x0841,0x0020,0x10A2,0x18C3,
  0x2965,0x4208,0x2945,0x1082,0x0020,0x0841,0x18C3,0x10A2,0x2965,0x4228,0x1904,0x0861,0x0000,0x0841,0x1082,0x1082,
  0x31A6,0x4A48,0x2124,0x0861,0x0000,0x0841,0x0021,0x0861,0x3186,0x4208,0x3186,0x18C3,0x0021,0x0000,0x0000,0x18C3,
  0x39C7,0x39E7,0x2965,0x10A2,0x0000,0x0000,0x0861,0x1904,0x39C7,0x31A6,0x2104,0x0862,0x0021,0x0000,0x0862,0x18E4,
  0x3186,0x3186,0x2104,0x0862,0x0000,0x0000,0x0861,0x18E3,0x3186,0x31A6,0x2124,0x0882,0x0000,0x0020,0x0861,0x18C3,
  0x18A2,0x0020,0x0000,0x0000,0x0000,0x10A2,0x2945,0x2965,0x18E3,0x0041,0x0000,0x0000,0x0000,0x1082,0x2965,0x3186,
  0x20E3,0x0861,0x0000,0x0000,0x0000,0x0840,0x18A2,0x3186,0x2965,0x10A2,0x0020,0x0000,0x0020,0x0020,0x18E3,0x3186,
  0x2965,0x1082,0x0000,0x0000,0x0020,0x0020,0x2104,0x3186,0x2104,0x0841,0x0000,0x0000,0x0020,0x18C3,0x3186,0x3186,
  0x10A2,0x0020,0x0000,0x0000,0x0020,0x18E3,0x2965,0x2945,0x10A2,0x0000,0x0000,0x0000,0x0000,0x10A2,0x2945,0x2924,
  0x10A2,0x0841,0x0000,0x0000,0x0020,0x10A2,0x3165,0x2945,0x18C3,0x0841,0x0000,0x0000,0x0020,0x1082,0x2104,0x2124,
  0x1082,0x0000,0x0000,0x0000,0x0020,0x1061,0x2945,0x3186,0x2104,0x0841,0x0000,0x0000,0x0000,0x1082,0x2945,0x3186,
  0x18C3,0x0861,0x0000,0x0000,0x0000,0x0861,0x2104,0x2124,0x10A2,0x0020,0x0000,0x0000,0x0000,0x0861,0x18E3,0x2104,
  0x2945,0x18C3,0x0020,0x0000,0x0000,0x0000,0x1082,0x2945,0x31A6,0x2104,0x0861,0x0000,0x0000,0x0020,0x1082,0x2945,
  0x2124,0x10A2,0x0020,0x0000,0x0000,0x0000,0x0000,0x18E3,0x3165,0x2104,0x0841,0x0000,0x0000,0x0000,0x0840,0x18E3,
  0x2945,0x18C3,0x0841,0x0000,0x0000,0x0000,0x0841,0x2104,0x2965,0x18C3,0x0861,0x0000,0x0000,0x0000,0x0841,0x18C2,
  0x2945,0x2104,0x0861,0x0020,0x0000,0x0020,0x0020,0x10A2,0x2124,0x2103,0x0841,0x0000,0x0000,0x0000,0x0020,0x10A2,
  0x2945,0x18E3,0x0861,0x0020,0x0000,0x0000,0x0000,0x0020,0x10A2,0x2944,0x2104,0x0861,0x0000,0x0000,0x0020,0x0020,
  0x18A2,0x2944,0x2103,0x0841,0x0000,0x0000,0x0000,0x0020,0x10A2,0x2965,0x2104,0x0861,0x0000,0x0000,0x0000,0x0020,
  0x18C3,0x2945,0x2124,0x10A2,0x0000,0x0000,0x0000,0x0000,0x1082,0x2924,0x2124,0x18C3,0x0840,0x0000,0x0000,0x0020,
  0x10A2,0x2945,0x31A6,0x2104,0x0841,0x0000,0x0000,0x0020,0x10A2,0x2124,0x2945,0x18E3,0x0000,0x0000,0x0020,0x0861,
  0x10A2,0x3186,0x4207,0x2945,0x0841,0x0000,0x0000,0x0000,0x1081,0x3186,0x39C6,0x18C3,0x0021,0x0000,0x0020,0x0021,
  0x2924,0x39E7,0x2945,0x0861,0x0020,0x0000,0x0020,0x0841,0x2104,0x4207,0x2124,0x0861,0x0000,0x0000,0x0000,0x1082,
  0x3186,0x4228,0x2104,0x0861,0x0000,0x0000,0x0000,0x1082,0x3165,0x39E7,0x2965,0x1082,0x0000,0x0000,0x0000,0x0861,
  0x2965,0x31A6,0x3186,0x10A3,0x0000,0x0000,0x0021,0x1082,0x2125,0x31A7,0x2925,0x0882,0x0001,0x0000,0x0020,0x0861,
  0x2125,0x39C7,0x3186,0x1082,0x0000,0x0000,0x0021,0x0861,0x2986,0x4208,0x31A6,0x10A3,0x0000,0x0000,0x0000,0x0841,
  0x2104,0x2945,0x2104,0x0841,0x0000,0x0841,0x10A2,0x1082,0x10A2,0x31A6,0x2124,0x1082,0x0841,0x0020,0x0020,0x0861,
  0x18C3,0x2124,0x18E3,0x18C3,0x0841,0x0000,0x0020,0x18C3,0x2124,0x18C3,0x2124,0x2104,0x0861,0x0000,0x0861,0x20E3,
  0x2104,0x18C3,0x2965,0x18C3,0x0820,0x0000,0x0861,0x18C3,0x1082,0x2124,0x2945,0x1082,0x0020,0x0020,0x10A2,0x10A2,
  0x1082,0x2944,0x18C3,0x0861,0x0000,0x0840,0x10C2,0x0861,0x18C3,0x2965,0x18E3,0x0861,0x0020,0x0020,0x1082,0x1082,
  0x2104,0x2945,0x2104,0x1082,0x0020,0x0020,0x10A2,0x1082,0x18E3,0x2124,0x18E3,0x1082,0x0020,0x0000,0x0020,0x1082,
  0x2945,0x18E3,0x10A2,0x0861,0x0020,0x0020,0x10A2,0x2125,0x2104,0x2124,0x2104,0x0861,0x0000,0x0020,0x1082,0x18C2,
  0x0861,0x2124,0x2945,0x10A2,0x0861,0x0020,0x0841,0x0841,0x10A2,0x2965,0x2945,0x18C3,0x0841,0x0000,0x0020,0x10A2,
  0x2104,0x2104,0x2124,0x18C3,0x0861,0x0000,0x0020,0x10A2,0x18C3,0x1082,0x2104,0x2124,0x0861,0x0020,0x0000,0x0861,
  0x0841,0x10A2,0x2124,0x2945,0x18A3,0x0020,0x0000,0x0861,0x10A2,0x1082,0x18C3,0x2104,0x1082,0x0020,0x0000,0x0841,
  0x10A2,0x0861,0x18E3,0x2104,0x10A2,0x0841,0x0000,0x0020,0x0841,0x10A2,0x2124,0x18E3,0x1082,0x0841,0x0020,0x0000,
  0x0861,0x18C3,0x18E3,0x18E3,0x1082,0x0841,0x0000,0x0000,0x0861,0x18C3,0x18C2,0x2124,0x18C3,0x0841,0x0000,0x0000,
  0x1082,0x1082,0x0861,0x18E3,0x10A2,0x0841,0x0000,0x0000,0x0841,0x18E3,0x18E3,0x0861,0x18E3,0x1082,0x0020,0x0000,
  0x0841,0x18C3,0x1082,0x10A2,0x2124,0x10A2,0x0841,0x0000,0x0020,0x1082,0x0861,0x18C3,0x18E3,0x1082,0x0841,0x0000,
  0x0020,0x0861,0x0841,0x18E3,0x2124,0x10A2,0x1082,0x0020,0x0000,0x0841,0x0861,0x2944,0x2945,0x18C3,0x1082,0x0020,
  0x0000,0x0841,0x18C3,0x2124,0x18E3,0x18C3,0x1061,0x0000,0x0000,0x0841,0x18E3,0x2945,0x2104,0x2104,0x0861,0x0000,
  0x0020,0x18C3,0x2965,0x18E3,0x18E3,0x20E3,0x0841,0x0000,0x0020,0x18E3,0x18E3,0x18A2,0x3186,0x2104,0x0841,0x0000,
  0x0840,0x18E3,0x18C3,0x18E3,0x3186,0x18C3,0x0020,0x0000,0x1082,0x2104,0x10A2,0x2945,0x31A6,0x18C3,0x0841,0x0020,
  0x18E3,0x2104,0x1082,0x2965,0x2965,0x18C3,0x0841,0x0020,0x0861,0x1082,0x18C3,0x3186,0x2124,0x10A2,0x0021,0x0000,
  0x0841,0x10A3,0x2965,0x2965,0x2104,0x18E3,0x0841,0x0000,0x0021,0x18C3,0x2965,0x2124,0x2125,0x18E3,0x0841,0x0000,
  0x0841,0x18E3,0x2965,0x2104,0x2945,0x18C3,0x0021,0x0000,0x1082,0x2945,0x2965,0x2124,0x2965,0x10A2,0x0021,0x0000,
  0x2124,0x39E7,0x31A6,0x18C3,0x0841,0x0020,0x0820,0x0841,0x18C3,0x39C7,0x3186,0x2103,0x10A2,0x0841,0x0000,0x0840,
  0x18C3,0x2945,0x2945,0x2124,0x10A2,0x0020,0x0000,0x0861,0x10A2,0x2124,0x39C7,0x3186,0x10A2,0x0020,0x0020,0x0861,
  0x1082,0x2945,0x41E7,0x2945,0x0861,0x0000,0x0020,0x0861,0x1082,0x3185,0x31A6,0x18C3,0x0861,0x0000,0x0020,0x0841,
  0x18E3,0x39C7,0x2945,0x18A2,0x0020,0x0000,0x0841,0x0861,0x2124,0x41E7,0x2945,0x18C3,0x0841,0x0000,0x0020,0x1081,
  0x2104,0x3186,0x2965,0x18E3,0x0861,0x0000,0x0020,0x0861,0x2104,0x3186,0x2965,0x18E3,0x0861,0x0000,0x0000,0x1082,
  0x2944,0x2965,0x2924,0x18C3,0x0861,0x0000,0x0841,0x1082,0x18E3,0x31A6,0x3165,0x18A2,0x0841,0x0000,0x0840,0x0841,
  0x10A2,0x3186,0x31A6,0x2104,0x18C3,0x0841,0x0000,0x0821,0x18C3,0x3186,0x39C7,0x2945,0x18C2,0x0840,0x0000,0x0841,
  0x0861,0x18E3,0x31A6,0x2104,0x10A2,0x0861,0x0020,0x0020,0x0820,0x1082,0x31A6,0x31A6,0x18C3,0x0861,0x0000,0x0000,
  0x0841,0x18E3,0x3186,0x3186,0x2104,0x0861,0x0000,0x0020,0x0841,0x10A2,0x2945,0x2965,0x2104,0x1082,0x0020,0x0000,
  0x0020,0x1082,0x2124,0x3165,0x2104,0x1082,0x0841,0x0000,0x0000,0x1082,0x2104,0x2965,0x2104,0x10A2,0x0841,0x0000,
  0x0020,0x1082,0x2103,0x2965,0x18E3,0x1081,0x0020,0x0000,0x0841,0x1082,0x18E3,0x2985,0x2104,0x0861,0x0020,0x0000,
  0x0841,0x0861,0x1082,0x2945,0x2124,0x10A2,0x0841,0x0000,0x0020,0x0861,0x1081,0x18C3,0x3186,0x18E3,0x0841,0x0000,
  0x0020,0x0841,0x0861,0x2104,0x2965,0x2104,0x1082,0x0020,0x0000,0x0020,0x0861,0x20E3,0x2945,0x2104,0x10A2,0x0040,
  0x0000,0x0000,0x0841,0x2104,0x3165,0x2124,0x18C3,0x0861,0x0000,0x0000,0x0861,0x2124,0x3165,0x2124,0x18E3,0x0841,
  0x0000,0x0000,0x1081,0x18E3,0x2945,0x2945,0x18C3,0x0840,0x0000,0x0020,0x10A2,0x2945,0x3186,0x2945,0x18C3,0x0841,
  0x0020,0x0841,0x1082,0x2103,0x39A6,0x3186,0x10A2,0x0841,0x0020,0x0861,0x1061,0x18E3,0x4208,0x2965,0x1082,0x0020,
  0x0020,0x1082,0x10A2,0x2945,0x39E7,0x2945,0x10A2,0x0020,0x0841,0x0861,0x10A2,0x39C6,0x4228,0x2945,0x1082,0x0020,
  0x0841,0x0861,0x1082,0x31A6,0x3A08,0x2124,0x10A2,0x0021,0x0000,0x0821,0x2103,0x4207,0x3186,0x2104,0x10A2,0x0841,
  0x0000,0x0861,0x2104,0x3186,0x31A7,0x2966,0x10A2,0x0020,0x0000,0x1082,0x2124,0x2965,0x39C7,0x2965,0x0862,0x0000,
  0x0020,0x1082,0x2104,0x2965,0x39E7,0x2945,0x0862,0x0021,0x0021,0x1082,0x18C3,0x3186,0x4A69,0x2945,0x1082,0x0020,
  0x18E3,0x39C6,0x39C7,0x2104,0x1082,0x0000,0x0000,0x0000,0x1062,0x18E3,0x3186,0x3186,0x18C3,0x0820,0x0000,0x0020,
  0x1061,0x2104,0x31A6,0x3186,0x18C3,0x0841,0x0000,0x0020,0x0840,0x2124,0x39C7,0x31A6,0x18C3,0x0841,0x0000,0x0000,
  0x0020,0x2124,0x39C6,0x2965,0x18C3,0x0841,0x0000,0x0000,0x0861,0x2124,0x3186,0x2124,0x1082,0x0000,0x0000,0x0840,
  0x18E3,0x3186,0x31A6,0x2104,0x0861,0x0000,0x0000,0x0841,0x20E3,0x39A7,0x2965,0x18C3,0x1082,0x0020,0x0000,0x0840,
  0x1061,0x18E3,0x3186,0x2124,0x10A2,0x0020,0x0000,0x0020,0x10A2,0x2945,0x2965,0x2104,0x0861,0x0020,0x0000,0x0841,
  0x10A2,0x3186,0x31A6,0x2124,0x0861,0x0000,0x0000,0x0000,0x10A2,0x3186,0x2965,0x18C3,0x0861,0x0000,0x0000,0x0000,
  0x1061,0x2124,0x3186,0x2945,0x18E3,0x0861,0x0000,0x0000,0x0861,0x18E3,0x39A6,0x2965,0x18C3,0x0841,0x0000,0x0000,
  0x0000,0x10A2,0x2965,0x2104,0x2104,0x10A2,0x0841,0x0000,0x0000,0x18C3,0x31A6,0x3186,0x18E3,0x1082,0x0000,0x0000,
  0x0020,0x1082,0x2945,0x2965,0x2124,0x18C2,0x0861,0x0000,0x0000,0x1082,0x2945,0x2965,0x2124,0x10A2,0x0020,0x0000,
  0x0000,0x0861,0x10A2,0x2945,0x2965,0x18C3,0x0841,0x0000,0x0000,0x0841,0x1082,0x2945,0x2124,0x18C3,0x0841,0x0000,
  0x0000,0x0020,0x10A2,0x2945,0x2124,0x10A2,0x0841,0x0000,0x0000,0x0020,0x18C3,0x2965,0x2125,0x1082,0x0841,0x0000,
  0x0000,0x0020,0x1082,0x2124,0x2945,0x18C3,0x0841,0x0000,0x0000,0x0000,0x0840,0x2104,0x3186,0x18E3,0x0861,0x0020,
  0x0000,0x0000,0x0841,0x18E3,0x2124,0x2124,0x10A2,0x0841,0x0000,0x0000,0x0020,0x10A2,0x2124,0x2945,0x18E3,0x0861,
  0x0000,0x0000,0x0020,0x1082,0x2104,0x2965,0x2104,0x1082,0x0000,0x0000,0x0820,0x1082,0x2924,0x3186,0x2945,0x0861,
  0x0000,0x0000,0x0020,0x1061,0x2965,0x2965,0x18C3,0x0841,0x0000,0x0000,0x0841,0x18C3,0x2945,0x2124,0x2104,0x10A2,
  0x0020,0x0000,0x0000,0x18E3,0x31A6,0x3186,0x20E4,0x10A2,0x0020,0x0000,0x0841,0x18E3,0x3186,0x3186,0x18E3,0x0841,
  0x0000,0x0020,0x0861,0x2104,0x3186,0x3186,0x10A2,0x0020,0x0000,0x0000,0x1081,0x2945,0x4208,0x2966,0x10A3,0x0021,
  0x0000,0x0000,0x0841,0x2124,0x39E7,0x3186,0x2104,0x0861,0x0000,0x0020,0x10A2,0x2945,0x39A6,0x39C7,0x18E4,0x0841,
  0x0000,0x0020,0x0841,0x2124,0x4208,0x31A6,0x10A3,0x0041,0x0000,0x0841,0x1082,0x2124,0x39C7,0x31A6,0x10A3,0x0021,
  0x0000,0x0841,0x0861,0x2965,0x4208,0x3186,0x1082,0x0841,0x0000,0x0020,0x0861,0x3186,0x4228,0x2925,0x0861,0x0000,
};
